清理上一轮 launcher 残留后端进程: [65824] cargo.exe
前端首轮构建: pnpm --dir frontend build

> koko-frontend@0.1.0 build E:\koko\frontend
> pnpm check:browser-app-constitution && pnpm check:architecture-fitness && pnpm typecheck && node build.mjs


> koko-frontend@0.1.0 check:browser-app-constitution E:\koko\frontend
> node ../scripts/check-frontend-browser-app-constitution.mjs

前端浏览器应用宪法检查通过。

> koko-frontend@0.1.0 check:architecture-fitness E:\koko\frontend
> node ../scripts/check-frontend-architecture-fitness.mjs

前端架构适应度检查通过。

> koko-frontend@0.1.0 typecheck E:\koko\frontend
> tsc --noEmit

[koko-build] manifest updated: js=/dist/app-IM6X4SOC.js css=/dist/app-TVFJWQ53.css
[koko-build] app shell precache injected: files=3
[koko-build] build completed
前端增量编译: pnpm --dir frontend run dev:watch:supervised
前端类型守卫: pnpm --dir frontend run typecheck:watch
启动后端: cargo run --target-dir target\\launcher-run
访问入口: http://127.0.0.1:8080/
tusd 监听: http://0.0.0.0:1081/files
WebTorrent tracker 对外 announce: ws://127.0.0.1:7072
子进程日志目录: C:\Users\home\AppData\Local\Temp\koko-runner\20260419-013432-688-58288-241275e4
启动 tusd: tusd -host 0.0.0.0 -port 1081 -base-path /files -upload-dir E:\koko\data\tus -max-size 209715200 -disable-download -hooks-http http://127.0.0.1:8080/internal/tus/hooks -hooks-enabled-events pre-create,post-finish,pre-terminate,post-terminate -hooks-http-forward-headers Authorization,X-Request-ID,X-Koko-Internal-Termination
启动 WebTorrent tracker: node dev-tracker.mjs --port 7072 --public-url ws://127.0.0.1:7072 --ticket-secret <hidden>
[build] > koko-frontend@0.1.0 dev:watch:supervised E:\koko\frontend
[build] > node build.mjs --watch=forever
[build] [koko-build] manifest updated: js=/dist/app-IM6X4SOC.js css=/dist/app-TVFJWQ53.css
[build] [koko-build] app shell precache injected: files=3
[build] [koko-build] watch mode started
[build] [koko-build] app shell precache injected: files=3
[build] [koko-build] manifest updated: js=/dist/app-IM6X4SOC.js css=/dist/app-TVFJWQ53.css
[typecheck] > koko-frontend@0.1.0 typecheck:watch E:\koko\frontend
[typecheck] > tsc --noEmit --watch --preserveWatchOutput
[typecheck] 01:34:44 - Starting compilation in watch mode...
[tusd] 2026/04/19 01:34:49.551642 Using 'E:\koko\data\tus' as directory storage.
[tusd] 2026/04/19 01:34:49.592773 Using 200.00MB as maximum size.
[tusd] 2026/04/19 01:34:49.595604 Using 'http://127.0.0.1:8080/internal/tus/hooks' as the endpoint for hooks
[tusd] 2026/04/19 01:34:49.598389 Enabled hook events: pre-create, post-finish, pre-terminate, post-terminate
[tusd] 2026/04/19 01:34:49.600568 Supported tus extensions: creation,creation-with-upload,termination,concatenation,creation-defer-length
[tusd] 2026/04/19 01:34:49.603387 Using 0.0.0.0:1081 as address to listen.
[tusd] 2026/04/19 01:34:49.605998 Using /files as the base path.
[tusd] 2026/04/19 01:34:49.608204 Using /metrics as the metrics path.
[tusd] 2026/04/19 01:34:49.612524 You can now upload files to: http://[::]:1081/files
[tracker] [tracker] WebSocket tracker 监听: ws://0.0.0.0:7072
[tracker] [tracker] Tracker 对外 announce: ws://127.0.0.1:7072
[tracker] [tracker] Join ticket 门禁: enabled
[tracker] [tracker] Tracker 统计页: http://0.0.0.0:7072/stats
[typecheck] 01:34:50 - Found 0 errors. Watching for file changes.
[backend] [2m2026-04-19T01:34:52.7064521+08:00[0m [32m INFO[0m ThreadId(01) [1mstartup[0m[1m{[0m[3musecase[0m[2m=[0m"服务启动" [3madapter[0m[2m=[0m"entry"[1m}[0m[2m:[0m [2mkoko::entry[0m[2m:[0m 服务启动请求已受理 [3musecase[0m[2m=[0m"服务启动" [3madapter[0m[2m=[0m"entry" [3moutcome[0m[2m=[0m"accepted"
[backend] [2m2026-04-19T01:34:52.9891882+08:00[0m [32m INFO[0m ThreadId(01) [1mstartup[0m[1m{[0m[3musecase[0m[2m=[0m"服务启动" [3madapter[0m[2m=[0m"entry"[1m}[0m[2m:[0m [2msqlx::postgres::notice[0m[2m:[0m 关系 "_sqlx_migrations" 已经存在, 跳过
[backend] [2m2026-04-19T01:34:53.1770312+08:00[0m [32m INFO[0m ThreadId(01) [1mstartup[0m[1m{[0m[3musecase[0m[2m=[0m"服务启动" [3madapter[0m[2m=[0m"entry"[1m}[0m[2m:[0m [2mkoko::entry[0m[2m:[0m HTTP 冷路径服务已启动 [3musecase[0m[2m=[0m"服务启动" [3madapter[0m[2m=[0m"entry" [3moutcome[0m[2m=[0m"succeeded" [3mapp_port[0m[2m=[0m8080
[backend] [2m2026-04-19T01:34:53.3748577+08:00[0m [32m INFO[0m ThreadId(07) [2mkoko::shell::实时外壳[0m[2m:[0m realtime 连接认证已受理 [3musecase[0m[2m=[0m"实时连接认证" [3madapter[0m[2m=[0m"socketioxide" [3moutcome[0m[2m=[0m"accepted" [3msession_id[0m[2m=[0m"s-ed8ae5f1ff1a"
[backend] [2m2026-04-19T01:34:53.3796109+08:00[0m [32m INFO[0m ThreadId(07) [2mkoko::shell::实时外壳[0m[2m:[0m realtime 连接认证成功 [3musecase[0m[2m=[0m"实时连接认证" [3madapter[0m[2m=[0m"socketioxide" [3moutcome[0m[2m=[0m"succeeded" [3msession_id[0m[2m=[0m"s-ed8ae5f1ff1a"
[backend] [2m2026-04-19T01:34:53.3831267+08:00[0m [32m INFO[0m ThreadId(07) [2mkoko::shell::实时外壳[0m[2m:[0m realtime 订阅请求已受理 [3musecase[0m[2m=[0m"订阅房间事件流" [3madapter[0m[2m=[0m"socketioxide" [3moutcome[0m[2m=[0m"accepted" [3mroom_id[0m[2m=[0m"r-3cdfd560046a" [3msession_id[0m[2m=[0m"s-ed8ae5f1ff1a" [3mfrom[0m[2m=[0m13
[backend] [2m2026-04-19T01:34:53.3831568+08:00[0m [32m INFO[0m ThreadId(12) [2mkoko::shell::实时外壳[0m[2m:[0m realtime 订阅请求已受理 [3musecase[0m[2m=[0m"订阅房间事件流" [3madapter[0m[2m=[0m"socketioxide" [3moutcome[0m[2m=[0m"accepted" [3mroom_id[0m[2m=[0m"r-3cdfd560046a" [3msession_id[0m[2m=[0m"s-ed8ae5f1ff1a" [3mfrom[0m[2m=[0m15
[backend] [2m2026-04-19T01:34:53.6586754+08:00[0m [32m INFO[0m ThreadId(07) [2mkoko::shell::实时外壳[0m[2m:[0m 订阅房间事件流成功 [3musecase[0m[2m=[0m"订阅房间事件流" [3madapter[0m[2m=[0m"socketioxide" [3moutcome[0m[2m=[0m"succeeded" [3mroom_id[0m[2m=[0m"r-3cdfd560046a" [3msession_id[0m[2m=[0m"s-ed8ae5f1ff1a" [3mfrom[0m[2m=[0m15 [3mevent_position[0m[2m=[0m15
[backend] [2m2026-04-19T01:34:53.8466892+08:00[0m [32m INFO[0m ThreadId(05) [2mkoko::shell::实时外壳[0m[2m:[0m 订阅房间事件流成功 [3musecase[0m[2m=[0m"订阅房间事件流" [3madapter[0m[2m=[0m"socketioxide" [3moutcome[0m[2m=[0m"succeeded" [3mroom_id[0m[2m=[0m"r-3cdfd560046a" [3msession_id[0m[2m=[0m"s-ed8ae5f1ff1a" [3mfrom[0m[2m=[0m13 [3mevent_position[0m[2m=[0m15
[backend] [2m2026-04-19T01:34:54.4404054+08:00[0m [32m INFO[0m ThreadId(10) [2mkoko::shell::实时外壳[0m[2m:[0m realtime 连接认证已受理 [3musecase[0m[2m=[0m"实时连接认证" [3madapter[0m[2m=[0m"socketioxide" [3moutcome[0m[2m=[0m"accepted" [3msession_id[0m[2m=[0m"s-e7c98262c769"
[backend] [2m2026-04-19T01:34:54.4426201+08:00[0m [32m INFO[0m ThreadId(07) [2mkoko::shell::实时外壳[0m[2m:[0m realtime 连接认证成功 [3musecase[0m[2m=[0m"实时连接认证" [3madapter[0m[2m=[0m"socketioxide" [3moutcome[0m[2m=[0m"succeeded" [3msession_id[0m[2m=[0m"s-e7c98262c769"
[backend] [2m2026-04-19T01:34:54.444836+08:00[0m [32m INFO[0m ThreadId(10) [2mkoko::shell::实时外壳[0m[2m:[0m realtime 订阅请求已受理 [3musecase[0m[2m=[0m"订阅房间事件流" [3madapter[0m[2m=[0m"socketioxide" [3moutcome[0m[2m=[0m"accepted" [3mroom_id[0m[2m=[0m"r-3cdfd560046a" [3msession_id[0m[2m=[0m"s-e7c98262c769" [3mfrom[0m[2m=[0m15
[backend] [2m2026-04-19T01:34:54.4453046+08:00[0m [32m INFO[0m ThreadId(05) [2mkoko::shell::实时外壳[0m[2m:[0m realtime 订阅请求已受理 [3musecase[0m[2m=[0m"订阅房间事件流" [3madapter[0m[2m=[0m"socketioxide" [3moutcome[0m[2m=[0m"accepted" [3mroom_id[0m[2m=[0m"r-3cdfd560046a" [3msession_id[0m[2m=[0m"s-e7c98262c769" [3mfrom[0m[2m=[0m15
[backend] [2m2026-04-19T01:34:54.4548781+08:00[0m [32m INFO[0m ThreadId(12) [2mkoko::shell::实时外壳[0m[2m:[0m 订阅房间事件流成功 [3musecase[0m[2m=[0m"订阅房间事件流" [3madapter[0m[2m=[0m"socketioxide" [3moutcome[0m[2m=[0m"succeeded" [3mroom_id[0m[2m=[0m"r-3cdfd560046a" [3msession_id[0m[2m=[0m"s-e7c98262c769" [3mfrom[0m[2m=[0m15 [3mevent_position[0m[2m=[0m15
[backend] [2m2026-04-19T01:34:54.4601808+08:00[0m [32m INFO[0m ThreadId(07) [2mkoko::shell::实时外壳[0m[2m:[0m 订阅房间事件流成功 [3musecase[0m[2m=[0m"订阅房间事件流" [3madapter[0m[2m=[0m"socketioxide" [3moutcome[0m[2m=[0m"succeeded" [3mroom_id[0m[2m=[0m"r-3cdfd560046a" [3msession_id[0m[2m=[0m"s-e7c98262c769" [3mfrom[0m[2m=[0m15 [3mevent_position[0m[2m=[0m15
[backend] [2m2026-04-19T01:34:54.9933778+08:00[0m [32m INFO[0m ThreadId(10) [2mkoko::shell::实时外壳[0m[2m:[0m realtime 连接认证已受理 [3musecase[0m[2m=[0m"实时连接认证" [3madapter[0m[2m=[0m"socketioxide" [3moutcome[0m[2m=[0m"accepted" [3msession_id[0m[2m=[0m"s-ed8ae5f1ff1a"
[backend] [2m2026-04-19T01:34:54.9945801+08:00[0m [32m INFO[0m ThreadId(05) [2mkoko::shell::实时外壳[0m[2m:[0m realtime 连接认证成功 [3musecase[0m[2m=[0m"实时连接认证" [3madapter[0m[2m=[0m"socketioxide" [3moutcome[0m[2m=[0m"succeeded" [3msession_id[0m[2m=[0m"s-ed8ae5f1ff1a"
[backend] [2m2026-04-19T01:34:54.9963089+08:00[0m [32m INFO[0m ThreadId(10) [2mkoko::shell::实时外壳[0m[2m:[0m realtime 订阅请求已受理 [3musecase[0m[2m=[0m"订阅房间事件流" [3madapter[0m[2m=[0m"socketioxide" [3moutcome[0m[2m=[0m"accepted" [3mroom_id[0m[2m=[0m"r-3cdfd560046a" [3msession_id[0m[2m=[0m"s-ed8ae5f1ff1a" [3mfrom[0m[2m=[0m13
[backend] [2m2026-04-19T01:34:54.996576+08:00[0m [32m INFO[0m ThreadId(05) [2mkoko::shell::实时外壳[0m[2m:[0m realtime 订阅请求已受理 [3musecase[0m[2m=[0m"订阅房间事件流" [3madapter[0m[2m=[0m"socketioxide" [3moutcome[0m[2m=[0m"accepted" [3mroom_id[0m[2m=[0m"r-3cdfd560046a" [3msession_id[0m[2m=[0m"s-ed8ae5f1ff1a" [3mfrom[0m[2m=[0m15
[backend] [2m2026-04-19T01:34:55.0051589+08:00[0m [32m INFO[0m ThreadId(07) [2mkoko::shell::实时外壳[0m[2m:[0m 订阅房间事件流成功 [3musecase[0m[2m=[0m"订阅房间事件流" [3madapter[0m[2m=[0m"socketioxide" [3moutcome[0m[2m=[0m"succeeded" [3mroom_id[0m[2m=[0m"r-3cdfd560046a" [3msession_id[0m[2m=[0m"s-ed8ae5f1ff1a" [3mfrom[0m[2m=[0m15 [3mevent_position[0m[2m=[0m15
[backend] [2m2026-04-19T01:34:55.0114266+08:00[0m [32m INFO[0m ThreadId(10) [2mkoko::shell::实时外壳[0m[2m:[0m 订阅房间事件流成功 [3musecase[0m[2m=[0m"订阅房间事件流" [3madapter[0m[2m=[0m"socketioxide" [3moutcome[0m[2m=[0m"succeeded" [3mroom_id[0m[2m=[0m"r-3cdfd560046a" [3msession_id[0m[2m=[0m"s-ed8ae5f1ff1a" [3mfrom[0m[2m=[0m13 [3mevent_position[0m[2m=[0m15
[backend] [2m2026-04-19T01:35:03.7502458+08:00[0m [32m INFO[0m ThreadId(07) [2mkoko::shell::实时外壳[0m[2m:[0m realtime 订阅请求已受理 [3musecase[0m[2m=[0m"订阅房间事件流" [3madapter[0m[2m=[0m"socketioxide" [3moutcome[0m[2m=[0m"accepted" [3mroom_id[0m[2m=[0m"r-3cdfd560046a" [3msession_id[0m[2m=[0m"s-ed8ae5f1ff1a" [3mfrom[0m[2m=[0m15
[backend] [2m2026-04-19T01:35:03.7581588+08:00[0m [32m INFO[0m ThreadId(07) [2mkoko::shell::实时外壳[0m[2m:[0m 订阅房间事件流成功 [3musecase[0m[2m=[0m"订阅房间事件流" [3madapter[0m[2m=[0m"socketioxide" [3moutcome[0m[2m=[0m"succeeded" [3mroom_id[0m[2m=[0m"r-3cdfd560046a" [3msession_id[0m[2m=[0m"s-ed8ae5f1ff1a" [3mfrom[0m[2m=[0m15 [3mevent_position[0m[2m=[0m15
[backend] [2m2026-04-19T01:35:04.1425727+08:00[0m [32m INFO[0m ThreadId(12) [2mkoko::shell::房间外壳[0m[2m:[0m HTTP 请求已受理 [3musecase[0m[2m=[0m"引导匿名身份" [3madapter[0m[2m=[0m"http" [3moutcome[0m[2m=[0m"accepted" [3mrequest_kind[0m[2m=[0m"匿名身份引导"
[backend] [2m2026-04-19T01:35:04.1455572+08:00[0m [32m INFO[0m ThreadId(07) [2mkoko::shell::房间外壳[0m[2m:[0m 引导匿名身份成功 [3musecase[0m[2m=[0m"引导匿名身份" [3madapter[0m[2m=[0m"http" [3moutcome[0m[2m=[0m"succeeded" [3mrequest_kind[0m[2m=[0m"匿名身份引导" [3msession_id[0m[2m=[0m"s-ed8ae5f1ff1a"
[backend] [2m2026-04-19T01:35:04.2483886+08:00[0m [32m INFO[0m ThreadId(10) [2mkoko::shell::房间外壳[0m[2m:[0m HTTP 请求已受理 [3musecase[0m[2m=[0m"加载房间快照" [3madapter[0m[2m=[0m"http" [3moutcome[0m[2m=[0m"accepted" [3mrequest_kind[0m[2m=[0m"房间快照查询" [3mroom_id[0m[2m=[0m"r-3cdfd560046a" [3msession_id[0m[2m=[0m"s-ed8ae5f1ff1a"
[backend] [2m2026-04-19T01:35:04.2880757+08:00[0m [32m INFO[0m ThreadId(10) [2mkoko::shell::房间外壳[0m[2m:[0m 加载房间快照成功 [3musecase[0m[2m=[0m"加载房间快照" [3madapter[0m[2m=[0m"http" [3moutcome[0m[2m=[0m"succeeded" [3mrequest_kind[0m[2m=[0m"房间快照查询" [3mroom_id[0m[2m=[0m"r-3cdfd560046a" [3msession_id[0m[2m=[0m"s-ed8ae5f1ff1a" [3mevent_position[0m[2m=[0m15
[backend] [2m2026-04-19T01:35:04.3096956+08:00[0m [32m INFO[0m ThreadId(07) [2mkoko::shell::实时外壳[0m[2m:[0m realtime 连接认证已受理 [3musecase[0m[2m=[0m"实时连接认证" [3madapter[0m[2m=[0m"socketioxide" [3moutcome[0m[2m=[0m"accepted" [3msession_id[0m[2m=[0m"s-ed8ae5f1ff1a"
[backend] [2m2026-04-19T01:35:04.3114759+08:00[0m [32m INFO[0m ThreadId(10) [2mkoko::shell::实时外壳[0m[2m:[0m realtime 连接认证成功 [3musecase[0m[2m=[0m"实时连接认证" [3madapter[0m[2m=[0m"socketioxide" [3moutcome[0m[2m=[0m"succeeded" [3msession_id[0m[2m=[0m"s-ed8ae5f1ff1a"
[backend] [2m2026-04-19T01:35:04.4220923+08:00[0m [32m INFO[0m ThreadId(07) [2mkoko::shell::媒体资产外壳[0m[2m:[0m HTTP 请求已受理 [3musecase[0m[2m=[0m"读取附件内容" [3madapter[0m[2m=[0m"http" [3moutcome[0m[2m=[0m"accepted" [3mrequest_kind[0m[2m=[0m"附件内容读取" [3mattachment_id[0m[2m=[0m"att-961d957a1877" [3msession_id[0m[2m=[0m"s-ed8ae5f1ff1a"
[backend] [2m2026-04-19T01:35:04.4243755+08:00[0m [32m INFO[0m ThreadId(07) [2mkoko::shell::媒体资产外壳[0m[2m:[0m HTTP 请求已受理 [3musecase[0m[2m=[0m"读取附件内容" [3madapter[0m[2m=[0m"http" [3moutcome[0m[2m=[0m"accepted" [3mrequest_kind[0m[2m=[0m"附件内容读取" [3mattachment_id[0m[2m=[0m"att-8d44cbfede62" [3msession_id[0m[2m=[0m"s-ed8ae5f1ff1a"
[backend] [2m2026-04-19T01:35:04.4330758+08:00[0m [32m INFO[0m ThreadId(07) [2mkoko::shell::媒体资产外壳[0m[2m:[0m HTTP 请求已受理 [3musecase[0m[2m=[0m"读取附件内容" [3madapter[0m[2m=[0m"http" [3moutcome[0m[2m=[0m"accepted" [3mrequest_kind[0m[2m=[0m"附件内容读取" [3mattachment_id[0m[2m=[0m"att-2d964b96c071" [3msession_id[0m[2m=[0m"s-ed8ae5f1ff1a"
[backend] [2m2026-04-19T01:35:04.4344892+08:00[0m [32m INFO[0m ThreadId(10) [2mkoko::shell::媒体资产外壳[0m[2m:[0m HTTP 请求已受理 [3musecase[0m[2m=[0m"读取附件内容" [3madapter[0m[2m=[0m"http" [3moutcome[0m[2m=[0m"accepted" [3mrequest_kind[0m[2m=[0m"附件内容读取" [3mattachment_id[0m[2m=[0m"att-681e5b27b0c2" [3msession_id[0m[2m=[0m"s-ed8ae5f1ff1a"
[backend] [2m2026-04-19T01:35:04.4348646+08:00[0m [32m INFO[0m ThreadId(07) [2mkoko::shell::媒体资产外壳[0m[2m:[0m HTTP 请求已受理 [3musecase[0m[2m=[0m"读取附件内容" [3madapter[0m[2m=[0m"http" [3moutcome[0m[2m=[0m"accepted" [3mrequest_kind[0m[2m=[0m"附件内容读取" [3mattachment_id[0m[2m=[0m"att-ac7a1188a600" [3msession_id[0m[2m=[0m"s-ed8ae5f1ff1a"
[backend] [2m2026-04-19T01:35:04.4378101+08:00[0m [32m INFO[0m ThreadId(07) [2mkoko::shell::实时外壳[0m[2m:[0m realtime 订阅请求已受理 [3musecase[0m[2m=[0m"订阅房间事件流" [3madapter[0m[2m=[0m"socketioxide" [3moutcome[0m[2m=[0m"accepted" [3mroom_id[0m[2m=[0m"r-3cdfd560046a" [3msession_id[0m[2m=[0m"s-ed8ae5f1ff1a" [3mfrom[0m[2m=[0m15
[backend] [2m2026-04-19T01:35:04.4379161+08:00[0m [32m INFO[0m ThreadId(10) [2mkoko::shell::实时外壳[0m[2m:[0m realtime 订阅请求已受理 [3musecase[0m[2m=[0m"订阅房间事件流" [3madapter[0m[2m=[0m"socketioxide" [3moutcome[0m[2m=[0m"accepted" [3mroom_id[0m[2m=[0m"r-3cdfd560046a" [3msession_id[0m[2m=[0m"s-ed8ae5f1ff1a" [3mfrom[0m[2m=[0m15
[backend] [2m2026-04-19T01:35:04.4492417+08:00[0m [32m INFO[0m ThreadId(10) [2mkoko::shell::实时外壳[0m[2m:[0m 订阅房间事件流成功 [3musecase[0m[2m=[0m"订阅房间事件流" [3madapter[0m[2m=[0m"socketioxide" [3moutcome[0m[2m=[0m"succeeded" [3mroom_id[0m[2m=[0m"r-3cdfd560046a" [3msession_id[0m[2m=[0m"s-ed8ae5f1ff1a" [3mfrom[0m[2m=[0m15 [3mevent_position[0m[2m=[0m15
[backend] [2m2026-04-19T01:35:04.4514895+08:00[0m [32m INFO[0m ThreadId(10) [2mkoko::shell::媒体资产外壳[0m[2m:[0m 读取附件内容成功 [3musecase[0m[2m=[0m"读取附件内容" [3madapter[0m[2m=[0m"http" [3moutcome[0m[2m=[0m"succeeded" [3mrequest_kind[0m[2m=[0m"附件内容读取" [3mattachment_id[0m[2m=[0m"att-961d957a1877" [3msession_id[0m[2m=[0m"s-ed8ae5f1ff1a"
[backend] [2m2026-04-19T01:35:04.4540025+08:00[0m [32m INFO[0m ThreadId(08) [2mkoko::shell::媒体资产外壳[0m[2m:[0m HTTP 请求已受理 [3musecase[0m[2m=[0m"读取附件内容" [3madapter[0m[2m=[0m"http" [3moutcome[0m[2m=[0m"accepted" [3mrequest_kind[0m[2m=[0m"附件内容读取" [3mattachment_id[0m[2m=[0m"att-3a48c8f47757" [3msession_id[0m[2m=[0m"s-ed8ae5f1ff1a"
[backend] [2m2026-04-19T01:35:04.4697607+08:00[0m [32m INFO[0m ThreadId(08) [2mkoko::shell::媒体资产外壳[0m[2m:[0m 读取附件内容成功 [3musecase[0m[2m=[0m"读取附件内容" [3madapter[0m[2m=[0m"http" [3moutcome[0m[2m=[0m"succeeded" [3mrequest_kind[0m[2m=[0m"附件内容读取" [3mattachment_id[0m[2m=[0m"att-681e5b27b0c2" [3msession_id[0m[2m=[0m"s-ed8ae5f1ff1a"
[backend] [2m2026-04-19T01:35:04.476457+08:00[0m [32m INFO[0m ThreadId(08) [2mkoko::shell::媒体资产外壳[0m[2m:[0m 读取附件内容成功 [3musecase[0m[2m=[0m"读取附件内容" [3madapter[0m[2m=[0m"http" [3moutcome[0m[2m=[0m"succeeded" [3mrequest_kind[0m[2m=[0m"附件内容读取" [3mattachment_id[0m[2m=[0m"att-3a48c8f47757" [3msession_id[0m[2m=[0m"s-ed8ae5f1ff1a"
[backend] [2m2026-04-19T01:35:04.5329735+08:00[0m [32m INFO[0m ThreadId(05) [2mkoko::shell::媒体资产外壳[0m[2m:[0m HTTP 请求已受理 [3musecase[0m[2m=[0m"读取附件内容" [3madapter[0m[2m=[0m"http" [3moutcome[0m[2m=[0m"accepted" [3mrequest_kind[0m[2m=[0m"附件内容读取" [3mattachment_id[0m[2m=[0m"att-792bea97c0bd" [3msession_id[0m[2m=[0m"s-ed8ae5f1ff1a"
[backend] [2m2026-04-19T01:35:04.5477497+08:00[0m [32m INFO[0m ThreadId(05) [2mkoko::shell::媒体资产外壳[0m[2m:[0m 读取附件内容成功 [3musecase[0m[2m=[0m"读取附件内容" [3madapter[0m[2m=[0m"http" [3moutcome[0m[2m=[0m"succeeded" [3mrequest_kind[0m[2m=[0m"附件内容读取" [3mattachment_id[0m[2m=[0m"att-792bea97c0bd" [3msession_id[0m[2m=[0m"s-ed8ae5f1ff1a"
[backend] [2m2026-04-19T01:35:04.5574059+08:00[0m [32m INFO[0m ThreadId(08) [2mkoko::shell::媒体资产外壳[0m[2m:[0m HTTP 请求已受理 [3musecase[0m[2m=[0m"读取附件内容" [3madapter[0m[2m=[0m"http" [3moutcome[0m[2m=[0m"accepted" [3mrequest_kind[0m[2m=[0m"附件内容读取" [3mattachment_id[0m[2m=[0m"att-ea250b02f4f3" [3msession_id[0m[2m=[0m"s-ed8ae5f1ff1a"
[backend] [2m2026-04-19T01:35:04.5602222+08:00[0m [32m INFO[0m ThreadId(10) [2mkoko::shell::媒体资产外壳[0m[2m:[0m HTTP 请求已受理 [3musecase[0m[2m=[0m"读取附件内容" [3madapter[0m[2m=[0m"http" [3moutcome[0m[2m=[0m"accepted" [3mrequest_kind[0m[2m=[0m"附件内容读取" [3mattachment_id[0m[2m=[0m"att-7d73ef5bb400" [3msession_id[0m[2m=[0m"s-ed8ae5f1ff1a"
[backend] [2m2026-04-19T01:35:04.5760861+08:00[0m [32m INFO[0m ThreadId(10) [2mkoko::shell::媒体资产外壳[0m[2m:[0m HTTP 请求已受理 [3musecase[0m[2m=[0m"读取附件内容" [3madapter[0m[2m=[0m"http" [3moutcome[0m[2m=[0m"accepted" [3mrequest_kind[0m[2m=[0m"附件内容读取" [3mattachment_id[0m[2m=[0m"att-5c73308e404b" [3msession_id[0m[2m=[0m"s-ed8ae5f1ff1a"
[backend] [2m2026-04-19T01:35:04.5805599+08:00[0m [32m INFO[0m ThreadId(10) [2mkoko::shell::媒体资产外壳[0m[2m:[0m 读取附件内容成功 [3musecase[0m[2m=[0m"读取附件内容" [3madapter[0m[2m=[0m"http" [3moutcome[0m[2m=[0m"succeeded" [3mrequest_kind[0m[2m=[0m"附件内容读取" [3mattachment_id[0m[2m=[0m"att-7d73ef5bb400" [3msession_id[0m[2m=[0m"s-ed8ae5f1ff1a"
[backend] [2m2026-04-19T01:35:04.5822424+08:00[0m [32m INFO[0m ThreadId(08) [2mkoko::shell::媒体资产外壳[0m[2m:[0m 读取附件内容成功 [3musecase[0m[2m=[0m"读取附件内容" [3madapter[0m[2m=[0m"http" [3moutcome[0m[2m=[0m"succeeded" [3mrequest_kind[0m[2m=[0m"附件内容读取" [3mattachment_id[0m[2m=[0m"att-ea250b02f4f3" [3msession_id[0m[2m=[0m"s-ed8ae5f1ff1a"
[backend] [2m2026-04-19T01:35:04.5919579+08:00[0m [32m INFO[0m ThreadId(08) [2mkoko::shell::媒体资产外壳[0m[2m:[0m 读取附件内容成功 [3musecase[0m[2m=[0m"读取附件内容" [3madapter[0m[2m=[0m"http" [3moutcome[0m[2m=[0m"succeeded" [3mrequest_kind[0m[2m=[0m"附件内容读取" [3mattachment_id[0m[2m=[0m"att-5c73308e404b" [3msession_id[0m[2m=[0m"s-ed8ae5f1ff1a"
[backend] [2m2026-04-19T01:35:04.644666+08:00[0m [32m INFO[0m ThreadId(12) [2mkoko::shell::媒体资产外壳[0m[2m:[0m HTTP 请求已受理 [3musecase[0m[2m=[0m"读取附件内容" [3madapter[0m[2m=[0m"http" [3moutcome[0m[2m=[0m"accepted" [3mrequest_kind[0m[2m=[0m"附件内容读取" [3mattachment_id[0m[2m=[0m"att-89421b5102e1" [3msession_id[0m[2m=[0m"s-ed8ae5f1ff1a"
[backend] [2m2026-04-19T01:35:04.6587876+08:00[0m [32m INFO[0m ThreadId(10) [2mkoko::shell::媒体资产外壳[0m[2m:[0m 读取附件内容成功 [3musecase[0m[2m=[0m"读取附件内容" [3madapter[0m[2m=[0m"http" [3moutcome[0m[2m=[0m"succeeded" [3mrequest_kind[0m[2m=[0m"附件内容读取" [3mattachment_id[0m[2m=[0m"att-89421b5102e1" [3msession_id[0m[2m=[0m"s-ed8ae5f1ff1a"
[backend] [2m2026-04-19T01:35:04.661236+08:00[0m [32m INFO[0m ThreadId(05) [2mkoko::shell::媒体资产外壳[0m[2m:[0m HTTP 请求已受理 [3musecase[0m[2m=[0m"读取附件内容" [3madapter[0m[2m=[0m"http" [3moutcome[0m[2m=[0m"accepted" [3mrequest_kind[0m[2m=[0m"附件内容读取" [3mattachment_id[0m[2m=[0m"att-879751db2737" [3msession_id[0m[2m=[0m"s-ed8ae5f1ff1a"
[backend] [2m2026-04-19T01:35:04.6776178+08:00[0m [32m INFO[0m ThreadId(12) [2mkoko::shell::媒体资产外壳[0m[2m:[0m 读取附件内容成功 [3musecase[0m[2m=[0m"读取附件内容" [3madapter[0m[2m=[0m"http" [3moutcome[0m[2m=[0m"succeeded" [3mrequest_kind[0m[2m=[0m"附件内容读取" [3mattachment_id[0m[2m=[0m"att-879751db2737" [3msession_id[0m[2m=[0m"s-ed8ae5f1ff1a"
[backend] [2m2026-04-19T01:35:04.6815311+08:00[0m [32m INFO[0m ThreadId(10) [2mkoko::shell::媒体资产外壳[0m[2m:[0m HTTP 请求已受理 [3musecase[0m[2m=[0m"读取附件内容" [3madapter[0m[2m=[0m"http" [3moutcome[0m[2m=[0m"accepted" [3mrequest_kind[0m[2m=[0m"附件内容读取" [3mattachment_id[0m[2m=[0m"att-56d8fca2bd57" [3msession_id[0m[2m=[0m"s-ed8ae5f1ff1a"
[backend] [2m2026-04-19T01:35:04.6955266+08:00[0m [32m INFO[0m ThreadId(10) [2mkoko::shell::媒体资产外壳[0m[2m:[0m HTTP 请求已受理 [3musecase[0m[2m=[0m"读取附件内容" [3madapter[0m[2m=[0m"http" [3moutcome[0m[2m=[0m"accepted" [3mrequest_kind[0m[2m=[0m"附件内容读取" [3mattachment_id[0m[2m=[0m"att-8aedf734e191" [3msession_id[0m[2m=[0m"s-ed8ae5f1ff1a"
[backend] [2m2026-04-19T01:35:04.6958052+08:00[0m [32m INFO[0m ThreadId(05) [2mkoko::shell::媒体资产外壳[0m[2m:[0m 读取附件内容成功 [3musecase[0m[2m=[0m"读取附件内容" [3madapter[0m[2m=[0m"http" [3moutcome[0m[2m=[0m"succeeded" [3mrequest_kind[0m[2m=[0m"附件内容读取" [3mattachment_id[0m[2m=[0m"att-56d8fca2bd57" [3msession_id[0m[2m=[0m"s-ed8ae5f1ff1a"
[backend] [2m2026-04-19T01:35:04.7087538+08:00[0m [32m INFO[0m ThreadId(10) [2mkoko::shell::媒体资产外壳[0m[2m:[0m 读取附件内容成功 [3musecase[0m[2m=[0m"读取附件内容" [3madapter[0m[2m=[0m"http" [3moutcome[0m[2m=[0m"succeeded" [3mrequest_kind[0m[2m=[0m"附件内容读取" [3mattachment_id[0m[2m=[0m"att-8aedf734e191" [3msession_id[0m[2m=[0m"s-ed8ae5f1ff1a"
[backend] [2m2026-04-19T01:35:04.7334414+08:00[0m [32m INFO[0m ThreadId(12) [2mkoko::shell::媒体资产外壳[0m[2m:[0m HTTP 请求已受理 [3musecase[0m[2m=[0m"读取附件内容" [3madapter[0m[2m=[0m"http" [3moutcome[0m[2m=[0m"accepted" [3mrequest_kind[0m[2m=[0m"附件内容读取" [3mattachment_id[0m[2m=[0m"att-4b3bc2558118" [3msession_id[0m[2m=[0m"s-ed8ae5f1ff1a"
[backend] [2m2026-04-19T01:35:04.7394648+08:00[0m [32m INFO[0m ThreadId(10) [2mkoko::shell::媒体资产外壳[0m[2m:[0m HTTP 请求已受理 [3musecase[0m[2m=[0m"读取附件内容" [3madapter[0m[2m=[0m"http" [3moutcome[0m[2m=[0m"accepted" [3mrequest_kind[0m[2m=[0m"附件内容读取" [3mattachment_id[0m[2m=[0m"att-69182d17260b" [3msession_id[0m[2m=[0m"s-ed8ae5f1ff1a"
[backend] [2m2026-04-19T01:35:04.7486586+08:00[0m [32m INFO[0m ThreadId(12) [2mkoko::shell::媒体资产外壳[0m[2m:[0m 读取附件内容成功 [3musecase[0m[2m=[0m"读取附件内容" [3madapter[0m[2m=[0m"http" [3moutcome[0m[2m=[0m"succeeded" [3mrequest_kind[0m[2m=[0m"附件内容读取" [3mattachment_id[0m[2m=[0m"att-4b3bc2558118" [3msession_id[0m[2m=[0m"s-ed8ae5f1ff1a"
[backend] [2m2026-04-19T01:35:04.7489879+08:00[0m [32m INFO[0m ThreadId(10) [2mkoko::shell::媒体资产外壳[0m[2m:[0m 读取附件内容成功 [3musecase[0m[2m=[0m"读取附件内容" [3madapter[0m[2m=[0m"http" [3moutcome[0m[2m=[0m"succeeded" [3mrequest_kind[0m[2m=[0m"附件内容读取" [3mattachment_id[0m[2m=[0m"att-69182d17260b" [3msession_id[0m[2m=[0m"s-ed8ae5f1ff1a"
[backend] [2m2026-04-19T01:35:04.8310152+08:00[0m [32m INFO[0m ThreadId(12) [2mkoko::shell::媒体资产外壳[0m[2m:[0m 读取附件内容成功 [3musecase[0m[2m=[0m"读取附件内容" [3madapter[0m[2m=[0m"http" [3moutcome[0m[2m=[0m"succeeded" [3mrequest_kind[0m[2m=[0m"附件内容读取" [3mattachment_id[0m[2m=[0m"att-8d44cbfede62" [3msession_id[0m[2m=[0m"s-ed8ae5f1ff1a"
[backend] [2m2026-04-19T01:35:04.9797535+08:00[0m [32m INFO[0m ThreadId(12) [2mkoko::shell::实时外壳[0m[2m:[0m 订阅房间事件流成功 [3musecase[0m[2m=[0m"订阅房间事件流" [3madapter[0m[2m=[0m"socketioxide" [3moutcome[0m[2m=[0m"succeeded" [3mroom_id[0m[2m=[0m"r-3cdfd560046a" [3msession_id[0m[2m=[0m"s-ed8ae5f1ff1a" [3mfrom[0m[2m=[0m15 [3mevent_position[0m[2m=[0m15
[backend] [2m2026-04-19T01:35:04.9876932+08:00[0m [32m INFO[0m ThreadId(08) [2mkoko::shell::媒体资产外壳[0m[2m:[0m 读取附件内容成功 [3musecase[0m[2m=[0m"读取附件内容" [3madapter[0m[2m=[0m"http" [3moutcome[0m[2m=[0m"succeeded" [3mrequest_kind[0m[2m=[0m"附件内容读取" [3mattachment_id[0m[2m=[0m"att-2d964b96c071" [3msession_id[0m[2m=[0m"s-ed8ae5f1ff1a"
[backend] [2m2026-04-19T01:35:05.1216527+08:00[0m [32m INFO[0m ThreadId(12) [2mkoko::shell::媒体资产外壳[0m[2m:[0m 读取附件内容成功 [3musecase[0m[2m=[0m"读取附件内容" [3madapter[0m[2m=[0m"http" [3moutcome[0m[2m=[0m"succeeded" [3mrequest_kind[0m[2m=[0m"附件内容读取" [3mattachment_id[0m[2m=[0m"att-ac7a1188a600" [3msession_id[0m[2m=[0m"s-ed8ae5f1ff1a"
[backend] [2m2026-04-19T01:35:15.3270868+08:00[0m [32m INFO[0m ThreadId(10) [2mkoko::shell::媒体上传外壳[0m[2m:[0m 媒体上传占位已创建 [3musecase[0m[2m=[0m"准备媒体上传" [3madapter[0m[2m=[0m"http" [3moutcome[0m[2m=[0m"succeeded" [3mrequest_kind[0m[2m=[0m"媒体上传 prepare" [3msession_id[0m[2m=[0m"s-ed8ae5f1ff1a" [3mattachment_id[0m[2m=[0m"att-d1739ba9773f" [3mupload_session_id[0m[2m=[0m"upl-814c06a291ed42a597c1a2a38abd0d76" [3mattachment_kind[0m[2m=[0m"video" [3mfile_name[0m[2m=[0m"VID_20230816_104033_002.mp4" [3mbyte_size[0m[2m=[0m986783
[tusd] 2026/04/19 01:35:15.364102 level=INFO event=RequestIncoming method=POST path="" requestId=bdb5851c-e5d0-4396-8493-d1add869a679
[tusd] 2026/04/19 01:35:15.364687 level=DEBUG event=HookInvocationStart type=pre-create id=""
[backend] [2m2026-04-19T01:35:15.4215411+08:00[0m [32m INFO[0m ThreadId(10) [2mkoko::shell::tus_hook外壳[0m[2m:[0m Tus post-finish 已登记上传回执 [3madapter[0m[2m=[0m"tus_hook" [3mhook[0m[2m=[0m"post-finish" [3mattachment_id[0m[2m=[0m"att-d1739ba9773f" [3mupload_session_id[0m[2m=[0m"upl-814c06a291ed42a597c1a2a38abd0d76" [3mupload_id[0m[2m=[0m"e09df1594e0c561c59cc2b2805547097" [3mrequest_id[0m[2m=[0m"bdb5851c-e5d0-4396-8493-d1add869a679" [3mtransport_role[0m[2m=[0m"single" [3mstorage_locator[0m[2m=[0m"E:\\koko\\data\\tus\\e09df1594e0c561c59cc2b2805547097"
[backend] [2m2026-04-19T01:35:15.424131+08:00[0m [32m INFO[0m ThreadId(12) [2mkoko::shell::媒体上传外壳[0m[2m:[0m 媒体上传 complete 重活开始 [3musecase[0m[2m=[0m"完成媒体上传" [3mphase[0m[2m=[0m"complete_heavy_work_enter" [3mattachment_id[0m[2m=[0m"att-d1739ba9773f" [3mkind[0m[2m=[0m"video" [3mbyte_size[0m[2m=[0m986783 [3mmedia_complete_max_concurrency[0m[2m=[0m4
[backend] [2m2026-04-19T01:35:15.4264177+08:00[0m [32m INFO[0m ThreadId(12) [2mkoko::shell::媒体上传外壳[0m[2m:[0m 媒体上传 complete 阶段耗时 [3musecase[0m[2m=[0m"完成媒体上传" [3mphase[0m[2m=[0m"complete_heavy_work_stage" [3mattachment_id[0m[2m=[0m"att-d1739ba9773f" [3mkind[0m[2m=[0m"video" [3mbyte_size[0m[2m=[0m986783 [3mstage[0m[2m=[0m"parse_video" [3mduration_ms[0m[2m=[0m1
[tusd] 2026/04/19 01:35:15.385975 level=DEBUG event=HookInvocationFinish type=pre-create id=""
[tusd] 2026/04/19 01:35:15.389320 level=INFO event=UploadCreated method=POST path="" requestId=bdb5851c-e5d0-4396-8493-d1add869a679 id=e09df1594e0c561c59cc2b2805547097 size=986783 url=http://127.0.0.1:1081/files/e09df1594e0c561c59cc2b2805547097
[tusd] 2026/04/19 01:35:15.392702 level=INFO event=ChunkWriteStart method=POST path="" requestId=bdb5851c-e5d0-4396-8493-d1add869a679 id=e09df1594e0c561c59cc2b2805547097 maxSize=986783 offset=0
[tusd] 2026/04/19 01:35:15.401581 level=INFO event=ChunkWriteComplete method=POST path="" requestId=bdb5851c-e5d0-4396-8493-d1add869a679 id=e09df1594e0c561c59cc2b2805547097 bytesWritten=986783
[tusd] 2026/04/19 01:35:15.402102 level=INFO event=UploadFinished method=POST path="" requestId=bdb5851c-e5d0-4396-8493-d1add869a679 id=e09df1594e0c561c59cc2b2805547097 size=986783
[tusd] 2026/04/19 01:35:15.402689 level=INFO event=ResponseOutgoing method=POST path="" requestId=bdb5851c-e5d0-4396-8493-d1add869a679 id=e09df1594e0c561c59cc2b2805547097 status=201 body=""
[tusd] 2026/04/19 01:35:15.402689 level=DEBUG event=HookInvocationStart type=post-finish id=e09df1594e0c561c59cc2b2805547097
[tusd] 2026/04/19 01:35:15.422426 level=DEBUG event=HookInvocationFinish type=post-finish id=e09df1594e0c561c59cc2b2805547097
[backend] [2m2026-04-19T01:35:17.915189+08:00[0m [32m INFO[0m ThreadId(12) [2mkoko::shell::媒体上传外壳[0m[2m:[0m 媒体上传 complete 阶段耗时 [3musecase[0m[2m=[0m"完成媒体上传" [3mphase[0m[2m=[0m"complete_heavy_work_stage" [3mattachment_id[0m[2m=[0m"att-d1739ba9773f" [3mkind[0m[2m=[0m"video" [3mbyte_size[0m[2m=[0m986783 [3mstage[0m[2m=[0m"package_streaming_assets" [3mduration_ms[0m[2m=[0m2488
[backend] [2m2026-04-19T01:35:17.9551607+08:00[0m [32m INFO[0m ThreadId(12) [2mkoko::shell::媒体上传外壳[0m[2m:[0m 媒体上传 complete 阶段耗时 [3musecase[0m[2m=[0m"完成媒体上传" [3mphase[0m[2m=[0m"complete_heavy_work_stage" [3mattachment_id[0m[2m=[0m"att-d1739ba9773f" [3mkind[0m[2m=[0m"video" [3mbyte_size[0m[2m=[0m986783 [3mstage[0m[2m=[0m"build_distribution_request" [3mduration_ms[0m[2m=[0m39
[backend] [2m2026-04-19T01:35:18.0050363+08:00[0m [32m INFO[0m ThreadId(12) [2mkoko::shell::媒体上传外壳[0m[2m:[0m 媒体上传 complete 阶段耗时 [3musecase[0m[2m=[0m"完成媒体上传" [3mphase[0m[2m=[0m"complete_heavy_work_stage" [3mattachment_id[0m[2m=[0m"att-d1739ba9773f" [3mkind[0m[2m=[0m"video" [3mbyte_size[0m[2m=[0m986783 [3mstage[0m[2m=[0m"generate_torrent" [3mduration_ms[0m[2m=[0m49
[backend] [2m2026-04-19T01:35:18.0157993+08:00[0m [32m INFO[0m ThreadId(08) [2mkoko::shell::媒体上传外壳[0m[2m:[0m 媒体上传 complete 阶段耗时 [3musecase[0m[2m=[0m"完成媒体上传" [3mphase[0m[2m=[0m"complete_heavy_work_stage" [3mattachment_id[0m[2m=[0m"att-d1739ba9773f" [3mkind[0m[2m=[0m"video" [3mbyte_size[0m[2m=[0m986783 [3mstage[0m[2m=[0m"upload_streaming_assets" [3mduration_ms[0m[2m=[0m10
[backend] [2m2026-04-19T01:35:18.0332686+08:00[0m [32m INFO[0m ThreadId(12) [2mkoko::shell::媒体上传外壳[0m[2m:[0m 媒体上传 complete 阶段耗时 [3musecase[0m[2m=[0m"完成媒体上传" [3mphase[0m[2m=[0m"complete_heavy_work_stage" [3mattachment_id[0m[2m=[0m"att-d1739ba9773f" [3mkind[0m[2m=[0m"video" [3mbyte_size[0m[2m=[0m986783 [3mstage[0m[2m=[0m"write_authoritative_snapshot" [3mduration_ms[0m[2m=[0m17
[backend] [2m2026-04-19T01:35:18.0343959+08:00[0m [32m INFO[0m ThreadId(12) [2mkoko::shell::媒体上传外壳[0m[2m:[0m 媒体上传 complete 阶段耗时 [3musecase[0m[2m=[0m"完成媒体上传" [3mphase[0m[2m=[0m"complete_heavy_work_stage" [3mattachment_id[0m[2m=[0m"att-d1739ba9773f" [3mkind[0m[2m=[0m"video" [3mbyte_size[0m[2m=[0m986783 [3mstage[0m[2m=[0m"delete_upload_temp_file" [3mduration_ms[0m[2m=[0m0
[backend] [2m2026-04-19T01:35:18.0387376+08:00[0m [32m INFO[0m ThreadId(10) [2mkoko::shell::媒体上传外壳[0m[2m:[0m 媒体上传 complete 阶段耗时 [3musecase[0m[2m=[0m"完成媒体上传" [3mphase[0m[2m=[0m"complete_heavy_work_stage" [3mattachment_id[0m[2m=[0m"att-d1739ba9773f" [3mkind[0m[2m=[0m"video" [3mbyte_size[0m[2m=[0m986783 [3mstage[0m[2m=[0m"retire_original_upload_source" [3mduration_ms[0m[2m=[0m3
[backend] [2m2026-04-19T01:35:18.039628+08:00[0m [32m INFO[0m ThreadId(10) [2mkoko::shell::媒体上传外壳[0m[2m:[0m 媒体上传 complete 重活完成 [3musecase[0m[2m=[0m"完成媒体上传" [3mphase[0m[2m=[0m"complete_heavy_work_exit" [3mattachment_id[0m[2m=[0m"att-d1739ba9773f" [3mkind[0m[2m=[0m"video" [3mbyte_size[0m[2m=[0m986783 [3mduration_ms[0m[2m=[0m2615
[backend] [2m2026-04-19T01:35:24.0336512+08:00[0m [32m INFO[0m ThreadId(12) [2mkoko::shell::实时外壳[0m[2m:[0m realtime 创建消息请求已受理 [3musecase[0m[2m=[0m"创建消息" [3madapter[0m[2m=[0m"socketioxide" [3moutcome[0m[2m=[0m"accepted" [3mroom_id[0m[2m=[0m"r-3cdfd560046a" [3msession_id[0m[2m=[0m"s-ed8ae5f1ff1a" [3mclient_message_id[0m[2m=[0m"d4e7a070-faae-41db-abd9-0b639d0ff2c5"
[backend] [2m2026-04-19T01:35:24.0565635+08:00[0m [32m INFO[0m ThreadId(05) [2mkoko::shell::实时外壳[0m[2m:[0m 创建消息成功 [3musecase[0m[2m=[0m"创建消息" [3madapter[0m[2m=[0m"socketioxide" [3moutcome[0m[2m=[0m"succeeded" [3mroom_id[0m[2m=[0m"r-3cdfd560046a" [3msession_id[0m[2m=[0m"s-ed8ae5f1ff1a" [3mclient_message_id[0m[2m=[0m"d4e7a070-faae-41db-abd9-0b639d0ff2c5" [3mevent_position[0m[2m=[0m16
[backend] [2m2026-04-19T01:35:24.0736328+08:00[0m [32m INFO[0m ThreadId(07) [2mkoko::shell::媒体资产外壳[0m[2m:[0m HTTP 请求已受理 [3musecase[0m[2m=[0m"读取附件内容" [3madapter[0m[2m=[0m"http" [3moutcome[0m[2m=[0m"accepted" [3mrequest_kind[0m[2m=[0m"附件内容读取" [3mattachment_id[0m[2m=[0m"att-d1739ba9773f" [3msession_id[0m[2m=[0m"s-ed8ae5f1ff1a"
[backend] [2m2026-04-19T01:35:24.0901061+08:00[0m [32m INFO[0m ThreadId(11) [2mkoko::shell::媒体资产外壳[0m[2m:[0m 读取附件内容成功 [3musecase[0m[2m=[0m"读取附件内容" [3madapter[0m[2m=[0m"http" [3moutcome[0m[2m=[0m"succeeded" [3mrequest_kind[0m[2m=[0m"附件内容读取" [3mattachment_id[0m[2m=[0m"att-d1739ba9773f" [3msession_id[0m[2m=[0m"s-ed8ae5f1ff1a"
[backend] [2m2026-04-19T01:35:24.1100305+08:00[0m [32m INFO[0m ThreadId(07) [2mkoko::shell::媒体资产外壳[0m[2m:[0m HTTP 请求已受理 [3musecase[0m[2m=[0m"读取附件内容" [3madapter[0m[2m=[0m"http" [3moutcome[0m[2m=[0m"accepted" [3mrequest_kind[0m[2m=[0m"附件内容读取" [3mattachment_id[0m[2m=[0m"att-d1739ba9773f" [3msession_id[0m[2m=[0m"s-ed8ae5f1ff1a"
[backend] [2m2026-04-19T01:35:24.1201225+08:00[0m [32m INFO[0m ThreadId(08) [2mkoko::shell::媒体资产外壳[0m[2m:[0m 读取附件内容成功 [3musecase[0m[2m=[0m"读取附件内容" [3madapter[0m[2m=[0m"http" [3moutcome[0m[2m=[0m"succeeded" [3mrequest_kind[0m[2m=[0m"附件内容读取" [3mattachment_id[0m[2m=[0m"att-d1739ba9773f" [3msession_id[0m[2m=[0m"s-ed8ae5f1ff1a"
[backend] [2m2026-04-19T01:35:24.311771+08:00[0m [32m INFO[0m ThreadId(07) [2mkoko::shell::媒体资产外壳[0m[2m:[0m HTTP 请求已受理 [3musecase[0m[2m=[0m"读取附件内容" [3madapter[0m[2m=[0m"http" [3moutcome[0m[2m=[0m"accepted" [3mrequest_kind[0m[2m=[0m"附件内容读取" [3mattachment_id[0m[2m=[0m"att-d1739ba9773f" [3msession_id[0m[2m=[0m"s-ed8ae5f1ff1a"
[backend] [2m2026-04-19T01:35:24.3280254+08:00[0m [32m INFO[0m ThreadId(07) [2mkoko::shell::媒体资产外壳[0m[2m:[0m 读取附件内容成功 [3musecase[0m[2m=[0m"读取附件内容" [3madapter[0m[2m=[0m"http" [3moutcome[0m[2m=[0m"succeeded" [3mrequest_kind[0m[2m=[0m"附件内容读取" [3mattachment_id[0m[2m=[0m"att-d1739ba9773f" [3msession_id[0m[2m=[0m"s-ed8ae5f1ff1a"
[backend] [2m2026-04-19T01:35:24.3434412+08:00[0m [32m INFO[0m ThreadId(11) [2mkoko::shell::媒体资产外壳[0m[2m:[0m HTTP 请求已受理 [3musecase[0m[2m=[0m"读取附件内容" [3madapter[0m[2m=[0m"http" [3moutcome[0m[2m=[0m"accepted" [3mrequest_kind[0m[2m=[0m"附件内容读取" [3mattachment_id[0m[2m=[0m"att-d1739ba9773f" [3msession_id[0m[2m=[0m"s-ed8ae5f1ff1a"
[backend] [2m2026-04-19T01:35:24.3510997+08:00[0m [32m INFO[0m ThreadId(07) [2mkoko::shell::媒体资产外壳[0m[2m:[0m 读取附件内容成功 [3musecase[0m[2m=[0m"读取附件内容" [3madapter[0m[2m=[0m"http" [3moutcome[0m[2m=[0m"succeeded" [3mrequest_kind[0m[2m=[0m"附件内容读取" [3mattachment_id[0m[2m=[0m"att-d1739ba9773f" [3msession_id[0m[2m=[0m"s-ed8ae5f1ff1a"
[backend] [2m2026-04-19T01:35:24.3686313+08:00[0m [32m INFO[0m ThreadId(08) [2mkoko::shell::媒体资产外壳[0m[2m:[0m HTTP 请求已受理 [3musecase[0m[2m=[0m"读取附件内容" [3madapter[0m[2m=[0m"http" [3moutcome[0m[2m=[0m"accepted" [3mrequest_kind[0m[2m=[0m"附件内容读取" [3mattachment_id[0m[2m=[0m"att-d1739ba9773f" [3msession_id[0m[2m=[0m"s-ed8ae5f1ff1a"
[backend] [2m2026-04-19T01:35:24.3822824+08:00[0m [32m INFO[0m ThreadId(08) [2mkoko::shell::媒体资产外壳[0m[2m:[0m 读取附件内容成功 [3musecase[0m[2m=[0m"读取附件内容" [3madapter[0m[2m=[0m"http" [3moutcome[0m[2m=[0m"succeeded" [3mrequest_kind[0m[2m=[0m"附件内容读取" [3mattachment_id[0m[2m=[0m"att-d1739ba9773f" [3msession_id[0m[2m=[0m"s-ed8ae5f1ff1a"
[backend] [2m2026-04-19T01:35:24.4417537+08:00[0m [32m INFO[0m ThreadId(07) [2mkoko::shell::媒体资产外壳[0m[2m:[0m HTTP 请求已受理 [3musecase[0m[2m=[0m"读取附件内容" [3madapter[0m[2m=[0m"http" [3moutcome[0m[2m=[0m"accepted" [3mrequest_kind[0m[2m=[0m"附件内容读取" [3mattachment_id[0m[2m=[0m"att-d1739ba9773f" [3msession_id[0m[2m=[0m"s-ed8ae5f1ff1a"
[backend] [2m2026-04-19T01:35:24.4509652+08:00[0m [32m INFO[0m ThreadId(07) [2mkoko::shell::媒体资产外壳[0m[2m:[0m 读取附件内容成功 [3musecase[0m[2m=[0m"读取附件内容" [3madapter[0m[2m=[0m"http" [3moutcome[0m[2m=[0m"succeeded" [3mrequest_kind[0m[2m=[0m"附件内容读取" [3mattachment_id[0m[2m=[0m"att-d1739ba9773f" [3msession_id[0m[2m=[0m"s-ed8ae5f1ff1a"
[backend] [2m2026-04-19T01:35:24.4782778+08:00[0m [32m INFO[0m ThreadId(11) [2mkoko::shell::房间外壳[0m[2m:[0m HTTP 请求已受理 [3musecase[0m[2m=[0m"推进房间阅读位置" [3madapter[0m[2m=[0m"http" [3moutcome[0m[2m=[0m"accepted" [3mrequest_kind[0m[2m=[0m"房间阅读位置推进" [3mroom_id[0m[2m=[0m"r-3cdfd560046a" [3msession_id[0m[2m=[0m"s-ed8ae5f1ff1a" [3mevent_position[0m[2m=[0m16
[backend] [2m2026-04-19T01:35:24.4801759+08:00[0m [32m INFO[0m ThreadId(11) [2mkoko::shell::房间外壳[0m[2m:[0m HTTP 请求已受理 [3musecase[0m[2m=[0m"推进房间阅读位置" [3madapter[0m[2m=[0m"http" [3moutcome[0m[2m=[0m"accepted" [3mrequest_kind[0m[2m=[0m"房间阅读位置推进" [3mroom_id[0m[2m=[0m"r-3cdfd560046a" [3msession_id[0m[2m=[0m"s-ed8ae5f1ff1a" [3mevent_position[0m[2m=[0m16
[backend] [2m2026-04-19T01:35:24.4897077+08:00[0m [32m INFO[0m ThreadId(11) [2mkoko::shell::房间外壳[0m[2m:[0m HTTP 请求已受理 [3musecase[0m[2m=[0m"推进房间阅读位置" [3madapter[0m[2m=[0m"http" [3moutcome[0m[2m=[0m"accepted" [3mrequest_kind[0m[2m=[0m"房间阅读位置推进" [3mroom_id[0m[2m=[0m"r-3cdfd560046a" [3msession_id[0m[2m=[0m"s-ed8ae5f1ff1a" [3mevent_position[0m[2m=[0m16
[backend] [2m2026-04-19T01:35:24.4923773+08:00[0m [32m INFO[0m ThreadId(07) [2mkoko::shell::房间外壳[0m[2m:[0m 推进房间阅读位置成功 [3musecase[0m[2m=[0m"推进房间阅读位置" [3madapter[0m[2m=[0m"http" [3moutcome[0m[2m=[0m"succeeded" [3mrequest_kind[0m[2m=[0m"房间阅读位置推进" [3mroom_id[0m[2m=[0m"r-3cdfd560046a" [3msession_id[0m[2m=[0m"s-ed8ae5f1ff1a" [3mevent_position[0m[2m=[0m16
[backend] [2m2026-04-19T01:35:24.4948434+08:00[0m [32m INFO[0m ThreadId(11) [2mkoko::shell::房间外壳[0m[2m:[0m 推进房间阅读位置成功 [3musecase[0m[2m=[0m"推进房间阅读位置" [3madapter[0m[2m=[0m"http" [3moutcome[0m[2m=[0m"succeeded" [3mrequest_kind[0m[2m=[0m"房间阅读位置推进" [3mroom_id[0m[2m=[0m"r-3cdfd560046a" [3msession_id[0m[2m=[0m"s-ed8ae5f1ff1a" [3mevent_position[0m[2m=[0m16
[backend] [2m2026-04-19T01:35:24.4986254+08:00[0m [32m INFO[0m ThreadId(07) [2mkoko::shell::房间外壳[0m[2m:[0m 推进房间阅读位置成功 [3musecase[0m[2m=[0m"推进房间阅读位置" [3madapter[0m[2m=[0m"http" [3moutcome[0m[2m=[0m"succeeded" [3mrequest_kind[0m[2m=[0m"房间阅读位置推进" [3mroom_id[0m[2m=[0m"r-3cdfd560046a" [3msession_id[0m[2m=[0m"s-ed8ae5f1ff1a" [3mevent_position[0m[2m=[0m16
[backend] [2m2026-04-19T01:35:24.6098731+08:00[0m [32m INFO[0m ThreadId(11) [2mkoko::shell::媒体资产外壳[0m[2m:[0m HTTP 请求已受理 [3musecase[0m[2m=[0m"读取附件内容" [3madapter[0m[2m=[0m"http" [3moutcome[0m[2m=[0m"accepted" [3mrequest_kind[0m[2m=[0m"附件内容读取" [3mattachment_id[0m[2m=[0m"att-d1739ba9773f" [3msession_id[0m[2m=[0m"s-ed8ae5f1ff1a"
[backend] [2m2026-04-19T01:35:24.6221719+08:00[0m [32m INFO[0m ThreadId(11) [2mkoko::shell::媒体资产外壳[0m[2m:[0m 读取附件内容成功 [3musecase[0m[2m=[0m"读取附件内容" [3madapter[0m[2m=[0m"http" [3moutcome[0m[2m=[0m"succeeded" [3mrequest_kind[0m[2m=[0m"附件内容读取" [3mattachment_id[0m[2m=[0m"att-d1739ba9773f" [3msession_id[0m[2m=[0m"s-ed8ae5f1ff1a"
[backend] [2m2026-04-19T01:35:24.628766+08:00[0m [32m INFO[0m ThreadId(08) [2mkoko::shell::媒体资产外壳[0m[2m:[0m HTTP 请求已受理 [3musecase[0m[2m=[0m"读取附件内容" [3madapter[0m[2m=[0m"http" [3moutcome[0m[2m=[0m"accepted" [3mrequest_kind[0m[2m=[0m"附件内容读取" [3mattachment_id[0m[2m=[0m"att-d1739ba9773f" [3msession_id[0m[2m=[0m"s-ed8ae5f1ff1a"
[backend] [2m2026-04-19T01:35:24.6342824+08:00[0m [32m INFO[0m ThreadId(08) [2mkoko::shell::媒体资产外壳[0m[2m:[0m 读取附件内容成功 [3musecase[0m[2m=[0m"读取附件内容" [3madapter[0m[2m=[0m"http" [3moutcome[0m[2m=[0m"succeeded" [3mrequest_kind[0m[2m=[0m"附件内容读取" [3mattachment_id[0m[2m=[0m"att-d1739ba9773f" [3msession_id[0m[2m=[0m"s-ed8ae5f1ff1a"
[backend] [2m2026-04-19T01:35:24.6439803+08:00[0m [32m INFO[0m ThreadId(07) [2mkoko::shell::媒体资产外壳[0m[2m:[0m HTTP 请求已受理 [3musecase[0m[2m=[0m"读取附件内容" [3madapter[0m[2m=[0m"http" [3moutcome[0m[2m=[0m"accepted" [3mrequest_kind[0m[2m=[0m"附件内容读取" [3mattachment_id[0m[2m=[0m"att-d1739ba9773f" [3msession_id[0m[2m=[0m"s-ed8ae5f1ff1a"
[backend] [2m2026-04-19T01:35:24.655564+08:00[0m [32m INFO[0m ThreadId(08) [2mkoko::shell::媒体资产外壳[0m[2m:[0m 读取附件内容成功 [3musecase[0m[2m=[0m"读取附件内容" [3madapter[0m[2m=[0m"http" [3moutcome[0m[2m=[0m"succeeded" [3mrequest_kind[0m[2m=[0m"附件内容读取" [3mattachment_id[0m[2m=[0m"att-d1739ba9773f" [3msession_id[0m[2m=[0m"s-ed8ae5f1ff1a"
[backend] [2m2026-04-19T01:35:25.4381346+08:00[0m [32m INFO[0m ThreadId(07) [2mkoko::shell::房间外壳[0m[2m:[0m HTTP 请求已受理 [3musecase[0m[2m=[0m"推进房间阅读位置" [3madapter[0m[2m=[0m"http" [3moutcome[0m[2m=[0m"accepted" [3mrequest_kind[0m[2m=[0m"房间阅读位置推进" [3mroom_id[0m[2m=[0m"r-3cdfd560046a" [3msession_id[0m[2m=[0m"s-e7c98262c769" [3mevent_position[0m[2m=[0m16
[backend] [2m2026-04-19T01:35:25.4473554+08:00[0m [32m INFO[0m ThreadId(08) [2mkoko::shell::房间外壳[0m[2m:[0m 推进房间阅读位置成功 [3musecase[0m[2m=[0m"推进房间阅读位置" [3madapter[0m[2m=[0m"http" [3moutcome[0m[2m=[0m"succeeded" [3mrequest_kind[0m[2m=[0m"房间阅读位置推进" [3mroom_id[0m[2m=[0m"r-3cdfd560046a" [3msession_id[0m[2m=[0m"s-e7c98262c769" [3mevent_position[0m[2m=[0m16
[backend] [2m2026-04-19T01:36:16.1811934+08:00[0m [32m INFO[0m ThreadId(08) [2mkoko::shell::房间外壳[0m[2m:[0m HTTP 请求已受理 [3musecase[0m[2m=[0m"引导匿名身份" [3madapter[0m[2m=[0m"http" [3moutcome[0m[2m=[0m"accepted" [3mrequest_kind[0m[2m=[0m"匿名身份引导"
[backend] [2m2026-04-19T01:36:16.1839414+08:00[0m [32m INFO[0m ThreadId(08) [2mkoko::shell::房间外壳[0m[2m:[0m 引导匿名身份成功 [3musecase[0m[2m=[0m"引导匿名身份" [3madapter[0m[2m=[0m"http" [3moutcome[0m[2m=[0m"succeeded" [3mrequest_kind[0m[2m=[0m"匿名身份引导" [3msession_id[0m[2m=[0m"s-ed8ae5f1ff1a"
[backend] [2m2026-04-19T01:36:16.2714161+08:00[0m [32m INFO[0m ThreadId(10) [2mkoko::shell::房间外壳[0m[2m:[0m HTTP 请求已受理 [3musecase[0m[2m=[0m"加载房间快照" [3madapter[0m[2m=[0m"http" [3moutcome[0m[2m=[0m"accepted" [3mrequest_kind[0m[2m=[0m"房间快照查询" [3mroom_id[0m[2m=[0m"r-3cdfd560046a" [3msession_id[0m[2m=[0m"s-ed8ae5f1ff1a"
[backend] [2m2026-04-19T01:36:16.2940783+08:00[0m [32m INFO[0m ThreadId(05) [2mkoko::shell::房间外壳[0m[2m:[0m 加载房间快照成功 [3musecase[0m[2m=[0m"加载房间快照" [3madapter[0m[2m=[0m"http" [3moutcome[0m[2m=[0m"succeeded" [3mrequest_kind[0m[2m=[0m"房间快照查询" [3mroom_id[0m[2m=[0m"r-3cdfd560046a" [3msession_id[0m[2m=[0m"s-ed8ae5f1ff1a" [3mevent_position[0m[2m=[0m16
[backend] [2m2026-04-19T01:36:16.3042207+08:00[0m [32m INFO[0m ThreadId(11) [2mkoko::shell::实时外壳[0m[2m:[0m realtime 连接认证已受理 [3musecase[0m[2m=[0m"实时连接认证" [3madapter[0m[2m=[0m"socketioxide" [3moutcome[0m[2m=[0m"accepted" [3msession_id[0m[2m=[0m"s-ed8ae5f1ff1a"
[backend] [2m2026-04-19T01:36:16.3058236+08:00[0m [32m INFO[0m ThreadId(10) [2mkoko::shell::实时外壳[0m[2m:[0m realtime 连接认证成功 [3musecase[0m[2m=[0m"实时连接认证" [3madapter[0m[2m=[0m"socketioxide" [3moutcome[0m[2m=[0m"succeeded" [3msession_id[0m[2m=[0m"s-ed8ae5f1ff1a"
[backend] [2m2026-04-19T01:36:16.3737651+08:00[0m [32m INFO[0m ThreadId(07) [2mkoko::shell::实时外壳[0m[2m:[0m realtime 订阅请求已受理 [3musecase[0m[2m=[0m"订阅房间事件流" [3madapter[0m[2m=[0m"socketioxide" [3moutcome[0m[2m=[0m"accepted" [3mroom_id[0m[2m=[0m"r-3cdfd560046a" [3msession_id[0m[2m=[0m"s-ed8ae5f1ff1a" [3mfrom[0m[2m=[0m16
[backend] [2m2026-04-19T01:36:16.3737879+08:00[0m [32m INFO[0m ThreadId(11) [2mkoko::shell::实时外壳[0m[2m:[0m realtime 订阅请求已受理 [3musecase[0m[2m=[0m"订阅房间事件流" [3madapter[0m[2m=[0m"socketioxide" [3moutcome[0m[2m=[0m"accepted" [3mroom_id[0m[2m=[0m"r-3cdfd560046a" [3msession_id[0m[2m=[0m"s-ed8ae5f1ff1a" [3mfrom[0m[2m=[0m16
[backend] [2m2026-04-19T01:36:16.3738245+08:00[0m [32m INFO[0m ThreadId(10) [2mkoko::shell::媒体资产外壳[0m[2m:[0m HTTP 请求已受理 [3musecase[0m[2m=[0m"读取附件内容" [3madapter[0m[2m=[0m"http" [3moutcome[0m[2m=[0m"accepted" [3mrequest_kind[0m[2m=[0m"附件内容读取" [3mattachment_id[0m[2m=[0m"att-961d957a1877" [3msession_id[0m[2m=[0m"s-ed8ae5f1ff1a"
[backend] [2m2026-04-19T01:36:16.3788631+08:00[0m [32m INFO[0m ThreadId(11) [2mkoko::shell::媒体资产外壳[0m[2m:[0m HTTP 请求已受理 [3musecase[0m[2m=[0m"读取附件内容" [3madapter[0m[2m=[0m"http" [3moutcome[0m[2m=[0m"accepted" [3mrequest_kind[0m[2m=[0m"附件内容读取" [3mattachment_id[0m[2m=[0m"att-8d44cbfede62" [3msession_id[0m[2m=[0m"s-ed8ae5f1ff1a"
[backend] [2m2026-04-19T01:36:16.3797801+08:00[0m [32m INFO[0m ThreadId(07) [2mkoko::shell::媒体资产外壳[0m[2m:[0m HTTP 请求已受理 [3musecase[0m[2m=[0m"读取附件内容" [3madapter[0m[2m=[0m"http" [3moutcome[0m[2m=[0m"accepted" [3mrequest_kind[0m[2m=[0m"附件内容读取" [3mattachment_id[0m[2m=[0m"att-2d964b96c071" [3msession_id[0m[2m=[0m"s-ed8ae5f1ff1a"
[backend] [2m2026-04-19T01:36:16.3799192+08:00[0m [32m INFO[0m ThreadId(11) [2mkoko::shell::媒体资产外壳[0m[2m:[0m HTTP 请求已受理 [3musecase[0m[2m=[0m"读取附件内容" [3madapter[0m[2m=[0m"http" [3moutcome[0m[2m=[0m"accepted" [3mrequest_kind[0m[2m=[0m"附件内容读取" [3mattachment_id[0m[2m=[0m"att-681e5b27b0c2" [3msession_id[0m[2m=[0m"s-ed8ae5f1ff1a"
[backend] [2m2026-04-19T01:36:16.3807796+08:00[0m [32m INFO[0m ThreadId(07) [2mkoko::shell::实时外壳[0m[2m:[0m 订阅房间事件流成功 [3musecase[0m[2m=[0m"订阅房间事件流" [3madapter[0m[2m=[0m"socketioxide" [3moutcome[0m[2m=[0m"succeeded" [3mroom_id[0m[2m=[0m"r-3cdfd560046a" [3msession_id[0m[2m=[0m"s-ed8ae5f1ff1a" [3mfrom[0m[2m=[0m16 [3mevent_position[0m[2m=[0m16
[backend] [2m2026-04-19T01:36:16.3836862+08:00[0m [32m INFO[0m ThreadId(10) [2mkoko::shell::实时外壳[0m[2m:[0m 订阅房间事件流成功 [3musecase[0m[2m=[0m"订阅房间事件流" [3madapter[0m[2m=[0m"socketioxide" [3moutcome[0m[2m=[0m"succeeded" [3mroom_id[0m[2m=[0m"r-3cdfd560046a" [3msession_id[0m[2m=[0m"s-ed8ae5f1ff1a" [3mfrom[0m[2m=[0m16 [3mevent_position[0m[2m=[0m16
[backend] [2m2026-04-19T01:36:16.384344+08:00[0m [32m INFO[0m ThreadId(08) [2mkoko::shell::媒体资产外壳[0m[2m:[0m 读取附件内容成功 [3musecase[0m[2m=[0m"读取附件内容" [3madapter[0m[2m=[0m"http" [3moutcome[0m[2m=[0m"succeeded" [3mrequest_kind[0m[2m=[0m"附件内容读取" [3mattachment_id[0m[2m=[0m"att-961d957a1877" [3msession_id[0m[2m=[0m"s-ed8ae5f1ff1a"
[backend] [2m2026-04-19T01:36:16.3851829+08:00[0m [32m INFO[0m ThreadId(05) [2mkoko::shell::媒体资产外壳[0m[2m:[0m HTTP 请求已受理 [3musecase[0m[2m=[0m"读取附件内容" [3madapter[0m[2m=[0m"http" [3moutcome[0m[2m=[0m"accepted" [3mrequest_kind[0m[2m=[0m"附件内容读取" [3mattachment_id[0m[2m=[0m"att-ac7a1188a600" [3msession_id[0m[2m=[0m"s-ed8ae5f1ff1a"
[backend] [2m2026-04-19T01:36:16.3883999+08:00[0m [32m INFO[0m ThreadId(07) [2mkoko::shell::媒体资产外壳[0m[2m:[0m 读取附件内容成功 [3musecase[0m[2m=[0m"读取附件内容" [3madapter[0m[2m=[0m"http" [3moutcome[0m[2m=[0m"succeeded" [3mrequest_kind[0m[2m=[0m"附件内容读取" [3mattachment_id[0m[2m=[0m"att-2d964b96c071" [3msession_id[0m[2m=[0m"s-ed8ae5f1ff1a"
[backend] [2m2026-04-19T01:36:16.3884571+08:00[0m [32m INFO[0m ThreadId(11) [2mkoko::shell::媒体资产外壳[0m[2m:[0m 读取附件内容成功 [3musecase[0m[2m=[0m"读取附件内容" [3madapter[0m[2m=[0m"http" [3moutcome[0m[2m=[0m"succeeded" [3mrequest_kind[0m[2m=[0m"附件内容读取" [3mattachment_id[0m[2m=[0m"att-681e5b27b0c2" [3msession_id[0m[2m=[0m"s-ed8ae5f1ff1a"
[backend] [2m2026-04-19T01:36:16.3900948+08:00[0m [32m INFO[0m ThreadId(08) [2mkoko::shell::媒体资产外壳[0m[2m:[0m HTTP 请求已受理 [3musecase[0m[2m=[0m"读取附件内容" [3madapter[0m[2m=[0m"http" [3moutcome[0m[2m=[0m"accepted" [3mrequest_kind[0m[2m=[0m"附件内容读取" [3mattachment_id[0m[2m=[0m"att-3a48c8f47757" [3msession_id[0m[2m=[0m"s-ed8ae5f1ff1a"
[backend] [2m2026-04-19T01:36:16.391015+08:00[0m [32m INFO[0m ThreadId(12) [2mkoko::shell::媒体资产外壳[0m[2m:[0m 读取附件内容成功 [3musecase[0m[2m=[0m"读取附件内容" [3madapter[0m[2m=[0m"http" [3moutcome[0m[2m=[0m"succeeded" [3mrequest_kind[0m[2m=[0m"附件内容读取" [3mattachment_id[0m[2m=[0m"att-8d44cbfede62" [3msession_id[0m[2m=[0m"s-ed8ae5f1ff1a"
[backend] [2m2026-04-19T01:36:16.3941889+08:00[0m [32m INFO[0m ThreadId(08) [2mkoko::shell::媒体资产外壳[0m[2m:[0m 读取附件内容成功 [3musecase[0m[2m=[0m"读取附件内容" [3madapter[0m[2m=[0m"http" [3moutcome[0m[2m=[0m"succeeded" [3mrequest_kind[0m[2m=[0m"附件内容读取" [3mattachment_id[0m[2m=[0m"att-ac7a1188a600" [3msession_id[0m[2m=[0m"s-ed8ae5f1ff1a"
[backend] [2m2026-04-19T01:36:16.3985854+08:00[0m [32m INFO[0m ThreadId(08) [2mkoko::shell::媒体资产外壳[0m[2m:[0m 读取附件内容成功 [3musecase[0m[2m=[0m"读取附件内容" [3madapter[0m[2m=[0m"http" [3moutcome[0m[2m=[0m"succeeded" [3mrequest_kind[0m[2m=[0m"附件内容读取" [3mattachment_id[0m[2m=[0m"att-3a48c8f47757" [3msession_id[0m[2m=[0m"s-ed8ae5f1ff1a"
[backend] [2m2026-04-19T01:36:16.4285437+08:00[0m [32m INFO[0m ThreadId(12) [2mkoko::shell::媒体资产外壳[0m[2m:[0m HTTP 请求已受理 [3musecase[0m[2m=[0m"读取附件内容" [3madapter[0m[2m=[0m"http" [3moutcome[0m[2m=[0m"accepted" [3mrequest_kind[0m[2m=[0m"附件内容读取" [3mattachment_id[0m[2m=[0m"att-792bea97c0bd" [3msession_id[0m[2m=[0m"s-ed8ae5f1ff1a"
[backend] [2m2026-04-19T01:36:16.4341715+08:00[0m [32m INFO[0m ThreadId(12) [2mkoko::shell::媒体资产外壳[0m[2m:[0m HTTP 请求已受理 [3musecase[0m[2m=[0m"读取附件内容" [3madapter[0m[2m=[0m"http" [3moutcome[0m[2m=[0m"accepted" [3mrequest_kind[0m[2m=[0m"附件内容读取" [3mattachment_id[0m[2m=[0m"att-ea250b02f4f3" [3msession_id[0m[2m=[0m"s-ed8ae5f1ff1a"
[backend] [2m2026-04-19T01:36:16.4415283+08:00[0m [32m INFO[0m ThreadId(11) [2mkoko::shell::媒体资产外壳[0m[2m:[0m 读取附件内容成功 [3musecase[0m[2m=[0m"读取附件内容" [3madapter[0m[2m=[0m"http" [3moutcome[0m[2m=[0m"succeeded" [3mrequest_kind[0m[2m=[0m"附件内容读取" [3mattachment_id[0m[2m=[0m"att-792bea97c0bd" [3msession_id[0m[2m=[0m"s-ed8ae5f1ff1a"
[backend] [2m2026-04-19T01:36:16.4435766+08:00[0m [32m INFO[0m ThreadId(12) [2mkoko::shell::媒体资产外壳[0m[2m:[0m HTTP 请求已受理 [3musecase[0m[2m=[0m"读取附件内容" [3madapter[0m[2m=[0m"http" [3moutcome[0m[2m=[0m"accepted" [3mrequest_kind[0m[2m=[0m"附件内容读取" [3mattachment_id[0m[2m=[0m"att-7d73ef5bb400" [3msession_id[0m[2m=[0m"s-ed8ae5f1ff1a"
[backend] [2m2026-04-19T01:36:16.4445381+08:00[0m [32m INFO[0m ThreadId(12) [2mkoko::shell::媒体资产外壳[0m[2m:[0m HTTP 请求已受理 [3musecase[0m[2m=[0m"读取附件内容" [3madapter[0m[2m=[0m"http" [3moutcome[0m[2m=[0m"accepted" [3mrequest_kind[0m[2m=[0m"附件内容读取" [3mattachment_id[0m[2m=[0m"att-5c73308e404b" [3msession_id[0m[2m=[0m"s-ed8ae5f1ff1a"
[backend] [2m2026-04-19T01:36:16.4446638+08:00[0m [32m INFO[0m ThreadId(08) [2mkoko::shell::媒体资产外壳[0m[2m:[0m 读取附件内容成功 [3musecase[0m[2m=[0m"读取附件内容" [3madapter[0m[2m=[0m"http" [3moutcome[0m[2m=[0m"succeeded" [3mrequest_kind[0m[2m=[0m"附件内容读取" [3mattachment_id[0m[2m=[0m"att-ea250b02f4f3" [3msession_id[0m[2m=[0m"s-ed8ae5f1ff1a"
[backend] [2m2026-04-19T01:36:16.4449386+08:00[0m [32m INFO[0m ThreadId(11) [2mkoko::shell::媒体资产外壳[0m[2m:[0m HTTP 请求已受理 [3musecase[0m[2m=[0m"读取附件内容" [3madapter[0m[2m=[0m"http" [3moutcome[0m[2m=[0m"accepted" [3mrequest_kind[0m[2m=[0m"附件内容读取" [3mattachment_id[0m[2m=[0m"att-89421b5102e1" [3msession_id[0m[2m=[0m"s-ed8ae5f1ff1a"
[backend] [2m2026-04-19T01:36:16.4467368+08:00[0m [32m INFO[0m ThreadId(11) [2mkoko::shell::媒体资产外壳[0m[2m:[0m HTTP 请求已受理 [3musecase[0m[2m=[0m"读取附件内容" [3madapter[0m[2m=[0m"http" [3moutcome[0m[2m=[0m"accepted" [3mrequest_kind[0m[2m=[0m"附件内容读取" [3mattachment_id[0m[2m=[0m"att-879751db2737" [3msession_id[0m[2m=[0m"s-ed8ae5f1ff1a"
[backend] [2m2026-04-19T01:36:16.4545453+08:00[0m [32m INFO[0m ThreadId(05) [2mkoko::shell::媒体资产外壳[0m[2m:[0m 读取附件内容成功 [3musecase[0m[2m=[0m"读取附件内容" [3madapter[0m[2m=[0m"http" [3moutcome[0m[2m=[0m"succeeded" [3mrequest_kind[0m[2m=[0m"附件内容读取" [3mattachment_id[0m[2m=[0m"att-89421b5102e1" [3msession_id[0m[2m=[0m"s-ed8ae5f1ff1a"
[backend] [2m2026-04-19T01:36:16.4547259+08:00[0m [32m INFO[0m ThreadId(08) [2mkoko::shell::媒体资产外壳[0m[2m:[0m 读取附件内容成功 [3musecase[0m[2m=[0m"读取附件内容" [3madapter[0m[2m=[0m"http" [3moutcome[0m[2m=[0m"succeeded" [3mrequest_kind[0m[2m=[0m"附件内容读取" [3mattachment_id[0m[2m=[0m"att-7d73ef5bb400" [3msession_id[0m[2m=[0m"s-ed8ae5f1ff1a"
[backend] [2m2026-04-19T01:36:16.4552829+08:00[0m [32m INFO[0m ThreadId(07) [2mkoko::shell::媒体资产外壳[0m[2m:[0m 读取附件内容成功 [3musecase[0m[2m=[0m"读取附件内容" [3madapter[0m[2m=[0m"http" [3moutcome[0m[2m=[0m"succeeded" [3mrequest_kind[0m[2m=[0m"附件内容读取" [3mattachment_id[0m[2m=[0m"att-5c73308e404b" [3msession_id[0m[2m=[0m"s-ed8ae5f1ff1a"
[backend] [2m2026-04-19T01:36:16.4614707+08:00[0m [32m INFO[0m ThreadId(07) [2mkoko::shell::媒体资产外壳[0m[2m:[0m 读取附件内容成功 [3musecase[0m[2m=[0m"读取附件内容" [3madapter[0m[2m=[0m"http" [3moutcome[0m[2m=[0m"succeeded" [3mrequest_kind[0m[2m=[0m"附件内容读取" [3mattachment_id[0m[2m=[0m"att-879751db2737" [3msession_id[0m[2m=[0m"s-ed8ae5f1ff1a"
[backend] [2m2026-04-19T01:36:16.4778596+08:00[0m [32m INFO[0m ThreadId(10) [2mkoko::shell::媒体资产外壳[0m[2m:[0m HTTP 请求已受理 [3musecase[0m[2m=[0m"读取附件内容" [3madapter[0m[2m=[0m"http" [3moutcome[0m[2m=[0m"accepted" [3mrequest_kind[0m[2m=[0m"附件内容读取" [3mattachment_id[0m[2m=[0m"att-56d8fca2bd57" [3msession_id[0m[2m=[0m"s-ed8ae5f1ff1a"
[backend] [2m2026-04-19T01:36:16.4791754+08:00[0m [32m INFO[0m ThreadId(10) [2mkoko::shell::媒体资产外壳[0m[2m:[0m HTTP 请求已受理 [3musecase[0m[2m=[0m"读取附件内容" [3madapter[0m[2m=[0m"http" [3moutcome[0m[2m=[0m"accepted" [3mrequest_kind[0m[2m=[0m"附件内容读取" [3mattachment_id[0m[2m=[0m"att-8aedf734e191" [3msession_id[0m[2m=[0m"s-ed8ae5f1ff1a"
[backend] [2m2026-04-19T01:36:16.4871204+08:00[0m [32m INFO[0m ThreadId(10) [2mkoko::shell::媒体资产外壳[0m[2m:[0m 读取附件内容成功 [3musecase[0m[2m=[0m"读取附件内容" [3madapter[0m[2m=[0m"http" [3moutcome[0m[2m=[0m"succeeded" [3mrequest_kind[0m[2m=[0m"附件内容读取" [3mattachment_id[0m[2m=[0m"att-8aedf734e191" [3msession_id[0m[2m=[0m"s-ed8ae5f1ff1a"
[backend] [2m2026-04-19T01:36:16.4871558+08:00[0m [32m INFO[0m ThreadId(08) [2mkoko::shell::媒体资产外壳[0m[2m:[0m 读取附件内容成功 [3musecase[0m[2m=[0m"读取附件内容" [3madapter[0m[2m=[0m"http" [3moutcome[0m[2m=[0m"succeeded" [3mrequest_kind[0m[2m=[0m"附件内容读取" [3mattachment_id[0m[2m=[0m"att-56d8fca2bd57" [3msession_id[0m[2m=[0m"s-ed8ae5f1ff1a"
[backend] [2m2026-04-19T01:36:16.4894071+08:00[0m [32m INFO[0m ThreadId(12) [2mkoko::shell::媒体资产外壳[0m[2m:[0m HTTP 请求已受理 [3musecase[0m[2m=[0m"读取附件内容" [3madapter[0m[2m=[0m"http" [3moutcome[0m[2m=[0m"accepted" [3mrequest_kind[0m[2m=[0m"附件内容读取" [3mattachment_id[0m[2m=[0m"att-4b3bc2558118" [3msession_id[0m[2m=[0m"s-ed8ae5f1ff1a"
[backend] [2m2026-04-19T01:36:16.4907784+08:00[0m [32m INFO[0m ThreadId(10) [2mkoko::shell::媒体资产外壳[0m[2m:[0m HTTP 请求已受理 [3musecase[0m[2m=[0m"读取附件内容" [3madapter[0m[2m=[0m"http" [3moutcome[0m[2m=[0m"accepted" [3mrequest_kind[0m[2m=[0m"附件内容读取" [3mattachment_id[0m[2m=[0m"att-69182d17260b" [3msession_id[0m[2m=[0m"s-ed8ae5f1ff1a"
[backend] [2m2026-04-19T01:36:16.4951735+08:00[0m [32m INFO[0m ThreadId(10) [2mkoko::shell::媒体资产外壳[0m[2m:[0m HTTP 请求已受理 [3musecase[0m[2m=[0m"读取附件内容" [3madapter[0m[2m=[0m"http" [3moutcome[0m[2m=[0m"accepted" [3mrequest_kind[0m[2m=[0m"附件内容读取" [3mattachment_id[0m[2m=[0m"att-d1739ba9773f" [3msession_id[0m[2m=[0m"s-ed8ae5f1ff1a"
[backend] [2m2026-04-19T01:36:16.4988881+08:00[0m [32m INFO[0m ThreadId(11) [2mkoko::shell::媒体资产外壳[0m[2m:[0m 读取附件内容成功 [3musecase[0m[2m=[0m"读取附件内容" [3madapter[0m[2m=[0m"http" [3moutcome[0m[2m=[0m"succeeded" [3mrequest_kind[0m[2m=[0m"附件内容读取" [3mattachment_id[0m[2m=[0m"att-69182d17260b" [3msession_id[0m[2m=[0m"s-ed8ae5f1ff1a"
[backend] [2m2026-04-19T01:36:16.4990424+08:00[0m [32m INFO[0m ThreadId(12) [2mkoko::shell::媒体资产外壳[0m[2m:[0m 读取附件内容成功 [3musecase[0m[2m=[0m"读取附件内容" [3madapter[0m[2m=[0m"http" [3moutcome[0m[2m=[0m"succeeded" [3mrequest_kind[0m[2m=[0m"附件内容读取" [3mattachment_id[0m[2m=[0m"att-4b3bc2558118" [3msession_id[0m[2m=[0m"s-ed8ae5f1ff1a"
[backend] [2m2026-04-19T01:36:16.5032568+08:00[0m [32m INFO[0m ThreadId(12) [2mkoko::shell::媒体资产外壳[0m[2m:[0m 读取附件内容成功 [3musecase[0m[2m=[0m"读取附件内容" [3madapter[0m[2m=[0m"http" [3moutcome[0m[2m=[0m"succeeded" [3mrequest_kind[0m[2m=[0m"附件内容读取" [3mattachment_id[0m[2m=[0m"att-d1739ba9773f" [3msession_id[0m[2m=[0m"s-ed8ae5f1ff1a"
[backend] [2m2026-04-19T01:36:23.110552+08:00[0m [32m INFO[0m ThreadId(05) [2mkoko::shell::媒体上传外壳[0m[2m:[0m 媒体上传占位已创建 [3musecase[0m[2m=[0m"准备媒体上传" [3madapter[0m[2m=[0m"http" [3moutcome[0m[2m=[0m"succeeded" [3mrequest_kind[0m[2m=[0m"媒体上传 prepare" [3msession_id[0m[2m=[0m"s-ed8ae5f1ff1a" [3mattachment_id[0m[2m=[0m"att-6727d0dfb7aa" [3mupload_session_id[0m[2m=[0m"upl-7cf24665599a4e338dbf40ae7e8bfbdb" [3mattachment_kind[0m[2m=[0m"video" [3mfile_name[0m[2m=[0m"VID_20230816_103957_431.mp4" [3mbyte_size[0m[2m=[0m921021
[backend] [2m2026-04-19T01:36:23.1908188+08:00[0m [32m INFO[0m ThreadId(05) [2mkoko::shell::tus_hook外壳[0m[2m:[0m Tus post-finish 已登记上传回执 [3madapter[0m[2m=[0m"tus_hook" [3mhook[0m[2m=[0m"post-finish" [3mattachment_id[0m[2m=[0m"att-6727d0dfb7aa" [3mupload_session_id[0m[2m=[0m"upl-7cf24665599a4e338dbf40ae7e8bfbdb" [3mupload_id[0m[2m=[0m"7cc8ad4f51542d17207f9df05de00104" [3mrequest_id[0m[2m=[0m"daa670eb-02a2-4ca9-996b-e673357e83b7" [3mtransport_role[0m[2m=[0m"single" [3mstorage_locator[0m[2m=[0m"E:\\koko\\data\\tus\\7cc8ad4f51542d17207f9df05de00104"
[backend] [2m2026-04-19T01:36:23.1927922+08:00[0m [32m INFO[0m ThreadId(10) [2mkoko::shell::媒体上传外壳[0m[2m:[0m 媒体上传 complete 重活开始 [3musecase[0m[2m=[0m"完成媒体上传" [3mphase[0m[2m=[0m"complete_heavy_work_enter" [3mattachment_id[0m[2m=[0m"att-6727d0dfb7aa" [3mkind[0m[2m=[0m"video" [3mbyte_size[0m[2m=[0m921021 [3mmedia_complete_max_concurrency[0m[2m=[0m4
[backend] [2m2026-04-19T01:36:23.1963683+08:00[0m [32m INFO[0m ThreadId(10) [2mkoko::shell::媒体上传外壳[0m[2m:[0m 媒体上传 complete 阶段耗时 [3musecase[0m[2m=[0m"完成媒体上传" [3mphase[0m[2m=[0m"complete_heavy_work_stage" [3mattachment_id[0m[2m=[0m"att-6727d0dfb7aa" [3mkind[0m[2m=[0m"video" [3mbyte_size[0m[2m=[0m921021 [3mstage[0m[2m=[0m"parse_video" [3mduration_ms[0m[2m=[0m2
[tusd] 2026/04/19 01:36:23.150508 level=INFO event=RequestIncoming method=POST path="" requestId=daa670eb-02a2-4ca9-996b-e673357e83b7
[tusd] 2026/04/19 01:36:23.151544 level=DEBUG event=HookInvocationStart type=pre-create id=""
[tusd] 2026/04/19 01:36:23.158538 level=DEBUG event=HookInvocationFinish type=pre-create id=""
[tusd] 2026/04/19 01:36:23.161473 level=INFO event=UploadCreated method=POST path="" requestId=daa670eb-02a2-4ca9-996b-e673357e83b7 id=7cc8ad4f51542d17207f9df05de00104 size=921021 url=http://127.0.0.1:1081/files/7cc8ad4f51542d17207f9df05de00104
[tusd] 2026/04/19 01:36:23.163702 level=INFO event=ChunkWriteStart method=POST path="" requestId=daa670eb-02a2-4ca9-996b-e673357e83b7 id=7cc8ad4f51542d17207f9df05de00104 maxSize=921021 offset=0
[tusd] 2026/04/19 01:36:23.173005 level=INFO event=ChunkWriteComplete method=POST path="" requestId=daa670eb-02a2-4ca9-996b-e673357e83b7 id=7cc8ad4f51542d17207f9df05de00104 bytesWritten=921021
[tusd] 2026/04/19 01:36:23.173005 level=INFO event=UploadFinished method=POST path="" requestId=daa670eb-02a2-4ca9-996b-e673357e83b7 id=7cc8ad4f51542d17207f9df05de00104 size=921021
[tusd] 2026/04/19 01:36:23.173552 level=INFO event=ResponseOutgoing method=POST path="" requestId=daa670eb-02a2-4ca9-996b-e673357e83b7 id=7cc8ad4f51542d17207f9df05de00104 status=201 body=""
[tusd] 2026/04/19 01:36:23.173552 level=DEBUG event=HookInvocationStart type=post-finish id=7cc8ad4f51542d17207f9df05de00104
[tusd] 2026/04/19 01:36:23.191310 level=DEBUG event=HookInvocationFinish type=post-finish id=7cc8ad4f51542d17207f9df05de00104
[backend] [2m2026-04-19T01:36:23.8623426+08:00[0m [32m INFO[0m ThreadId(11) [2mkoko::shell::媒体上传外壳[0m[2m:[0m 媒体上传 complete 阶段耗时 [3musecase[0m[2m=[0m"完成媒体上传" [3mphase[0m[2m=[0m"complete_heavy_work_stage" [3mattachment_id[0m[2m=[0m"att-6727d0dfb7aa" [3mkind[0m[2m=[0m"video" [3mbyte_size[0m[2m=[0m921021 [3mstage[0m[2m=[0m"package_streaming_assets" [3mduration_ms[0m[2m=[0m665
[backend] [2m2026-04-19T01:36:23.907298+08:00[0m [32m INFO[0m ThreadId(11) [2mkoko::shell::媒体上传外壳[0m[2m:[0m 媒体上传 complete 阶段耗时 [3musecase[0m[2m=[0m"完成媒体上传" [3mphase[0m[2m=[0m"complete_heavy_work_stage" [3mattachment_id[0m[2m=[0m"att-6727d0dfb7aa" [3mkind[0m[2m=[0m"video" [3mbyte_size[0m[2m=[0m921021 [3mstage[0m[2m=[0m"build_distribution_request" [3mduration_ms[0m[2m=[0m42
[backend] [2m2026-04-19T01:36:23.9649486+08:00[0m [32m INFO[0m ThreadId(11) [2mkoko::shell::媒体上传外壳[0m[2m:[0m 媒体上传 complete 阶段耗时 [3musecase[0m[2m=[0m"完成媒体上传" [3mphase[0m[2m=[0m"complete_heavy_work_stage" [3mattachment_id[0m[2m=[0m"att-6727d0dfb7aa" [3mkind[0m[2m=[0m"video" [3mbyte_size[0m[2m=[0m921021 [3mstage[0m[2m=[0m"generate_torrent" [3mduration_ms[0m[2m=[0m56
[backend] [2m2026-04-19T01:36:23.9848523+08:00[0m [32m INFO[0m ThreadId(10) [2mkoko::shell::媒体上传外壳[0m[2m:[0m 媒体上传 complete 阶段耗时 [3musecase[0m[2m=[0m"完成媒体上传" [3mphase[0m[2m=[0m"complete_heavy_work_stage" [3mattachment_id[0m[2m=[0m"att-6727d0dfb7aa" [3mkind[0m[2m=[0m"video" [3mbyte_size[0m[2m=[0m921021 [3mstage[0m[2m=[0m"upload_streaming_assets" [3mduration_ms[0m[2m=[0m19
[backend] [2m2026-04-19T01:36:23.9967989+08:00[0m [32m INFO[0m ThreadId(12) [2mkoko::shell::媒体上传外壳[0m[2m:[0m 媒体上传 complete 阶段耗时 [3musecase[0m[2m=[0m"完成媒体上传" [3mphase[0m[2m=[0m"complete_heavy_work_stage" [3mattachment_id[0m[2m=[0m"att-6727d0dfb7aa" [3mkind[0m[2m=[0m"video" [3mbyte_size[0m[2m=[0m921021 [3mstage[0m[2m=[0m"write_authoritative_snapshot" [3mduration_ms[0m[2m=[0m11
[backend] [2m2026-04-19T01:36:23.9990171+08:00[0m [32m INFO[0m ThreadId(12) [2mkoko::shell::媒体上传外壳[0m[2m:[0m 媒体上传 complete 阶段耗时 [3musecase[0m[2m=[0m"完成媒体上传" [3mphase[0m[2m=[0m"complete_heavy_work_stage" [3mattachment_id[0m[2m=[0m"att-6727d0dfb7aa" [3mkind[0m[2m=[0m"video" [3mbyte_size[0m[2m=[0m921021 [3mstage[0m[2m=[0m"delete_upload_temp_file" [3mduration_ms[0m[2m=[0m1
[backend] [2m2026-04-19T01:36:24.0025189+08:00[0m [32m INFO[0m ThreadId(08) [2mkoko::shell::媒体上传外壳[0m[2m:[0m 媒体上传 complete 阶段耗时 [3musecase[0m[2m=[0m"完成媒体上传" [3mphase[0m[2m=[0m"complete_heavy_work_stage" [3mattachment_id[0m[2m=[0m"att-6727d0dfb7aa" [3mkind[0m[2m=[0m"video" [3mbyte_size[0m[2m=[0m921021 [3mstage[0m[2m=[0m"retire_original_upload_source" [3mduration_ms[0m[2m=[0m2
[backend] [2m2026-04-19T01:36:24.0041425+08:00[0m [32m INFO[0m ThreadId(08) [2mkoko::shell::媒体上传外壳[0m[2m:[0m 媒体上传 complete 重活完成 [3musecase[0m[2m=[0m"完成媒体上传" [3mphase[0m[2m=[0m"complete_heavy_work_exit" [3mattachment_id[0m[2m=[0m"att-6727d0dfb7aa" [3mkind[0m[2m=[0m"video" [3mbyte_size[0m[2m=[0m921021 [3mduration_ms[0m[2m=[0m811
[backend] [2m2026-04-19T01:36:24.2329241+08:00[0m [32m INFO[0m ThreadId(11) [2mkoko::shell::媒体资产外壳[0m[2m:[0m HTTP 请求已受理 [3musecase[0m[2m=[0m"读取附件内容" [3madapter[0m[2m=[0m"http" [3moutcome[0m[2m=[0m"accepted" [3mrequest_kind[0m[2m=[0m"附件内容读取" [3mattachment_id[0m[2m=[0m"att-69182d17260b" [3msession_id[0m[2m=[0m"s-ed8ae5f1ff1a"
[backend] [2m2026-04-19T01:36:25.3127103+08:00[0m [32m INFO[0m ThreadId(08) [2mkoko::shell::媒体资产外壳[0m[2m:[0m 读取附件内容成功 [3musecase[0m[2m=[0m"读取附件内容" [3madapter[0m[2m=[0m"http" [3moutcome[0m[2m=[0m"succeeded" [3mrequest_kind[0m[2m=[0m"附件内容读取" [3mattachment_id[0m[2m=[0m"att-69182d17260b" [3msession_id[0m[2m=[0m"s-ed8ae5f1ff1a"
[backend] [2m2026-04-19T01:36:25.3910967+08:00[0m [32m INFO[0m ThreadId(11) [2mkoko::shell::媒体资产外壳[0m[2m:[0m HTTP 请求已受理 [3musecase[0m[2m=[0m"读取附件内容" [3madapter[0m[2m=[0m"http" [3moutcome[0m[2m=[0m"accepted" [3mrequest_kind[0m[2m=[0m"附件内容读取" [3mattachment_id[0m[2m=[0m"att-69182d17260b" [3msession_id[0m[2m=[0m"s-ed8ae5f1ff1a"
[backend] [2m2026-04-19T01:36:25.4096665+08:00[0m [32m INFO[0m ThreadId(08) [2mkoko::shell::媒体资产外壳[0m[2m:[0m 读取附件内容成功 [3musecase[0m[2m=[0m"读取附件内容" [3madapter[0m[2m=[0m"http" [3moutcome[0m[2m=[0m"succeeded" [3mrequest_kind[0m[2m=[0m"附件内容读取" [3mattachment_id[0m[2m=[0m"att-69182d17260b" [3msession_id[0m[2m=[0m"s-ed8ae5f1ff1a"
[backend] [2m2026-04-19T01:36:25.4375484+08:00[0m [32m INFO[0m ThreadId(12) [2mkoko::shell::媒体资产外壳[0m[2m:[0m HTTP 请求已受理 [3musecase[0m[2m=[0m"读取附件内容" [3madapter[0m[2m=[0m"http" [3moutcome[0m[2m=[0m"accepted" [3mrequest_kind[0m[2m=[0m"附件内容读取" [3mattachment_id[0m[2m=[0m"att-69182d17260b" [3msession_id[0m[2m=[0m"s-ed8ae5f1ff1a"
[backend] [2m2026-04-19T01:36:26.2443558+08:00[0m [32m INFO[0m ThreadId(11) [2mkoko::shell::媒体资产外壳[0m[2m:[0m 读取附件内容成功 [3musecase[0m[2m=[0m"读取附件内容" [3madapter[0m[2m=[0m"http" [3moutcome[0m[2m=[0m"succeeded" [3mrequest_kind[0m[2m=[0m"附件内容读取" [3mattachment_id[0m[2m=[0m"att-69182d17260b" [3msession_id[0m[2m=[0m"s-ed8ae5f1ff1a"
[backend] [2m2026-04-19T01:36:30.1341318+08:00[0m [32m INFO[0m ThreadId(11) [2mkoko::shell::实时外壳[0m[2m:[0m realtime 创建消息请求已受理 [3musecase[0m[2m=[0m"创建消息" [3madapter[0m[2m=[0m"socketioxide" [3moutcome[0m[2m=[0m"accepted" [3mroom_id[0m[2m=[0m"r-3cdfd560046a" [3msession_id[0m[2m=[0m"s-ed8ae5f1ff1a" [3mclient_message_id[0m[2m=[0m"33c46a4c-0c87-409a-a693-5a4d685f30b7"
[backend] [2m2026-04-19T01:36:30.1500775+08:00[0m [32m INFO[0m ThreadId(12) [2mkoko::shell::实时外壳[0m[2m:[0m 创建消息成功 [3musecase[0m[2m=[0m"创建消息" [3madapter[0m[2m=[0m"socketioxide" [3moutcome[0m[2m=[0m"succeeded" [3mroom_id[0m[2m=[0m"r-3cdfd560046a" [3msession_id[0m[2m=[0m"s-ed8ae5f1ff1a" [3mclient_message_id[0m[2m=[0m"33c46a4c-0c87-409a-a693-5a4d685f30b7" [3mevent_position[0m[2m=[0m17
[backend] [2m2026-04-19T01:36:30.1659053+08:00[0m [32m INFO[0m ThreadId(11) [2mkoko::shell::媒体资产外壳[0m[2m:[0m HTTP 请求已受理 [3musecase[0m[2m=[0m"读取附件内容" [3madapter[0m[2m=[0m"http" [3moutcome[0m[2m=[0m"accepted" [3mrequest_kind[0m[2m=[0m"附件内容读取" [3mattachment_id[0m[2m=[0m"att-6727d0dfb7aa" [3msession_id[0m[2m=[0m"s-ed8ae5f1ff1a"
[backend] [2m2026-04-19T01:36:30.1787673+08:00[0m [32m INFO[0m ThreadId(12) [2mkoko::shell::媒体资产外壳[0m[2m:[0m 读取附件内容成功 [3musecase[0m[2m=[0m"读取附件内容" [3madapter[0m[2m=[0m"http" [3moutcome[0m[2m=[0m"succeeded" [3mrequest_kind[0m[2m=[0m"附件内容读取" [3mattachment_id[0m[2m=[0m"att-6727d0dfb7aa" [3msession_id[0m[2m=[0m"s-ed8ae5f1ff1a"
[backend] [2m2026-04-19T01:36:30.1831926+08:00[0m [32m INFO[0m ThreadId(11) [2mkoko::shell::媒体资产外壳[0m[2m:[0m HTTP 请求已受理 [3musecase[0m[2m=[0m"读取附件内容" [3madapter[0m[2m=[0m"http" [3moutcome[0m[2m=[0m"accepted" [3mrequest_kind[0m[2m=[0m"附件内容读取" [3mattachment_id[0m[2m=[0m"att-6727d0dfb7aa" [3msession_id[0m[2m=[0m"s-ed8ae5f1ff1a"
[backend] [2m2026-04-19T01:36:30.1985868+08:00[0m [32m INFO[0m ThreadId(11) [2mkoko::shell::媒体资产外壳[0m[2m:[0m 读取附件内容成功 [3musecase[0m[2m=[0m"读取附件内容" [3madapter[0m[2m=[0m"http" [3moutcome[0m[2m=[0m"succeeded" [3mrequest_kind[0m[2m=[0m"附件内容读取" [3mattachment_id[0m[2m=[0m"att-6727d0dfb7aa" [3msession_id[0m[2m=[0m"s-ed8ae5f1ff1a"
[backend] [2m2026-04-19T01:36:30.2024039+08:00[0m [32m INFO[0m ThreadId(07) [2mkoko::shell::媒体资产外壳[0m[2m:[0m HTTP 请求已受理 [3musecase[0m[2m=[0m"读取附件内容" [3madapter[0m[2m=[0m"http" [3moutcome[0m[2m=[0m"accepted" [3mrequest_kind[0m[2m=[0m"附件内容读取" [3mattachment_id[0m[2m=[0m"att-6727d0dfb7aa" [3msession_id[0m[2m=[0m"s-ed8ae5f1ff1a"
[backend] [2m2026-04-19T01:36:30.2136848+08:00[0m [32m INFO[0m ThreadId(11) [2mkoko::shell::媒体资产外壳[0m[2m:[0m 读取附件内容成功 [3musecase[0m[2m=[0m"读取附件内容" [3madapter[0m[2m=[0m"http" [3moutcome[0m[2m=[0m"succeeded" [3mrequest_kind[0m[2m=[0m"附件内容读取" [3mattachment_id[0m[2m=[0m"att-6727d0dfb7aa" [3msession_id[0m[2m=[0m"s-ed8ae5f1ff1a"
[backend] [2m2026-04-19T01:36:30.3977726+08:00[0m [32m INFO[0m ThreadId(07) [2mkoko::shell::媒体资产外壳[0m[2m:[0m HTTP 请求已受理 [3musecase[0m[2m=[0m"读取附件内容" [3madapter[0m[2m=[0m"http" [3moutcome[0m[2m=[0m"accepted" [3mrequest_kind[0m[2m=[0m"附件内容读取" [3mattachment_id[0m[2m=[0m"att-6727d0dfb7aa" [3msession_id[0m[2m=[0m"s-ed8ae5f1ff1a"
[backend] [2m2026-04-19T01:36:30.4125176+08:00[0m [32m INFO[0m ThreadId(11) [2mkoko::shell::媒体资产外壳[0m[2m:[0m 读取附件内容成功 [3musecase[0m[2m=[0m"读取附件内容" [3madapter[0m[2m=[0m"http" [3moutcome[0m[2m=[0m"succeeded" [3mrequest_kind[0m[2m=[0m"附件内容读取" [3mattachment_id[0m[2m=[0m"att-6727d0dfb7aa" [3msession_id[0m[2m=[0m"s-ed8ae5f1ff1a"
[backend] [2m2026-04-19T01:36:30.4184025+08:00[0m [32m INFO[0m ThreadId(07) [2mkoko::shell::媒体资产外壳[0m[2m:[0m HTTP 请求已受理 [3musecase[0m[2m=[0m"读取附件内容" [3madapter[0m[2m=[0m"http" [3moutcome[0m[2m=[0m"accepted" [3mrequest_kind[0m[2m=[0m"附件内容读取" [3mattachment_id[0m[2m=[0m"att-6727d0dfb7aa" [3msession_id[0m[2m=[0m"s-ed8ae5f1ff1a"
[backend] [2m2026-04-19T01:36:30.4323291+08:00[0m [32m INFO[0m ThreadId(10) [2mkoko::shell::媒体资产外壳[0m[2m:[0m 读取附件内容成功 [3musecase[0m[2m=[0m"读取附件内容" [3madapter[0m[2m=[0m"http" [3moutcome[0m[2m=[0m"succeeded" [3mrequest_kind[0m[2m=[0m"附件内容读取" [3mattachment_id[0m[2m=[0m"att-6727d0dfb7aa" [3msession_id[0m[2m=[0m"s-ed8ae5f1ff1a"
[backend] [2m2026-04-19T01:36:30.4434153+08:00[0m [32m INFO[0m ThreadId(11) [2mkoko::shell::媒体资产外壳[0m[2m:[0m HTTP 请求已受理 [3musecase[0m[2m=[0m"读取附件内容" [3madapter[0m[2m=[0m"http" [3moutcome[0m[2m=[0m"accepted" [3mrequest_kind[0m[2m=[0m"附件内容读取" [3mattachment_id[0m[2m=[0m"att-6727d0dfb7aa" [3msession_id[0m[2m=[0m"s-ed8ae5f1ff1a"
[backend] [2m2026-04-19T01:36:30.4511249+08:00[0m [32m INFO[0m ThreadId(07) [2mkoko::shell::媒体资产外壳[0m[2m:[0m 读取附件内容成功 [3musecase[0m[2m=[0m"读取附件内容" [3madapter[0m[2m=[0m"http" [3moutcome[0m[2m=[0m"succeeded" [3mrequest_kind[0m[2m=[0m"附件内容读取" [3mattachment_id[0m[2m=[0m"att-6727d0dfb7aa" [3msession_id[0m[2m=[0m"s-ed8ae5f1ff1a"
[backend] [2m2026-04-19T01:36:30.4947655+08:00[0m [32m INFO[0m ThreadId(10) [2mkoko::shell::媒体资产外壳[0m[2m:[0m HTTP 请求已受理 [3musecase[0m[2m=[0m"读取附件内容" [3madapter[0m[2m=[0m"http" [3moutcome[0m[2m=[0m"accepted" [3mrequest_kind[0m[2m=[0m"附件内容读取" [3mattachment_id[0m[2m=[0m"att-6727d0dfb7aa" [3msession_id[0m[2m=[0m"s-ed8ae5f1ff1a"
[backend] [2m2026-04-19T01:36:30.5063112+08:00[0m [32m INFO[0m ThreadId(11) [2mkoko::shell::媒体资产外壳[0m[2m:[0m 读取附件内容成功 [3musecase[0m[2m=[0m"读取附件内容" [3madapter[0m[2m=[0m"http" [3moutcome[0m[2m=[0m"succeeded" [3mrequest_kind[0m[2m=[0m"附件内容读取" [3mattachment_id[0m[2m=[0m"att-6727d0dfb7aa" [3msession_id[0m[2m=[0m"s-ed8ae5f1ff1a"
[backend] [2m2026-04-19T01:36:30.5719822+08:00[0m [32m INFO[0m ThreadId(07) [2mkoko::shell::房间外壳[0m[2m:[0m HTTP 请求已受理 [3musecase[0m[2m=[0m"推进房间阅读位置" [3madapter[0m[2m=[0m"http" [3moutcome[0m[2m=[0m"accepted" [3mrequest_kind[0m[2m=[0m"房间阅读位置推进" [3mroom_id[0m[2m=[0m"r-3cdfd560046a" [3msession_id[0m[2m=[0m"s-ed8ae5f1ff1a" [3mevent_position[0m[2m=[0m17
[backend] [2m2026-04-19T01:36:30.5740891+08:00[0m [32m INFO[0m ThreadId(11) [2mkoko::shell::房间外壳[0m[2m:[0m HTTP 请求已受理 [3musecase[0m[2m=[0m"推进房间阅读位置" [3madapter[0m[2m=[0m"http" [3moutcome[0m[2m=[0m"accepted" [3mrequest_kind[0m[2m=[0m"房间阅读位置推进" [3mroom_id[0m[2m=[0m"r-3cdfd560046a" [3msession_id[0m[2m=[0m"s-ed8ae5f1ff1a" [3mevent_position[0m[2m=[0m17
[backend] [2m2026-04-19T01:36:30.5793033+08:00[0m [32m INFO[0m ThreadId(11) [2mkoko::shell::房间外壳[0m[2m:[0m 推进房间阅读位置成功 [3musecase[0m[2m=[0m"推进房间阅读位置" [3madapter[0m[2m=[0m"http" [3moutcome[0m[2m=[0m"succeeded" [3mrequest_kind[0m[2m=[0m"房间阅读位置推进" [3mroom_id[0m[2m=[0m"r-3cdfd560046a" [3msession_id[0m[2m=[0m"s-ed8ae5f1ff1a" [3mevent_position[0m[2m=[0m17
[backend] [2m2026-04-19T01:36:30.5796273+08:00[0m [32m INFO[0m ThreadId(10) [2mkoko::shell::房间外壳[0m[2m:[0m 推进房间阅读位置成功 [3musecase[0m[2m=[0m"推进房间阅读位置" [3madapter[0m[2m=[0m"http" [3moutcome[0m[2m=[0m"succeeded" [3mrequest_kind[0m[2m=[0m"房间阅读位置推进" [3mroom_id[0m[2m=[0m"r-3cdfd560046a" [3msession_id[0m[2m=[0m"s-ed8ae5f1ff1a" [3mevent_position[0m[2m=[0m17
[backend] [2m2026-04-19T01:36:30.5895209+08:00[0m [32m INFO[0m ThreadId(12) [2mkoko::shell::房间外壳[0m[2m:[0m HTTP 请求已受理 [3musecase[0m[2m=[0m"推进房间阅读位置" [3madapter[0m[2m=[0m"http" [3moutcome[0m[2m=[0m"accepted" [3mrequest_kind[0m[2m=[0m"房间阅读位置推进" [3mroom_id[0m[2m=[0m"r-3cdfd560046a" [3msession_id[0m[2m=[0m"s-ed8ae5f1ff1a" [3mevent_position[0m[2m=[0m17
[backend] [2m2026-04-19T01:36:30.5906336+08:00[0m [32m INFO[0m ThreadId(12) [2mkoko::shell::房间外壳[0m[2m:[0m HTTP 请求已受理 [3musecase[0m[2m=[0m"推进房间阅读位置" [3madapter[0m[2m=[0m"http" [3moutcome[0m[2m=[0m"accepted" [3mrequest_kind[0m[2m=[0m"房间阅读位置推进" [3mroom_id[0m[2m=[0m"r-3cdfd560046a" [3msession_id[0m[2m=[0m"s-ed8ae5f1ff1a" [3mevent_position[0m[2m=[0m17
[backend] [2m2026-04-19T01:36:30.5979739+08:00[0m [32m INFO[0m ThreadId(12) [2mkoko::shell::房间外壳[0m[2m:[0m 推进房间阅读位置成功 [3musecase[0m[2m=[0m"推进房间阅读位置" [3madapter[0m[2m=[0m"http" [3moutcome[0m[2m=[0m"succeeded" [3mrequest_kind[0m[2m=[0m"房间阅读位置推进" [3mroom_id[0m[2m=[0m"r-3cdfd560046a" [3msession_id[0m[2m=[0m"s-ed8ae5f1ff1a" [3mevent_position[0m[2m=[0m17
[backend] [2m2026-04-19T01:36:30.5984385+08:00[0m [32m INFO[0m ThreadId(11) [2mkoko::shell::房间外壳[0m[2m:[0m 推进房间阅读位置成功 [3musecase[0m[2m=[0m"推进房间阅读位置" [3madapter[0m[2m=[0m"http" [3moutcome[0m[2m=[0m"succeeded" [3mrequest_kind[0m[2m=[0m"房间阅读位置推进" [3mroom_id[0m[2m=[0m"r-3cdfd560046a" [3msession_id[0m[2m=[0m"s-ed8ae5f1ff1a" [3mevent_position[0m[2m=[0m17
[backend] [2m2026-04-19T01:36:31.0739581+08:00[0m [32m INFO[0m ThreadId(07) [2mkoko::shell::媒体资产外壳[0m[2m:[0m HTTP 请求已受理 [3musecase[0m[2m=[0m"读取附件内容" [3madapter[0m[2m=[0m"http" [3moutcome[0m[2m=[0m"accepted" [3mrequest_kind[0m[2m=[0m"附件内容读取" [3mattachment_id[0m[2m=[0m"att-6727d0dfb7aa" [3msession_id[0m[2m=[0m"s-ed8ae5f1ff1a"
[backend] [2m2026-04-19T01:36:31.0815937+08:00[0m [32m INFO[0m ThreadId(07) [2mkoko::shell::媒体资产外壳[0m[2m:[0m 读取附件内容成功 [3musecase[0m[2m=[0m"读取附件内容" [3madapter[0m[2m=[0m"http" [3moutcome[0m[2m=[0m"succeeded" [3mrequest_kind[0m[2m=[0m"附件内容读取" [3mattachment_id[0m[2m=[0m"att-6727d0dfb7aa" [3msession_id[0m[2m=[0m"s-ed8ae5f1ff1a"
[backend] [2m2026-04-19T01:36:31.2821468+08:00[0m [32m INFO[0m ThreadId(07) [2mkoko::shell::媒体资产外壳[0m[2m:[0m HTTP 请求已受理 [3musecase[0m[2m=[0m"读取附件内容" [3madapter[0m[2m=[0m"http" [3moutcome[0m[2m=[0m"accepted" [3mrequest_kind[0m[2m=[0m"附件内容读取" [3mattachment_id[0m[2m=[0m"att-6727d0dfb7aa" [3msession_id[0m[2m=[0m"s-ed8ae5f1ff1a"
[backend] [2m2026-04-19T01:36:31.2966407+08:00[0m [32m INFO[0m ThreadId(07) [2mkoko::shell::媒体资产外壳[0m[2m:[0m 读取附件内容成功 [3musecase[0m[2m=[0m"读取附件内容" [3madapter[0m[2m=[0m"http" [3moutcome[0m[2m=[0m"succeeded" [3mrequest_kind[0m[2m=[0m"附件内容读取" [3mattachment_id[0m[2m=[0m"att-6727d0dfb7aa" [3msession_id[0m[2m=[0m"s-ed8ae5f1ff1a"
[backend] [2m2026-04-19T01:36:31.3055558+08:00[0m [32m INFO[0m ThreadId(12) [2mkoko::shell::媒体资产外壳[0m[2m:[0m HTTP 请求已受理 [3musecase[0m[2m=[0m"读取附件内容" [3madapter[0m[2m=[0m"http" [3moutcome[0m[2m=[0m"accepted" [3mrequest_kind[0m[2m=[0m"附件内容读取" [3mattachment_id[0m[2m=[0m"att-6727d0dfb7aa" [3msession_id[0m[2m=[0m"s-ed8ae5f1ff1a"
[backend] [2m2026-04-19T01:36:31.3118571+08:00[0m [32m INFO[0m ThreadId(12) [2mkoko::shell::媒体资产外壳[0m[2m:[0m 读取附件内容成功 [3musecase[0m[2m=[0m"读取附件内容" [3madapter[0m[2m=[0m"http" [3moutcome[0m[2m=[0m"succeeded" [3mrequest_kind[0m[2m=[0m"附件内容读取" [3mattachment_id[0m[2m=[0m"att-6727d0dfb7aa" [3msession_id[0m[2m=[0m"s-ed8ae5f1ff1a"
[backend] [2m2026-04-19T01:36:31.340885+08:00[0m [32m INFO[0m ThreadId(10) [2mkoko::shell::媒体资产外壳[0m[2m:[0m HTTP 请求已受理 [3musecase[0m[2m=[0m"读取附件内容" [3madapter[0m[2m=[0m"http" [3moutcome[0m[2m=[0m"accepted" [3mrequest_kind[0m[2m=[0m"附件内容读取" [3mattachment_id[0m[2m=[0m"att-6727d0dfb7aa" [3msession_id[0m[2m=[0m"s-ed8ae5f1ff1a"
[backend] [2m2026-04-19T01:36:31.3572532+08:00[0m [32m INFO[0m ThreadId(12) [2mkoko::shell::媒体资产外壳[0m[2m:[0m 读取附件内容成功 [3musecase[0m[2m=[0m"读取附件内容" [3madapter[0m[2m=[0m"http" [3moutcome[0m[2m=[0m"succeeded" [3mrequest_kind[0m[2m=[0m"附件内容读取" [3mattachment_id[0m[2m=[0m"att-6727d0dfb7aa" [3msession_id[0m[2m=[0m"s-ed8ae5f1ff1a"
[backend] [2m2026-04-19T01:36:31.4396676+08:00[0m [32m INFO[0m ThreadId(07) [2mkoko::shell::房间外壳[0m[2m:[0m HTTP 请求已受理 [3musecase[0m[2m=[0m"推进房间阅读位置" [3madapter[0m[2m=[0m"http" [3moutcome[0m[2m=[0m"accepted" [3mrequest_kind[0m[2m=[0m"房间阅读位置推进" [3mroom_id[0m[2m=[0m"r-3cdfd560046a" [3msession_id[0m[2m=[0m"s-e7c98262c769" [3mevent_position[0m[2m=[0m17
[backend] [2m2026-04-19T01:36:31.4492739+08:00[0m [32m INFO[0m ThreadId(12) [2mkoko::shell::房间外壳[0m[2m:[0m 推进房间阅读位置成功 [3musecase[0m[2m=[0m"推进房间阅读位置" [3madapter[0m[2m=[0m"http" [3moutcome[0m[2m=[0m"succeeded" [3mrequest_kind[0m[2m=[0m"房间阅读位置推进" [3mroom_id[0m[2m=[0m"r-3cdfd560046a" [3msession_id[0m[2m=[0m"s-e7c98262c769" [3mevent_position[0m[2m=[0m17
[typecheck] 01:39:33 - File change detected. Starting incremental compilation...
[typecheck] 01:39:33 - Found 0 errors. Watching for file changes.
[typecheck] 01:44:04 - File change detected. Starting incremental compilation...
[typecheck] 01:44:05 - Found 0 errors. Watching for file changes.
[typecheck] 01:44:10 - File change detected. Starting incremental compilation...
[typecheck] 01:44:11 - Found 0 errors. Watching for file changes.
[typecheck] 01:44:28 - File change detected. Starting incremental compilation...
[typecheck] 01:44:28 - Found 0 errors. Watching for file changes.
[typecheck] 01:44:29 - File change detected. Starting incremental compilation...
[typecheck] 01:44:29 - Found 0 errors. Watching for file changes.
[typecheck] 01:44:30 - File change detected. Starting incremental compilation...
[typecheck] 01:44:30 - Found 0 errors. Watching for file changes.
[typecheck] 01:45:09 - File change detected. Starting incremental compilation...
[build] [koko-build] manifest updated: js=/dist/app-LRVYSF6P.js css=/dist/app-TVFJWQ53.css
[typecheck] 01:45:15 - Found 0 errors. Watching for file changes.
[backend] [2m2026-04-19T01:45:48.5431534+08:00[0m [32m INFO[0m ThreadId(11) [2mkoko::shell::房间外壳[0m[2m:[0m HTTP 请求已受理 [3musecase[0m[2m=[0m"引导匿名身份" [3madapter[0m[2m=[0m"http" [3moutcome[0m[2m=[0m"accepted" [3mrequest_kind[0m[2m=[0m"匿名身份引导"
[backend] [2m2026-04-19T01:45:48.5460652+08:00[0m [32m INFO[0m ThreadId(11) [2mkoko::shell::房间外壳[0m[2m:[0m 引导匿名身份成功 [3musecase[0m[2m=[0m"引导匿名身份" [3madapter[0m[2m=[0m"http" [3moutcome[0m[2m=[0m"succeeded" [3mrequest_kind[0m[2m=[0m"匿名身份引导" [3msession_id[0m[2m=[0m"s-ed8ae5f1ff1a"
[backend] [2m2026-04-19T01:45:48.6476747+08:00[0m [32m INFO[0m ThreadId(08) [2mkoko::shell::房间外壳[0m[2m:[0m HTTP 请求已受理 [3musecase[0m[2m=[0m"加载房间快照" [3madapter[0m[2m=[0m"http" [3moutcome[0m[2m=[0m"accepted" [3mrequest_kind[0m[2m=[0m"房间快照查询" [3mroom_id[0m[2m=[0m"r-3cdfd560046a" [3msession_id[0m[2m=[0m"s-ed8ae5f1ff1a"
[backend] [2m2026-04-19T01:45:48.6689891+08:00[0m [32m INFO[0m ThreadId(07) [2mkoko::shell::房间外壳[0m[2m:[0m 加载房间快照成功 [3musecase[0m[2m=[0m"加载房间快照" [3madapter[0m[2m=[0m"http" [3moutcome[0m[2m=[0m"succeeded" [3mrequest_kind[0m[2m=[0m"房间快照查询" [3mroom_id[0m[2m=[0m"r-3cdfd560046a" [3msession_id[0m[2m=[0m"s-ed8ae5f1ff1a" [3mevent_position[0m[2m=[0m17
[backend] [2m2026-04-19T01:45:48.6866828+08:00[0m [32m INFO[0m ThreadId(08) [2mkoko::shell::实时外壳[0m[2m:[0m realtime 连接认证已受理 [3musecase[0m[2m=[0m"实时连接认证" [3madapter[0m[2m=[0m"socketioxide" [3moutcome[0m[2m=[0m"accepted" [3msession_id[0m[2m=[0m"s-ed8ae5f1ff1a"
[backend] [2m2026-04-19T01:45:48.6882021+08:00[0m [32m INFO[0m ThreadId(12) [2mkoko::shell::实时外壳[0m[2m:[0m realtime 连接认证成功 [3musecase[0m[2m=[0m"实时连接认证" [3madapter[0m[2m=[0m"socketioxide" [3moutcome[0m[2m=[0m"succeeded" [3msession_id[0m[2m=[0m"s-ed8ae5f1ff1a"
[backend] [2m2026-04-19T01:45:48.7716663+08:00[0m [32m INFO[0m ThreadId(07) [2mkoko::shell::媒体资产外壳[0m[2m:[0m HTTP 请求已受理 [3musecase[0m[2m=[0m"读取附件内容" [3madapter[0m[2m=[0m"http" [3moutcome[0m[2m=[0m"accepted" [3mrequest_kind[0m[2m=[0m"附件内容读取" [3mattachment_id[0m[2m=[0m"att-961d957a1877" [3msession_id[0m[2m=[0m"s-ed8ae5f1ff1a"
[backend] [2m2026-04-19T01:45:48.7732648+08:00[0m [32m INFO[0m ThreadId(07) [2mkoko::shell::媒体资产外壳[0m[2m:[0m HTTP 请求已受理 [3musecase[0m[2m=[0m"读取附件内容" [3madapter[0m[2m=[0m"http" [3moutcome[0m[2m=[0m"accepted" [3mrequest_kind[0m[2m=[0m"附件内容读取" [3mattachment_id[0m[2m=[0m"att-8d44cbfede62" [3msession_id[0m[2m=[0m"s-ed8ae5f1ff1a"
[backend] [2m2026-04-19T01:45:48.785216+08:00[0m [32m INFO[0m ThreadId(11) [2mkoko::shell::媒体资产外壳[0m[2m:[0m HTTP 请求已受理 [3musecase[0m[2m=[0m"读取附件内容" [3madapter[0m[2m=[0m"http" [3moutcome[0m[2m=[0m"accepted" [3mrequest_kind[0m[2m=[0m"附件内容读取" [3mattachment_id[0m[2m=[0m"att-681e5b27b0c2" [3msession_id[0m[2m=[0m"s-ed8ae5f1ff1a"
[backend] [2m2026-04-19T01:45:48.7853138+08:00[0m [32m INFO[0m ThreadId(07) [2mkoko::shell::媒体资产外壳[0m[2m:[0m HTTP 请求已受理 [3musecase[0m[2m=[0m"读取附件内容" [3madapter[0m[2m=[0m"http" [3moutcome[0m[2m=[0m"accepted" [3mrequest_kind[0m[2m=[0m"附件内容读取" [3mattachment_id[0m[2m=[0m"att-2d964b96c071" [3msession_id[0m[2m=[0m"s-ed8ae5f1ff1a"
[backend] [2m2026-04-19T01:45:48.7859789+08:00[0m [32m INFO[0m ThreadId(11) [2mkoko::shell::媒体资产外壳[0m[2m:[0m 读取附件内容成功 [3musecase[0m[2m=[0m"读取附件内容" [3madapter[0m[2m=[0m"http" [3moutcome[0m[2m=[0m"succeeded" [3mrequest_kind[0m[2m=[0m"附件内容读取" [3mattachment_id[0m[2m=[0m"att-961d957a1877" [3msession_id[0m[2m=[0m"s-ed8ae5f1ff1a"
[backend] [2m2026-04-19T01:45:48.786101+08:00[0m [32m INFO[0m ThreadId(08) [2mkoko::shell::媒体资产外壳[0m[2m:[0m HTTP 请求已受理 [3musecase[0m[2m=[0m"读取附件内容" [3madapter[0m[2m=[0m"http" [3moutcome[0m[2m=[0m"accepted" [3mrequest_kind[0m[2m=[0m"附件内容读取" [3mattachment_id[0m[2m=[0m"att-ac7a1188a600" [3msession_id[0m[2m=[0m"s-ed8ae5f1ff1a"
[backend] [2m2026-04-19T01:45:48.7875532+08:00[0m [32m INFO[0m ThreadId(07) [2mkoko::shell::实时外壳[0m[2m:[0m realtime 订阅请求已受理 [3musecase[0m[2m=[0m"订阅房间事件流" [3madapter[0m[2m=[0m"socketioxide" [3moutcome[0m[2m=[0m"accepted" [3mroom_id[0m[2m=[0m"r-3cdfd560046a" [3msession_id[0m[2m=[0m"s-ed8ae5f1ff1a" [3mfrom[0m[2m=[0m17
[backend] [2m2026-04-19T01:45:48.7866676+08:00[0m [32m INFO[0m ThreadId(12) [2mkoko::shell::媒体资产外壳[0m[2m:[0m HTTP 请求已受理 [3musecase[0m[2m=[0m"读取附件内容" [3madapter[0m[2m=[0m"http" [3moutcome[0m[2m=[0m"accepted" [3mrequest_kind[0m[2m=[0m"附件内容读取" [3mattachment_id[0m[2m=[0m"att-3a48c8f47757" [3msession_id[0m[2m=[0m"s-ed8ae5f1ff1a"
[backend] [2m2026-04-19T01:45:48.7880793+08:00[0m [32m INFO[0m ThreadId(08) [2mkoko::shell::实时外壳[0m[2m:[0m realtime 订阅请求已受理 [3musecase[0m[2m=[0m"订阅房间事件流" [3madapter[0m[2m=[0m"socketioxide" [3moutcome[0m[2m=[0m"accepted" [3mroom_id[0m[2m=[0m"r-3cdfd560046a" [3msession_id[0m[2m=[0m"s-ed8ae5f1ff1a" [3mfrom[0m[2m=[0m17
[backend] [2m2026-04-19T01:45:48.7979323+08:00[0m [32m INFO[0m ThreadId(08) [2mkoko::shell::实时外壳[0m[2m:[0m 订阅房间事件流成功 [3musecase[0m[2m=[0m"订阅房间事件流" [3madapter[0m[2m=[0m"socketioxide" [3moutcome[0m[2m=[0m"succeeded" [3mroom_id[0m[2m=[0m"r-3cdfd560046a" [3msession_id[0m[2m=[0m"s-ed8ae5f1ff1a" [3mfrom[0m[2m=[0m17 [3mevent_position[0m[2m=[0m17
[backend] [2m2026-04-19T01:45:48.7989883+08:00[0m [32m INFO[0m ThreadId(03) [2mkoko::shell::媒体资产外壳[0m[2m:[0m 读取附件内容成功 [3musecase[0m[2m=[0m"读取附件内容" [3madapter[0m[2m=[0m"http" [3moutcome[0m[2m=[0m"succeeded" [3mrequest_kind[0m[2m=[0m"附件内容读取" [3mattachment_id[0m[2m=[0m"att-8d44cbfede62" [3msession_id[0m[2m=[0m"s-ed8ae5f1ff1a"
[backend] [2m2026-04-19T01:45:48.8007277+08:00[0m [32m INFO[0m ThreadId(11) [2mkoko::shell::媒体资产外壳[0m[2m:[0m 读取附件内容成功 [3musecase[0m[2m=[0m"读取附件内容" [3madapter[0m[2m=[0m"http" [3moutcome[0m[2m=[0m"succeeded" [3mrequest_kind[0m[2m=[0m"附件内容读取" [3mattachment_id[0m[2m=[0m"att-681e5b27b0c2" [3msession_id[0m[2m=[0m"s-ed8ae5f1ff1a"
[backend] [2m2026-04-19T01:45:48.8035276+08:00[0m [32m INFO[0m ThreadId(12) [2mkoko::shell::实时外壳[0m[2m:[0m 订阅房间事件流成功 [3musecase[0m[2m=[0m"订阅房间事件流" [3madapter[0m[2m=[0m"socketioxide" [3moutcome[0m[2m=[0m"succeeded" [3mroom_id[0m[2m=[0m"r-3cdfd560046a" [3msession_id[0m[2m=[0m"s-ed8ae5f1ff1a" [3mfrom[0m[2m=[0m17 [3mevent_position[0m[2m=[0m17
[backend] [2m2026-04-19T01:45:48.8043077+08:00[0m [32m INFO[0m ThreadId(08) [2mkoko::shell::媒体资产外壳[0m[2m:[0m 读取附件内容成功 [3musecase[0m[2m=[0m"读取附件内容" [3madapter[0m[2m=[0m"http" [3moutcome[0m[2m=[0m"succeeded" [3mrequest_kind[0m[2m=[0m"附件内容读取" [3mattachment_id[0m[2m=[0m"att-2d964b96c071" [3msession_id[0m[2m=[0m"s-ed8ae5f1ff1a"
[backend] [2m2026-04-19T01:45:48.8057954+08:00[0m [32m INFO[0m ThreadId(05) [2mkoko::shell::媒体资产外壳[0m[2m:[0m 读取附件内容成功 [3musecase[0m[2m=[0m"读取附件内容" [3madapter[0m[2m=[0m"http" [3moutcome[0m[2m=[0m"succeeded" [3mrequest_kind[0m[2m=[0m"附件内容读取" [3mattachment_id[0m[2m=[0m"att-ac7a1188a600" [3msession_id[0m[2m=[0m"s-ed8ae5f1ff1a"
[backend] [2m2026-04-19T01:45:48.8096439+08:00[0m [32m INFO[0m ThreadId(05) [2mkoko::shell::媒体资产外壳[0m[2m:[0m 读取附件内容成功 [3musecase[0m[2m=[0m"读取附件内容" [3madapter[0m[2m=[0m"http" [3moutcome[0m[2m=[0m"succeeded" [3mrequest_kind[0m[2m=[0m"附件内容读取" [3mattachment_id[0m[2m=[0m"att-3a48c8f47757" [3msession_id[0m[2m=[0m"s-ed8ae5f1ff1a"
[backend] [2m2026-04-19T01:45:48.8637715+08:00[0m [32m INFO[0m ThreadId(07) [2mkoko::shell::媒体资产外壳[0m[2m:[0m HTTP 请求已受理 [3musecase[0m[2m=[0m"读取附件内容" [3madapter[0m[2m=[0m"http" [3moutcome[0m[2m=[0m"accepted" [3mrequest_kind[0m[2m=[0m"附件内容读取" [3mattachment_id[0m[2m=[0m"att-792bea97c0bd" [3msession_id[0m[2m=[0m"s-ed8ae5f1ff1a"
[backend] [2m2026-04-19T01:45:48.8654618+08:00[0m [32m INFO[0m ThreadId(07) [2mkoko::shell::媒体资产外壳[0m[2m:[0m HTTP 请求已受理 [3musecase[0m[2m=[0m"读取附件内容" [3madapter[0m[2m=[0m"http" [3moutcome[0m[2m=[0m"accepted" [3mrequest_kind[0m[2m=[0m"附件内容读取" [3mattachment_id[0m[2m=[0m"att-ea250b02f4f3" [3msession_id[0m[2m=[0m"s-ed8ae5f1ff1a"
[backend] [2m2026-04-19T01:45:48.8729919+08:00[0m [32m INFO[0m ThreadId(11) [2mkoko::shell::媒体资产外壳[0m[2m:[0m 读取附件内容成功 [3musecase[0m[2m=[0m"读取附件内容" [3madapter[0m[2m=[0m"http" [3moutcome[0m[2m=[0m"succeeded" [3mrequest_kind[0m[2m=[0m"附件内容读取" [3mattachment_id[0m[2m=[0m"att-792bea97c0bd" [3msession_id[0m[2m=[0m"s-ed8ae5f1ff1a"
[backend] [2m2026-04-19T01:45:48.8786193+08:00[0m [32m INFO[0m ThreadId(11) [2mkoko::shell::媒体资产外壳[0m[2m:[0m 读取附件内容成功 [3musecase[0m[2m=[0m"读取附件内容" [3madapter[0m[2m=[0m"http" [3moutcome[0m[2m=[0m"succeeded" [3mrequest_kind[0m[2m=[0m"附件内容读取" [3mattachment_id[0m[2m=[0m"att-ea250b02f4f3" [3msession_id[0m[2m=[0m"s-ed8ae5f1ff1a"
[backend] [2m2026-04-19T01:45:48.8895915+08:00[0m [32m INFO[0m ThreadId(07) [2mkoko::shell::媒体资产外壳[0m[2m:[0m HTTP 请求已受理 [3musecase[0m[2m=[0m"读取附件内容" [3madapter[0m[2m=[0m"http" [3moutcome[0m[2m=[0m"accepted" [3mrequest_kind[0m[2m=[0m"附件内容读取" [3mattachment_id[0m[2m=[0m"att-7d73ef5bb400" [3msession_id[0m[2m=[0m"s-ed8ae5f1ff1a"
[backend] [2m2026-04-19T01:45:48.8910087+08:00[0m [32m INFO[0m ThreadId(07) [2mkoko::shell::媒体资产外壳[0m[2m:[0m HTTP 请求已受理 [3musecase[0m[2m=[0m"读取附件内容" [3madapter[0m[2m=[0m"http" [3moutcome[0m[2m=[0m"accepted" [3mrequest_kind[0m[2m=[0m"附件内容读取" [3mattachment_id[0m[2m=[0m"att-5c73308e404b" [3msession_id[0m[2m=[0m"s-ed8ae5f1ff1a"
[backend] [2m2026-04-19T01:45:48.8922276+08:00[0m [32m INFO[0m ThreadId(07) [2mkoko::shell::媒体资产外壳[0m[2m:[0m HTTP 请求已受理 [3musecase[0m[2m=[0m"读取附件内容" [3madapter[0m[2m=[0m"http" [3moutcome[0m[2m=[0m"accepted" [3mrequest_kind[0m[2m=[0m"附件内容读取" [3mattachment_id[0m[2m=[0m"att-89421b5102e1" [3msession_id[0m[2m=[0m"s-ed8ae5f1ff1a"
[backend] [2m2026-04-19T01:45:48.8929297+08:00[0m [32m INFO[0m ThreadId(08) [2mkoko::shell::媒体资产外壳[0m[2m:[0m HTTP 请求已受理 [3musecase[0m[2m=[0m"读取附件内容" [3madapter[0m[2m=[0m"http" [3moutcome[0m[2m=[0m"accepted" [3mrequest_kind[0m[2m=[0m"附件内容读取" [3mattachment_id[0m[2m=[0m"att-879751db2737" [3msession_id[0m[2m=[0m"s-ed8ae5f1ff1a"
[backend] [2m2026-04-19T01:45:48.9035929+08:00[0m [32m INFO[0m ThreadId(06) [2mkoko::shell::媒体资产外壳[0m[2m:[0m 读取附件内容成功 [3musecase[0m[2m=[0m"读取附件内容" [3madapter[0m[2m=[0m"http" [3moutcome[0m[2m=[0m"succeeded" [3mrequest_kind[0m[2m=[0m"附件内容读取" [3mattachment_id[0m[2m=[0m"att-7d73ef5bb400" [3msession_id[0m[2m=[0m"s-ed8ae5f1ff1a"
[backend] [2m2026-04-19T01:45:48.9121681+08:00[0m [32m INFO[0m ThreadId(06) [2mkoko::shell::媒体资产外壳[0m[2m:[0m 读取附件内容成功 [3musecase[0m[2m=[0m"读取附件内容" [3madapter[0m[2m=[0m"http" [3moutcome[0m[2m=[0m"succeeded" [3mrequest_kind[0m[2m=[0m"附件内容读取" [3mattachment_id[0m[2m=[0m"att-879751db2737" [3msession_id[0m[2m=[0m"s-ed8ae5f1ff1a"
[backend] [2m2026-04-19T01:45:48.9595177+08:00[0m [32m INFO[0m ThreadId(03) [2mkoko::shell::媒体资产外壳[0m[2m:[0m HTTP 请求已受理 [3musecase[0m[2m=[0m"读取附件内容" [3madapter[0m[2m=[0m"http" [3moutcome[0m[2m=[0m"accepted" [3mrequest_kind[0m[2m=[0m"附件内容读取" [3mattachment_id[0m[2m=[0m"att-56d8fca2bd57" [3msession_id[0m[2m=[0m"s-ed8ae5f1ff1a"
[backend] [2m2026-04-19T01:45:48.9727929+08:00[0m [32m INFO[0m ThreadId(06) [2mkoko::shell::媒体资产外壳[0m[2m:[0m HTTP 请求已受理 [3musecase[0m[2m=[0m"读取附件内容" [3madapter[0m[2m=[0m"http" [3moutcome[0m[2m=[0m"accepted" [3mrequest_kind[0m[2m=[0m"附件内容读取" [3mattachment_id[0m[2m=[0m"att-8aedf734e191" [3msession_id[0m[2m=[0m"s-ed8ae5f1ff1a"
[backend] [2m2026-04-19T01:45:48.9870784+08:00[0m [32m INFO[0m ThreadId(11) [2mkoko::shell::媒体资产外壳[0m[2m:[0m 读取附件内容成功 [3musecase[0m[2m=[0m"读取附件内容" [3madapter[0m[2m=[0m"http" [3moutcome[0m[2m=[0m"succeeded" [3mrequest_kind[0m[2m=[0m"附件内容读取" [3mattachment_id[0m[2m=[0m"att-56d8fca2bd57" [3msession_id[0m[2m=[0m"s-ed8ae5f1ff1a"
[backend] [2m2026-04-19T01:45:48.9980203+08:00[0m [32m INFO[0m ThreadId(12) [2mkoko::shell::媒体资产外壳[0m[2m:[0m HTTP 请求已受理 [3musecase[0m[2m=[0m"读取附件内容" [3madapter[0m[2m=[0m"http" [3moutcome[0m[2m=[0m"accepted" [3mrequest_kind[0m[2m=[0m"附件内容读取" [3mattachment_id[0m[2m=[0m"att-4b3bc2558118" [3msession_id[0m[2m=[0m"s-ed8ae5f1ff1a"
[backend] [2m2026-04-19T01:45:49.0023111+08:00[0m [32m INFO[0m ThreadId(06) [2mkoko::shell::媒体资产外壳[0m[2m:[0m 读取附件内容成功 [3musecase[0m[2m=[0m"读取附件内容" [3madapter[0m[2m=[0m"http" [3moutcome[0m[2m=[0m"succeeded" [3mrequest_kind[0m[2m=[0m"附件内容读取" [3mattachment_id[0m[2m=[0m"att-8aedf734e191" [3msession_id[0m[2m=[0m"s-ed8ae5f1ff1a"
[backend] [2m2026-04-19T01:45:49.0175079+08:00[0m [32m INFO[0m ThreadId(11) [2mkoko::shell::媒体资产外壳[0m[2m:[0m 读取附件内容成功 [3musecase[0m[2m=[0m"读取附件内容" [3madapter[0m[2m=[0m"http" [3moutcome[0m[2m=[0m"succeeded" [3mrequest_kind[0m[2m=[0m"附件内容读取" [3mattachment_id[0m[2m=[0m"att-4b3bc2558118" [3msession_id[0m[2m=[0m"s-ed8ae5f1ff1a"
[backend] [2m2026-04-19T01:45:49.0561231+08:00[0m [32m INFO[0m ThreadId(06) [2mkoko::shell::媒体资产外壳[0m[2m:[0m HTTP 请求已受理 [3musecase[0m[2m=[0m"读取附件内容" [3madapter[0m[2m=[0m"http" [3moutcome[0m[2m=[0m"accepted" [3mrequest_kind[0m[2m=[0m"附件内容读取" [3mattachment_id[0m[2m=[0m"att-69182d17260b" [3msession_id[0m[2m=[0m"s-ed8ae5f1ff1a"
[backend] [2m2026-04-19T01:45:49.0579177+08:00[0m [32m INFO[0m ThreadId(12) [2mkoko::shell::媒体资产外壳[0m[2m:[0m HTTP 请求已受理 [3musecase[0m[2m=[0m"读取附件内容" [3madapter[0m[2m=[0m"http" [3moutcome[0m[2m=[0m"accepted" [3mrequest_kind[0m[2m=[0m"附件内容读取" [3mattachment_id[0m[2m=[0m"att-6727d0dfb7aa" [3msession_id[0m[2m=[0m"s-ed8ae5f1ff1a"
[backend] [2m2026-04-19T01:45:49.0579741+08:00[0m [32m INFO[0m ThreadId(11) [2mkoko::shell::媒体资产外壳[0m[2m:[0m HTTP 请求已受理 [3musecase[0m[2m=[0m"读取附件内容" [3madapter[0m[2m=[0m"http" [3moutcome[0m[2m=[0m"accepted" [3mrequest_kind[0m[2m=[0m"附件内容读取" [3mattachment_id[0m[2m=[0m"att-d1739ba9773f" [3msession_id[0m[2m=[0m"s-ed8ae5f1ff1a"
[backend] [2m2026-04-19T01:45:49.072975+08:00[0m [32m INFO[0m ThreadId(12) [2mkoko::shell::媒体资产外壳[0m[2m:[0m 读取附件内容成功 [3musecase[0m[2m=[0m"读取附件内容" [3madapter[0m[2m=[0m"http" [3moutcome[0m[2m=[0m"succeeded" [3mrequest_kind[0m[2m=[0m"附件内容读取" [3mattachment_id[0m[2m=[0m"att-69182d17260b" [3msession_id[0m[2m=[0m"s-ed8ae5f1ff1a"
[backend] [2m2026-04-19T01:45:49.0742955+08:00[0m [32m INFO[0m ThreadId(06) [2mkoko::shell::媒体资产外壳[0m[2m:[0m 读取附件内容成功 [3musecase[0m[2m=[0m"读取附件内容" [3madapter[0m[2m=[0m"http" [3moutcome[0m[2m=[0m"succeeded" [3mrequest_kind[0m[2m=[0m"附件内容读取" [3mattachment_id[0m[2m=[0m"att-d1739ba9773f" [3msession_id[0m[2m=[0m"s-ed8ae5f1ff1a"
[backend] [2m2026-04-19T01:45:49.0750948+08:00[0m [32m INFO[0m ThreadId(12) [2mkoko::shell::媒体资产外壳[0m[2m:[0m 读取附件内容成功 [3musecase[0m[2m=[0m"读取附件内容" [3madapter[0m[2m=[0m"http" [3moutcome[0m[2m=[0m"succeeded" [3mrequest_kind[0m[2m=[0m"附件内容读取" [3mattachment_id[0m[2m=[0m"att-6727d0dfb7aa" [3msession_id[0m[2m=[0m"s-ed8ae5f1ff1a"
[backend] [2m2026-04-19T01:45:49.2772401+08:00[0m [32m INFO[0m ThreadId(06) [2mkoko::shell::媒体资产外壳[0m[2m:[0m 读取附件内容成功 [3musecase[0m[2m=[0m"读取附件内容" [3madapter[0m[2m=[0m"http" [3moutcome[0m[2m=[0m"succeeded" [3mrequest_kind[0m[2m=[0m"附件内容读取" [3mattachment_id[0m[2m=[0m"att-89421b5102e1" [3msession_id[0m[2m=[0m"s-ed8ae5f1ff1a"
[backend] [2m2026-04-19T01:45:49.3258338+08:00[0m [32m INFO[0m ThreadId(03) [2mkoko::shell::媒体资产外壳[0m[2m:[0m 读取附件内容成功 [3musecase[0m[2m=[0m"读取附件内容" [3madapter[0m[2m=[0m"http" [3moutcome[0m[2m=[0m"succeeded" [3mrequest_kind[0m[2m=[0m"附件内容读取" [3mattachment_id[0m[2m=[0m"att-5c73308e404b" [3msession_id[0m[2m=[0m"s-ed8ae5f1ff1a"
[backend] [2m2026-04-19T01:45:54.9036503+08:00[0m [32m INFO[0m ThreadId(12) [2mkoko::shell::媒体上传外壳[0m[2m:[0m 媒体上传占位已创建 [3musecase[0m[2m=[0m"准备媒体上传" [3madapter[0m[2m=[0m"http" [3moutcome[0m[2m=[0m"succeeded" [3mrequest_kind[0m[2m=[0m"媒体上传 prepare" [3msession_id[0m[2m=[0m"s-ed8ae5f1ff1a" [3mattachment_id[0m[2m=[0m"att-fb643f1210f6" [3mupload_session_id[0m[2m=[0m"upl-5882e1ebc3354219a1b04e9466507d42" [3mattachment_kind[0m[2m=[0m"video" [3mfile_name[0m[2m=[0m"VID_20230816_103957_431.mp4" [3mbyte_size[0m[2m=[0m921021
[tusd] 2026/04/19 01:45:54.935945 level=INFO event=RequestIncoming method=POST path="" requestId=a4c7f8ad-f227-4124-a873-c9f7742c28f0
[tusd] 2026/04/19 01:45:54.936482 level=DEBUG event=HookInvocationStart type=pre-create id=""
[tusd] 2026/04/19 01:45:54.945831 level=DEBUG event=HookInvocationFinish type=pre-create id=""
[tusd] 2026/04/19 01:45:54.949792 level=INFO event=UploadCreated method=POST path="" requestId=a4c7f8ad-f227-4124-a873-c9f7742c28f0 id=aab26a56ffeceb18e44df2920575fa80 size=921021 url=http://127.0.0.1:1081/files/aab26a56ffeceb18e44df2920575fa80
[tusd] 2026/04/19 01:45:54.953263 level=INFO event=ChunkWriteStart method=POST path="" requestId=a4c7f8ad-f227-4124-a873-c9f7742c28f0 id=aab26a56ffeceb18e44df2920575fa80 maxSize=921021 offset=0
[backend] [2m2026-04-19T01:45:54.9778471+08:00[0m [32m INFO[0m ThreadId(06) [2mkoko::shell::tus_hook外壳[0m[2m:[0m Tus post-finish 已登记上传回执 [3madapter[0m[2m=[0m"tus_hook" [3mhook[0m[2m=[0m"post-finish" [3mattachment_id[0m[2m=[0m"att-fb643f1210f6" [3mupload_session_id[0m[2m=[0m"upl-5882e1ebc3354219a1b04e9466507d42" [3mupload_id[0m[2m=[0m"aab26a56ffeceb18e44df2920575fa80" [3mrequest_id[0m[2m=[0m"a4c7f8ad-f227-4124-a873-c9f7742c28f0" [3mtransport_role[0m[2m=[0m"single" [3mstorage_locator[0m[2m=[0m"E:\\koko\\data\\tus\\aab26a56ffeceb18e44df2920575fa80"
[backend] [2m2026-04-19T01:45:54.9873226+08:00[0m [32m INFO[0m ThreadId(03) [2mkoko::shell::媒体上传外壳[0m[2m:[0m 媒体上传 complete 重活开始 [3musecase[0m[2m=[0m"完成媒体上传" [3mphase[0m[2m=[0m"complete_heavy_work_enter" [3mattachment_id[0m[2m=[0m"att-fb643f1210f6" [3mkind[0m[2m=[0m"video" [3mbyte_size[0m[2m=[0m921021 [3mmedia_complete_max_concurrency[0m[2m=[0m4
[backend] [2m2026-04-19T01:45:54.9911789+08:00[0m [32m INFO[0m ThreadId(03) [2mkoko::shell::媒体上传外壳[0m[2m:[0m 媒体上传 complete 阶段耗时 [3musecase[0m[2m=[0m"完成媒体上传" [3mphase[0m[2m=[0m"complete_heavy_work_stage" [3mattachment_id[0m[2m=[0m"att-fb643f1210f6" [3mkind[0m[2m=[0m"video" [3mbyte_size[0m[2m=[0m921021 [3mstage[0m[2m=[0m"parse_video" [3mduration_ms[0m[2m=[0m3
[tusd] 2026/04/19 01:45:54.966018 level=INFO event=ChunkWriteComplete method=POST path="" requestId=a4c7f8ad-f227-4124-a873-c9f7742c28f0 id=aab26a56ffeceb18e44df2920575fa80 bytesWritten=921021
[tusd] 2026/04/19 01:45:54.966673 level=INFO event=UploadFinished method=POST path="" requestId=a4c7f8ad-f227-4124-a873-c9f7742c28f0 id=aab26a56ffeceb18e44df2920575fa80 size=921021
[tusd] 2026/04/19 01:45:54.967236 level=INFO event=ResponseOutgoing method=POST path="" requestId=a4c7f8ad-f227-4124-a873-c9f7742c28f0 id=aab26a56ffeceb18e44df2920575fa80 status=201 body=""
[tusd] 2026/04/19 01:45:54.967236 level=DEBUG event=HookInvocationStart type=post-finish id=aab26a56ffeceb18e44df2920575fa80
[tusd] 2026/04/19 01:45:54.979077 level=DEBUG event=HookInvocationFinish type=post-finish id=aab26a56ffeceb18e44df2920575fa80
[backend] [2m2026-04-19T01:45:55.7635949+08:00[0m [32m INFO[0m ThreadId(03) [2mkoko::shell::媒体上传外壳[0m[2m:[0m 媒体上传 complete 阶段耗时 [3musecase[0m[2m=[0m"完成媒体上传" [3mphase[0m[2m=[0m"complete_heavy_work_stage" [3mattachment_id[0m[2m=[0m"att-fb643f1210f6" [3mkind[0m[2m=[0m"video" [3mbyte_size[0m[2m=[0m921021 [3mstage[0m[2m=[0m"package_streaming_assets" [3mduration_ms[0m[2m=[0m772
[backend] [2m2026-04-19T01:45:55.801446+08:00[0m [32m INFO[0m ThreadId(03) [2mkoko::shell::媒体上传外壳[0m[2m:[0m 媒体上传 complete 阶段耗时 [3musecase[0m[2m=[0m"完成媒体上传" [3mphase[0m[2m=[0m"complete_heavy_work_stage" [3mattachment_id[0m[2m=[0m"att-fb643f1210f6" [3mkind[0m[2m=[0m"video" [3mbyte_size[0m[2m=[0m921021 [3mstage[0m[2m=[0m"build_distribution_request" [3mduration_ms[0m[2m=[0m36
[backend] [2m2026-04-19T01:45:55.8544711+08:00[0m [32m INFO[0m ThreadId(03) [2mkoko::shell::媒体上传外壳[0m[2m:[0m 媒体上传 complete 阶段耗时 [3musecase[0m[2m=[0m"完成媒体上传" [3mphase[0m[2m=[0m"complete_heavy_work_stage" [3mattachment_id[0m[2m=[0m"att-fb643f1210f6" [3mkind[0m[2m=[0m"video" [3mbyte_size[0m[2m=[0m921021 [3mstage[0m[2m=[0m"generate_torrent" [3mduration_ms[0m[2m=[0m52
[backend] [2m2026-04-19T01:45:55.8748916+08:00[0m [32m INFO[0m ThreadId(08) [2mkoko::shell::媒体上传外壳[0m[2m:[0m 媒体上传 complete 阶段耗时 [3musecase[0m[2m=[0m"完成媒体上传" [3mphase[0m[2m=[0m"complete_heavy_work_stage" [3mattachment_id[0m[2m=[0m"att-fb643f1210f6" [3mkind[0m[2m=[0m"video" [3mbyte_size[0m[2m=[0m921021 [3mstage[0m[2m=[0m"upload_streaming_assets" [3mduration_ms[0m[2m=[0m19
[backend] [2m2026-04-19T01:45:55.8905327+08:00[0m [32m INFO[0m ThreadId(06) [2mkoko::shell::媒体上传外壳[0m[2m:[0m 媒体上传 complete 阶段耗时 [3musecase[0m[2m=[0m"完成媒体上传" [3mphase[0m[2m=[0m"complete_heavy_work_stage" [3mattachment_id[0m[2m=[0m"att-fb643f1210f6" [3mkind[0m[2m=[0m"video" [3mbyte_size[0m[2m=[0m921021 [3mstage[0m[2m=[0m"write_authoritative_snapshot" [3mduration_ms[0m[2m=[0m15
[backend] [2m2026-04-19T01:45:55.8915483+08:00[0m [32m INFO[0m ThreadId(06) [2mkoko::shell::媒体上传外壳[0m[2m:[0m 媒体上传 complete 阶段耗时 [3musecase[0m[2m=[0m"完成媒体上传" [3mphase[0m[2m=[0m"complete_heavy_work_stage" [3mattachment_id[0m[2m=[0m"att-fb643f1210f6" [3mkind[0m[2m=[0m"video" [3mbyte_size[0m[2m=[0m921021 [3mstage[0m[2m=[0m"delete_upload_temp_file" [3mduration_ms[0m[2m=[0m0
[backend] [2m2026-04-19T01:45:55.8929406+08:00[0m [32m INFO[0m ThreadId(11) [2mkoko::shell::媒体上传外壳[0m[2m:[0m 媒体上传 complete 阶段耗时 [3musecase[0m[2m=[0m"完成媒体上传" [3mphase[0m[2m=[0m"complete_heavy_work_stage" [3mattachment_id[0m[2m=[0m"att-fb643f1210f6" [3mkind[0m[2m=[0m"video" [3mbyte_size[0m[2m=[0m921021 [3mstage[0m[2m=[0m"retire_original_upload_source" [3mduration_ms[0m[2m=[0m1
[backend] [2m2026-04-19T01:45:55.8935756+08:00[0m [32m INFO[0m ThreadId(11) [2mkoko::shell::媒体上传外壳[0m[2m:[0m 媒体上传 complete 重活完成 [3musecase[0m[2m=[0m"完成媒体上传" [3mphase[0m[2m=[0m"complete_heavy_work_exit" [3mattachment_id[0m[2m=[0m"att-fb643f1210f6" [3mkind[0m[2m=[0m"video" [3mbyte_size[0m[2m=[0m921021 [3mduration_ms[0m[2m=[0m906
[backend] [2m2026-04-19T01:46:04.1547219+08:00[0m [32m INFO[0m ThreadId(06) [2mkoko::shell::实时外壳[0m[2m:[0m realtime 创建消息请求已受理 [3musecase[0m[2m=[0m"创建消息" [3madapter[0m[2m=[0m"socketioxide" [3moutcome[0m[2m=[0m"accepted" [3mroom_id[0m[2m=[0m"r-3cdfd560046a" [3msession_id[0m[2m=[0m"s-ed8ae5f1ff1a" [3mclient_message_id[0m[2m=[0m"d7cae600-05d7-4da1-adb9-990b03d6a04f"
[backend] [2m2026-04-19T01:46:04.171243+08:00[0m [32m INFO[0m ThreadId(11) [2mkoko::shell::实时外壳[0m[2m:[0m 创建消息成功 [3musecase[0m[2m=[0m"创建消息" [3madapter[0m[2m=[0m"socketioxide" [3moutcome[0m[2m=[0m"succeeded" [3mroom_id[0m[2m=[0m"r-3cdfd560046a" [3msession_id[0m[2m=[0m"s-ed8ae5f1ff1a" [3mclient_message_id[0m[2m=[0m"d7cae600-05d7-4da1-adb9-990b03d6a04f" [3mevent_position[0m[2m=[0m18
[backend] [2m2026-04-19T01:46:04.1963691+08:00[0m [32m INFO[0m ThreadId(05) [2mkoko::shell::媒体资产外壳[0m[2m:[0m HTTP 请求已受理 [3musecase[0m[2m=[0m"读取附件内容" [3madapter[0m[2m=[0m"http" [3moutcome[0m[2m=[0m"accepted" [3mrequest_kind[0m[2m=[0m"附件内容读取" [3mattachment_id[0m[2m=[0m"att-fb643f1210f6" [3msession_id[0m[2m=[0m"s-ed8ae5f1ff1a"
[backend] [2m2026-04-19T01:46:04.2229566+08:00[0m [32m INFO[0m ThreadId(08) [2mkoko::shell::媒体资产外壳[0m[2m:[0m 读取附件内容成功 [3musecase[0m[2m=[0m"读取附件内容" [3madapter[0m[2m=[0m"http" [3moutcome[0m[2m=[0m"succeeded" [3mrequest_kind[0m[2m=[0m"附件内容读取" [3mattachment_id[0m[2m=[0m"att-fb643f1210f6" [3msession_id[0m[2m=[0m"s-ed8ae5f1ff1a"
[backend] [2m2026-04-19T01:46:04.225973+08:00[0m [32m INFO[0m ThreadId(06) [2mkoko::shell::媒体资产外壳[0m[2m:[0m HTTP 请求已受理 [3musecase[0m[2m=[0m"读取附件内容" [3madapter[0m[2m=[0m"http" [3moutcome[0m[2m=[0m"accepted" [3mrequest_kind[0m[2m=[0m"附件内容读取" [3mattachment_id[0m[2m=[0m"att-fb643f1210f6" [3msession_id[0m[2m=[0m"s-ed8ae5f1ff1a"
[backend] [2m2026-04-19T01:46:04.236345+08:00[0m [32m INFO[0m ThreadId(06) [2mkoko::shell::媒体资产外壳[0m[2m:[0m 读取附件内容成功 [3musecase[0m[2m=[0m"读取附件内容" [3madapter[0m[2m=[0m"http" [3moutcome[0m[2m=[0m"succeeded" [3mrequest_kind[0m[2m=[0m"附件内容读取" [3mattachment_id[0m[2m=[0m"att-fb643f1210f6" [3msession_id[0m[2m=[0m"s-ed8ae5f1ff1a"
[backend] [2m2026-04-19T01:46:04.2402372+08:00[0m [32m INFO[0m ThreadId(08) [2mkoko::shell::媒体资产外壳[0m[2m:[0m HTTP 请求已受理 [3musecase[0m[2m=[0m"读取附件内容" [3madapter[0m[2m=[0m"http" [3moutcome[0m[2m=[0m"accepted" [3mrequest_kind[0m[2m=[0m"附件内容读取" [3mattachment_id[0m[2m=[0m"att-fb643f1210f6" [3msession_id[0m[2m=[0m"s-ed8ae5f1ff1a"
[backend] [2m2026-04-19T01:46:04.2491765+08:00[0m [32m INFO[0m ThreadId(05) [2mkoko::shell::媒体资产外壳[0m[2m:[0m 读取附件内容成功 [3musecase[0m[2m=[0m"读取附件内容" [3madapter[0m[2m=[0m"http" [3moutcome[0m[2m=[0m"succeeded" [3mrequest_kind[0m[2m=[0m"附件内容读取" [3mattachment_id[0m[2m=[0m"att-fb643f1210f6" [3msession_id[0m[2m=[0m"s-ed8ae5f1ff1a"
[backend] [2m2026-04-19T01:46:04.2583947+08:00[0m [32m INFO[0m ThreadId(06) [2mkoko::shell::媒体资产外壳[0m[2m:[0m HTTP 请求已受理 [3musecase[0m[2m=[0m"读取附件内容" [3madapter[0m[2m=[0m"http" [3moutcome[0m[2m=[0m"accepted" [3mrequest_kind[0m[2m=[0m"附件内容读取" [3mattachment_id[0m[2m=[0m"att-fb643f1210f6" [3msession_id[0m[2m=[0m"s-ed8ae5f1ff1a"
[backend] [2m2026-04-19T01:46:04.2687566+08:00[0m [32m INFO[0m ThreadId(06) [2mkoko::shell::媒体资产外壳[0m[2m:[0m 读取附件内容成功 [3musecase[0m[2m=[0m"读取附件内容" [3madapter[0m[2m=[0m"http" [3moutcome[0m[2m=[0m"succeeded" [3mrequest_kind[0m[2m=[0m"附件内容读取" [3mattachment_id[0m[2m=[0m"att-fb643f1210f6" [3msession_id[0m[2m=[0m"s-ed8ae5f1ff1a"
[backend] [2m2026-04-19T01:46:04.4052744+08:00[0m [32m INFO[0m ThreadId(06) [2mkoko::shell::媒体资产外壳[0m[2m:[0m HTTP 请求已受理 [3musecase[0m[2m=[0m"读取附件内容" [3madapter[0m[2m=[0m"http" [3moutcome[0m[2m=[0m"accepted" [3mrequest_kind[0m[2m=[0m"附件内容读取" [3mattachment_id[0m[2m=[0m"att-fb643f1210f6" [3msession_id[0m[2m=[0m"s-ed8ae5f1ff1a"
[backend] [2m2026-04-19T01:46:04.4299492+08:00[0m [32m INFO[0m ThreadId(08) [2mkoko::shell::媒体资产外壳[0m[2m:[0m 读取附件内容成功 [3musecase[0m[2m=[0m"读取附件内容" [3madapter[0m[2m=[0m"http" [3moutcome[0m[2m=[0m"succeeded" [3mrequest_kind[0m[2m=[0m"附件内容读取" [3mattachment_id[0m[2m=[0m"att-fb643f1210f6" [3msession_id[0m[2m=[0m"s-ed8ae5f1ff1a"
[backend] [2m2026-04-19T01:46:04.4414884+08:00[0m [32m INFO[0m ThreadId(06) [2mkoko::shell::媒体资产外壳[0m[2m:[0m HTTP 请求已受理 [3musecase[0m[2m=[0m"读取附件内容" [3madapter[0m[2m=[0m"http" [3moutcome[0m[2m=[0m"accepted" [3mrequest_kind[0m[2m=[0m"附件内容读取" [3mattachment_id[0m[2m=[0m"att-fb643f1210f6" [3msession_id[0m[2m=[0m"s-ed8ae5f1ff1a"
[backend] [2m2026-04-19T01:46:04.4548306+08:00[0m [32m INFO[0m ThreadId(07) [2mkoko::shell::媒体资产外壳[0m[2m:[0m 读取附件内容成功 [3musecase[0m[2m=[0m"读取附件内容" [3madapter[0m[2m=[0m"http" [3moutcome[0m[2m=[0m"succeeded" [3mrequest_kind[0m[2m=[0m"附件内容读取" [3mattachment_id[0m[2m=[0m"att-fb643f1210f6" [3msession_id[0m[2m=[0m"s-ed8ae5f1ff1a"
[backend] [2m2026-04-19T01:46:04.4882875+08:00[0m [32m INFO[0m ThreadId(08) [2mkoko::shell::媒体资产外壳[0m[2m:[0m HTTP 请求已受理 [3musecase[0m[2m=[0m"读取附件内容" [3madapter[0m[2m=[0m"http" [3moutcome[0m[2m=[0m"accepted" [3mrequest_kind[0m[2m=[0m"附件内容读取" [3mattachment_id[0m[2m=[0m"att-fb643f1210f6" [3msession_id[0m[2m=[0m"s-ed8ae5f1ff1a"
[backend] [2m2026-04-19T01:46:04.501392+08:00[0m [32m INFO[0m ThreadId(07) [2mkoko::shell::媒体资产外壳[0m[2m:[0m 读取附件内容成功 [3musecase[0m[2m=[0m"读取附件内容" [3madapter[0m[2m=[0m"http" [3moutcome[0m[2m=[0m"succeeded" [3mrequest_kind[0m[2m=[0m"附件内容读取" [3mattachment_id[0m[2m=[0m"att-fb643f1210f6" [3msession_id[0m[2m=[0m"s-ed8ae5f1ff1a"
[backend] [2m2026-04-19T01:46:04.5937098+08:00[0m [32m INFO[0m ThreadId(06) [2mkoko::shell::房间外壳[0m[2m:[0m HTTP 请求已受理 [3musecase[0m[2m=[0m"推进房间阅读位置" [3madapter[0m[2m=[0m"http" [3moutcome[0m[2m=[0m"accepted" [3mrequest_kind[0m[2m=[0m"房间阅读位置推进" [3mroom_id[0m[2m=[0m"r-3cdfd560046a" [3msession_id[0m[2m=[0m"s-ed8ae5f1ff1a" [3mevent_position[0m[2m=[0m18
[backend] [2m2026-04-19T01:46:04.5952226+08:00[0m [32m INFO[0m ThreadId(06) [2mkoko::shell::房间外壳[0m[2m:[0m HTTP 请求已受理 [3musecase[0m[2m=[0m"推进房间阅读位置" [3madapter[0m[2m=[0m"http" [3moutcome[0m[2m=[0m"accepted" [3mrequest_kind[0m[2m=[0m"房间阅读位置推进" [3mroom_id[0m[2m=[0m"r-3cdfd560046a" [3msession_id[0m[2m=[0m"s-ed8ae5f1ff1a" [3mevent_position[0m[2m=[0m18
[backend] [2m2026-04-19T01:46:04.5961974+08:00[0m [32m INFO[0m ThreadId(07) [2mkoko::shell::房间外壳[0m[2m:[0m HTTP 请求已受理 [3musecase[0m[2m=[0m"推进房间阅读位置" [3madapter[0m[2m=[0m"http" [3moutcome[0m[2m=[0m"accepted" [3mrequest_kind[0m[2m=[0m"房间阅读位置推进" [3mroom_id[0m[2m=[0m"r-3cdfd560046a" [3msession_id[0m[2m=[0m"s-ed8ae5f1ff1a" [3mevent_position[0m[2m=[0m18
[backend] [2m2026-04-19T01:46:04.5969058+08:00[0m [32m INFO[0m ThreadId(08) [2mkoko::shell::房间外壳[0m[2m:[0m HTTP 请求已受理 [3musecase[0m[2m=[0m"推进房间阅读位置" [3madapter[0m[2m=[0m"http" [3moutcome[0m[2m=[0m"accepted" [3mrequest_kind[0m[2m=[0m"房间阅读位置推进" [3mroom_id[0m[2m=[0m"r-3cdfd560046a" [3msession_id[0m[2m=[0m"s-ed8ae5f1ff1a" [3mevent_position[0m[2m=[0m18
[backend] [2m2026-04-19T01:46:04.6056747+08:00[0m [32m INFO[0m ThreadId(07) [2mkoko::shell::房间外壳[0m[2m:[0m 推进房间阅读位置成功 [3musecase[0m[2m=[0m"推进房间阅读位置" [3madapter[0m[2m=[0m"http" [3moutcome[0m[2m=[0m"succeeded" [3mrequest_kind[0m[2m=[0m"房间阅读位置推进" [3mroom_id[0m[2m=[0m"r-3cdfd560046a" [3msession_id[0m[2m=[0m"s-ed8ae5f1ff1a" [3mevent_position[0m[2m=[0m18
[backend] [2m2026-04-19T01:46:04.6074728+08:00[0m [32m INFO[0m ThreadId(06) [2mkoko::shell::房间外壳[0m[2m:[0m 推进房间阅读位置成功 [3musecase[0m[2m=[0m"推进房间阅读位置" [3madapter[0m[2m=[0m"http" [3moutcome[0m[2m=[0m"succeeded" [3mrequest_kind[0m[2m=[0m"房间阅读位置推进" [3mroom_id[0m[2m=[0m"r-3cdfd560046a" [3msession_id[0m[2m=[0m"s-ed8ae5f1ff1a" [3mevent_position[0m[2m=[0m18
[backend] [2m2026-04-19T01:46:04.6102226+08:00[0m [32m INFO[0m ThreadId(07) [2mkoko::shell::房间外壳[0m[2m:[0m HTTP 请求已受理 [3musecase[0m[2m=[0m"推进房间阅读位置" [3madapter[0m[2m=[0m"http" [3moutcome[0m[2m=[0m"accepted" [3mrequest_kind[0m[2m=[0m"房间阅读位置推进" [3mroom_id[0m[2m=[0m"r-3cdfd560046a" [3msession_id[0m[2m=[0m"s-ed8ae5f1ff1a" [3mevent_position[0m[2m=[0m18
[backend] [2m2026-04-19T01:46:04.6115338+08:00[0m [32m INFO[0m ThreadId(06) [2mkoko::shell::房间外壳[0m[2m:[0m 推进房间阅读位置成功 [3musecase[0m[2m=[0m"推进房间阅读位置" [3madapter[0m[2m=[0m"http" [3moutcome[0m[2m=[0m"succeeded" [3mrequest_kind[0m[2m=[0m"房间阅读位置推进" [3mroom_id[0m[2m=[0m"r-3cdfd560046a" [3msession_id[0m[2m=[0m"s-ed8ae5f1ff1a" [3mevent_position[0m[2m=[0m18
[backend] [2m2026-04-19T01:46:04.6124617+08:00[0m [32m INFO[0m ThreadId(08) [2mkoko::shell::房间外壳[0m[2m:[0m 推进房间阅读位置成功 [3musecase[0m[2m=[0m"推进房间阅读位置" [3madapter[0m[2m=[0m"http" [3moutcome[0m[2m=[0m"succeeded" [3mrequest_kind[0m[2m=[0m"房间阅读位置推进" [3mroom_id[0m[2m=[0m"r-3cdfd560046a" [3msession_id[0m[2m=[0m"s-ed8ae5f1ff1a" [3mevent_position[0m[2m=[0m18
[backend] [2m2026-04-19T01:46:04.6205207+08:00[0m [32m INFO[0m ThreadId(08) [2mkoko::shell::房间外壳[0m[2m:[0m 推进房间阅读位置成功 [3musecase[0m[2m=[0m"推进房间阅读位置" [3madapter[0m[2m=[0m"http" [3moutcome[0m[2m=[0m"succeeded" [3mrequest_kind[0m[2m=[0m"房间阅读位置推进" [3mroom_id[0m[2m=[0m"r-3cdfd560046a" [3msession_id[0m[2m=[0m"s-ed8ae5f1ff1a" [3mevent_position[0m[2m=[0m18
[backend] [2m2026-04-19T01:46:04.6674228+08:00[0m [32m INFO[0m ThreadId(05) [2mkoko::shell::媒体资产外壳[0m[2m:[0m HTTP 请求已受理 [3musecase[0m[2m=[0m"读取附件内容" [3madapter[0m[2m=[0m"http" [3moutcome[0m[2m=[0m"accepted" [3mrequest_kind[0m[2m=[0m"附件内容读取" [3mattachment_id[0m[2m=[0m"att-fb643f1210f6" [3msession_id[0m[2m=[0m"s-ed8ae5f1ff1a"
[backend] [2m2026-04-19T01:46:04.6754253+08:00[0m [32m INFO[0m ThreadId(08) [2mkoko::shell::媒体资产外壳[0m[2m:[0m 读取附件内容成功 [3musecase[0m[2m=[0m"读取附件内容" [3madapter[0m[2m=[0m"http" [3moutcome[0m[2m=[0m"succeeded" [3mrequest_kind[0m[2m=[0m"附件内容读取" [3mattachment_id[0m[2m=[0m"att-fb643f1210f6" [3msession_id[0m[2m=[0m"s-ed8ae5f1ff1a"
[backend] [2m2026-04-19T01:46:04.8290838+08:00[0m [32m INFO[0m ThreadId(12) [2mkoko::shell::媒体资产外壳[0m[2m:[0m HTTP 请求已受理 [3musecase[0m[2m=[0m"读取附件内容" [3madapter[0m[2m=[0m"http" [3moutcome[0m[2m=[0m"accepted" [3mrequest_kind[0m[2m=[0m"附件内容读取" [3mattachment_id[0m[2m=[0m"att-fb643f1210f6" [3msession_id[0m[2m=[0m"s-ed8ae5f1ff1a"
[backend] [2m2026-04-19T01:46:04.8406247+08:00[0m [32m INFO[0m ThreadId(12) [2mkoko::shell::媒体资产外壳[0m[2m:[0m 读取附件内容成功 [3musecase[0m[2m=[0m"读取附件内容" [3madapter[0m[2m=[0m"http" [3moutcome[0m[2m=[0m"succeeded" [3mrequest_kind[0m[2m=[0m"附件内容读取" [3mattachment_id[0m[2m=[0m"att-fb643f1210f6" [3msession_id[0m[2m=[0m"s-ed8ae5f1ff1a"
[backend] [2m2026-04-19T01:46:05.447961+08:00[0m [32m INFO[0m ThreadId(12) [2mkoko::shell::房间外壳[0m[2m:[0m HTTP 请求已受理 [3musecase[0m[2m=[0m"推进房间阅读位置" [3madapter[0m[2m=[0m"http" [3moutcome[0m[2m=[0m"accepted" [3mrequest_kind[0m[2m=[0m"房间阅读位置推进" [3mroom_id[0m[2m=[0m"r-3cdfd560046a" [3msession_id[0m[2m=[0m"s-e7c98262c769" [3mevent_position[0m[2m=[0m18
[backend] [2m2026-04-19T01:46:05.4578104+08:00[0m [32m INFO[0m ThreadId(12) [2mkoko::shell::房间外壳[0m[2m:[0m 推进房间阅读位置成功 [3musecase[0m[2m=[0m"推进房间阅读位置" [3madapter[0m[2m=[0m"http" [3moutcome[0m[2m=[0m"succeeded" [3mrequest_kind[0m[2m=[0m"房间阅读位置推进" [3mroom_id[0m[2m=[0m"r-3cdfd560046a" [3msession_id[0m[2m=[0m"s-e7c98262c769" [3mevent_position[0m[2m=[0m18
[backend] [2m2026-04-19T02:09:33.0672095+08:00[0m [32m INFO[0m ThreadId(05) [2mkoko::shell::实时外壳[0m[2m:[0m realtime 订阅请求已受理 [3musecase[0m[2m=[0m"订阅房间事件流" [3madapter[0m[2m=[0m"socketioxide" [3moutcome[0m[2m=[0m"accepted" [3mroom_id[0m[2m=[0m"r-3cdfd560046a" [3msession_id[0m[2m=[0m"s-e7c98262c769" [3mfrom[0m[2m=[0m15
[backend] [2m2026-04-19T02:09:33.1088636+08:00[0m [32m INFO[0m ThreadId(08) [2mkoko::shell::媒体资产外壳[0m[2m:[0m HTTP 请求已受理 [3musecase[0m[2m=[0m"读取附件内容" [3madapter[0m[2m=[0m"http" [3moutcome[0m[2m=[0m"accepted" [3mrequest_kind[0m[2m=[0m"附件内容读取" [3mattachment_id[0m[2m=[0m"att-d1739ba9773f" [3msession_id[0m[2m=[0m"s-e7c98262c769"
[backend] [2m2026-04-19T02:09:33.1109474+08:00[0m [32m INFO[0m ThreadId(06) [2mkoko::shell::媒体资产外壳[0m[2m:[0m HTTP 请求已受理 [3musecase[0m[2m=[0m"读取附件内容" [3madapter[0m[2m=[0m"http" [3moutcome[0m[2m=[0m"accepted" [3mrequest_kind[0m[2m=[0m"附件内容读取" [3mattachment_id[0m[2m=[0m"att-6727d0dfb7aa" [3msession_id[0m[2m=[0m"s-e7c98262c769"
[backend] [2m2026-04-19T02:09:33.1106526+08:00[0m [32m INFO[0m ThreadId(07) [2mkoko::shell::媒体资产外壳[0m[2m:[0m HTTP 请求已受理 [3musecase[0m[2m=[0m"读取附件内容" [3madapter[0m[2m=[0m"http" [3moutcome[0m[2m=[0m"accepted" [3mrequest_kind[0m[2m=[0m"附件内容读取" [3mattachment_id[0m[2m=[0m"att-fb643f1210f6" [3msession_id[0m[2m=[0m"s-e7c98262c769"
[backend] [2m2026-04-19T02:09:33.1136356+08:00[0m [32m INFO[0m ThreadId(05) [2mkoko::shell::实时外壳[0m[2m:[0m 订阅房间事件流成功 [3musecase[0m[2m=[0m"订阅房间事件流" [3madapter[0m[2m=[0m"socketioxide" [3moutcome[0m[2m=[0m"succeeded" [3mroom_id[0m[2m=[0m"r-3cdfd560046a" [3msession_id[0m[2m=[0m"s-e7c98262c769" [3mfrom[0m[2m=[0m15 [3mevent_position[0m[2m=[0m18
[backend] [2m2026-04-19T02:09:33.1199728+08:00[0m [32m INFO[0m ThreadId(07) [2mkoko::shell::媒体资产外壳[0m[2m:[0m 读取附件内容成功 [3musecase[0m[2m=[0m"读取附件内容" [3madapter[0m[2m=[0m"http" [3moutcome[0m[2m=[0m"succeeded" [3mrequest_kind[0m[2m=[0m"附件内容读取" [3mattachment_id[0m[2m=[0m"att-d1739ba9773f" [3msession_id[0m[2m=[0m"s-e7c98262c769"
[backend] [2m2026-04-19T02:09:33.1208918+08:00[0m [32m INFO[0m ThreadId(03) [2mkoko::shell::媒体资产外壳[0m[2m:[0m 读取附件内容成功 [3musecase[0m[2m=[0m"读取附件内容" [3madapter[0m[2m=[0m"http" [3moutcome[0m[2m=[0m"succeeded" [3mrequest_kind[0m[2m=[0m"附件内容读取" [3mattachment_id[0m[2m=[0m"att-6727d0dfb7aa" [3msession_id[0m[2m=[0m"s-e7c98262c769"
[backend] [2m2026-04-19T02:09:33.2269221+08:00[0m [32m INFO[0m ThreadId(07) [2mkoko::shell::媒体资产外壳[0m[2m:[0m HTTP 请求已受理 [3musecase[0m[2m=[0m"读取附件内容" [3madapter[0m[2m=[0m"http" [3moutcome[0m[2m=[0m"accepted" [3mrequest_kind[0m[2m=[0m"附件内容读取" [3mattachment_id[0m[2m=[0m"att-fb643f1210f6" [3msession_id[0m[2m=[0m"s-e7c98262c769"
[backend] [2m2026-04-19T02:09:33.2424133+08:00[0m [32m INFO[0m ThreadId(05) [2mkoko::shell::媒体资产外壳[0m[2m:[0m 读取附件内容成功 [3musecase[0m[2m=[0m"读取附件内容" [3madapter[0m[2m=[0m"http" [3moutcome[0m[2m=[0m"succeeded" [3mrequest_kind[0m[2m=[0m"附件内容读取" [3mattachment_id[0m[2m=[0m"att-fb643f1210f6" [3msession_id[0m[2m=[0m"s-e7c98262c769"
[backend] [2m2026-04-19T02:09:33.2554269+08:00[0m [32m INFO[0m ThreadId(08) [2mkoko::shell::媒体资产外壳[0m[2m:[0m HTTP 请求已受理 [3musecase[0m[2m=[0m"读取附件内容" [3madapter[0m[2m=[0m"http" [3moutcome[0m[2m=[0m"accepted" [3mrequest_kind[0m[2m=[0m"附件内容读取" [3mattachment_id[0m[2m=[0m"att-fb643f1210f6" [3msession_id[0m[2m=[0m"s-e7c98262c769"
[backend] [2m2026-04-19T02:09:33.2638188+08:00[0m [32m INFO[0m ThreadId(07) [2mkoko::shell::媒体资产外壳[0m[2m:[0m 读取附件内容成功 [3musecase[0m[2m=[0m"读取附件内容" [3madapter[0m[2m=[0m"http" [3moutcome[0m[2m=[0m"succeeded" [3mrequest_kind[0m[2m=[0m"附件内容读取" [3mattachment_id[0m[2m=[0m"att-fb643f1210f6" [3msession_id[0m[2m=[0m"s-e7c98262c769"
[backend] [2m2026-04-19T02:09:33.35084+08:00[0m [32m INFO[0m ThreadId(08) [2mkoko::shell::媒体资产外壳[0m[2m:[0m HTTP 请求已受理 [3musecase[0m[2m=[0m"读取附件内容" [3madapter[0m[2m=[0m"http" [3moutcome[0m[2m=[0m"accepted" [3mrequest_kind[0m[2m=[0m"附件内容读取" [3mattachment_id[0m[2m=[0m"att-fb643f1210f6" [3msession_id[0m[2m=[0m"s-e7c98262c769"
[backend] [2m2026-04-19T02:09:33.3635582+08:00[0m [32m INFO[0m ThreadId(08) [2mkoko::shell::媒体资产外壳[0m[2m:[0m 读取附件内容成功 [3musecase[0m[2m=[0m"读取附件内容" [3madapter[0m[2m=[0m"http" [3moutcome[0m[2m=[0m"succeeded" [3mrequest_kind[0m[2m=[0m"附件内容读取" [3mattachment_id[0m[2m=[0m"att-fb643f1210f6" [3msession_id[0m[2m=[0m"s-e7c98262c769"
[backend] [2m2026-04-19T02:09:33.4803973+08:00[0m [32m INFO[0m ThreadId(07) [2mkoko::shell::媒体资产外壳[0m[2m:[0m 读取附件内容成功 [3musecase[0m[2m=[0m"读取附件内容" [3madapter[0m[2m=[0m"http" [3moutcome[0m[2m=[0m"succeeded" [3mrequest_kind[0m[2m=[0m"附件内容读取" [3mattachment_id[0m[2m=[0m"att-fb643f1210f6" [3msession_id[0m[2m=[0m"s-e7c98262c769"
[backend] [2m2026-04-19T02:09:35.1537367+08:00[0m [32m INFO[0m ThreadId(08) [2mkoko::shell::实时外壳[0m[2m:[0m realtime 连接已正常断开 [3musecase[0m[2m=[0m"实时连接断开" [3madapter[0m[2m=[0m"socketioxide" [3moutcome[0m[2m=[0m"dropped" [3msession_id[0m[2m=[0m"s-e7c98262c769" [3mdisconnect_reason[0m[2m=[0mclient has manually disconnected the socket from the namespace
[backend] [2m2026-04-19T02:09:35.7930231+08:00[0m [32m INFO[0m ThreadId(07) [2mkoko::shell::房间外壳[0m[2m:[0m HTTP 请求已受理 [3musecase[0m[2m=[0m"引导匿名身份" [3madapter[0m[2m=[0m"http" [3moutcome[0m[2m=[0m"accepted" [3mrequest_kind[0m[2m=[0m"匿名身份引导"
[backend] [2m2026-04-19T02:09:35.7981378+08:00[0m [32m INFO[0m ThreadId(07) [2mkoko::shell::房间外壳[0m[2m:[0m 引导匿名身份成功 [3musecase[0m[2m=[0m"引导匿名身份" [3madapter[0m[2m=[0m"http" [3moutcome[0m[2m=[0m"succeeded" [3mrequest_kind[0m[2m=[0m"匿名身份引导" [3msession_id[0m[2m=[0m"s-e7c98262c769"
[backend] [2m2026-04-19T02:09:35.9502368+08:00[0m [32m INFO[0m ThreadId(03) [2mkoko::shell::房间外壳[0m[2m:[0m HTTP 请求已受理 [3musecase[0m[2m=[0m"加载房间快照" [3madapter[0m[2m=[0m"http" [3moutcome[0m[2m=[0m"accepted" [3mrequest_kind[0m[2m=[0m"房间快照查询" [3mroom_id[0m[2m=[0m"r-3cdfd560046a" [3msession_id[0m[2m=[0m"s-e7c98262c769"
[backend] [2m2026-04-19T02:09:36.0017564+08:00[0m [32m INFO[0m ThreadId(03) [2mkoko::shell::房间外壳[0m[2m:[0m 加载房间快照成功 [3musecase[0m[2m=[0m"加载房间快照" [3madapter[0m[2m=[0m"http" [3moutcome[0m[2m=[0m"succeeded" [3mrequest_kind[0m[2m=[0m"房间快照查询" [3mroom_id[0m[2m=[0m"r-3cdfd560046a" [3msession_id[0m[2m=[0m"s-e7c98262c769" [3mevent_position[0m[2m=[0m18
[backend] [2m2026-04-19T02:09:36.2049642+08:00[0m [32m INFO[0m ThreadId(03) [2mkoko::shell::实时外壳[0m[2m:[0m realtime 连接认证已受理 [3musecase[0m[2m=[0m"实时连接认证" [3madapter[0m[2m=[0m"socketioxide" [3moutcome[0m[2m=[0m"accepted" [3msession_id[0m[2m=[0m"s-e7c98262c769"
[backend] [2m2026-04-19T02:09:36.2156338+08:00[0m [32m INFO[0m ThreadId(05) [2mkoko::shell::实时外壳[0m[2m:[0m realtime 连接认证成功 [3musecase[0m[2m=[0m"实时连接认证" [3madapter[0m[2m=[0m"socketioxide" [3moutcome[0m[2m=[0m"succeeded" [3msession_id[0m[2m=[0m"s-e7c98262c769"
[backend] [2m2026-04-19T02:09:36.2779528+08:00[0m [32m INFO[0m ThreadId(05) [2mkoko::shell::实时外壳[0m[2m:[0m realtime 订阅请求已受理 [3musecase[0m[2m=[0m"订阅房间事件流" [3madapter[0m[2m=[0m"socketioxide" [3moutcome[0m[2m=[0m"accepted" [3mroom_id[0m[2m=[0m"r-3cdfd560046a" [3msession_id[0m[2m=[0m"s-e7c98262c769" [3mfrom[0m[2m=[0m18
[backend] [2m2026-04-19T02:09:36.2789329+08:00[0m [32m INFO[0m ThreadId(05) [2mkoko::shell::实时外壳[0m[2m:[0m realtime 订阅请求已受理 [3musecase[0m[2m=[0m"订阅房间事件流" [3madapter[0m[2m=[0m"socketioxide" [3moutcome[0m[2m=[0m"accepted" [3mroom_id[0m[2m=[0m"r-3cdfd560046a" [3msession_id[0m[2m=[0m"s-e7c98262c769" [3mfrom[0m[2m=[0m18
[backend] [2m2026-04-19T02:09:36.2954217+08:00[0m [32m INFO[0m ThreadId(03) [2mkoko::shell::媒体资产外壳[0m[2m:[0m HTTP 请求已受理 [3musecase[0m[2m=[0m"读取附件内容" [3madapter[0m[2m=[0m"http" [3moutcome[0m[2m=[0m"accepted" [3mrequest_kind[0m[2m=[0m"附件内容读取" [3mattachment_id[0m[2m=[0m"att-ac7a1188a600" [3msession_id[0m[2m=[0m"s-e7c98262c769"
[backend] [2m2026-04-19T02:09:36.2983744+08:00[0m [32m INFO[0m ThreadId(05) [2mkoko::shell::媒体资产外壳[0m[2m:[0m HTTP 请求已受理 [3musecase[0m[2m=[0m"读取附件内容" [3madapter[0m[2m=[0m"http" [3moutcome[0m[2m=[0m"accepted" [3mrequest_kind[0m[2m=[0m"附件内容读取" [3mattachment_id[0m[2m=[0m"att-961d957a1877" [3msession_id[0m[2m=[0m"s-e7c98262c769"
[backend] [2m2026-04-19T02:09:36.2990653+08:00[0m [32m INFO[0m ThreadId(12) [2mkoko::shell::媒体资产外壳[0m[2m:[0m HTTP 请求已受理 [3musecase[0m[2m=[0m"读取附件内容" [3madapter[0m[2m=[0m"http" [3moutcome[0m[2m=[0m"accepted" [3mrequest_kind[0m[2m=[0m"附件内容读取" [3mattachment_id[0m[2m=[0m"att-8d44cbfede62" [3msession_id[0m[2m=[0m"s-e7c98262c769"
[backend] [2m2026-04-19T02:09:36.299049+08:00[0m [32m INFO[0m ThreadId(03) [2mkoko::shell::媒体资产外壳[0m[2m:[0m HTTP 请求已受理 [3musecase[0m[2m=[0m"读取附件内容" [3madapter[0m[2m=[0m"http" [3moutcome[0m[2m=[0m"accepted" [3mrequest_kind[0m[2m=[0m"附件内容读取" [3mattachment_id[0m[2m=[0m"att-2d964b96c071" [3msession_id[0m[2m=[0m"s-e7c98262c769"
[backend] [2m2026-04-19T02:09:36.2997026+08:00[0m [32m INFO[0m ThreadId(05) [2mkoko::shell::媒体资产外壳[0m[2m:[0m HTTP 请求已受理 [3musecase[0m[2m=[0m"读取附件内容" [3madapter[0m[2m=[0m"http" [3moutcome[0m[2m=[0m"accepted" [3mrequest_kind[0m[2m=[0m"附件内容读取" [3mattachment_id[0m[2m=[0m"att-681e5b27b0c2" [3msession_id[0m[2m=[0m"s-e7c98262c769"
[backend] [2m2026-04-19T02:09:36.3117066+08:00[0m [32m INFO[0m ThreadId(07) [2mkoko::shell::实时外壳[0m[2m:[0m 订阅房间事件流成功 [3musecase[0m[2m=[0m"订阅房间事件流" [3madapter[0m[2m=[0m"socketioxide" [3moutcome[0m[2m=[0m"succeeded" [3mroom_id[0m[2m=[0m"r-3cdfd560046a" [3msession_id[0m[2m=[0m"s-e7c98262c769" [3mfrom[0m[2m=[0m18 [3mevent_position[0m[2m=[0m18
[backend] [2m2026-04-19T02:09:36.3133345+08:00[0m [32m INFO[0m ThreadId(05) [2mkoko::shell::实时外壳[0m[2m:[0m 订阅房间事件流成功 [3musecase[0m[2m=[0m"订阅房间事件流" [3madapter[0m[2m=[0m"socketioxide" [3moutcome[0m[2m=[0m"succeeded" [3mroom_id[0m[2m=[0m"r-3cdfd560046a" [3msession_id[0m[2m=[0m"s-e7c98262c769" [3mfrom[0m[2m=[0m18 [3mevent_position[0m[2m=[0m18
[backend] [2m2026-04-19T02:09:36.3498992+08:00[0m [32m INFO[0m ThreadId(05) [2mkoko::shell::媒体资产外壳[0m[2m:[0m HTTP 请求已受理 [3musecase[0m[2m=[0m"读取附件内容" [3madapter[0m[2m=[0m"http" [3moutcome[0m[2m=[0m"accepted" [3mrequest_kind[0m[2m=[0m"附件内容读取" [3mattachment_id[0m[2m=[0m"att-69182d17260b" [3msession_id[0m[2m=[0m"s-e7c98262c769"
[backend] [2m2026-04-19T02:09:36.352006+08:00[0m [32m INFO[0m ThreadId(05) [2mkoko::shell::媒体资产外壳[0m[2m:[0m 读取附件内容成功 [3musecase[0m[2m=[0m"读取附件内容" [3madapter[0m[2m=[0m"http" [3moutcome[0m[2m=[0m"succeeded" [3mrequest_kind[0m[2m=[0m"附件内容读取" [3mattachment_id[0m[2m=[0m"att-681e5b27b0c2" [3msession_id[0m[2m=[0m"s-e7c98262c769"
[backend] [2m2026-04-19T02:09:36.3632562+08:00[0m [32m INFO[0m ThreadId(05) [2mkoko::shell::媒体资产外壳[0m[2m:[0m 读取附件内容成功 [3musecase[0m[2m=[0m"读取附件内容" [3madapter[0m[2m=[0m"http" [3moutcome[0m[2m=[0m"succeeded" [3mrequest_kind[0m[2m=[0m"附件内容读取" [3mattachment_id[0m[2m=[0m"att-69182d17260b" [3msession_id[0m[2m=[0m"s-e7c98262c769"
[backend] [2m2026-04-19T02:09:36.3709452+08:00[0m [32m INFO[0m ThreadId(05) [2mkoko::shell::媒体资产外壳[0m[2m:[0m HTTP 请求已受理 [3musecase[0m[2m=[0m"读取附件内容" [3madapter[0m[2m=[0m"http" [3moutcome[0m[2m=[0m"accepted" [3mrequest_kind[0m[2m=[0m"附件内容读取" [3mattachment_id[0m[2m=[0m"att-d1739ba9773f" [3msession_id[0m[2m=[0m"s-e7c98262c769"
[backend] [2m2026-04-19T02:09:36.3799338+08:00[0m [32m INFO[0m ThreadId(05) [2mkoko::shell::媒体资产外壳[0m[2m:[0m HTTP 请求已受理 [3musecase[0m[2m=[0m"读取附件内容" [3madapter[0m[2m=[0m"http" [3moutcome[0m[2m=[0m"accepted" [3mrequest_kind[0m[2m=[0m"附件内容读取" [3mattachment_id[0m[2m=[0m"att-6727d0dfb7aa" [3msession_id[0m[2m=[0m"s-e7c98262c769"
[backend] [2m2026-04-19T02:09:36.3937004+08:00[0m [32m INFO[0m ThreadId(08) [2mkoko::shell::媒体资产外壳[0m[2m:[0m 读取附件内容成功 [3musecase[0m[2m=[0m"读取附件内容" [3madapter[0m[2m=[0m"http" [3moutcome[0m[2m=[0m"succeeded" [3mrequest_kind[0m[2m=[0m"附件内容读取" [3mattachment_id[0m[2m=[0m"att-6727d0dfb7aa" [3msession_id[0m[2m=[0m"s-e7c98262c769"
[backend] [2m2026-04-19T02:09:36.4091728+08:00[0m [32m INFO[0m ThreadId(05) [2mkoko::shell::媒体资产外壳[0m[2m:[0m 读取附件内容成功 [3musecase[0m[2m=[0m"读取附件内容" [3madapter[0m[2m=[0m"http" [3moutcome[0m[2m=[0m"succeeded" [3mrequest_kind[0m[2m=[0m"附件内容读取" [3mattachment_id[0m[2m=[0m"att-d1739ba9773f" [3msession_id[0m[2m=[0m"s-e7c98262c769"
[backend] [2m2026-04-19T02:09:36.4137041+08:00[0m [32m INFO[0m ThreadId(08) [2mkoko::shell::媒体资产外壳[0m[2m:[0m HTTP 请求已受理 [3musecase[0m[2m=[0m"读取附件内容" [3madapter[0m[2m=[0m"http" [3moutcome[0m[2m=[0m"accepted" [3mrequest_kind[0m[2m=[0m"附件内容读取" [3mattachment_id[0m[2m=[0m"att-fb643f1210f6" [3msession_id[0m[2m=[0m"s-e7c98262c769"
[backend] [2m2026-04-19T02:09:36.4400715+08:00[0m [32m INFO[0m ThreadId(05) [2mkoko::shell::媒体资产外壳[0m[2m:[0m 读取附件内容成功 [3musecase[0m[2m=[0m"读取附件内容" [3madapter[0m[2m=[0m"http" [3moutcome[0m[2m=[0m"succeeded" [3mrequest_kind[0m[2m=[0m"附件内容读取" [3mattachment_id[0m[2m=[0m"att-fb643f1210f6" [3msession_id[0m[2m=[0m"s-e7c98262c769"
[backend] [2m2026-04-19T02:09:36.8566081+08:00[0m [32m INFO[0m ThreadId(08) [2mkoko::shell::媒体资产外壳[0m[2m:[0m 读取附件内容成功 [3musecase[0m[2m=[0m"读取附件内容" [3madapter[0m[2m=[0m"http" [3moutcome[0m[2m=[0m"succeeded" [3mrequest_kind[0m[2m=[0m"附件内容读取" [3mattachment_id[0m[2m=[0m"att-2d964b96c071" [3msession_id[0m[2m=[0m"s-e7c98262c769"
[backend] [2m2026-04-19T02:09:36.8660797+08:00[0m [32m INFO[0m ThreadId(08) [2mkoko::shell::媒体资产外壳[0m[2m:[0m 读取附件内容成功 [3musecase[0m[2m=[0m"读取附件内容" [3madapter[0m[2m=[0m"http" [3moutcome[0m[2m=[0m"succeeded" [3mrequest_kind[0m[2m=[0m"附件内容读取" [3mattachment_id[0m[2m=[0m"att-961d957a1877" [3msession_id[0m[2m=[0m"s-e7c98262c769"
[backend] [2m2026-04-19T02:09:36.879153+08:00[0m [32m INFO[0m ThreadId(03) [2mkoko::shell::媒体资产外壳[0m[2m:[0m HTTP 请求已受理 [3musecase[0m[2m=[0m"读取附件内容" [3madapter[0m[2m=[0m"http" [3moutcome[0m[2m=[0m"accepted" [3mrequest_kind[0m[2m=[0m"附件内容读取" [3mattachment_id[0m[2m=[0m"att-fb643f1210f6" [3msession_id[0m[2m=[0m"s-e7c98262c769"
[backend] [2m2026-04-19T02:09:36.897859+08:00[0m [32m INFO[0m ThreadId(12) [2mkoko::shell::媒体资产外壳[0m[2m:[0m 读取附件内容成功 [3musecase[0m[2m=[0m"读取附件内容" [3madapter[0m[2m=[0m"http" [3moutcome[0m[2m=[0m"succeeded" [3mrequest_kind[0m[2m=[0m"附件内容读取" [3mattachment_id[0m[2m=[0m"att-fb643f1210f6" [3msession_id[0m[2m=[0m"s-e7c98262c769"
[backend] [2m2026-04-19T02:09:36.9222024+08:00[0m [32m INFO[0m ThreadId(05) [2mkoko::shell::媒体资产外壳[0m[2m:[0m 读取附件内容成功 [3musecase[0m[2m=[0m"读取附件内容" [3madapter[0m[2m=[0m"http" [3moutcome[0m[2m=[0m"succeeded" [3mrequest_kind[0m[2m=[0m"附件内容读取" [3mattachment_id[0m[2m=[0m"att-8d44cbfede62" [3msession_id[0m[2m=[0m"s-e7c98262c769"
[backend] [2m2026-04-19T02:09:36.9283382+08:00[0m [32m INFO[0m ThreadId(05) [2mkoko::shell::媒体资产外壳[0m[2m:[0m 读取附件内容成功 [3musecase[0m[2m=[0m"读取附件内容" [3madapter[0m[2m=[0m"http" [3moutcome[0m[2m=[0m"succeeded" [3mrequest_kind[0m[2m=[0m"附件内容读取" [3mattachment_id[0m[2m=[0m"att-ac7a1188a600" [3msession_id[0m[2m=[0m"s-e7c98262c769"
[backend] [2m2026-04-19T02:09:36.9540563+08:00[0m [32m INFO[0m ThreadId(03) [2mkoko::shell::媒体资产外壳[0m[2m:[0m HTTP 请求已受理 [3musecase[0m[2m=[0m"读取附件内容" [3madapter[0m[2m=[0m"http" [3moutcome[0m[2m=[0m"accepted" [3mrequest_kind[0m[2m=[0m"附件内容读取" [3mattachment_id[0m[2m=[0m"att-fb643f1210f6" [3msession_id[0m[2m=[0m"s-e7c98262c769"
[backend] [2m2026-04-19T02:09:37.0018545+08:00[0m [32m INFO[0m ThreadId(03) [2mkoko::shell::媒体资产外壳[0m[2m:[0m 读取附件内容成功 [3musecase[0m[2m=[0m"读取附件内容" [3madapter[0m[2m=[0m"http" [3moutcome[0m[2m=[0m"succeeded" [3mrequest_kind[0m[2m=[0m"附件内容读取" [3mattachment_id[0m[2m=[0m"att-fb643f1210f6" [3msession_id[0m[2m=[0m"s-e7c98262c769"
[backend] [2m2026-04-19T02:09:47.569723+08:00[0m [32m INFO[0m ThreadId(05) [2mkoko::shell::房间外壳[0m[2m:[0m HTTP 请求已受理 [3musecase[0m[2m=[0m"引导匿名身份" [3madapter[0m[2m=[0m"http" [3moutcome[0m[2m=[0m"accepted" [3mrequest_kind[0m[2m=[0m"匿名身份引导"
[backend] [2m2026-04-19T02:09:47.5907553+08:00[0m [32m INFO[0m ThreadId(03) [2mkoko::shell::房间外壳[0m[2m:[0m 引导匿名身份成功 [3musecase[0m[2m=[0m"引导匿名身份" [3madapter[0m[2m=[0m"http" [3moutcome[0m[2m=[0m"succeeded" [3mrequest_kind[0m[2m=[0m"匿名身份引导" [3msession_id[0m[2m=[0m"s-b8640d691e68"
[backend] [2m2026-04-19T02:09:47.7691511+08:00[0m [32m INFO[0m ThreadId(12) [2mkoko::shell::实时外壳[0m[2m:[0m realtime 连接认证已受理 [3musecase[0m[2m=[0m"实时连接认证" [3madapter[0m[2m=[0m"socketioxide" [3moutcome[0m[2m=[0m"accepted" [3msession_id[0m[2m=[0m"s-b8640d691e68"
[backend] [2m2026-04-19T02:09:47.7709368+08:00[0m [32m INFO[0m ThreadId(03) [2mkoko::shell::实时外壳[0m[2m:[0m realtime 连接认证成功 [3musecase[0m[2m=[0m"实时连接认证" [3madapter[0m[2m=[0m"socketioxide" [3moutcome[0m[2m=[0m"succeeded" [3msession_id[0m[2m=[0m"s-b8640d691e68"
[backend] [2m2026-04-19T02:09:49.3465111+08:00[0m [32m INFO[0m ThreadId(05) [2mkoko::shell::房间外壳[0m[2m:[0m HTTP 请求已受理 [3musecase[0m[2m=[0m"按短码进房或建房" [3madapter[0m[2m=[0m"http" [3moutcome[0m[2m=[0m"accepted" [3mrequest_kind[0m[2m=[0m"短码进房或建房" [3msession_id[0m[2m=[0m"s-b8640d691e68"
[backend] [2m2026-04-19T02:09:49.3707815+08:00[0m [32m INFO[0m ThreadId(05) [2mkoko::shell::房间外壳[0m[2m:[0m 按短码进房或建房成功 [3musecase[0m[2m=[0m"按短码进房或建房" [3madapter[0m[2m=[0m"http" [3moutcome[0m[2m=[0m"succeeded" [3mrequest_kind[0m[2m=[0m"短码进房或建房" [3msession_id[0m[2m=[0m"s-b8640d691e68" [3mroom_id[0m[2m=[0m"r-3cdfd560046a" [3mevent_position[0m[2m=[0m18
[backend] [2m2026-04-19T02:09:49.3869383+08:00[0m [32m INFO[0m ThreadId(05) [2mkoko::shell::实时外壳[0m[2m:[0m realtime 订阅请求已受理 [3musecase[0m[2m=[0m"订阅房间事件流" [3madapter[0m[2m=[0m"socketioxide" [3moutcome[0m[2m=[0m"accepted" [3mroom_id[0m[2m=[0m"r-3cdfd560046a" [3msession_id[0m[2m=[0m"s-b8640d691e68" [3mfrom[0m[2m=[0m18
[backend] [2m2026-04-19T02:09:49.4087805+08:00[0m [32m INFO[0m ThreadId(05) [2mkoko::shell::实时外壳[0m[2m:[0m 订阅房间事件流成功 [3musecase[0m[2m=[0m"订阅房间事件流" [3madapter[0m[2m=[0m"socketioxide" [3moutcome[0m[2m=[0m"succeeded" [3mroom_id[0m[2m=[0m"r-3cdfd560046a" [3msession_id[0m[2m=[0m"s-b8640d691e68" [3mfrom[0m[2m=[0m18 [3mevent_position[0m[2m=[0m18
[backend] [2m2026-04-19T02:09:49.5083445+08:00[0m [32m INFO[0m ThreadId(03) [2mkoko::shell::媒体资产外壳[0m[2m:[0m HTTP 请求已受理 [3musecase[0m[2m=[0m"读取附件内容" [3madapter[0m[2m=[0m"http" [3moutcome[0m[2m=[0m"accepted" [3mrequest_kind[0m[2m=[0m"附件内容读取" [3mattachment_id[0m[2m=[0m"att-961d957a1877" [3msession_id[0m[2m=[0m"s-b8640d691e68"
[backend] [2m2026-04-19T02:09:49.508681+08:00[0m [32m INFO[0m ThreadId(05) [2mkoko::shell::媒体资产外壳[0m[2m:[0m HTTP 请求已受理 [3musecase[0m[2m=[0m"读取附件内容" [3madapter[0m[2m=[0m"http" [3moutcome[0m[2m=[0m"accepted" [3mrequest_kind[0m[2m=[0m"附件内容读取" [3mattachment_id[0m[2m=[0m"att-8d44cbfede62" [3msession_id[0m[2m=[0m"s-b8640d691e68"
[backend] [2m2026-04-19T02:09:49.5102306+08:00[0m [32m INFO[0m ThreadId(08) [2mkoko::shell::媒体资产外壳[0m[2m:[0m HTTP 请求已受理 [3musecase[0m[2m=[0m"读取附件内容" [3madapter[0m[2m=[0m"http" [3moutcome[0m[2m=[0m"accepted" [3mrequest_kind[0m[2m=[0m"附件内容读取" [3mattachment_id[0m[2m=[0m"att-2d964b96c071" [3msession_id[0m[2m=[0m"s-b8640d691e68"
[backend] [2m2026-04-19T02:09:49.5102305+08:00[0m [32m INFO[0m ThreadId(03) [2mkoko::shell::媒体资产外壳[0m[2m:[0m HTTP 请求已受理 [3musecase[0m[2m=[0m"读取附件内容" [3madapter[0m[2m=[0m"http" [3moutcome[0m[2m=[0m"accepted" [3mrequest_kind[0m[2m=[0m"附件内容读取" [3mattachment_id[0m[2m=[0m"att-681e5b27b0c2" [3msession_id[0m[2m=[0m"s-b8640d691e68"
[backend] [2m2026-04-19T02:09:49.5110711+08:00[0m [32m INFO[0m ThreadId(05) [2mkoko::shell::媒体资产外壳[0m[2m:[0m HTTP 请求已受理 [3musecase[0m[2m=[0m"读取附件内容" [3madapter[0m[2m=[0m"http" [3moutcome[0m[2m=[0m"accepted" [3mrequest_kind[0m[2m=[0m"附件内容读取" [3mattachment_id[0m[2m=[0m"att-ac7a1188a600" [3msession_id[0m[2m=[0m"s-b8640d691e68"
[backend] [2m2026-04-19T02:09:49.520349+08:00[0m [32m INFO[0m ThreadId(12) [2mkoko::shell::媒体资产外壳[0m[2m:[0m 读取附件内容成功 [3musecase[0m[2m=[0m"读取附件内容" [3madapter[0m[2m=[0m"http" [3moutcome[0m[2m=[0m"succeeded" [3mrequest_kind[0m[2m=[0m"附件内容读取" [3mattachment_id[0m[2m=[0m"att-8d44cbfede62" [3msession_id[0m[2m=[0m"s-b8640d691e68"
[backend] [2m2026-04-19T02:09:49.5203658+08:00[0m [32m INFO[0m ThreadId(03) [2mkoko::shell::媒体资产外壳[0m[2m:[0m 读取附件内容成功 [3musecase[0m[2m=[0m"读取附件内容" [3madapter[0m[2m=[0m"http" [3moutcome[0m[2m=[0m"succeeded" [3mrequest_kind[0m[2m=[0m"附件内容读取" [3mattachment_id[0m[2m=[0m"att-ac7a1188a600" [3msession_id[0m[2m=[0m"s-b8640d691e68"
[backend] [2m2026-04-19T02:09:49.5223759+08:00[0m [32m INFO[0m ThreadId(12) [2mkoko::shell::媒体资产外壳[0m[2m:[0m 读取附件内容成功 [3musecase[0m[2m=[0m"读取附件内容" [3madapter[0m[2m=[0m"http" [3moutcome[0m[2m=[0m"succeeded" [3mrequest_kind[0m[2m=[0m"附件内容读取" [3mattachment_id[0m[2m=[0m"att-2d964b96c071" [3msession_id[0m[2m=[0m"s-b8640d691e68"
[backend] [2m2026-04-19T02:09:49.5360004+08:00[0m [32m INFO[0m ThreadId(05) [2mkoko::shell::媒体资产外壳[0m[2m:[0m HTTP 请求已受理 [3musecase[0m[2m=[0m"读取附件内容" [3madapter[0m[2m=[0m"http" [3moutcome[0m[2m=[0m"accepted" [3mrequest_kind[0m[2m=[0m"附件内容读取" [3mattachment_id[0m[2m=[0m"att-d1739ba9773f" [3msession_id[0m[2m=[0m"s-b8640d691e68"
[backend] [2m2026-04-19T02:09:49.5466276+08:00[0m [32m INFO[0m ThreadId(05) [2mkoko::shell::媒体资产外壳[0m[2m:[0m HTTP 请求已受理 [3musecase[0m[2m=[0m"读取附件内容" [3madapter[0m[2m=[0m"http" [3moutcome[0m[2m=[0m"accepted" [3mrequest_kind[0m[2m=[0m"附件内容读取" [3mattachment_id[0m[2m=[0m"att-6727d0dfb7aa" [3msession_id[0m[2m=[0m"s-b8640d691e68"
[backend] [2m2026-04-19T02:09:49.5484613+08:00[0m [32m INFO[0m ThreadId(05) [2mkoko::shell::媒体资产外壳[0m[2m:[0m HTTP 请求已受理 [3musecase[0m[2m=[0m"读取附件内容" [3madapter[0m[2m=[0m"http" [3moutcome[0m[2m=[0m"accepted" [3mrequest_kind[0m[2m=[0m"附件内容读取" [3mattachment_id[0m[2m=[0m"att-fb643f1210f6" [3msession_id[0m[2m=[0m"s-b8640d691e68"
[backend] [2m2026-04-19T02:09:49.5486883+08:00[0m [32m INFO[0m ThreadId(03) [2mkoko::shell::媒体资产外壳[0m[2m:[0m 读取附件内容成功 [3musecase[0m[2m=[0m"读取附件内容" [3madapter[0m[2m=[0m"http" [3moutcome[0m[2m=[0m"succeeded" [3mrequest_kind[0m[2m=[0m"附件内容读取" [3mattachment_id[0m[2m=[0m"att-681e5b27b0c2" [3msession_id[0m[2m=[0m"s-b8640d691e68"
[backend] [2m2026-04-19T02:09:49.550871+08:00[0m [32m INFO[0m ThreadId(05) [2mkoko::shell::媒体资产外壳[0m[2m:[0m 读取附件内容成功 [3musecase[0m[2m=[0m"读取附件内容" [3madapter[0m[2m=[0m"http" [3moutcome[0m[2m=[0m"succeeded" [3mrequest_kind[0m[2m=[0m"附件内容读取" [3mattachment_id[0m[2m=[0m"att-d1739ba9773f" [3msession_id[0m[2m=[0m"s-b8640d691e68"
[backend] [2m2026-04-19T02:09:49.551626+08:00[0m [32m INFO[0m ThreadId(03) [2mkoko::shell::媒体资产外壳[0m[2m:[0m 读取附件内容成功 [3musecase[0m[2m=[0m"读取附件内容" [3madapter[0m[2m=[0m"http" [3moutcome[0m[2m=[0m"succeeded" [3mrequest_kind[0m[2m=[0m"附件内容读取" [3mattachment_id[0m[2m=[0m"att-961d957a1877" [3msession_id[0m[2m=[0m"s-b8640d691e68"
[backend] [2m2026-04-19T02:09:49.5580666+08:00[0m [32m INFO[0m ThreadId(03) [2mkoko::shell::媒体资产外壳[0m[2m:[0m 读取附件内容成功 [3musecase[0m[2m=[0m"读取附件内容" [3madapter[0m[2m=[0m"http" [3moutcome[0m[2m=[0m"succeeded" [3mrequest_kind[0m[2m=[0m"附件内容读取" [3mattachment_id[0m[2m=[0m"att-fb643f1210f6" [3msession_id[0m[2m=[0m"s-b8640d691e68"
[backend] [2m2026-04-19T02:09:49.5696717+08:00[0m [32m INFO[0m ThreadId(03) [2mkoko::shell::媒体资产外壳[0m[2m:[0m 读取附件内容成功 [3musecase[0m[2m=[0m"读取附件内容" [3madapter[0m[2m=[0m"http" [3moutcome[0m[2m=[0m"succeeded" [3mrequest_kind[0m[2m=[0m"附件内容读取" [3mattachment_id[0m[2m=[0m"att-6727d0dfb7aa" [3msession_id[0m[2m=[0m"s-b8640d691e68"
[backend] [2m2026-04-19T02:09:49.9182299+08:00[0m [32m INFO[0m ThreadId(12) [2mkoko::shell::房间外壳[0m[2m:[0m HTTP 请求已受理 [3musecase[0m[2m=[0m"推进房间阅读位置" [3madapter[0m[2m=[0m"http" [3moutcome[0m[2m=[0m"accepted" [3mrequest_kind[0m[2m=[0m"房间阅读位置推进" [3mroom_id[0m[2m=[0m"r-3cdfd560046a" [3msession_id[0m[2m=[0m"s-b8640d691e68" [3mevent_position[0m[2m=[0m18
[backend] [2m2026-04-19T02:09:49.9415348+08:00[0m [32m INFO[0m ThreadId(12) [2mkoko::shell::房间外壳[0m[2m:[0m 推进房间阅读位置成功 [3musecase[0m[2m=[0m"推进房间阅读位置" [3madapter[0m[2m=[0m"http" [3moutcome[0m[2m=[0m"succeeded" [3mrequest_kind[0m[2m=[0m"房间阅读位置推进" [3mroom_id[0m[2m=[0m"r-3cdfd560046a" [3msession_id[0m[2m=[0m"s-b8640d691e68" [3mevent_position[0m[2m=[0m18
[backend] [2m2026-04-19T02:10:01.4563795+08:00[0m [32m INFO[0m ThreadId(12) [2mkoko::shell::实时外壳[0m[2m:[0m realtime 连接已正常断开 [3musecase[0m[2m=[0m"实时连接断开" [3madapter[0m[2m=[0m"socketioxide" [3moutcome[0m[2m=[0m"dropped" [3msession_id[0m[2m=[0m"s-b8640d691e68" [3mdisconnect_reason[0m[2m=[0mclient has manually disconnected the socket from the namespace
[backend] [2m2026-04-19T02:10:01.6724759+08:00[0m [32m INFO[0m ThreadId(05) [2mkoko::shell::房间外壳[0m[2m:[0m HTTP 请求已受理 [3musecase[0m[2m=[0m"引导匿名身份" [3madapter[0m[2m=[0m"http" [3moutcome[0m[2m=[0m"accepted" [3mrequest_kind[0m[2m=[0m"匿名身份引导"
[backend] [2m2026-04-19T02:10:01.6797472+08:00[0m [32m INFO[0m ThreadId(12) [2mkoko::shell::房间外壳[0m[2m:[0m 引导匿名身份成功 [3musecase[0m[2m=[0m"引导匿名身份" [3madapter[0m[2m=[0m"http" [3moutcome[0m[2m=[0m"succeeded" [3mrequest_kind[0m[2m=[0m"匿名身份引导" [3msession_id[0m[2m=[0m"s-b8640d691e68"
[backend] [2m2026-04-19T02:10:01.7284715+08:00[0m [32m INFO[0m ThreadId(12) [2mkoko::shell::房间外壳[0m[2m:[0m HTTP 请求已受理 [3musecase[0m[2m=[0m"加载房间快照" [3madapter[0m[2m=[0m"http" [3moutcome[0m[2m=[0m"accepted" [3mrequest_kind[0m[2m=[0m"房间快照查询" [3mroom_id[0m[2m=[0m"r-3cdfd560046a" [3msession_id[0m[2m=[0m"s-b8640d691e68"
[backend] [2m2026-04-19T02:10:01.7335823+08:00[0m [32m INFO[0m ThreadId(12) [2mkoko::shell::实时外壳[0m[2m:[0m realtime 连接认证已受理 [3musecase[0m[2m=[0m"实时连接认证" [3madapter[0m[2m=[0m"socketioxide" [3moutcome[0m[2m=[0m"accepted" [3msession_id[0m[2m=[0m"s-b8640d691e68"
[backend] [2m2026-04-19T02:10:01.7349293+08:00[0m [32m INFO[0m ThreadId(08) [2mkoko::shell::实时外壳[0m[2m:[0m realtime 连接认证成功 [3musecase[0m[2m=[0m"实时连接认证" [3madapter[0m[2m=[0m"socketioxide" [3moutcome[0m[2m=[0m"succeeded" [3msession_id[0m[2m=[0m"s-b8640d691e68"
[backend] [2m2026-04-19T02:10:01.7413874+08:00[0m [32m INFO[0m ThreadId(03) [2mkoko::shell::实时外壳[0m[2m:[0m realtime 订阅请求已受理 [3musecase[0m[2m=[0m"订阅房间事件流" [3madapter[0m[2m=[0m"socketioxide" [3moutcome[0m[2m=[0m"accepted" [3mroom_id[0m[2m=[0m"r-3cdfd560046a" [3msession_id[0m[2m=[0m"s-b8640d691e68" [3mfrom[0m[2m=[0m0
[backend] [2m2026-04-19T02:10:01.7654508+08:00[0m [32m INFO[0m ThreadId(08) [2mkoko::shell::房间外壳[0m[2m:[0m 加载房间快照成功 [3musecase[0m[2m=[0m"加载房间快照" [3madapter[0m[2m=[0m"http" [3moutcome[0m[2m=[0m"succeeded" [3mrequest_kind[0m[2m=[0m"房间快照查询" [3mroom_id[0m[2m=[0m"r-3cdfd560046a" [3msession_id[0m[2m=[0m"s-b8640d691e68" [3mevent_position[0m[2m=[0m18
[backend] [2m2026-04-19T02:10:01.7668273+08:00[0m [32m INFO[0m ThreadId(03) [2mkoko::shell::实时外壳[0m[2m:[0m 订阅房间事件流成功 [3musecase[0m[2m=[0m"订阅房间事件流" [3madapter[0m[2m=[0m"socketioxide" [3moutcome[0m[2m=[0m"succeeded" [3mroom_id[0m[2m=[0m"r-3cdfd560046a" [3msession_id[0m[2m=[0m"s-b8640d691e68" [3mfrom[0m[2m=[0m0 [3mevent_position[0m[2m=[0m18
[backend] [2m2026-04-19T02:10:01.7986845+08:00[0m [32m INFO[0m ThreadId(08) [2mkoko::shell::实时外壳[0m[2m:[0m realtime 订阅请求已受理 [3musecase[0m[2m=[0m"订阅房间事件流" [3madapter[0m[2m=[0m"socketioxide" [3moutcome[0m[2m=[0m"accepted" [3mroom_id[0m[2m=[0m"r-3cdfd560046a" [3msession_id[0m[2m=[0m"s-b8640d691e68" [3mfrom[0m[2m=[0m18
[backend] [2m2026-04-19T02:10:01.8080683+08:00[0m [32m INFO[0m ThreadId(05) [2mkoko::shell::实时外壳[0m[2m:[0m 订阅房间事件流成功 [3musecase[0m[2m=[0m"订阅房间事件流" [3madapter[0m[2m=[0m"socketioxide" [3moutcome[0m[2m=[0m"succeeded" [3mroom_id[0m[2m=[0m"r-3cdfd560046a" [3msession_id[0m[2m=[0m"s-b8640d691e68" [3mfrom[0m[2m=[0m18 [3mevent_position[0m[2m=[0m18
[backend] [2m2026-04-19T02:10:01.8204733+08:00[0m [32m INFO[0m ThreadId(12) [2mkoko::shell::媒体资产外壳[0m[2m:[0m HTTP 请求已受理 [3musecase[0m[2m=[0m"读取附件内容" [3madapter[0m[2m=[0m"http" [3moutcome[0m[2m=[0m"accepted" [3mrequest_kind[0m[2m=[0m"附件内容读取" [3mattachment_id[0m[2m=[0m"att-961d957a1877" [3msession_id[0m[2m=[0m"s-b8640d691e68"
[backend] [2m2026-04-19T02:10:01.8217474+08:00[0m [32m INFO[0m ThreadId(12) [2mkoko::shell::媒体资产外壳[0m[2m:[0m HTTP 请求已受理 [3musecase[0m[2m=[0m"读取附件内容" [3madapter[0m[2m=[0m"http" [3moutcome[0m[2m=[0m"accepted" [3mrequest_kind[0m[2m=[0m"附件内容读取" [3mattachment_id[0m[2m=[0m"att-2d964b96c071" [3msession_id[0m[2m=[0m"s-b8640d691e68"
[backend] [2m2026-04-19T02:10:01.8218883+08:00[0m [32m INFO[0m ThreadId(08) [2mkoko::shell::媒体资产外壳[0m[2m:[0m HTTP 请求已受理 [3musecase[0m[2m=[0m"读取附件内容" [3madapter[0m[2m=[0m"http" [3moutcome[0m[2m=[0m"accepted" [3mrequest_kind[0m[2m=[0m"附件内容读取" [3mattachment_id[0m[2m=[0m"att-8d44cbfede62" [3msession_id[0m[2m=[0m"s-b8640d691e68"
[backend] [2m2026-04-19T02:10:01.8222203+08:00[0m [32m INFO[0m ThreadId(05) [2mkoko::shell::媒体资产外壳[0m[2m:[0m HTTP 请求已受理 [3musecase[0m[2m=[0m"读取附件内容" [3madapter[0m[2m=[0m"http" [3moutcome[0m[2m=[0m"accepted" [3mrequest_kind[0m[2m=[0m"附件内容读取" [3mattachment_id[0m[2m=[0m"att-681e5b27b0c2" [3msession_id[0m[2m=[0m"s-b8640d691e68"
[backend] [2m2026-04-19T02:10:01.8339636+08:00[0m [32m INFO[0m ThreadId(12) [2mkoko::shell::媒体资产外壳[0m[2m:[0m HTTP 请求已受理 [3musecase[0m[2m=[0m"读取附件内容" [3madapter[0m[2m=[0m"http" [3moutcome[0m[2m=[0m"accepted" [3mrequest_kind[0m[2m=[0m"附件内容读取" [3mattachment_id[0m[2m=[0m"att-d1739ba9773f" [3msession_id[0m[2m=[0m"s-b8640d691e68"
[backend] [2m2026-04-19T02:10:01.8347397+08:00[0m [32m INFO[0m ThreadId(05) [2mkoko::shell::媒体资产外壳[0m[2m:[0m HTTP 请求已受理 [3musecase[0m[2m=[0m"读取附件内容" [3madapter[0m[2m=[0m"http" [3moutcome[0m[2m=[0m"accepted" [3mrequest_kind[0m[2m=[0m"附件内容读取" [3mattachment_id[0m[2m=[0m"att-6727d0dfb7aa" [3msession_id[0m[2m=[0m"s-b8640d691e68"
[backend] [2m2026-04-19T02:10:01.8355189+08:00[0m [32m INFO[0m ThreadId(03) [2mkoko::shell::媒体资产外壳[0m[2m:[0m 读取附件内容成功 [3musecase[0m[2m=[0m"读取附件内容" [3madapter[0m[2m=[0m"http" [3moutcome[0m[2m=[0m"succeeded" [3mrequest_kind[0m[2m=[0m"附件内容读取" [3mattachment_id[0m[2m=[0m"att-2d964b96c071" [3msession_id[0m[2m=[0m"s-b8640d691e68"
[backend] [2m2026-04-19T02:10:01.8380122+08:00[0m [32m INFO[0m ThreadId(05) [2mkoko::shell::媒体资产外壳[0m[2m:[0m 读取附件内容成功 [3musecase[0m[2m=[0m"读取附件内容" [3madapter[0m[2m=[0m"http" [3moutcome[0m[2m=[0m"succeeded" [3mrequest_kind[0m[2m=[0m"附件内容读取" [3mattachment_id[0m[2m=[0m"att-961d957a1877" [3msession_id[0m[2m=[0m"s-b8640d691e68"
[backend] [2m2026-04-19T02:10:01.8382425+08:00[0m [32m INFO[0m ThreadId(03) [2mkoko::shell::媒体资产外壳[0m[2m:[0m 读取附件内容成功 [3musecase[0m[2m=[0m"读取附件内容" [3madapter[0m[2m=[0m"http" [3moutcome[0m[2m=[0m"succeeded" [3mrequest_kind[0m[2m=[0m"附件内容读取" [3mattachment_id[0m[2m=[0m"att-8d44cbfede62" [3msession_id[0m[2m=[0m"s-b8640d691e68"
[backend] [2m2026-04-19T02:10:01.8479426+08:00[0m [32m INFO[0m ThreadId(05) [2mkoko::shell::媒体资产外壳[0m[2m:[0m 读取附件内容成功 [3musecase[0m[2m=[0m"读取附件内容" [3madapter[0m[2m=[0m"http" [3moutcome[0m[2m=[0m"succeeded" [3mrequest_kind[0m[2m=[0m"附件内容读取" [3mattachment_id[0m[2m=[0m"att-d1739ba9773f" [3msession_id[0m[2m=[0m"s-b8640d691e68"
[backend] [2m2026-04-19T02:10:01.8531074+08:00[0m [32m INFO[0m ThreadId(12) [2mkoko::shell::媒体资产外壳[0m[2m:[0m 读取附件内容成功 [3musecase[0m[2m=[0m"读取附件内容" [3madapter[0m[2m=[0m"http" [3moutcome[0m[2m=[0m"succeeded" [3mrequest_kind[0m[2m=[0m"附件内容读取" [3mattachment_id[0m[2m=[0m"att-681e5b27b0c2" [3msession_id[0m[2m=[0m"s-b8640d691e68"
[backend] [2m2026-04-19T02:10:01.8554628+08:00[0m [32m INFO[0m ThreadId(12) [2mkoko::shell::媒体资产外壳[0m[2m:[0m 读取附件内容成功 [3musecase[0m[2m=[0m"读取附件内容" [3madapter[0m[2m=[0m"http" [3moutcome[0m[2m=[0m"succeeded" [3mrequest_kind[0m[2m=[0m"附件内容读取" [3mattachment_id[0m[2m=[0m"att-6727d0dfb7aa" [3msession_id[0m[2m=[0m"s-b8640d691e68"
[backend] [2m2026-04-19T02:10:01.869953+08:00[0m [32m INFO[0m ThreadId(03) [2mkoko::shell::媒体资产外壳[0m[2m:[0m HTTP 请求已受理 [3musecase[0m[2m=[0m"读取附件内容" [3madapter[0m[2m=[0m"http" [3moutcome[0m[2m=[0m"accepted" [3mrequest_kind[0m[2m=[0m"附件内容读取" [3mattachment_id[0m[2m=[0m"att-fb643f1210f6" [3msession_id[0m[2m=[0m"s-b8640d691e68"
[backend] [2m2026-04-19T02:10:01.8809522+08:00[0m [32m INFO[0m ThreadId(03) [2mkoko::shell::媒体资产外壳[0m[2m:[0m 读取附件内容成功 [3musecase[0m[2m=[0m"读取附件内容" [3madapter[0m[2m=[0m"http" [3moutcome[0m[2m=[0m"succeeded" [3mrequest_kind[0m[2m=[0m"附件内容读取" [3mattachment_id[0m[2m=[0m"att-fb643f1210f6" [3msession_id[0m[2m=[0m"s-b8640d691e68"
[backend] [2m2026-04-19T02:10:02.6849369+08:00[0m [32m INFO[0m ThreadId(07) [2mkoko::shell::实时外壳[0m[2m:[0m realtime 连接已正常断开 [3musecase[0m[2m=[0m"实时连接断开" [3madapter[0m[2m=[0m"socketioxide" [3moutcome[0m[2m=[0m"dropped" [3msession_id[0m[2m=[0m"s-b8640d691e68" [3mdisconnect_reason[0m[2m=[0mclient has manually disconnected the socket from the namespace
[backend] [2m2026-04-19T02:10:02.7749575+08:00[0m [32m INFO[0m ThreadId(03) [2mkoko::shell::房间外壳[0m[2m:[0m HTTP 请求已受理 [3musecase[0m[2m=[0m"引导匿名身份" [3madapter[0m[2m=[0m"http" [3moutcome[0m[2m=[0m"accepted" [3mrequest_kind[0m[2m=[0m"匿名身份引导"
[backend] [2m2026-04-19T02:10:02.7796932+08:00[0m [32m INFO[0m ThreadId(03) [2mkoko::shell::房间外壳[0m[2m:[0m 引导匿名身份成功 [3musecase[0m[2m=[0m"引导匿名身份" [3madapter[0m[2m=[0m"http" [3moutcome[0m[2m=[0m"succeeded" [3mrequest_kind[0m[2m=[0m"匿名身份引导" [3msession_id[0m[2m=[0m"s-b8640d691e68"
[backend] [2m2026-04-19T02:10:02.8626257+08:00[0m [32m INFO[0m ThreadId(07) [2mkoko::shell::房间外壳[0m[2m:[0m HTTP 请求已受理 [3musecase[0m[2m=[0m"加载房间快照" [3madapter[0m[2m=[0m"http" [3moutcome[0m[2m=[0m"accepted" [3mrequest_kind[0m[2m=[0m"房间快照查询" [3mroom_id[0m[2m=[0m"r-3cdfd560046a" [3msession_id[0m[2m=[0m"s-b8640d691e68"
[backend] [2m2026-04-19T02:10:02.8657051+08:00[0m [32m INFO[0m ThreadId(12) [2mkoko::shell::实时外壳[0m[2m:[0m realtime 连接认证已受理 [3musecase[0m[2m=[0m"实时连接认证" [3madapter[0m[2m=[0m"socketioxide" [3moutcome[0m[2m=[0m"accepted" [3msession_id[0m[2m=[0m"s-b8640d691e68"
[backend] [2m2026-04-19T02:10:02.867587+08:00[0m [32m INFO[0m ThreadId(07) [2mkoko::shell::实时外壳[0m[2m:[0m realtime 连接认证成功 [3musecase[0m[2m=[0m"实时连接认证" [3madapter[0m[2m=[0m"socketioxide" [3moutcome[0m[2m=[0m"succeeded" [3msession_id[0m[2m=[0m"s-b8640d691e68"
[backend] [2m2026-04-19T02:10:02.871422+08:00[0m [32m INFO[0m ThreadId(07) [2mkoko::shell::实时外壳[0m[2m:[0m realtime 订阅请求已受理 [3musecase[0m[2m=[0m"订阅房间事件流" [3madapter[0m[2m=[0m"socketioxide" [3moutcome[0m[2m=[0m"accepted" [3mroom_id[0m[2m=[0m"r-3cdfd560046a" [3msession_id[0m[2m=[0m"s-b8640d691e68" [3mfrom[0m[2m=[0m0
[backend] [2m2026-04-19T02:10:02.8857209+08:00[0m [32m INFO[0m ThreadId(03) [2mkoko::shell::房间外壳[0m[2m:[0m 加载房间快照成功 [3musecase[0m[2m=[0m"加载房间快照" [3madapter[0m[2m=[0m"http" [3moutcome[0m[2m=[0m"succeeded" [3mrequest_kind[0m[2m=[0m"房间快照查询" [3mroom_id[0m[2m=[0m"r-3cdfd560046a" [3msession_id[0m[2m=[0m"s-b8640d691e68" [3mevent_position[0m[2m=[0m18
[backend] [2m2026-04-19T02:10:02.887274+08:00[0m [32m INFO[0m ThreadId(05) [2mkoko::shell::实时外壳[0m[2m:[0m 订阅房间事件流成功 [3musecase[0m[2m=[0m"订阅房间事件流" [3madapter[0m[2m=[0m"socketioxide" [3moutcome[0m[2m=[0m"succeeded" [3mroom_id[0m[2m=[0m"r-3cdfd560046a" [3msession_id[0m[2m=[0m"s-b8640d691e68" [3mfrom[0m[2m=[0m0 [3mevent_position[0m[2m=[0m18
[backend] [2m2026-04-19T02:10:02.9120387+08:00[0m [32m INFO[0m ThreadId(03) [2mkoko::shell::实时外壳[0m[2m:[0m realtime 订阅请求已受理 [3musecase[0m[2m=[0m"订阅房间事件流" [3madapter[0m[2m=[0m"socketioxide" [3moutcome[0m[2m=[0m"accepted" [3mroom_id[0m[2m=[0m"r-3cdfd560046a" [3msession_id[0m[2m=[0m"s-b8640d691e68" [3mfrom[0m[2m=[0m18
[backend] [2m2026-04-19T02:10:02.9221418+08:00[0m [32m INFO[0m ThreadId(12) [2mkoko::shell::媒体资产外壳[0m[2m:[0m HTTP 请求已受理 [3musecase[0m[2m=[0m"读取附件内容" [3madapter[0m[2m=[0m"http" [3moutcome[0m[2m=[0m"accepted" [3mrequest_kind[0m[2m=[0m"附件内容读取" [3mattachment_id[0m[2m=[0m"att-961d957a1877" [3msession_id[0m[2m=[0m"s-b8640d691e68"
[backend] [2m2026-04-19T02:10:02.9232643+08:00[0m [32m INFO[0m ThreadId(07) [2mkoko::shell::媒体资产外壳[0m[2m:[0m HTTP 请求已受理 [3musecase[0m[2m=[0m"读取附件内容" [3madapter[0m[2m=[0m"http" [3moutcome[0m[2m=[0m"accepted" [3mrequest_kind[0m[2m=[0m"附件内容读取" [3mattachment_id[0m[2m=[0m"att-2d964b96c071" [3msession_id[0m[2m=[0m"s-b8640d691e68"
[backend] [2m2026-04-19T02:10:02.9232644+08:00[0m [32m INFO[0m ThreadId(03) [2mkoko::shell::媒体资产外壳[0m[2m:[0m HTTP 请求已受理 [3musecase[0m[2m=[0m"读取附件内容" [3madapter[0m[2m=[0m"http" [3moutcome[0m[2m=[0m"accepted" [3mrequest_kind[0m[2m=[0m"附件内容读取" [3mattachment_id[0m[2m=[0m"att-8d44cbfede62" [3msession_id[0m[2m=[0m"s-b8640d691e68"
[backend] [2m2026-04-19T02:10:02.9232644+08:00[0m [32m INFO[0m ThreadId(12) [2mkoko::shell::媒体资产外壳[0m[2m:[0m HTTP 请求已受理 [3musecase[0m[2m=[0m"读取附件内容" [3madapter[0m[2m=[0m"http" [3moutcome[0m[2m=[0m"accepted" [3mrequest_kind[0m[2m=[0m"附件内容读取" [3mattachment_id[0m[2m=[0m"att-681e5b27b0c2" [3msession_id[0m[2m=[0m"s-b8640d691e68"
[backend] [2m2026-04-19T02:10:02.9236915+08:00[0m [32m INFO[0m ThreadId(05) [2mkoko::shell::实时外壳[0m[2m:[0m 订阅房间事件流成功 [3musecase[0m[2m=[0m"订阅房间事件流" [3madapter[0m[2m=[0m"socketioxide" [3moutcome[0m[2m=[0m"succeeded" [3mroom_id[0m[2m=[0m"r-3cdfd560046a" [3msession_id[0m[2m=[0m"s-b8640d691e68" [3mfrom[0m[2m=[0m18 [3mevent_position[0m[2m=[0m18
[backend] [2m2026-04-19T02:10:02.9337848+08:00[0m [32m INFO[0m ThreadId(07) [2mkoko::shell::媒体资产外壳[0m[2m:[0m 读取附件内容成功 [3musecase[0m[2m=[0m"读取附件内容" [3madapter[0m[2m=[0m"http" [3moutcome[0m[2m=[0m"succeeded" [3mrequest_kind[0m[2m=[0m"附件内容读取" [3mattachment_id[0m[2m=[0m"att-961d957a1877" [3msession_id[0m[2m=[0m"s-b8640d691e68"
[backend] [2m2026-04-19T02:10:02.9356786+08:00[0m [32m INFO[0m ThreadId(05) [2mkoko::shell::媒体资产外壳[0m[2m:[0m 读取附件内容成功 [3musecase[0m[2m=[0m"读取附件内容" [3madapter[0m[2m=[0m"http" [3moutcome[0m[2m=[0m"succeeded" [3mrequest_kind[0m[2m=[0m"附件内容读取" [3mattachment_id[0m[2m=[0m"att-2d964b96c071" [3msession_id[0m[2m=[0m"s-b8640d691e68"
[backend] [2m2026-04-19T02:10:02.937671+08:00[0m [32m INFO[0m ThreadId(08) [2mkoko::shell::媒体资产外壳[0m[2m:[0m 读取附件内容成功 [3musecase[0m[2m=[0m"读取附件内容" [3madapter[0m[2m=[0m"http" [3moutcome[0m[2m=[0m"succeeded" [3mrequest_kind[0m[2m=[0m"附件内容读取" [3mattachment_id[0m[2m=[0m"att-8d44cbfede62" [3msession_id[0m[2m=[0m"s-b8640d691e68"
[backend] [2m2026-04-19T02:10:02.9435666+08:00[0m [32m INFO[0m ThreadId(08) [2mkoko::shell::媒体资产外壳[0m[2m:[0m 读取附件内容成功 [3musecase[0m[2m=[0m"读取附件内容" [3madapter[0m[2m=[0m"http" [3moutcome[0m[2m=[0m"succeeded" [3mrequest_kind[0m[2m=[0m"附件内容读取" [3mattachment_id[0m[2m=[0m"att-681e5b27b0c2" [3msession_id[0m[2m=[0m"s-b8640d691e68"
[backend] [2m2026-04-19T02:10:02.9555363+08:00[0m [32m INFO[0m ThreadId(12) [2mkoko::shell::媒体资产外壳[0m[2m:[0m HTTP 请求已受理 [3musecase[0m[2m=[0m"读取附件内容" [3madapter[0m[2m=[0m"http" [3moutcome[0m[2m=[0m"accepted" [3mrequest_kind[0m[2m=[0m"附件内容读取" [3mattachment_id[0m[2m=[0m"att-d1739ba9773f" [3msession_id[0m[2m=[0m"s-b8640d691e68"
[backend] [2m2026-04-19T02:10:02.9580615+08:00[0m [32m INFO[0m ThreadId(12) [2mkoko::shell::媒体资产外壳[0m[2m:[0m HTTP 请求已受理 [3musecase[0m[2m=[0m"读取附件内容" [3madapter[0m[2m=[0m"http" [3moutcome[0m[2m=[0m"accepted" [3mrequest_kind[0m[2m=[0m"附件内容读取" [3mattachment_id[0m[2m=[0m"att-6727d0dfb7aa" [3msession_id[0m[2m=[0m"s-b8640d691e68"
[backend] [2m2026-04-19T02:10:02.9651876+08:00[0m [32m INFO[0m ThreadId(12) [2mkoko::shell::媒体资产外壳[0m[2m:[0m HTTP 请求已受理 [3musecase[0m[2m=[0m"读取附件内容" [3madapter[0m[2m=[0m"http" [3moutcome[0m[2m=[0m"accepted" [3mrequest_kind[0m[2m=[0m"附件内容读取" [3mattachment_id[0m[2m=[0m"att-fb643f1210f6" [3msession_id[0m[2m=[0m"s-b8640d691e68"
[backend] [2m2026-04-19T02:10:02.9686181+08:00[0m [32m INFO[0m ThreadId(08) [2mkoko::shell::媒体资产外壳[0m[2m:[0m 读取附件内容成功 [3musecase[0m[2m=[0m"读取附件内容" [3madapter[0m[2m=[0m"http" [3moutcome[0m[2m=[0m"succeeded" [3mrequest_kind[0m[2m=[0m"附件内容读取" [3mattachment_id[0m[2m=[0m"att-d1739ba9773f" [3msession_id[0m[2m=[0m"s-b8640d691e68"
[backend] [2m2026-04-19T02:10:02.9720842+08:00[0m [32m INFO[0m ThreadId(12) [2mkoko::shell::媒体资产外壳[0m[2m:[0m 读取附件内容成功 [3musecase[0m[2m=[0m"读取附件内容" [3madapter[0m[2m=[0m"http" [3moutcome[0m[2m=[0m"succeeded" [3mrequest_kind[0m[2m=[0m"附件内容读取" [3mattachment_id[0m[2m=[0m"att-6727d0dfb7aa" [3msession_id[0m[2m=[0m"s-b8640d691e68"
[backend] [2m2026-04-19T02:10:02.9773182+08:00[0m [32m INFO[0m ThreadId(12) [2mkoko::shell::媒体资产外壳[0m[2m:[0m 读取附件内容成功 [3musecase[0m[2m=[0m"读取附件内容" [3madapter[0m[2m=[0m"http" [3moutcome[0m[2m=[0m"succeeded" [3mrequest_kind[0m[2m=[0m"附件内容读取" [3mattachment_id[0m[2m=[0m"att-fb643f1210f6" [3msession_id[0m[2m=[0m"s-b8640d691e68"
[backend] [2m2026-04-19T02:10:04.1189417+08:00[0m [32m INFO[0m ThreadId(12) [2mkoko::shell::实时外壳[0m[2m:[0m realtime 连接已正常断开 [3musecase[0m[2m=[0m"实时连接断开" [3madapter[0m[2m=[0m"socketioxide" [3moutcome[0m[2m=[0m"dropped" [3msession_id[0m[2m=[0m"s-b8640d691e68" [3mdisconnect_reason[0m[2m=[0mclient has manually disconnected the socket from the namespace
[backend] [2m2026-04-19T02:10:04.2084434+08:00[0m [32m INFO[0m ThreadId(12) [2mkoko::shell::房间外壳[0m[2m:[0m HTTP 请求已受理 [3musecase[0m[2m=[0m"引导匿名身份" [3madapter[0m[2m=[0m"http" [3moutcome[0m[2m=[0m"accepted" [3mrequest_kind[0m[2m=[0m"匿名身份引导"
[backend] [2m2026-04-19T02:10:04.2115649+08:00[0m [32m INFO[0m ThreadId(12) [2mkoko::shell::房间外壳[0m[2m:[0m 引导匿名身份成功 [3musecase[0m[2m=[0m"引导匿名身份" [3madapter[0m[2m=[0m"http" [3moutcome[0m[2m=[0m"succeeded" [3mrequest_kind[0m[2m=[0m"匿名身份引导" [3msession_id[0m[2m=[0m"s-b8640d691e68"
[backend] [2m2026-04-19T02:10:04.2805186+08:00[0m [32m INFO[0m ThreadId(07) [2mkoko::shell::房间外壳[0m[2m:[0m HTTP 请求已受理 [3musecase[0m[2m=[0m"加载房间快照" [3madapter[0m[2m=[0m"http" [3moutcome[0m[2m=[0m"accepted" [3mrequest_kind[0m[2m=[0m"房间快照查询" [3mroom_id[0m[2m=[0m"r-3cdfd560046a" [3msession_id[0m[2m=[0m"s-b8640d691e68"
[backend] [2m2026-04-19T02:10:04.2841556+08:00[0m [32m INFO[0m ThreadId(05) [2mkoko::shell::实时外壳[0m[2m:[0m realtime 连接认证已受理 [3musecase[0m[2m=[0m"实时连接认证" [3madapter[0m[2m=[0m"socketioxide" [3moutcome[0m[2m=[0m"accepted" [3msession_id[0m[2m=[0m"s-b8640d691e68"
[backend] [2m2026-04-19T02:10:04.286154+08:00[0m [32m INFO[0m ThreadId(07) [2mkoko::shell::实时外壳[0m[2m:[0m realtime 连接认证成功 [3musecase[0m[2m=[0m"实时连接认证" [3madapter[0m[2m=[0m"socketioxide" [3moutcome[0m[2m=[0m"succeeded" [3msession_id[0m[2m=[0m"s-b8640d691e68"
[backend] [2m2026-04-19T02:10:04.2888493+08:00[0m [32m INFO[0m ThreadId(05) [2mkoko::shell::实时外壳[0m[2m:[0m realtime 订阅请求已受理 [3musecase[0m[2m=[0m"订阅房间事件流" [3madapter[0m[2m=[0m"socketioxide" [3moutcome[0m[2m=[0m"accepted" [3mroom_id[0m[2m=[0m"r-3cdfd560046a" [3msession_id[0m[2m=[0m"s-b8640d691e68" [3mfrom[0m[2m=[0m0
[backend] [2m2026-04-19T02:10:04.3005032+08:00[0m [32m INFO[0m ThreadId(08) [2mkoko::shell::房间外壳[0m[2m:[0m 加载房间快照成功 [3musecase[0m[2m=[0m"加载房间快照" [3madapter[0m[2m=[0m"http" [3moutcome[0m[2m=[0m"succeeded" [3mrequest_kind[0m[2m=[0m"房间快照查询" [3mroom_id[0m[2m=[0m"r-3cdfd560046a" [3msession_id[0m[2m=[0m"s-b8640d691e68" [3mevent_position[0m[2m=[0m18
[backend] [2m2026-04-19T02:10:04.3048688+08:00[0m [32m INFO[0m ThreadId(12) [2mkoko::shell::实时外壳[0m[2m:[0m 订阅房间事件流成功 [3musecase[0m[2m=[0m"订阅房间事件流" [3madapter[0m[2m=[0m"socketioxide" [3moutcome[0m[2m=[0m"succeeded" [3mroom_id[0m[2m=[0m"r-3cdfd560046a" [3msession_id[0m[2m=[0m"s-b8640d691e68" [3mfrom[0m[2m=[0m0 [3mevent_position[0m[2m=[0m18
[backend] [2m2026-04-19T02:10:04.3353004+08:00[0m [32m INFO[0m ThreadId(05) [2mkoko::shell::实时外壳[0m[2m:[0m realtime 订阅请求已受理 [3musecase[0m[2m=[0m"订阅房间事件流" [3madapter[0m[2m=[0m"socketioxide" [3moutcome[0m[2m=[0m"accepted" [3mroom_id[0m[2m=[0m"r-3cdfd560046a" [3msession_id[0m[2m=[0m"s-b8640d691e68" [3mfrom[0m[2m=[0m18
[backend] [2m2026-04-19T02:10:04.3452432+08:00[0m [32m INFO[0m ThreadId(12) [2mkoko::shell::实时外壳[0m[2m:[0m 订阅房间事件流成功 [3musecase[0m[2m=[0m"订阅房间事件流" [3madapter[0m[2m=[0m"socketioxide" [3moutcome[0m[2m=[0m"succeeded" [3mroom_id[0m[2m=[0m"r-3cdfd560046a" [3msession_id[0m[2m=[0m"s-b8640d691e68" [3mfrom[0m[2m=[0m18 [3mevent_position[0m[2m=[0m18
[backend] [2m2026-04-19T02:10:04.3492005+08:00[0m [32m INFO[0m ThreadId(05) [2mkoko::shell::媒体资产外壳[0m[2m:[0m HTTP 请求已受理 [3musecase[0m[2m=[0m"读取附件内容" [3madapter[0m[2m=[0m"http" [3moutcome[0m[2m=[0m"accepted" [3mrequest_kind[0m[2m=[0m"附件内容读取" [3mattachment_id[0m[2m=[0m"att-961d957a1877" [3msession_id[0m[2m=[0m"s-b8640d691e68"
[backend] [2m2026-04-19T02:10:04.3512961+08:00[0m [32m INFO[0m ThreadId(07) [2mkoko::shell::媒体资产外壳[0m[2m:[0m HTTP 请求已受理 [3musecase[0m[2m=[0m"读取附件内容" [3madapter[0m[2m=[0m"http" [3moutcome[0m[2m=[0m"accepted" [3mrequest_kind[0m[2m=[0m"附件内容读取" [3mattachment_id[0m[2m=[0m"att-8d44cbfede62" [3msession_id[0m[2m=[0m"s-b8640d691e68"
[backend] [2m2026-04-19T02:10:04.3512963+08:00[0m [32m INFO[0m ThreadId(05) [2mkoko::shell::媒体资产外壳[0m[2m:[0m HTTP 请求已受理 [3musecase[0m[2m=[0m"读取附件内容" [3madapter[0m[2m=[0m"http" [3moutcome[0m[2m=[0m"accepted" [3mrequest_kind[0m[2m=[0m"附件内容读取" [3mattachment_id[0m[2m=[0m"att-681e5b27b0c2" [3msession_id[0m[2m=[0m"s-b8640d691e68"
[backend] [2m2026-04-19T02:10:04.3522869+08:00[0m [32m INFO[0m ThreadId(08) [2mkoko::shell::媒体资产外壳[0m[2m:[0m HTTP 请求已受理 [3musecase[0m[2m=[0m"读取附件内容" [3madapter[0m[2m=[0m"http" [3moutcome[0m[2m=[0m"accepted" [3mrequest_kind[0m[2m=[0m"附件内容读取" [3mattachment_id[0m[2m=[0m"att-2d964b96c071" [3msession_id[0m[2m=[0m"s-b8640d691e68"
[backend] [2m2026-04-19T02:10:04.3601449+08:00[0m [32m INFO[0m ThreadId(05) [2mkoko::shell::媒体资产外壳[0m[2m:[0m 读取附件内容成功 [3musecase[0m[2m=[0m"读取附件内容" [3madapter[0m[2m=[0m"http" [3moutcome[0m[2m=[0m"succeeded" [3mrequest_kind[0m[2m=[0m"附件内容读取" [3mattachment_id[0m[2m=[0m"att-8d44cbfede62" [3msession_id[0m[2m=[0m"s-b8640d691e68"
[backend] [2m2026-04-19T02:10:04.3636811+08:00[0m [32m INFO[0m ThreadId(05) [2mkoko::shell::媒体资产外壳[0m[2m:[0m 读取附件内容成功 [3musecase[0m[2m=[0m"读取附件内容" [3madapter[0m[2m=[0m"http" [3moutcome[0m[2m=[0m"succeeded" [3mrequest_kind[0m[2m=[0m"附件内容读取" [3mattachment_id[0m[2m=[0m"att-2d964b96c071" [3msession_id[0m[2m=[0m"s-b8640d691e68"
[backend] [2m2026-04-19T02:10:04.3638546+08:00[0m [32m INFO[0m ThreadId(12) [2mkoko::shell::媒体资产外壳[0m[2m:[0m 读取附件内容成功 [3musecase[0m[2m=[0m"读取附件内容" [3madapter[0m[2m=[0m"http" [3moutcome[0m[2m=[0m"succeeded" [3mrequest_kind[0m[2m=[0m"附件内容读取" [3mattachment_id[0m[2m=[0m"att-961d957a1877" [3msession_id[0m[2m=[0m"s-b8640d691e68"
[backend] [2m2026-04-19T02:10:04.3644891+08:00[0m [32m INFO[0m ThreadId(08) [2mkoko::shell::媒体资产外壳[0m[2m:[0m HTTP 请求已受理 [3musecase[0m[2m=[0m"读取附件内容" [3madapter[0m[2m=[0m"http" [3moutcome[0m[2m=[0m"accepted" [3mrequest_kind[0m[2m=[0m"附件内容读取" [3mattachment_id[0m[2m=[0m"att-d1739ba9773f" [3msession_id[0m[2m=[0m"s-b8640d691e68"
[backend] [2m2026-04-19T02:10:04.3680559+08:00[0m [32m INFO[0m ThreadId(05) [2mkoko::shell::媒体资产外壳[0m[2m:[0m HTTP 请求已受理 [3musecase[0m[2m=[0m"读取附件内容" [3madapter[0m[2m=[0m"http" [3moutcome[0m[2m=[0m"accepted" [3mrequest_kind[0m[2m=[0m"附件内容读取" [3mattachment_id[0m[2m=[0m"att-6727d0dfb7aa" [3msession_id[0m[2m=[0m"s-b8640d691e68"
[backend] [2m2026-04-19T02:10:04.3759017+08:00[0m [32m INFO[0m ThreadId(08) [2mkoko::shell::媒体资产外壳[0m[2m:[0m 读取附件内容成功 [3musecase[0m[2m=[0m"读取附件内容" [3madapter[0m[2m=[0m"http" [3moutcome[0m[2m=[0m"succeeded" [3mrequest_kind[0m[2m=[0m"附件内容读取" [3mattachment_id[0m[2m=[0m"att-681e5b27b0c2" [3msession_id[0m[2m=[0m"s-b8640d691e68"
[backend] [2m2026-04-19T02:10:04.3768441+08:00[0m [32m INFO[0m ThreadId(07) [2mkoko::shell::媒体资产外壳[0m[2m:[0m 读取附件内容成功 [3musecase[0m[2m=[0m"读取附件内容" [3madapter[0m[2m=[0m"http" [3moutcome[0m[2m=[0m"succeeded" [3mrequest_kind[0m[2m=[0m"附件内容读取" [3mattachment_id[0m[2m=[0m"att-d1739ba9773f" [3msession_id[0m[2m=[0m"s-b8640d691e68"
[backend] [2m2026-04-19T02:10:04.3812871+08:00[0m [32m INFO[0m ThreadId(07) [2mkoko::shell::媒体资产外壳[0m[2m:[0m 读取附件内容成功 [3musecase[0m[2m=[0m"读取附件内容" [3madapter[0m[2m=[0m"http" [3moutcome[0m[2m=[0m"succeeded" [3mrequest_kind[0m[2m=[0m"附件内容读取" [3mattachment_id[0m[2m=[0m"att-6727d0dfb7aa" [3msession_id[0m[2m=[0m"s-b8640d691e68"
[backend] [2m2026-04-19T02:10:04.3834012+08:00[0m [32m INFO[0m ThreadId(05) [2mkoko::shell::媒体资产外壳[0m[2m:[0m HTTP 请求已受理 [3musecase[0m[2m=[0m"读取附件内容" [3madapter[0m[2m=[0m"http" [3moutcome[0m[2m=[0m"accepted" [3mrequest_kind[0m[2m=[0m"附件内容读取" [3mattachment_id[0m[2m=[0m"att-fb643f1210f6" [3msession_id[0m[2m=[0m"s-b8640d691e68"
[backend] [2m2026-04-19T02:10:04.3960595+08:00[0m [32m INFO[0m ThreadId(08) [2mkoko::shell::媒体资产外壳[0m[2m:[0m 读取附件内容成功 [3musecase[0m[2m=[0m"读取附件内容" [3madapter[0m[2m=[0m"http" [3moutcome[0m[2m=[0m"succeeded" [3mrequest_kind[0m[2m=[0m"附件内容读取" [3mattachment_id[0m[2m=[0m"att-fb643f1210f6" [3msession_id[0m[2m=[0m"s-b8640d691e68"
[backend] [2m2026-04-19T02:10:05.935112+08:00[0m [32m INFO[0m ThreadId(08) [2mkoko::shell::实时外壳[0m[2m:[0m realtime 连接已正常断开 [3musecase[0m[2m=[0m"实时连接断开" [3madapter[0m[2m=[0m"socketioxide" [3moutcome[0m[2m=[0m"dropped" [3msession_id[0m[2m=[0m"s-b8640d691e68" [3mdisconnect_reason[0m[2m=[0mclient has manually disconnected the socket from the namespace
[backend] [2m2026-04-19T02:10:06.1942331+08:00[0m [32m INFO[0m ThreadId(07) [2mkoko::shell::房间外壳[0m[2m:[0m HTTP 请求已受理 [3musecase[0m[2m=[0m"引导匿名身份" [3madapter[0m[2m=[0m"http" [3moutcome[0m[2m=[0m"accepted" [3mrequest_kind[0m[2m=[0m"匿名身份引导"
[backend] [2m2026-04-19T02:10:06.1973235+08:00[0m [32m INFO[0m ThreadId(05) [2mkoko::shell::房间外壳[0m[2m:[0m 引导匿名身份成功 [3musecase[0m[2m=[0m"引导匿名身份" [3madapter[0m[2m=[0m"http" [3moutcome[0m[2m=[0m"succeeded" [3mrequest_kind[0m[2m=[0m"匿名身份引导" [3msession_id[0m[2m=[0m"s-b8640d691e68"
[backend] [2m2026-04-19T02:10:06.2338219+08:00[0m [32m INFO[0m ThreadId(07) [2mkoko::shell::房间外壳[0m[2m:[0m HTTP 请求已受理 [3musecase[0m[2m=[0m"加载房间快照" [3madapter[0m[2m=[0m"http" [3moutcome[0m[2m=[0m"accepted" [3mrequest_kind[0m[2m=[0m"房间快照查询" [3mroom_id[0m[2m=[0m"r-3cdfd560046a" [3msession_id[0m[2m=[0m"s-b8640d691e68"
[backend] [2m2026-04-19T02:10:06.246555+08:00[0m [32m INFO[0m ThreadId(07) [2mkoko::shell::房间外壳[0m[2m:[0m 加载房间快照成功 [3musecase[0m[2m=[0m"加载房间快照" [3madapter[0m[2m=[0m"http" [3moutcome[0m[2m=[0m"succeeded" [3mrequest_kind[0m[2m=[0m"房间快照查询" [3mroom_id[0m[2m=[0m"r-3cdfd560046a" [3msession_id[0m[2m=[0m"s-b8640d691e68" [3mevent_position[0m[2m=[0m18
[backend] [2m2026-04-19T02:10:06.2561611+08:00[0m [32m INFO[0m ThreadId(05) [2mkoko::shell::实时外壳[0m[2m:[0m realtime 连接认证已受理 [3musecase[0m[2m=[0m"实时连接认证" [3madapter[0m[2m=[0m"socketioxide" [3moutcome[0m[2m=[0m"accepted" [3msession_id[0m[2m=[0m"s-b8640d691e68"
[backend] [2m2026-04-19T02:10:06.2599129+08:00[0m [32m INFO[0m ThreadId(08) [2mkoko::shell::实时外壳[0m[2m:[0m realtime 连接认证成功 [3musecase[0m[2m=[0m"实时连接认证" [3madapter[0m[2m=[0m"socketioxide" [3moutcome[0m[2m=[0m"succeeded" [3msession_id[0m[2m=[0m"s-b8640d691e68"
[backend] [2m2026-04-19T02:10:06.2657294+08:00[0m [32m INFO[0m ThreadId(07) [2mkoko::shell::实时外壳[0m[2m:[0m realtime 订阅请求已受理 [3musecase[0m[2m=[0m"订阅房间事件流" [3madapter[0m[2m=[0m"socketioxide" [3moutcome[0m[2m=[0m"accepted" [3mroom_id[0m[2m=[0m"r-3cdfd560046a" [3msession_id[0m[2m=[0m"s-b8640d691e68" [3mfrom[0m[2m=[0m0
[backend] [2m2026-04-19T02:10:06.2703992+08:00[0m [32m INFO[0m ThreadId(08) [2mkoko::shell::实时外壳[0m[2m:[0m realtime 订阅请求已受理 [3musecase[0m[2m=[0m"订阅房间事件流" [3madapter[0m[2m=[0m"socketioxide" [3moutcome[0m[2m=[0m"accepted" [3mroom_id[0m[2m=[0m"r-3cdfd560046a" [3msession_id[0m[2m=[0m"s-b8640d691e68" [3mfrom[0m[2m=[0m18
[backend] [2m2026-04-19T02:10:06.2837317+08:00[0m [32m INFO[0m ThreadId(12) [2mkoko::shell::实时外壳[0m[2m:[0m 订阅房间事件流成功 [3musecase[0m[2m=[0m"订阅房间事件流" [3madapter[0m[2m=[0m"socketioxide" [3moutcome[0m[2m=[0m"succeeded" [3mroom_id[0m[2m=[0m"r-3cdfd560046a" [3msession_id[0m[2m=[0m"s-b8640d691e68" [3mfrom[0m[2m=[0m0 [3mevent_position[0m[2m=[0m18
[backend] [2m2026-04-19T02:10:06.2858432+08:00[0m [32m INFO[0m ThreadId(05) [2mkoko::shell::实时外壳[0m[2m:[0m 订阅房间事件流成功 [3musecase[0m[2m=[0m"订阅房间事件流" [3madapter[0m[2m=[0m"socketioxide" [3moutcome[0m[2m=[0m"succeeded" [3mroom_id[0m[2m=[0m"r-3cdfd560046a" [3msession_id[0m[2m=[0m"s-b8640d691e68" [3mfrom[0m[2m=[0m18 [3mevent_position[0m[2m=[0m18
[backend] [2m2026-04-19T02:10:06.3234416+08:00[0m [32m INFO[0m ThreadId(08) [2mkoko::shell::媒体资产外壳[0m[2m:[0m HTTP 请求已受理 [3musecase[0m[2m=[0m"读取附件内容" [3madapter[0m[2m=[0m"http" [3moutcome[0m[2m=[0m"accepted" [3mrequest_kind[0m[2m=[0m"附件内容读取" [3mattachment_id[0m[2m=[0m"att-961d957a1877" [3msession_id[0m[2m=[0m"s-b8640d691e68"
[backend] [2m2026-04-19T02:10:06.3248494+08:00[0m [32m INFO[0m ThreadId(08) [2mkoko::shell::媒体资产外壳[0m[2m:[0m HTTP 请求已受理 [3musecase[0m[2m=[0m"读取附件内容" [3madapter[0m[2m=[0m"http" [3moutcome[0m[2m=[0m"accepted" [3mrequest_kind[0m[2m=[0m"附件内容读取" [3mattachment_id[0m[2m=[0m"att-681e5b27b0c2" [3msession_id[0m[2m=[0m"s-b8640d691e68"
[backend] [2m2026-04-19T02:10:06.3249053+08:00[0m [32m INFO[0m ThreadId(12) [2mkoko::shell::媒体资产外壳[0m[2m:[0m HTTP 请求已受理 [3musecase[0m[2m=[0m"读取附件内容" [3madapter[0m[2m=[0m"http" [3moutcome[0m[2m=[0m"accepted" [3mrequest_kind[0m[2m=[0m"附件内容读取" [3mattachment_id[0m[2m=[0m"att-8d44cbfede62" [3msession_id[0m[2m=[0m"s-b8640d691e68"
[backend] [2m2026-04-19T02:10:06.3251368+08:00[0m [32m INFO[0m ThreadId(07) [2mkoko::shell::媒体资产外壳[0m[2m:[0m HTTP 请求已受理 [3musecase[0m[2m=[0m"读取附件内容" [3madapter[0m[2m=[0m"http" [3moutcome[0m[2m=[0m"accepted" [3mrequest_kind[0m[2m=[0m"附件内容读取" [3mattachment_id[0m[2m=[0m"att-2d964b96c071" [3msession_id[0m[2m=[0m"s-b8640d691e68"
[backend] [2m2026-04-19T02:10:06.3256592+08:00[0m [32m INFO[0m ThreadId(05) [2mkoko::shell::媒体资产外壳[0m[2m:[0m HTTP 请求已受理 [3musecase[0m[2m=[0m"读取附件内容" [3madapter[0m[2m=[0m"http" [3moutcome[0m[2m=[0m"accepted" [3mrequest_kind[0m[2m=[0m"附件内容读取" [3mattachment_id[0m[2m=[0m"att-ac7a1188a600" [3msession_id[0m[2m=[0m"s-b8640d691e68"
[backend] [2m2026-04-19T02:10:06.3342345+08:00[0m [32m INFO[0m ThreadId(08) [2mkoko::shell::媒体资产外壳[0m[2m:[0m 读取附件内容成功 [3musecase[0m[2m=[0m"读取附件内容" [3madapter[0m[2m=[0m"http" [3moutcome[0m[2m=[0m"succeeded" [3mrequest_kind[0m[2m=[0m"附件内容读取" [3mattachment_id[0m[2m=[0m"att-961d957a1877" [3msession_id[0m[2m=[0m"s-b8640d691e68"
[backend] [2m2026-04-19T02:10:06.3375519+08:00[0m [32m INFO[0m ThreadId(07) [2mkoko::shell::媒体资产外壳[0m[2m:[0m 读取附件内容成功 [3musecase[0m[2m=[0m"读取附件内容" [3madapter[0m[2m=[0m"http" [3moutcome[0m[2m=[0m"succeeded" [3mrequest_kind[0m[2m=[0m"附件内容读取" [3mattachment_id[0m[2m=[0m"att-ac7a1188a600" [3msession_id[0m[2m=[0m"s-b8640d691e68"
[backend] [2m2026-04-19T02:10:06.3376537+08:00[0m [32m INFO[0m ThreadId(08) [2mkoko::shell::媒体资产外壳[0m[2m:[0m 读取附件内容成功 [3musecase[0m[2m=[0m"读取附件内容" [3madapter[0m[2m=[0m"http" [3moutcome[0m[2m=[0m"succeeded" [3mrequest_kind[0m[2m=[0m"附件内容读取" [3mattachment_id[0m[2m=[0m"att-681e5b27b0c2" [3msession_id[0m[2m=[0m"s-b8640d691e68"
[backend] [2m2026-04-19T02:10:06.3377782+08:00[0m [32m INFO[0m ThreadId(06) [2mkoko::shell::媒体资产外壳[0m[2m:[0m 读取附件内容成功 [3musecase[0m[2m=[0m"读取附件内容" [3madapter[0m[2m=[0m"http" [3moutcome[0m[2m=[0m"succeeded" [3mrequest_kind[0m[2m=[0m"附件内容读取" [3mattachment_id[0m[2m=[0m"att-2d964b96c071" [3msession_id[0m[2m=[0m"s-b8640d691e68"
[backend] [2m2026-04-19T02:10:06.343586+08:00[0m [32m INFO[0m ThreadId(06) [2mkoko::shell::媒体资产外壳[0m[2m:[0m 读取附件内容成功 [3musecase[0m[2m=[0m"读取附件内容" [3madapter[0m[2m=[0m"http" [3moutcome[0m[2m=[0m"succeeded" [3mrequest_kind[0m[2m=[0m"附件内容读取" [3mattachment_id[0m[2m=[0m"att-8d44cbfede62" [3msession_id[0m[2m=[0m"s-b8640d691e68"
[backend] [2m2026-04-19T02:10:06.3659355+08:00[0m [32m INFO[0m ThreadId(05) [2mkoko::shell::媒体资产外壳[0m[2m:[0m HTTP 请求已受理 [3musecase[0m[2m=[0m"读取附件内容" [3madapter[0m[2m=[0m"http" [3moutcome[0m[2m=[0m"accepted" [3mrequest_kind[0m[2m=[0m"附件内容读取" [3mattachment_id[0m[2m=[0m"att-d1739ba9773f" [3msession_id[0m[2m=[0m"s-b8640d691e68"
[backend] [2m2026-04-19T02:10:06.3775601+08:00[0m [32m INFO[0m ThreadId(05) [2mkoko::shell::媒体资产外壳[0m[2m:[0m 读取附件内容成功 [3musecase[0m[2m=[0m"读取附件内容" [3madapter[0m[2m=[0m"http" [3moutcome[0m[2m=[0m"succeeded" [3mrequest_kind[0m[2m=[0m"附件内容读取" [3mattachment_id[0m[2m=[0m"att-d1739ba9773f" [3msession_id[0m[2m=[0m"s-b8640d691e68"
[backend] [2m2026-04-19T02:10:06.3800061+08:00[0m [32m INFO[0m ThreadId(06) [2mkoko::shell::媒体资产外壳[0m[2m:[0m HTTP 请求已受理 [3musecase[0m[2m=[0m"读取附件内容" [3madapter[0m[2m=[0m"http" [3moutcome[0m[2m=[0m"accepted" [3mrequest_kind[0m[2m=[0m"附件内容读取" [3mattachment_id[0m[2m=[0m"att-6727d0dfb7aa" [3msession_id[0m[2m=[0m"s-b8640d691e68"
[backend] [2m2026-04-19T02:10:06.3802396+08:00[0m [32m INFO[0m ThreadId(05) [2mkoko::shell::媒体资产外壳[0m[2m:[0m HTTP 请求已受理 [3musecase[0m[2m=[0m"读取附件内容" [3madapter[0m[2m=[0m"http" [3moutcome[0m[2m=[0m"accepted" [3mrequest_kind[0m[2m=[0m"附件内容读取" [3mattachment_id[0m[2m=[0m"att-fb643f1210f6" [3msession_id[0m[2m=[0m"s-b8640d691e68"
[backend] [2m2026-04-19T02:10:06.3894501+08:00[0m [32m INFO[0m ThreadId(07) [2mkoko::shell::媒体资产外壳[0m[2m:[0m 读取附件内容成功 [3musecase[0m[2m=[0m"读取附件内容" [3madapter[0m[2m=[0m"http" [3moutcome[0m[2m=[0m"succeeded" [3mrequest_kind[0m[2m=[0m"附件内容读取" [3mattachment_id[0m[2m=[0m"att-6727d0dfb7aa" [3msession_id[0m[2m=[0m"s-b8640d691e68"
[backend] [2m2026-04-19T02:10:06.3895089+08:00[0m [32m INFO[0m ThreadId(08) [2mkoko::shell::媒体资产外壳[0m[2m:[0m 读取附件内容成功 [3musecase[0m[2m=[0m"读取附件内容" [3madapter[0m[2m=[0m"http" [3moutcome[0m[2m=[0m"succeeded" [3mrequest_kind[0m[2m=[0m"附件内容读取" [3mattachment_id[0m[2m=[0m"att-fb643f1210f6" [3msession_id[0m[2m=[0m"s-b8640d691e68"
[backend] [2m2026-04-19T02:10:06.4995893+08:00[0m [32m INFO[0m ThreadId(07) [2mkoko::shell::媒体资产外壳[0m[2m:[0m HTTP 请求已受理 [3musecase[0m[2m=[0m"读取附件内容" [3madapter[0m[2m=[0m"http" [3moutcome[0m[2m=[0m"accepted" [3mrequest_kind[0m[2m=[0m"附件内容读取" [3mattachment_id[0m[2m=[0m"att-8d44cbfede62" [3msession_id[0m[2m=[0m"s-b8640d691e68"
[backend] [2m2026-04-19T02:10:06.5467806+08:00[0m [32m INFO[0m ThreadId(06) [2mkoko::shell::媒体资产外壳[0m[2m:[0m 读取附件内容成功 [3musecase[0m[2m=[0m"读取附件内容" [3madapter[0m[2m=[0m"http" [3moutcome[0m[2m=[0m"succeeded" [3mrequest_kind[0m[2m=[0m"附件内容读取" [3mattachment_id[0m[2m=[0m"att-8d44cbfede62" [3msession_id[0m[2m=[0m"s-b8640d691e68"
[backend] [2m2026-04-19T02:10:06.5652413+08:00[0m [32m INFO[0m ThreadId(05) [2mkoko::shell::媒体资产外壳[0m[2m:[0m HTTP 请求已受理 [3musecase[0m[2m=[0m"读取附件内容" [3madapter[0m[2m=[0m"http" [3moutcome[0m[2m=[0m"accepted" [3mrequest_kind[0m[2m=[0m"附件内容读取" [3mattachment_id[0m[2m=[0m"att-8d44cbfede62" [3msession_id[0m[2m=[0m"s-b8640d691e68"
[backend] [2m2026-04-19T02:10:06.6030112+08:00[0m [32m INFO[0m ThreadId(07) [2mkoko::shell::媒体资产外壳[0m[2m:[0m 读取附件内容成功 [3musecase[0m[2m=[0m"读取附件内容" [3madapter[0m[2m=[0m"http" [3moutcome[0m[2m=[0m"succeeded" [3mrequest_kind[0m[2m=[0m"附件内容读取" [3mattachment_id[0m[2m=[0m"att-8d44cbfede62" [3msession_id[0m[2m=[0m"s-b8640d691e68"
[backend] [2m2026-04-19T02:10:06.6060452+08:00[0m [32m INFO[0m ThreadId(07) [2mkoko::shell::媒体资产外壳[0m[2m:[0m HTTP 请求已受理 [3musecase[0m[2m=[0m"读取附件内容" [3madapter[0m[2m=[0m"http" [3moutcome[0m[2m=[0m"accepted" [3mrequest_kind[0m[2m=[0m"附件内容读取" [3mattachment_id[0m[2m=[0m"att-8d44cbfede62" [3msession_id[0m[2m=[0m"s-b8640d691e68"
[backend] [2m2026-04-19T02:10:06.6134835+08:00[0m [32m INFO[0m ThreadId(05) [2mkoko::shell::媒体资产外壳[0m[2m:[0m 读取附件内容成功 [3musecase[0m[2m=[0m"读取附件内容" [3madapter[0m[2m=[0m"http" [3moutcome[0m[2m=[0m"succeeded" [3mrequest_kind[0m[2m=[0m"附件内容读取" [3mattachment_id[0m[2m=[0m"att-8d44cbfede62" [3msession_id[0m[2m=[0m"s-b8640d691e68"
[backend] [2m2026-04-19T02:10:06.6539254+08:00[0m [32m INFO[0m ThreadId(07) [2mkoko::shell::媒体资产外壳[0m[2m:[0m HTTP 请求已受理 [3musecase[0m[2m=[0m"读取附件内容" [3madapter[0m[2m=[0m"http" [3moutcome[0m[2m=[0m"accepted" [3mrequest_kind[0m[2m=[0m"附件内容读取" [3mattachment_id[0m[2m=[0m"att-8d44cbfede62" [3msession_id[0m[2m=[0m"s-b8640d691e68"
[backend] [2m2026-04-19T02:10:06.6886929+08:00[0m [32m INFO[0m ThreadId(07) [2mkoko::shell::媒体资产外壳[0m[2m:[0m 读取附件内容成功 [3musecase[0m[2m=[0m"读取附件内容" [3madapter[0m[2m=[0m"http" [3moutcome[0m[2m=[0m"succeeded" [3mrequest_kind[0m[2m=[0m"附件内容读取" [3mattachment_id[0m[2m=[0m"att-8d44cbfede62" [3msession_id[0m[2m=[0m"s-b8640d691e68"
[backend] [2m2026-04-19T02:10:06.6918213+08:00[0m [32m INFO[0m ThreadId(05) [2mkoko::shell::媒体资产外壳[0m[2m:[0m HTTP 请求已受理 [3musecase[0m[2m=[0m"读取附件内容" [3madapter[0m[2m=[0m"http" [3moutcome[0m[2m=[0m"accepted" [3mrequest_kind[0m[2m=[0m"附件内容读取" [3mattachment_id[0m[2m=[0m"att-8d44cbfede62" [3msession_id[0m[2m=[0m"s-b8640d691e68"
[backend] [2m2026-04-19T02:10:06.7000797+08:00[0m [32m INFO[0m ThreadId(05) [2mkoko::shell::媒体资产外壳[0m[2m:[0m 读取附件内容成功 [3musecase[0m[2m=[0m"读取附件内容" [3madapter[0m[2m=[0m"http" [3moutcome[0m[2m=[0m"succeeded" [3mrequest_kind[0m[2m=[0m"附件内容读取" [3mattachment_id[0m[2m=[0m"att-8d44cbfede62" [3msession_id[0m[2m=[0m"s-b8640d691e68"
[backend] [2m2026-04-19T02:10:08.1533615+08:00[0m [32m INFO[0m ThreadId(06) [2mkoko::shell::媒体资产外壳[0m[2m:[0m HTTP 请求已受理 [3musecase[0m[2m=[0m"读取附件内容" [3madapter[0m[2m=[0m"http" [3moutcome[0m[2m=[0m"accepted" [3mrequest_kind[0m[2m=[0m"附件内容读取" [3mattachment_id[0m[2m=[0m"att-69182d17260b" [3msession_id[0m[2m=[0m"s-b8640d691e68"
[backend] [2m2026-04-19T02:10:08.1600359+08:00[0m [32m INFO[0m ThreadId(05) [2mkoko::shell::媒体资产外壳[0m[2m:[0m 读取附件内容成功 [3musecase[0m[2m=[0m"读取附件内容" [3madapter[0m[2m=[0m"http" [3moutcome[0m[2m=[0m"succeeded" [3mrequest_kind[0m[2m=[0m"附件内容读取" [3mattachment_id[0m[2m=[0m"att-69182d17260b" [3msession_id[0m[2m=[0m"s-b8640d691e68"
[backend] [2m2026-04-19T02:10:09.6730124+08:00[0m [32m INFO[0m ThreadId(06) [2mkoko::shell::媒体资产外壳[0m[2m:[0m HTTP 请求已受理 [3musecase[0m[2m=[0m"读取附件内容" [3madapter[0m[2m=[0m"http" [3moutcome[0m[2m=[0m"accepted" [3mrequest_kind[0m[2m=[0m"附件内容读取" [3mattachment_id[0m[2m=[0m"att-fb643f1210f6" [3msession_id[0m[2m=[0m"s-b8640d691e68"
[backend] [2m2026-04-19T02:10:09.6741346+08:00[0m [32m INFO[0m ThreadId(06) [2mkoko::shell::媒体资产外壳[0m[2m:[0m HTTP 请求已受理 [3musecase[0m[2m=[0m"读取附件内容" [3madapter[0m[2m=[0m"http" [3moutcome[0m[2m=[0m"accepted" [3mrequest_kind[0m[2m=[0m"附件内容读取" [3mattachment_id[0m[2m=[0m"att-4b3bc2558118" [3msession_id[0m[2m=[0m"s-b8640d691e68"
[backend] [2m2026-04-19T02:10:09.6833268+08:00[0m [32m INFO[0m ThreadId(06) [2mkoko::shell::媒体资产外壳[0m[2m:[0m 读取附件内容成功 [3musecase[0m[2m=[0m"读取附件内容" [3madapter[0m[2m=[0m"http" [3moutcome[0m[2m=[0m"succeeded" [3mrequest_kind[0m[2m=[0m"附件内容读取" [3mattachment_id[0m[2m=[0m"att-4b3bc2558118" [3msession_id[0m[2m=[0m"s-b8640d691e68"
[backend] [2m2026-04-19T02:10:09.6853751+08:00[0m [32m INFO[0m ThreadId(06) [2mkoko::shell::媒体资产外壳[0m[2m:[0m 读取附件内容成功 [3musecase[0m[2m=[0m"读取附件内容" [3madapter[0m[2m=[0m"http" [3moutcome[0m[2m=[0m"succeeded" [3mrequest_kind[0m[2m=[0m"附件内容读取" [3mattachment_id[0m[2m=[0m"att-fb643f1210f6" [3msession_id[0m[2m=[0m"s-b8640d691e68"
[backend] [2m2026-04-19T02:10:09.6885226+08:00[0m [32m INFO[0m ThreadId(07) [2mkoko::shell::媒体资产外壳[0m[2m:[0m HTTP 请求已受理 [3musecase[0m[2m=[0m"读取附件内容" [3madapter[0m[2m=[0m"http" [3moutcome[0m[2m=[0m"accepted" [3mrequest_kind[0m[2m=[0m"附件内容读取" [3mattachment_id[0m[2m=[0m"att-fb643f1210f6" [3msession_id[0m[2m=[0m"s-b8640d691e68"
[backend] [2m2026-04-19T02:10:09.716329+08:00[0m [32m INFO[0m ThreadId(07) [2mkoko::shell::媒体资产外壳[0m[2m:[0m 读取附件内容成功 [3musecase[0m[2m=[0m"读取附件内容" [3madapter[0m[2m=[0m"http" [3moutcome[0m[2m=[0m"succeeded" [3mrequest_kind[0m[2m=[0m"附件内容读取" [3mattachment_id[0m[2m=[0m"att-fb643f1210f6" [3msession_id[0m[2m=[0m"s-b8640d691e68"
[backend] [2m2026-04-19T02:10:09.7403571+08:00[0m [32m INFO[0m ThreadId(06) [2mkoko::shell::媒体资产外壳[0m[2m:[0m HTTP 请求已受理 [3musecase[0m[2m=[0m"读取附件内容" [3madapter[0m[2m=[0m"http" [3moutcome[0m[2m=[0m"accepted" [3mrequest_kind[0m[2m=[0m"附件内容读取" [3mattachment_id[0m[2m=[0m"att-fb643f1210f6" [3msession_id[0m[2m=[0m"s-b8640d691e68"
[backend] [2m2026-04-19T02:10:09.7485718+08:00[0m [32m INFO[0m ThreadId(12) [2mkoko::shell::媒体资产外壳[0m[2m:[0m 读取附件内容成功 [3musecase[0m[2m=[0m"读取附件内容" [3madapter[0m[2m=[0m"http" [3moutcome[0m[2m=[0m"succeeded" [3mrequest_kind[0m[2m=[0m"附件内容读取" [3mattachment_id[0m[2m=[0m"att-fb643f1210f6" [3msession_id[0m[2m=[0m"s-b8640d691e68"
[backend] [2m2026-04-19T02:10:10.2102979+08:00[0m [32m INFO[0m ThreadId(07) [2mkoko::shell::媒体资产外壳[0m[2m:[0m HTTP 请求已受理 [3musecase[0m[2m=[0m"读取附件内容" [3madapter[0m[2m=[0m"http" [3moutcome[0m[2m=[0m"accepted" [3mrequest_kind[0m[2m=[0m"附件内容读取" [3mattachment_id[0m[2m=[0m"att-fb643f1210f6" [3msession_id[0m[2m=[0m"s-b8640d691e68"
[backend] [2m2026-04-19T02:10:10.2226667+08:00[0m [32m INFO[0m ThreadId(06) [2mkoko::shell::媒体资产外壳[0m[2m:[0m 读取附件内容成功 [3musecase[0m[2m=[0m"读取附件内容" [3madapter[0m[2m=[0m"http" [3moutcome[0m[2m=[0m"succeeded" [3mrequest_kind[0m[2m=[0m"附件内容读取" [3mattachment_id[0m[2m=[0m"att-fb643f1210f6" [3msession_id[0m[2m=[0m"s-b8640d691e68"
[backend] [2m2026-04-19T02:10:10.4329402+08:00[0m [32m INFO[0m ThreadId(12) [2mkoko::shell::媒体资产外壳[0m[2m:[0m HTTP 请求已受理 [3musecase[0m[2m=[0m"读取附件内容" [3madapter[0m[2m=[0m"http" [3moutcome[0m[2m=[0m"accepted" [3mrequest_kind[0m[2m=[0m"附件内容读取" [3mattachment_id[0m[2m=[0m"att-fb643f1210f6" [3msession_id[0m[2m=[0m"s-b8640d691e68"
[backend] [2m2026-04-19T02:10:10.4497305+08:00[0m [32m INFO[0m ThreadId(06) [2mkoko::shell::媒体资产外壳[0m[2m:[0m 读取附件内容成功 [3musecase[0m[2m=[0m"读取附件内容" [3madapter[0m[2m=[0m"http" [3moutcome[0m[2m=[0m"succeeded" [3mrequest_kind[0m[2m=[0m"附件内容读取" [3mattachment_id[0m[2m=[0m"att-fb643f1210f6" [3msession_id[0m[2m=[0m"s-b8640d691e68"
[backend] [2m2026-04-19T02:10:12.9886287+08:00[0m [32m INFO[0m ThreadId(06) [2mkoko::shell::实时外壳[0m[2m:[0m realtime 订阅请求已受理 [3musecase[0m[2m=[0m"订阅房间事件流" [3madapter[0m[2m=[0m"socketioxide" [3moutcome[0m[2m=[0m"accepted" [3mroom_id[0m[2m=[0m"r-3cdfd560046a" [3msession_id[0m[2m=[0m"s-e7c98262c769" [3mfrom[0m[2m=[0m18
[backend] [2m2026-04-19T02:10:12.9949313+08:00[0m [32m INFO[0m ThreadId(06) [2mkoko::shell::实时外壳[0m[2m:[0m 订阅房间事件流成功 [3musecase[0m[2m=[0m"订阅房间事件流" [3madapter[0m[2m=[0m"socketioxide" [3moutcome[0m[2m=[0m"succeeded" [3mroom_id[0m[2m=[0m"r-3cdfd560046a" [3msession_id[0m[2m=[0m"s-e7c98262c769" [3mfrom[0m[2m=[0m18 [3mevent_position[0m[2m=[0m18
[backend] [2m2026-04-19T02:10:13.8711022+08:00[0m [32m INFO[0m ThreadId(12) [2mkoko::shell::媒体资产外壳[0m[2m:[0m HTTP 请求已受理 [3musecase[0m[2m=[0m"读取附件内容" [3madapter[0m[2m=[0m"http" [3moutcome[0m[2m=[0m"accepted" [3mrequest_kind[0m[2m=[0m"附件内容读取" [3mattachment_id[0m[2m=[0m"att-8aedf734e191" [3msession_id[0m[2m=[0m"s-b8640d691e68"
[backend] [2m2026-04-19T02:10:13.8793869+08:00[0m [32m INFO[0m ThreadId(05) [2mkoko::shell::媒体资产外壳[0m[2m:[0m 读取附件内容成功 [3musecase[0m[2m=[0m"读取附件内容" [3madapter[0m[2m=[0m"http" [3moutcome[0m[2m=[0m"succeeded" [3mrequest_kind[0m[2m=[0m"附件内容读取" [3mattachment_id[0m[2m=[0m"att-8aedf734e191" [3msession_id[0m[2m=[0m"s-b8640d691e68"
[backend] [2m2026-04-19T02:10:14.6022974+08:00[0m [32m INFO[0m ThreadId(06) [2mkoko::shell::媒体资产外壳[0m[2m:[0m HTTP 请求已受理 [3musecase[0m[2m=[0m"读取附件内容" [3madapter[0m[2m=[0m"http" [3moutcome[0m[2m=[0m"accepted" [3mrequest_kind[0m[2m=[0m"附件内容读取" [3mattachment_id[0m[2m=[0m"att-56d8fca2bd57" [3msession_id[0m[2m=[0m"s-b8640d691e68"
[backend] [2m2026-04-19T02:10:14.6103004+08:00[0m [32m INFO[0m ThreadId(05) [2mkoko::shell::媒体资产外壳[0m[2m:[0m 读取附件内容成功 [3musecase[0m[2m=[0m"读取附件内容" [3madapter[0m[2m=[0m"http" [3moutcome[0m[2m=[0m"succeeded" [3mrequest_kind[0m[2m=[0m"附件内容读取" [3mattachment_id[0m[2m=[0m"att-56d8fca2bd57" [3msession_id[0m[2m=[0m"s-b8640d691e68"
[backend] [2m2026-04-19T02:10:15.7394938+08:00[0m [32m INFO[0m ThreadId(12) [2mkoko::shell::媒体资产外壳[0m[2m:[0m HTTP 请求已受理 [3musecase[0m[2m=[0m"读取附件内容" [3madapter[0m[2m=[0m"http" [3moutcome[0m[2m=[0m"accepted" [3mrequest_kind[0m[2m=[0m"附件内容读取" [3mattachment_id[0m[2m=[0m"att-d1739ba9773f" [3msession_id[0m[2m=[0m"s-b8640d691e68"
[backend] [2m2026-04-19T02:10:15.7582993+08:00[0m [32m INFO[0m ThreadId(12) [2mkoko::shell::媒体资产外壳[0m[2m:[0m 读取附件内容成功 [3musecase[0m[2m=[0m"读取附件内容" [3madapter[0m[2m=[0m"http" [3moutcome[0m[2m=[0m"succeeded" [3mrequest_kind[0m[2m=[0m"附件内容读取" [3mattachment_id[0m[2m=[0m"att-d1739ba9773f" [3msession_id[0m[2m=[0m"s-b8640d691e68"
[backend] [2m2026-04-19T02:10:15.7763626+08:00[0m [32m INFO[0m ThreadId(06) [2mkoko::shell::媒体资产外壳[0m[2m:[0m HTTP 请求已受理 [3musecase[0m[2m=[0m"读取附件内容" [3madapter[0m[2m=[0m"http" [3moutcome[0m[2m=[0m"accepted" [3mrequest_kind[0m[2m=[0m"附件内容读取" [3mattachment_id[0m[2m=[0m"att-d1739ba9773f" [3msession_id[0m[2m=[0m"s-b8640d691e68"
[backend] [2m2026-04-19T02:10:15.791114+08:00[0m [32m INFO[0m ThreadId(07) [2mkoko::shell::媒体资产外壳[0m[2m:[0m 读取附件内容成功 [3musecase[0m[2m=[0m"读取附件内容" [3madapter[0m[2m=[0m"http" [3moutcome[0m[2m=[0m"succeeded" [3mrequest_kind[0m[2m=[0m"附件内容读取" [3mattachment_id[0m[2m=[0m"att-d1739ba9773f" [3msession_id[0m[2m=[0m"s-b8640d691e68"
[backend] [2m2026-04-19T02:10:15.7945726+08:00[0m [32m INFO[0m ThreadId(12) [2mkoko::shell::媒体资产外壳[0m[2m:[0m HTTP 请求已受理 [3musecase[0m[2m=[0m"读取附件内容" [3madapter[0m[2m=[0m"http" [3moutcome[0m[2m=[0m"accepted" [3mrequest_kind[0m[2m=[0m"附件内容读取" [3mattachment_id[0m[2m=[0m"att-d1739ba9773f" [3msession_id[0m[2m=[0m"s-b8640d691e68"
[backend] [2m2026-04-19T02:10:15.801777+08:00[0m [32m INFO[0m ThreadId(07) [2mkoko::shell::媒体资产外壳[0m[2m:[0m 读取附件内容成功 [3musecase[0m[2m=[0m"读取附件内容" [3madapter[0m[2m=[0m"http" [3moutcome[0m[2m=[0m"succeeded" [3mrequest_kind[0m[2m=[0m"附件内容读取" [3mattachment_id[0m[2m=[0m"att-d1739ba9773f" [3msession_id[0m[2m=[0m"s-b8640d691e68"
[backend] [2m2026-04-19T02:10:16.0028048+08:00[0m [32m INFO[0m ThreadId(06) [2mkoko::shell::媒体资产外壳[0m[2m:[0m HTTP 请求已受理 [3musecase[0m[2m=[0m"读取附件内容" [3madapter[0m[2m=[0m"http" [3moutcome[0m[2m=[0m"accepted" [3mrequest_kind[0m[2m=[0m"附件内容读取" [3mattachment_id[0m[2m=[0m"att-d1739ba9773f" [3msession_id[0m[2m=[0m"s-b8640d691e68"
[backend] [2m2026-04-19T02:10:16.0130317+08:00[0m [32m INFO[0m ThreadId(07) [2mkoko::shell::媒体资产外壳[0m[2m:[0m 读取附件内容成功 [3musecase[0m[2m=[0m"读取附件内容" [3madapter[0m[2m=[0m"http" [3moutcome[0m[2m=[0m"succeeded" [3mrequest_kind[0m[2m=[0m"附件内容读取" [3mattachment_id[0m[2m=[0m"att-d1739ba9773f" [3msession_id[0m[2m=[0m"s-b8640d691e68"
[backend] [2m2026-04-19T02:10:18.5558634+08:00[0m [32m INFO[0m ThreadId(06) [2mkoko::shell::实时外壳[0m[2m:[0m realtime 订阅请求已受理 [3musecase[0m[2m=[0m"订阅房间事件流" [3madapter[0m[2m=[0m"socketioxide" [3moutcome[0m[2m=[0m"accepted" [3mroom_id[0m[2m=[0m"r-3cdfd560046a" [3msession_id[0m[2m=[0m"s-e7c98262c769" [3mfrom[0m[2m=[0m18
[backend] [2m2026-04-19T02:10:18.567954+08:00[0m [32m INFO[0m ThreadId(06) [2mkoko::shell::实时外壳[0m[2m:[0m 订阅房间事件流成功 [3musecase[0m[2m=[0m"订阅房间事件流" [3madapter[0m[2m=[0m"socketioxide" [3moutcome[0m[2m=[0m"succeeded" [3mroom_id[0m[2m=[0m"r-3cdfd560046a" [3msession_id[0m[2m=[0m"s-e7c98262c769" [3mfrom[0m[2m=[0m18 [3mevent_position[0m[2m=[0m18
[backend] [2m2026-04-19T02:10:20.1885016+08:00[0m [32m INFO[0m ThreadId(07) [2mkoko::shell::媒体资产外壳[0m[2m:[0m HTTP 请求已受理 [3musecase[0m[2m=[0m"读取附件内容" [3madapter[0m[2m=[0m"http" [3moutcome[0m[2m=[0m"accepted" [3mrequest_kind[0m[2m=[0m"附件内容读取" [3mattachment_id[0m[2m=[0m"att-89421b5102e1" [3msession_id[0m[2m=[0m"s-b8640d691e68"
[backend] [2m2026-04-19T02:10:20.1893402+08:00[0m [32m INFO[0m ThreadId(07) [2mkoko::shell::媒体资产外壳[0m[2m:[0m HTTP 请求已受理 [3musecase[0m[2m=[0m"读取附件内容" [3madapter[0m[2m=[0m"http" [3moutcome[0m[2m=[0m"accepted" [3mrequest_kind[0m[2m=[0m"附件内容读取" [3mattachment_id[0m[2m=[0m"att-879751db2737" [3msession_id[0m[2m=[0m"s-b8640d691e68"
[backend] [2m2026-04-19T02:10:20.1988081+08:00[0m [32m INFO[0m ThreadId(07) [2mkoko::shell::媒体资产外壳[0m[2m:[0m 读取附件内容成功 [3musecase[0m[2m=[0m"读取附件内容" [3madapter[0m[2m=[0m"http" [3moutcome[0m[2m=[0m"succeeded" [3mrequest_kind[0m[2m=[0m"附件内容读取" [3mattachment_id[0m[2m=[0m"att-89421b5102e1" [3msession_id[0m[2m=[0m"s-b8640d691e68"
[backend] [2m2026-04-19T02:10:20.2004965+08:00[0m [32m INFO[0m ThreadId(06) [2mkoko::shell::媒体资产外壳[0m[2m:[0m 读取附件内容成功 [3musecase[0m[2m=[0m"读取附件内容" [3madapter[0m[2m=[0m"http" [3moutcome[0m[2m=[0m"succeeded" [3mrequest_kind[0m[2m=[0m"附件内容读取" [3mattachment_id[0m[2m=[0m"att-879751db2737" [3msession_id[0m[2m=[0m"s-b8640d691e68"
[backend] [2m2026-04-19T02:10:20.2919611+08:00[0m [32m INFO[0m ThreadId(12) [2mkoko::shell::媒体资产外壳[0m[2m:[0m HTTP 请求已受理 [3musecase[0m[2m=[0m"读取附件内容" [3madapter[0m[2m=[0m"http" [3moutcome[0m[2m=[0m"accepted" [3mrequest_kind[0m[2m=[0m"附件内容读取" [3mattachment_id[0m[2m=[0m"att-69182d17260b" [3msession_id[0m[2m=[0m"s-b8640d691e68"
[backend] [2m2026-04-19T02:10:21.3547351+08:00[0m [32m INFO[0m ThreadId(12) [2mkoko::shell::媒体资产外壳[0m[2m:[0m 读取附件内容成功 [3musecase[0m[2m=[0m"读取附件内容" [3madapter[0m[2m=[0m"http" [3moutcome[0m[2m=[0m"succeeded" [3mrequest_kind[0m[2m=[0m"附件内容读取" [3mattachment_id[0m[2m=[0m"att-69182d17260b" [3msession_id[0m[2m=[0m"s-b8640d691e68"
[backend] [2m2026-04-19T02:10:21.4032753+08:00[0m [32m INFO[0m ThreadId(05) [2mkoko::shell::媒体资产外壳[0m[2m:[0m HTTP 请求已受理 [3musecase[0m[2m=[0m"读取附件内容" [3madapter[0m[2m=[0m"http" [3moutcome[0m[2m=[0m"accepted" [3mrequest_kind[0m[2m=[0m"附件内容读取" [3mattachment_id[0m[2m=[0m"att-69182d17260b" [3msession_id[0m[2m=[0m"s-b8640d691e68"
[backend] [2m2026-04-19T02:10:22.2202259+08:00[0m [32m INFO[0m ThreadId(12) [2mkoko::shell::媒体资产外壳[0m[2m:[0m 读取附件内容成功 [3musecase[0m[2m=[0m"读取附件内容" [3madapter[0m[2m=[0m"http" [3moutcome[0m[2m=[0m"succeeded" [3mrequest_kind[0m[2m=[0m"附件内容读取" [3mattachment_id[0m[2m=[0m"att-69182d17260b" [3msession_id[0m[2m=[0m"s-b8640d691e68"
[backend] [2m2026-04-19T02:10:22.2439813+08:00[0m [32m INFO[0m ThreadId(05) [2mkoko::shell::媒体资产外壳[0m[2m:[0m HTTP 请求已受理 [3musecase[0m[2m=[0m"读取附件内容" [3madapter[0m[2m=[0m"http" [3moutcome[0m[2m=[0m"accepted" [3mrequest_kind[0m[2m=[0m"附件内容读取" [3mattachment_id[0m[2m=[0m"att-69182d17260b" [3msession_id[0m[2m=[0m"s-b8640d691e68"
[backend] [2m2026-04-19T02:10:22.2524839+08:00[0m [32m INFO[0m ThreadId(05) [2mkoko::shell::媒体资产外壳[0m[2m:[0m 读取附件内容成功 [3musecase[0m[2m=[0m"读取附件内容" [3madapter[0m[2m=[0m"http" [3moutcome[0m[2m=[0m"succeeded" [3mrequest_kind[0m[2m=[0m"附件内容读取" [3mattachment_id[0m[2m=[0m"att-69182d17260b" [3msession_id[0m[2m=[0m"s-b8640d691e68"
[backend] [2m2026-04-19T02:10:22.2665192+08:00[0m [32m INFO[0m ThreadId(06) [2mkoko::shell::媒体资产外壳[0m[2m:[0m HTTP 请求已受理 [3musecase[0m[2m=[0m"读取附件内容" [3madapter[0m[2m=[0m"http" [3moutcome[0m[2m=[0m"accepted" [3mrequest_kind[0m[2m=[0m"附件内容读取" [3mattachment_id[0m[2m=[0m"att-69182d17260b" [3msession_id[0m[2m=[0m"s-b8640d691e68"
[backend] [2m2026-04-19T02:10:22.2733342+08:00[0m [32m INFO[0m ThreadId(12) [2mkoko::shell::媒体资产外壳[0m[2m:[0m 读取附件内容成功 [3musecase[0m[2m=[0m"读取附件内容" [3madapter[0m[2m=[0m"http" [3moutcome[0m[2m=[0m"succeeded" [3mrequest_kind[0m[2m=[0m"附件内容读取" [3mattachment_id[0m[2m=[0m"att-69182d17260b" [3msession_id[0m[2m=[0m"s-b8640d691e68"
[backend] [2m2026-04-19T02:10:22.2870464+08:00[0m [32m INFO[0m ThreadId(05) [2mkoko::shell::媒体资产外壳[0m[2m:[0m HTTP 请求已受理 [3musecase[0m[2m=[0m"读取附件内容" [3madapter[0m[2m=[0m"http" [3moutcome[0m[2m=[0m"accepted" [3mrequest_kind[0m[2m=[0m"附件内容读取" [3mattachment_id[0m[2m=[0m"att-69182d17260b" [3msession_id[0m[2m=[0m"s-b8640d691e68"
[backend] [2m2026-04-19T02:10:23.0556385+08:00[0m [32m INFO[0m ThreadId(05) [2mkoko::shell::媒体资产外壳[0m[2m:[0m HTTP 请求已受理 [3musecase[0m[2m=[0m"读取附件内容" [3madapter[0m[2m=[0m"http" [3moutcome[0m[2m=[0m"accepted" [3mrequest_kind[0m[2m=[0m"附件内容读取" [3mattachment_id[0m[2m=[0m"att-5c73308e404b" [3msession_id[0m[2m=[0m"s-b8640d691e68"
[backend] [2m2026-04-19T02:10:23.0709681+08:00[0m [32m INFO[0m ThreadId(05) [2mkoko::shell::媒体资产外壳[0m[2m:[0m 读取附件内容成功 [3musecase[0m[2m=[0m"读取附件内容" [3madapter[0m[2m=[0m"http" [3moutcome[0m[2m=[0m"succeeded" [3mrequest_kind[0m[2m=[0m"附件内容读取" [3mattachment_id[0m[2m=[0m"att-5c73308e404b" [3msession_id[0m[2m=[0m"s-b8640d691e68"
[backend] [2m2026-04-19T02:10:23.0926227+08:00[0m [32m INFO[0m ThreadId(07) [2mkoko::shell::媒体资产外壳[0m[2m:[0m 读取附件内容成功 [3musecase[0m[2m=[0m"读取附件内容" [3madapter[0m[2m=[0m"http" [3moutcome[0m[2m=[0m"succeeded" [3mrequest_kind[0m[2m=[0m"附件内容读取" [3mattachment_id[0m[2m=[0m"att-69182d17260b" [3msession_id[0m[2m=[0m"s-b8640d691e68"
[backend] [2m2026-04-19T02:10:23.134111+08:00[0m [32m INFO[0m ThreadId(05) [2mkoko::shell::媒体资产外壳[0m[2m:[0m HTTP 请求已受理 [3musecase[0m[2m=[0m"读取附件内容" [3madapter[0m[2m=[0m"http" [3moutcome[0m[2m=[0m"accepted" [3mrequest_kind[0m[2m=[0m"附件内容读取" [3mattachment_id[0m[2m=[0m"att-69182d17260b" [3msession_id[0m[2m=[0m"s-b8640d691e68"
[backend] [2m2026-04-19T02:10:23.1469401+08:00[0m [32m INFO[0m ThreadId(07) [2mkoko::shell::媒体资产外壳[0m[2m:[0m HTTP 请求已受理 [3musecase[0m[2m=[0m"读取附件内容" [3madapter[0m[2m=[0m"http" [3moutcome[0m[2m=[0m"accepted" [3mrequest_kind[0m[2m=[0m"附件内容读取" [3mattachment_id[0m[2m=[0m"att-4b3bc2558118" [3msession_id[0m[2m=[0m"s-b8640d691e68"
[backend] [2m2026-04-19T02:10:23.2462186+08:00[0m [32m INFO[0m ThreadId(12) [2mkoko::shell::媒体资产外壳[0m[2m:[0m 读取附件内容成功 [3musecase[0m[2m=[0m"读取附件内容" [3madapter[0m[2m=[0m"http" [3moutcome[0m[2m=[0m"succeeded" [3mrequest_kind[0m[2m=[0m"附件内容读取" [3mattachment_id[0m[2m=[0m"att-4b3bc2558118" [3msession_id[0m[2m=[0m"s-b8640d691e68"
[backend] [2m2026-04-19T02:10:23.2626248+08:00[0m [32m INFO[0m ThreadId(05) [2mkoko::shell::媒体资产外壳[0m[2m:[0m HTTP 请求已受理 [3musecase[0m[2m=[0m"读取附件内容" [3madapter[0m[2m=[0m"http" [3moutcome[0m[2m=[0m"accepted" [3mrequest_kind[0m[2m=[0m"附件内容读取" [3mattachment_id[0m[2m=[0m"att-4b3bc2558118" [3msession_id[0m[2m=[0m"s-b8640d691e68"
[backend] [2m2026-04-19T02:10:23.3303573+08:00[0m [32m INFO[0m ThreadId(05) [2mkoko::shell::媒体资产外壳[0m[2m:[0m 读取附件内容成功 [3musecase[0m[2m=[0m"读取附件内容" [3madapter[0m[2m=[0m"http" [3moutcome[0m[2m=[0m"succeeded" [3mrequest_kind[0m[2m=[0m"附件内容读取" [3mattachment_id[0m[2m=[0m"att-4b3bc2558118" [3msession_id[0m[2m=[0m"s-b8640d691e68"
[backend] [2m2026-04-19T02:10:23.3357367+08:00[0m [32m INFO[0m ThreadId(07) [2mkoko::shell::媒体资产外壳[0m[2m:[0m HTTP 请求已受理 [3musecase[0m[2m=[0m"读取附件内容" [3madapter[0m[2m=[0m"http" [3moutcome[0m[2m=[0m"accepted" [3mrequest_kind[0m[2m=[0m"附件内容读取" [3mattachment_id[0m[2m=[0m"att-4b3bc2558118" [3msession_id[0m[2m=[0m"s-b8640d691e68"
[backend] [2m2026-04-19T02:10:23.346572+08:00[0m [32m INFO[0m ThreadId(05) [2mkoko::shell::媒体资产外壳[0m[2m:[0m 读取附件内容成功 [3musecase[0m[2m=[0m"读取附件内容" [3madapter[0m[2m=[0m"http" [3moutcome[0m[2m=[0m"succeeded" [3mrequest_kind[0m[2m=[0m"附件内容读取" [3mattachment_id[0m[2m=[0m"att-4b3bc2558118" [3msession_id[0m[2m=[0m"s-b8640d691e68"
[backend] [2m2026-04-19T02:10:23.3504445+08:00[0m [32m INFO[0m ThreadId(05) [2mkoko::shell::媒体资产外壳[0m[2m:[0m HTTP 请求已受理 [3musecase[0m[2m=[0m"读取附件内容" [3madapter[0m[2m=[0m"http" [3moutcome[0m[2m=[0m"accepted" [3mrequest_kind[0m[2m=[0m"附件内容读取" [3mattachment_id[0m[2m=[0m"att-4b3bc2558118" [3msession_id[0m[2m=[0m"s-b8640d691e68"
[backend] [2m2026-04-19T02:10:23.3584185+08:00[0m [32m INFO[0m ThreadId(12) [2mkoko::shell::媒体资产外壳[0m[2m:[0m 读取附件内容成功 [3musecase[0m[2m=[0m"读取附件内容" [3madapter[0m[2m=[0m"http" [3moutcome[0m[2m=[0m"succeeded" [3mrequest_kind[0m[2m=[0m"附件内容读取" [3mattachment_id[0m[2m=[0m"att-4b3bc2558118" [3msession_id[0m[2m=[0m"s-b8640d691e68"
[backend] [2m2026-04-19T02:10:23.38289+08:00[0m [32m INFO[0m ThreadId(07) [2mkoko::shell::媒体资产外壳[0m[2m:[0m HTTP 请求已受理 [3musecase[0m[2m=[0m"读取附件内容" [3madapter[0m[2m=[0m"http" [3moutcome[0m[2m=[0m"accepted" [3mrequest_kind[0m[2m=[0m"附件内容读取" [3mattachment_id[0m[2m=[0m"att-4b3bc2558118" [3msession_id[0m[2m=[0m"s-b8640d691e68"
[backend] [2m2026-04-19T02:10:23.4618489+08:00[0m [32m INFO[0m ThreadId(05) [2mkoko::shell::媒体资产外壳[0m[2m:[0m 读取附件内容成功 [3musecase[0m[2m=[0m"读取附件内容" [3madapter[0m[2m=[0m"http" [3moutcome[0m[2m=[0m"succeeded" [3mrequest_kind[0m[2m=[0m"附件内容读取" [3mattachment_id[0m[2m=[0m"att-4b3bc2558118" [3msession_id[0m[2m=[0m"s-b8640d691e68"
[backend] [2m2026-04-19T02:10:23.975457+08:00[0m [32m INFO[0m ThreadId(07) [2mkoko::shell::媒体资产外壳[0m[2m:[0m 读取附件内容成功 [3musecase[0m[2m=[0m"读取附件内容" [3madapter[0m[2m=[0m"http" [3moutcome[0m[2m=[0m"succeeded" [3mrequest_kind[0m[2m=[0m"附件内容读取" [3mattachment_id[0m[2m=[0m"att-69182d17260b" [3msession_id[0m[2m=[0m"s-b8640d691e68"
[backend] [2m2026-04-19T02:10:24.0258401+08:00[0m [32m INFO[0m ThreadId(05) [2mkoko::shell::媒体资产外壳[0m[2m:[0m HTTP 请求已受理 [3musecase[0m[2m=[0m"读取附件内容" [3madapter[0m[2m=[0m"http" [3moutcome[0m[2m=[0m"accepted" [3mrequest_kind[0m[2m=[0m"附件内容读取" [3mattachment_id[0m[2m=[0m"att-69182d17260b" [3msession_id[0m[2m=[0m"s-b8640d691e68"
[backend] [2m2026-04-19T02:10:24.0407334+08:00[0m [32m INFO[0m ThreadId(12) [2mkoko::shell::媒体资产外壳[0m[2m:[0m HTTP 请求已受理 [3musecase[0m[2m=[0m"读取附件内容" [3madapter[0m[2m=[0m"http" [3moutcome[0m[2m=[0m"accepted" [3mrequest_kind[0m[2m=[0m"附件内容读取" [3mattachment_id[0m[2m=[0m"att-69182d17260b" [3msession_id[0m[2m=[0m"s-b8640d691e68"
[backend] [2m2026-04-19T02:10:24.8316425+08:00[0m [32m INFO[0m ThreadId(07) [2mkoko::shell::媒体资产外壳[0m[2m:[0m 读取附件内容成功 [3musecase[0m[2m=[0m"读取附件内容" [3madapter[0m[2m=[0m"http" [3moutcome[0m[2m=[0m"succeeded" [3mrequest_kind[0m[2m=[0m"附件内容读取" [3mattachment_id[0m[2m=[0m"att-69182d17260b" [3msession_id[0m[2m=[0m"s-b8640d691e68"
[backend] [2m2026-04-19T02:10:24.8531782+08:00[0m [32m INFO[0m ThreadId(12) [2mkoko::shell::媒体资产外壳[0m[2m:[0m HTTP 请求已受理 [3musecase[0m[2m=[0m"读取附件内容" [3madapter[0m[2m=[0m"http" [3moutcome[0m[2m=[0m"accepted" [3mrequest_kind[0m[2m=[0m"附件内容读取" [3mattachment_id[0m[2m=[0m"att-69182d17260b" [3msession_id[0m[2m=[0m"s-b8640d691e68"
[backend] [2m2026-04-19T02:10:25.6449544+08:00[0m [32m INFO[0m ThreadId(05) [2mkoko::shell::媒体资产外壳[0m[2m:[0m 读取附件内容成功 [3musecase[0m[2m=[0m"读取附件内容" [3madapter[0m[2m=[0m"http" [3moutcome[0m[2m=[0m"succeeded" [3mrequest_kind[0m[2m=[0m"附件内容读取" [3mattachment_id[0m[2m=[0m"att-69182d17260b" [3msession_id[0m[2m=[0m"s-b8640d691e68"
[backend] [2m2026-04-19T02:10:25.6960883+08:00[0m [32m INFO[0m ThreadId(05) [2mkoko::shell::媒体资产外壳[0m[2m:[0m HTTP 请求已受理 [3musecase[0m[2m=[0m"读取附件内容" [3madapter[0m[2m=[0m"http" [3moutcome[0m[2m=[0m"accepted" [3mrequest_kind[0m[2m=[0m"附件内容读取" [3mattachment_id[0m[2m=[0m"att-69182d17260b" [3msession_id[0m[2m=[0m"s-b8640d691e68"
[backend] [2m2026-04-19T02:10:25.7022997+08:00[0m [32m INFO[0m ThreadId(06) [2mkoko::shell::媒体资产外壳[0m[2m:[0m 读取附件内容成功 [3musecase[0m[2m=[0m"读取附件内容" [3madapter[0m[2m=[0m"http" [3moutcome[0m[2m=[0m"succeeded" [3mrequest_kind[0m[2m=[0m"附件内容读取" [3mattachment_id[0m[2m=[0m"att-69182d17260b" [3msession_id[0m[2m=[0m"s-b8640d691e68"
[backend] [2m2026-04-19T02:10:25.7256054+08:00[0m [32m INFO[0m ThreadId(07) [2mkoko::shell::媒体资产外壳[0m[2m:[0m HTTP 请求已受理 [3musecase[0m[2m=[0m"读取附件内容" [3madapter[0m[2m=[0m"http" [3moutcome[0m[2m=[0m"accepted" [3mrequest_kind[0m[2m=[0m"附件内容读取" [3mattachment_id[0m[2m=[0m"att-69182d17260b" [3msession_id[0m[2m=[0m"s-b8640d691e68"
[backend] [2m2026-04-19T02:10:26.515545+08:00[0m [32m INFO[0m ThreadId(07) [2mkoko::shell::媒体资产外壳[0m[2m:[0m 读取附件内容成功 [3musecase[0m[2m=[0m"读取附件内容" [3madapter[0m[2m=[0m"http" [3moutcome[0m[2m=[0m"succeeded" [3mrequest_kind[0m[2m=[0m"附件内容读取" [3mattachment_id[0m[2m=[0m"att-69182d17260b" [3msession_id[0m[2m=[0m"s-b8640d691e68"
[backend] [2m2026-04-19T02:10:26.9898909+08:00[0m [32m INFO[0m ThreadId(12) [2mkoko::shell::媒体资产外壳[0m[2m:[0m HTTP 请求已受理 [3musecase[0m[2m=[0m"读取附件内容" [3madapter[0m[2m=[0m"http" [3moutcome[0m[2m=[0m"accepted" [3mrequest_kind[0m[2m=[0m"附件内容读取" [3mattachment_id[0m[2m=[0m"att-69182d17260b" [3msession_id[0m[2m=[0m"s-b8640d691e68"
[backend] [2m2026-04-19T02:10:27.7768532+08:00[0m [32m INFO[0m ThreadId(07) [2mkoko::shell::媒体资产外壳[0m[2m:[0m 读取附件内容成功 [3musecase[0m[2m=[0m"读取附件内容" [3madapter[0m[2m=[0m"http" [3moutcome[0m[2m=[0m"succeeded" [3mrequest_kind[0m[2m=[0m"附件内容读取" [3mattachment_id[0m[2m=[0m"att-69182d17260b" [3msession_id[0m[2m=[0m"s-b8640d691e68"
[backend] [2m2026-04-19T02:10:35.4171622+08:00[0m [32m INFO[0m ThreadId(12) [2mkoko::shell::媒体资产外壳[0m[2m:[0m HTTP 请求已受理 [3musecase[0m[2m=[0m"读取附件内容" [3madapter[0m[2m=[0m"http" [3moutcome[0m[2m=[0m"accepted" [3mrequest_kind[0m[2m=[0m"附件内容读取" [3mattachment_id[0m[2m=[0m"att-fb643f1210f6" [3msession_id[0m[2m=[0m"s-b8640d691e68"
[backend] [2m2026-04-19T02:10:35.4381095+08:00[0m [32m INFO[0m ThreadId(12) [2mkoko::shell::媒体资产外壳[0m[2m:[0m 读取附件内容成功 [3musecase[0m[2m=[0m"读取附件内容" [3madapter[0m[2m=[0m"http" [3moutcome[0m[2m=[0m"succeeded" [3mrequest_kind[0m[2m=[0m"附件内容读取" [3mattachment_id[0m[2m=[0m"att-fb643f1210f6" [3msession_id[0m[2m=[0m"s-b8640d691e68"
[backend] [2m2026-04-19T02:10:37.9482713+08:00[0m [32m INFO[0m ThreadId(06) [2mkoko::shell::实时外壳[0m[2m:[0m realtime 订阅请求已受理 [3musecase[0m[2m=[0m"订阅房间事件流" [3madapter[0m[2m=[0m"socketioxide" [3moutcome[0m[2m=[0m"accepted" [3mroom_id[0m[2m=[0m"r-3cdfd560046a" [3msession_id[0m[2m=[0m"s-e7c98262c769" [3mfrom[0m[2m=[0m18
[backend] [2m2026-04-19T02:10:37.9592669+08:00[0m [32m INFO[0m ThreadId(05) [2mkoko::shell::实时外壳[0m[2m:[0m 订阅房间事件流成功 [3musecase[0m[2m=[0m"订阅房间事件流" [3madapter[0m[2m=[0m"socketioxide" [3moutcome[0m[2m=[0m"succeeded" [3mroom_id[0m[2m=[0m"r-3cdfd560046a" [3msession_id[0m[2m=[0m"s-e7c98262c769" [3mfrom[0m[2m=[0m18 [3mevent_position[0m[2m=[0m18
[backend] [2m2026-04-19T02:10:41.7987798+08:00[0m [32m INFO[0m ThreadId(06) [2mkoko::shell::房间外壳[0m[2m:[0m HTTP 请求已受理 [3musecase[0m[2m=[0m"引导匿名身份" [3madapter[0m[2m=[0m"http" [3moutcome[0m[2m=[0m"accepted" [3mrequest_kind[0m[2m=[0m"匿名身份引导"
[backend] [2m2026-04-19T02:10:41.8118815+08:00[0m [32m INFO[0m ThreadId(07) [2mkoko::shell::房间外壳[0m[2m:[0m 引导匿名身份成功 [3musecase[0m[2m=[0m"引导匿名身份" [3madapter[0m[2m=[0m"http" [3moutcome[0m[2m=[0m"succeeded" [3mrequest_kind[0m[2m=[0m"匿名身份引导" [3msession_id[0m[2m=[0m"s-70348c88e3ea"
[backend] [2m2026-04-19T02:10:41.9277034+08:00[0m [32m INFO[0m ThreadId(06) [2mkoko::shell::实时外壳[0m[2m:[0m realtime 连接认证已受理 [3musecase[0m[2m=[0m"实时连接认证" [3madapter[0m[2m=[0m"socketioxide" [3moutcome[0m[2m=[0m"accepted" [3msession_id[0m[2m=[0m"s-70348c88e3ea"
[backend] [2m2026-04-19T02:10:41.9294954+08:00[0m [32m INFO[0m ThreadId(12) [2mkoko::shell::实时外壳[0m[2m:[0m realtime 连接认证成功 [3musecase[0m[2m=[0m"实时连接认证" [3madapter[0m[2m=[0m"socketioxide" [3moutcome[0m[2m=[0m"succeeded" [3msession_id[0m[2m=[0m"s-70348c88e3ea"
[backend] [2m2026-04-19T02:10:51.3882005+08:00[0m [32m INFO[0m ThreadId(12) [2mkoko::shell::房间外壳[0m[2m:[0m HTTP 请求已受理 [3musecase[0m[2m=[0m"按短码进房或建房" [3madapter[0m[2m=[0m"http" [3moutcome[0m[2m=[0m"accepted" [3mrequest_kind[0m[2m=[0m"短码进房或建房" [3msession_id[0m[2m=[0m"s-70348c88e3ea"
[backend] [2m2026-04-19T02:10:51.4007875+08:00[0m [32m INFO[0m ThreadId(12) [2mkoko::shell::房间外壳[0m[2m:[0m 按短码进房或建房成功 [3musecase[0m[2m=[0m"按短码进房或建房" [3madapter[0m[2m=[0m"http" [3moutcome[0m[2m=[0m"succeeded" [3mrequest_kind[0m[2m=[0m"短码进房或建房" [3msession_id[0m[2m=[0m"s-70348c88e3ea" [3mroom_id[0m[2m=[0m"r-3cdfd560046a" [3mevent_position[0m[2m=[0m18
[backend] [2m2026-04-19T02:10:51.4133162+08:00[0m [32m INFO[0m ThreadId(05) [2mkoko::shell::实时外壳[0m[2m:[0m realtime 订阅请求已受理 [3musecase[0m[2m=[0m"订阅房间事件流" [3madapter[0m[2m=[0m"socketioxide" [3moutcome[0m[2m=[0m"accepted" [3mroom_id[0m[2m=[0m"r-3cdfd560046a" [3msession_id[0m[2m=[0m"s-70348c88e3ea" [3mfrom[0m[2m=[0m18
[backend] [2m2026-04-19T02:10:51.4191882+08:00[0m [32m INFO[0m ThreadId(12) [2mkoko::shell::实时外壳[0m[2m:[0m 订阅房间事件流成功 [3musecase[0m[2m=[0m"订阅房间事件流" [3madapter[0m[2m=[0m"socketioxide" [3moutcome[0m[2m=[0m"succeeded" [3mroom_id[0m[2m=[0m"r-3cdfd560046a" [3msession_id[0m[2m=[0m"s-70348c88e3ea" [3mfrom[0m[2m=[0m18 [3mevent_position[0m[2m=[0m18
[backend] [2m2026-04-19T02:10:51.513441+08:00[0m [32m INFO[0m ThreadId(06) [2mkoko::shell::媒体资产外壳[0m[2m:[0m HTTP 请求已受理 [3musecase[0m[2m=[0m"读取附件内容" [3madapter[0m[2m=[0m"http" [3moutcome[0m[2m=[0m"accepted" [3mrequest_kind[0m[2m=[0m"附件内容读取" [3mattachment_id[0m[2m=[0m"att-961d957a1877" [3msession_id[0m[2m=[0m"s-70348c88e3ea"
[backend] [2m2026-04-19T02:10:51.5152795+08:00[0m [32m INFO[0m ThreadId(06) [2mkoko::shell::媒体资产外壳[0m[2m:[0m HTTP 请求已受理 [3musecase[0m[2m=[0m"读取附件内容" [3madapter[0m[2m=[0m"http" [3moutcome[0m[2m=[0m"accepted" [3mrequest_kind[0m[2m=[0m"附件内容读取" [3mattachment_id[0m[2m=[0m"att-8d44cbfede62" [3msession_id[0m[2m=[0m"s-70348c88e3ea"
[backend] [2m2026-04-19T02:10:51.5154637+08:00[0m [32m INFO[0m ThreadId(12) [2mkoko::shell::媒体资产外壳[0m[2m:[0m HTTP 请求已受理 [3musecase[0m[2m=[0m"读取附件内容" [3madapter[0m[2m=[0m"http" [3moutcome[0m[2m=[0m"accepted" [3mrequest_kind[0m[2m=[0m"附件内容读取" [3mattachment_id[0m[2m=[0m"att-2d964b96c071" [3msession_id[0m[2m=[0m"s-70348c88e3ea"
[backend] [2m2026-04-19T02:10:51.5196052+08:00[0m [32m INFO[0m ThreadId(05) [2mkoko::shell::媒体资产外壳[0m[2m:[0m HTTP 请求已受理 [3musecase[0m[2m=[0m"读取附件内容" [3madapter[0m[2m=[0m"http" [3moutcome[0m[2m=[0m"accepted" [3mrequest_kind[0m[2m=[0m"附件内容读取" [3mattachment_id[0m[2m=[0m"att-681e5b27b0c2" [3msession_id[0m[2m=[0m"s-70348c88e3ea"
[backend] [2m2026-04-19T02:10:51.5200989+08:00[0m [32m INFO[0m ThreadId(07) [2mkoko::shell::媒体资产外壳[0m[2m:[0m HTTP 请求已受理 [3musecase[0m[2m=[0m"读取附件内容" [3madapter[0m[2m=[0m"http" [3moutcome[0m[2m=[0m"accepted" [3mrequest_kind[0m[2m=[0m"附件内容读取" [3mattachment_id[0m[2m=[0m"att-ac7a1188a600" [3msession_id[0m[2m=[0m"s-70348c88e3ea"
[backend] [2m2026-04-19T02:10:51.5224873+08:00[0m [32m INFO[0m ThreadId(12) [2mkoko::shell::媒体资产外壳[0m[2m:[0m HTTP 请求已受理 [3musecase[0m[2m=[0m"读取附件内容" [3madapter[0m[2m=[0m"http" [3moutcome[0m[2m=[0m"accepted" [3mrequest_kind[0m[2m=[0m"附件内容读取" [3mattachment_id[0m[2m=[0m"att-3a48c8f47757" [3msession_id[0m[2m=[0m"s-70348c88e3ea"
[backend] [2m2026-04-19T02:10:51.5265553+08:00[0m [32m INFO[0m ThreadId(12) [2mkoko::shell::媒体资产外壳[0m[2m:[0m 读取附件内容成功 [3musecase[0m[2m=[0m"读取附件内容" [3madapter[0m[2m=[0m"http" [3moutcome[0m[2m=[0m"succeeded" [3mrequest_kind[0m[2m=[0m"附件内容读取" [3mattachment_id[0m[2m=[0m"att-8d44cbfede62" [3msession_id[0m[2m=[0m"s-70348c88e3ea"
[backend] [2m2026-04-19T02:10:51.5266906+08:00[0m [32m INFO[0m ThreadId(05) [2mkoko::shell::媒体资产外壳[0m[2m:[0m 读取附件内容成功 [3musecase[0m[2m=[0m"读取附件内容" [3madapter[0m[2m=[0m"http" [3moutcome[0m[2m=[0m"succeeded" [3mrequest_kind[0m[2m=[0m"附件内容读取" [3mattachment_id[0m[2m=[0m"att-961d957a1877" [3msession_id[0m[2m=[0m"s-70348c88e3ea"
[backend] [2m2026-04-19T02:10:51.5273517+08:00[0m [32m INFO[0m ThreadId(06) [2mkoko::shell::媒体资产外壳[0m[2m:[0m 读取附件内容成功 [3musecase[0m[2m=[0m"读取附件内容" [3madapter[0m[2m=[0m"http" [3moutcome[0m[2m=[0m"succeeded" [3mrequest_kind[0m[2m=[0m"附件内容读取" [3mattachment_id[0m[2m=[0m"att-2d964b96c071" [3msession_id[0m[2m=[0m"s-70348c88e3ea"
[backend] [2m2026-04-19T02:10:51.5323283+08:00[0m [32m INFO[0m ThreadId(12) [2mkoko::shell::媒体资产外壳[0m[2m:[0m 读取附件内容成功 [3musecase[0m[2m=[0m"读取附件内容" [3madapter[0m[2m=[0m"http" [3moutcome[0m[2m=[0m"succeeded" [3mrequest_kind[0m[2m=[0m"附件内容读取" [3mattachment_id[0m[2m=[0m"att-681e5b27b0c2" [3msession_id[0m[2m=[0m"s-70348c88e3ea"
[backend] [2m2026-04-19T02:10:51.5339312+08:00[0m [32m INFO[0m ThreadId(07) [2mkoko::shell::媒体资产外壳[0m[2m:[0m 读取附件内容成功 [3musecase[0m[2m=[0m"读取附件内容" [3madapter[0m[2m=[0m"http" [3moutcome[0m[2m=[0m"succeeded" [3mrequest_kind[0m[2m=[0m"附件内容读取" [3mattachment_id[0m[2m=[0m"att-ac7a1188a600" [3msession_id[0m[2m=[0m"s-70348c88e3ea"
[backend] [2m2026-04-19T02:10:51.5340983+08:00[0m [32m INFO[0m ThreadId(03) [2mkoko::shell::媒体资产外壳[0m[2m:[0m HTTP 请求已受理 [3musecase[0m[2m=[0m"读取附件内容" [3madapter[0m[2m=[0m"http" [3moutcome[0m[2m=[0m"accepted" [3mrequest_kind[0m[2m=[0m"附件内容读取" [3mattachment_id[0m[2m=[0m"att-792bea97c0bd" [3msession_id[0m[2m=[0m"s-70348c88e3ea"
[backend] [2m2026-04-19T02:10:51.5341711+08:00[0m [32m INFO[0m ThreadId(05) [2mkoko::shell::媒体资产外壳[0m[2m:[0m 读取附件内容成功 [3musecase[0m[2m=[0m"读取附件内容" [3madapter[0m[2m=[0m"http" [3moutcome[0m[2m=[0m"succeeded" [3mrequest_kind[0m[2m=[0m"附件内容读取" [3mattachment_id[0m[2m=[0m"att-3a48c8f47757" [3msession_id[0m[2m=[0m"s-70348c88e3ea"
[backend] [2m2026-04-19T02:10:51.5380392+08:00[0m [32m INFO[0m ThreadId(05) [2mkoko::shell::媒体资产外壳[0m[2m:[0m HTTP 请求已受理 [3musecase[0m[2m=[0m"读取附件内容" [3madapter[0m[2m=[0m"http" [3moutcome[0m[2m=[0m"accepted" [3mrequest_kind[0m[2m=[0m"附件内容读取" [3mattachment_id[0m[2m=[0m"att-ea250b02f4f3" [3msession_id[0m[2m=[0m"s-70348c88e3ea"
[backend] [2m2026-04-19T02:10:51.5493625+08:00[0m [32m INFO[0m ThreadId(08) [2mkoko::shell::媒体资产外壳[0m[2m:[0m 读取附件内容成功 [3musecase[0m[2m=[0m"读取附件内容" [3madapter[0m[2m=[0m"http" [3moutcome[0m[2m=[0m"succeeded" [3mrequest_kind[0m[2m=[0m"附件内容读取" [3mattachment_id[0m[2m=[0m"att-792bea97c0bd" [3msession_id[0m[2m=[0m"s-70348c88e3ea"
[backend] [2m2026-04-19T02:10:51.5505922+08:00[0m [32m INFO[0m ThreadId(07) [2mkoko::shell::媒体资产外壳[0m[2m:[0m 读取附件内容成功 [3musecase[0m[2m=[0m"读取附件内容" [3madapter[0m[2m=[0m"http" [3moutcome[0m[2m=[0m"succeeded" [3mrequest_kind[0m[2m=[0m"附件内容读取" [3mattachment_id[0m[2m=[0m"att-ea250b02f4f3" [3msession_id[0m[2m=[0m"s-70348c88e3ea"
[backend] [2m2026-04-19T02:10:51.5559769+08:00[0m [32m INFO[0m ThreadId(03) [2mkoko::shell::媒体资产外壳[0m[2m:[0m HTTP 请求已受理 [3musecase[0m[2m=[0m"读取附件内容" [3madapter[0m[2m=[0m"http" [3moutcome[0m[2m=[0m"accepted" [3mrequest_kind[0m[2m=[0m"附件内容读取" [3mattachment_id[0m[2m=[0m"att-5c73308e404b" [3msession_id[0m[2m=[0m"s-70348c88e3ea"
[backend] [2m2026-04-19T02:10:51.5647895+08:00[0m [32m INFO[0m ThreadId(03) [2mkoko::shell::媒体资产外壳[0m[2m:[0m HTTP 请求已受理 [3musecase[0m[2m=[0m"读取附件内容" [3madapter[0m[2m=[0m"http" [3moutcome[0m[2m=[0m"accepted" [3mrequest_kind[0m[2m=[0m"附件内容读取" [3mattachment_id[0m[2m=[0m"att-89421b5102e1" [3msession_id[0m[2m=[0m"s-70348c88e3ea"
[backend] [2m2026-04-19T02:10:51.5659507+08:00[0m [32m INFO[0m ThreadId(08) [2mkoko::shell::媒体资产外壳[0m[2m:[0m HTTP 请求已受理 [3musecase[0m[2m=[0m"读取附件内容" [3madapter[0m[2m=[0m"http" [3moutcome[0m[2m=[0m"accepted" [3mrequest_kind[0m[2m=[0m"附件内容读取" [3mattachment_id[0m[2m=[0m"att-879751db2737" [3msession_id[0m[2m=[0m"s-70348c88e3ea"
[backend] [2m2026-04-19T02:10:51.566625+08:00[0m [32m INFO[0m ThreadId(03) [2mkoko::shell::媒体资产外壳[0m[2m:[0m HTTP 请求已受理 [3musecase[0m[2m=[0m"读取附件内容" [3madapter[0m[2m=[0m"http" [3moutcome[0m[2m=[0m"accepted" [3mrequest_kind[0m[2m=[0m"附件内容读取" [3mattachment_id[0m[2m=[0m"att-56d8fca2bd57" [3msession_id[0m[2m=[0m"s-70348c88e3ea"
[backend] [2m2026-04-19T02:10:51.5674817+08:00[0m [32m INFO[0m ThreadId(08) [2mkoko::shell::媒体资产外壳[0m[2m:[0m 读取附件内容成功 [3musecase[0m[2m=[0m"读取附件内容" [3madapter[0m[2m=[0m"http" [3moutcome[0m[2m=[0m"succeeded" [3mrequest_kind[0m[2m=[0m"附件内容读取" [3mattachment_id[0m[2m=[0m"att-5c73308e404b" [3msession_id[0m[2m=[0m"s-70348c88e3ea"
[backend] [2m2026-04-19T02:10:51.5695253+08:00[0m [32m INFO[0m ThreadId(07) [2mkoko::shell::媒体资产外壳[0m[2m:[0m HTTP 请求已受理 [3musecase[0m[2m=[0m"读取附件内容" [3madapter[0m[2m=[0m"http" [3moutcome[0m[2m=[0m"accepted" [3mrequest_kind[0m[2m=[0m"附件内容读取" [3mattachment_id[0m[2m=[0m"att-8aedf734e191" [3msession_id[0m[2m=[0m"s-70348c88e3ea"
[backend] [2m2026-04-19T02:10:51.5736389+08:00[0m [32m INFO[0m ThreadId(05) [2mkoko::shell::媒体资产外壳[0m[2m:[0m HTTP 请求已受理 [3musecase[0m[2m=[0m"读取附件内容" [3madapter[0m[2m=[0m"http" [3moutcome[0m[2m=[0m"accepted" [3mrequest_kind[0m[2m=[0m"附件内容读取" [3mattachment_id[0m[2m=[0m"att-4b3bc2558118" [3msession_id[0m[2m=[0m"s-70348c88e3ea"
[backend] [2m2026-04-19T02:10:51.5796456+08:00[0m [32m INFO[0m ThreadId(07) [2mkoko::shell::媒体资产外壳[0m[2m:[0m 读取附件内容成功 [3musecase[0m[2m=[0m"读取附件内容" [3madapter[0m[2m=[0m"http" [3moutcome[0m[2m=[0m"succeeded" [3mrequest_kind[0m[2m=[0m"附件内容读取" [3mattachment_id[0m[2m=[0m"att-879751db2737" [3msession_id[0m[2m=[0m"s-70348c88e3ea"
[backend] [2m2026-04-19T02:10:51.5800135+08:00[0m [32m INFO[0m ThreadId(12) [2mkoko::shell::媒体资产外壳[0m[2m:[0m 读取附件内容成功 [3musecase[0m[2m=[0m"读取附件内容" [3madapter[0m[2m=[0m"http" [3moutcome[0m[2m=[0m"succeeded" [3mrequest_kind[0m[2m=[0m"附件内容读取" [3mattachment_id[0m[2m=[0m"att-89421b5102e1" [3msession_id[0m[2m=[0m"s-70348c88e3ea"
[backend] [2m2026-04-19T02:10:51.5806976+08:00[0m [32m INFO[0m ThreadId(05) [2mkoko::shell::媒体资产外壳[0m[2m:[0m HTTP 请求已受理 [3musecase[0m[2m=[0m"读取附件内容" [3madapter[0m[2m=[0m"http" [3moutcome[0m[2m=[0m"accepted" [3mrequest_kind[0m[2m=[0m"附件内容读取" [3mattachment_id[0m[2m=[0m"att-69182d17260b" [3msession_id[0m[2m=[0m"s-70348c88e3ea"
[backend] [2m2026-04-19T02:10:51.5807661+08:00[0m [32m INFO[0m ThreadId(03) [2mkoko::shell::媒体资产外壳[0m[2m:[0m 读取附件内容成功 [3musecase[0m[2m=[0m"读取附件内容" [3madapter[0m[2m=[0m"http" [3moutcome[0m[2m=[0m"succeeded" [3mrequest_kind[0m[2m=[0m"附件内容读取" [3mattachment_id[0m[2m=[0m"att-8aedf734e191" [3msession_id[0m[2m=[0m"s-70348c88e3ea"
[backend] [2m2026-04-19T02:10:51.5813394+08:00[0m [32m INFO[0m ThreadId(08) [2mkoko::shell::媒体资产外壳[0m[2m:[0m 读取附件内容成功 [3musecase[0m[2m=[0m"读取附件内容" [3madapter[0m[2m=[0m"http" [3moutcome[0m[2m=[0m"succeeded" [3mrequest_kind[0m[2m=[0m"附件内容读取" [3mattachment_id[0m[2m=[0m"att-56d8fca2bd57" [3msession_id[0m[2m=[0m"s-70348c88e3ea"
[backend] [2m2026-04-19T02:10:51.5837273+08:00[0m [32m INFO[0m ThreadId(12) [2mkoko::shell::媒体资产外壳[0m[2m:[0m 读取附件内容成功 [3musecase[0m[2m=[0m"读取附件内容" [3madapter[0m[2m=[0m"http" [3moutcome[0m[2m=[0m"succeeded" [3mrequest_kind[0m[2m=[0m"附件内容读取" [3mattachment_id[0m[2m=[0m"att-4b3bc2558118" [3msession_id[0m[2m=[0m"s-70348c88e3ea"
[backend] [2m2026-04-19T02:10:51.5907478+08:00[0m [32m INFO[0m ThreadId(03) [2mkoko::shell::媒体资产外壳[0m[2m:[0m 读取附件内容成功 [3musecase[0m[2m=[0m"读取附件内容" [3madapter[0m[2m=[0m"http" [3moutcome[0m[2m=[0m"succeeded" [3mrequest_kind[0m[2m=[0m"附件内容读取" [3mattachment_id[0m[2m=[0m"att-69182d17260b" [3msession_id[0m[2m=[0m"s-70348c88e3ea"
[backend] [2m2026-04-19T02:10:51.5974544+08:00[0m [32m INFO[0m ThreadId(08) [2mkoko::shell::媒体资产外壳[0m[2m:[0m HTTP 请求已受理 [3musecase[0m[2m=[0m"读取附件内容" [3madapter[0m[2m=[0m"http" [3moutcome[0m[2m=[0m"accepted" [3mrequest_kind[0m[2m=[0m"附件内容读取" [3mattachment_id[0m[2m=[0m"att-d1739ba9773f" [3msession_id[0m[2m=[0m"s-70348c88e3ea"
[backend] [2m2026-04-19T02:10:51.598503+08:00[0m [32m INFO[0m ThreadId(08) [2mkoko::shell::媒体资产外壳[0m[2m:[0m HTTP 请求已受理 [3musecase[0m[2m=[0m"读取附件内容" [3madapter[0m[2m=[0m"http" [3moutcome[0m[2m=[0m"accepted" [3mrequest_kind[0m[2m=[0m"附件内容读取" [3mattachment_id[0m[2m=[0m"att-fb643f1210f6" [3msession_id[0m[2m=[0m"s-70348c88e3ea"
[backend] [2m2026-04-19T02:10:51.5987188+08:00[0m [32m INFO[0m ThreadId(03) [2mkoko::shell::媒体资产外壳[0m[2m:[0m HTTP 请求已受理 [3musecase[0m[2m=[0m"读取附件内容" [3madapter[0m[2m=[0m"http" [3moutcome[0m[2m=[0m"accepted" [3mrequest_kind[0m[2m=[0m"附件内容读取" [3mattachment_id[0m[2m=[0m"att-6727d0dfb7aa" [3msession_id[0m[2m=[0m"s-70348c88e3ea"
[backend] [2m2026-04-19T02:10:51.6115334+08:00[0m [32m INFO[0m ThreadId(08) [2mkoko::shell::媒体资产外壳[0m[2m:[0m 读取附件内容成功 [3musecase[0m[2m=[0m"读取附件内容" [3madapter[0m[2m=[0m"http" [3moutcome[0m[2m=[0m"succeeded" [3mrequest_kind[0m[2m=[0m"附件内容读取" [3mattachment_id[0m[2m=[0m"att-fb643f1210f6" [3msession_id[0m[2m=[0m"s-70348c88e3ea"
[backend] [2m2026-04-19T02:10:51.6133177+08:00[0m [32m INFO[0m ThreadId(08) [2mkoko::shell::媒体资产外壳[0m[2m:[0m 读取附件内容成功 [3musecase[0m[2m=[0m"读取附件内容" [3madapter[0m[2m=[0m"http" [3moutcome[0m[2m=[0m"succeeded" [3mrequest_kind[0m[2m=[0m"附件内容读取" [3mattachment_id[0m[2m=[0m"att-d1739ba9773f" [3msession_id[0m[2m=[0m"s-70348c88e3ea"
[backend] [2m2026-04-19T02:10:51.6147549+08:00[0m [32m INFO[0m ThreadId(03) [2mkoko::shell::媒体资产外壳[0m[2m:[0m 读取附件内容成功 [3musecase[0m[2m=[0m"读取附件内容" [3madapter[0m[2m=[0m"http" [3moutcome[0m[2m=[0m"succeeded" [3mrequest_kind[0m[2m=[0m"附件内容读取" [3mattachment_id[0m[2m=[0m"att-6727d0dfb7aa" [3msession_id[0m[2m=[0m"s-70348c88e3ea"
[backend] [2m2026-04-19T02:10:51.6989967+08:00[0m [32m INFO[0m ThreadId(12) [2mkoko::shell::媒体资产外壳[0m[2m:[0m HTTP 请求已受理 [3musecase[0m[2m=[0m"读取附件内容" [3madapter[0m[2m=[0m"http" [3moutcome[0m[2m=[0m"accepted" [3mrequest_kind[0m[2m=[0m"附件内容读取" [3mattachment_id[0m[2m=[0m"att-fb643f1210f6" [3msession_id[0m[2m=[0m"s-70348c88e3ea"
[backend] [2m2026-04-19T02:10:51.7125727+08:00[0m [32m INFO[0m ThreadId(08) [2mkoko::shell::媒体资产外壳[0m[2m:[0m 读取附件内容成功 [3musecase[0m[2m=[0m"读取附件内容" [3madapter[0m[2m=[0m"http" [3moutcome[0m[2m=[0m"succeeded" [3mrequest_kind[0m[2m=[0m"附件内容读取" [3mattachment_id[0m[2m=[0m"att-fb643f1210f6" [3msession_id[0m[2m=[0m"s-70348c88e3ea"
[backend] [2m2026-04-19T02:10:51.7206503+08:00[0m [32m INFO[0m ThreadId(12) [2mkoko::shell::媒体资产外壳[0m[2m:[0m HTTP 请求已受理 [3musecase[0m[2m=[0m"读取附件内容" [3madapter[0m[2m=[0m"http" [3moutcome[0m[2m=[0m"accepted" [3mrequest_kind[0m[2m=[0m"附件内容读取" [3mattachment_id[0m[2m=[0m"att-fb643f1210f6" [3msession_id[0m[2m=[0m"s-70348c88e3ea"
[backend] [2m2026-04-19T02:10:51.7277213+08:00[0m [32m INFO[0m ThreadId(07) [2mkoko::shell::媒体资产外壳[0m[2m:[0m 读取附件内容成功 [3musecase[0m[2m=[0m"读取附件内容" [3madapter[0m[2m=[0m"http" [3moutcome[0m[2m=[0m"succeeded" [3mrequest_kind[0m[2m=[0m"附件内容读取" [3mattachment_id[0m[2m=[0m"att-fb643f1210f6" [3msession_id[0m[2m=[0m"s-70348c88e3ea"
[backend] [2m2026-04-19T02:10:51.7320623+08:00[0m [32m INFO[0m ThreadId(12) [2mkoko::shell::媒体资产外壳[0m[2m:[0m HTTP 请求已受理 [3musecase[0m[2m=[0m"读取附件内容" [3madapter[0m[2m=[0m"http" [3moutcome[0m[2m=[0m"accepted" [3mrequest_kind[0m[2m=[0m"附件内容读取" [3mattachment_id[0m[2m=[0m"att-fb643f1210f6" [3msession_id[0m[2m=[0m"s-70348c88e3ea"
[backend] [2m2026-04-19T02:10:51.7432022+08:00[0m [32m INFO[0m ThreadId(08) [2mkoko::shell::媒体资产外壳[0m[2m:[0m 读取附件内容成功 [3musecase[0m[2m=[0m"读取附件内容" [3madapter[0m[2m=[0m"http" [3moutcome[0m[2m=[0m"succeeded" [3mrequest_kind[0m[2m=[0m"附件内容读取" [3mattachment_id[0m[2m=[0m"att-fb643f1210f6" [3msession_id[0m[2m=[0m"s-70348c88e3ea"
[backend] [2m2026-04-19T02:10:51.9388893+08:00[0m [32m INFO[0m ThreadId(12) [2mkoko::shell::房间外壳[0m[2m:[0m HTTP 请求已受理 [3musecase[0m[2m=[0m"推进房间阅读位置" [3madapter[0m[2m=[0m"http" [3moutcome[0m[2m=[0m"accepted" [3mrequest_kind[0m[2m=[0m"房间阅读位置推进" [3mroom_id[0m[2m=[0m"r-3cdfd560046a" [3msession_id[0m[2m=[0m"s-70348c88e3ea" [3mevent_position[0m[2m=[0m18
[backend] [2m2026-04-19T02:10:51.9472934+08:00[0m [32m INFO[0m ThreadId(12) [2mkoko::shell::房间外壳[0m[2m:[0m 推进房间阅读位置成功 [3musecase[0m[2m=[0m"推进房间阅读位置" [3madapter[0m[2m=[0m"http" [3moutcome[0m[2m=[0m"succeeded" [3mrequest_kind[0m[2m=[0m"房间阅读位置推进" [3mroom_id[0m[2m=[0m"r-3cdfd560046a" [3msession_id[0m[2m=[0m"s-70348c88e3ea" [3mevent_position[0m[2m=[0m18
[backend] [2m2026-04-19T02:10:54.5963163+08:00[0m [32m INFO[0m ThreadId(07) [2mkoko::shell::房间外壳[0m[2m:[0m HTTP 请求已受理 [3musecase[0m[2m=[0m"引导匿名身份" [3madapter[0m[2m=[0m"http" [3moutcome[0m[2m=[0m"accepted" [3mrequest_kind[0m[2m=[0m"匿名身份引导"
[backend] [2m2026-04-19T02:10:54.6026487+08:00[0m [32m INFO[0m ThreadId(07) [2mkoko::shell::房间外壳[0m[2m:[0m 引导匿名身份成功 [3musecase[0m[2m=[0m"引导匿名身份" [3madapter[0m[2m=[0m"http" [3moutcome[0m[2m=[0m"succeeded" [3mrequest_kind[0m[2m=[0m"匿名身份引导" [3msession_id[0m[2m=[0m"s-4e84bf609b16"
[backend] [2m2026-04-19T02:10:54.6862159+08:00[0m [32m INFO[0m ThreadId(12) [2mkoko::shell::实时外壳[0m[2m:[0m realtime 连接认证已受理 [3musecase[0m[2m=[0m"实时连接认证" [3madapter[0m[2m=[0m"socketioxide" [3moutcome[0m[2m=[0m"accepted" [3msession_id[0m[2m=[0m"s-4e84bf609b16"
[backend] [2m2026-04-19T02:10:54.6876537+08:00[0m [32m INFO[0m ThreadId(03) [2mkoko::shell::实时外壳[0m[2m:[0m realtime 连接认证成功 [3musecase[0m[2m=[0m"实时连接认证" [3madapter[0m[2m=[0m"socketioxide" [3moutcome[0m[2m=[0m"succeeded" [3msession_id[0m[2m=[0m"s-4e84bf609b16"
[backend] [2m2026-04-19T02:11:00.3173438+08:00[0m [32m INFO[0m ThreadId(12) [2mkoko::shell::房间外壳[0m[2m:[0m HTTP 请求已受理 [3musecase[0m[2m=[0m"按短码进房或建房" [3madapter[0m[2m=[0m"http" [3moutcome[0m[2m=[0m"accepted" [3mrequest_kind[0m[2m=[0m"短码进房或建房" [3msession_id[0m[2m=[0m"s-4e84bf609b16"
[backend] [2m2026-04-19T02:11:00.3295617+08:00[0m [32m INFO[0m ThreadId(03) [2mkoko::shell::房间外壳[0m[2m:[0m 按短码进房或建房成功 [3musecase[0m[2m=[0m"按短码进房或建房" [3madapter[0m[2m=[0m"http" [3moutcome[0m[2m=[0m"succeeded" [3mrequest_kind[0m[2m=[0m"短码进房或建房" [3msession_id[0m[2m=[0m"s-4e84bf609b16" [3mroom_id[0m[2m=[0m"r-3cdfd560046a" [3mevent_position[0m[2m=[0m18
[backend] [2m2026-04-19T02:11:00.3371757+08:00[0m [32m INFO[0m ThreadId(07) [2mkoko::shell::实时外壳[0m[2m:[0m realtime 订阅请求已受理 [3musecase[0m[2m=[0m"订阅房间事件流" [3madapter[0m[2m=[0m"socketioxide" [3moutcome[0m[2m=[0m"accepted" [3mroom_id[0m[2m=[0m"r-3cdfd560046a" [3msession_id[0m[2m=[0m"s-4e84bf609b16" [3mfrom[0m[2m=[0m18
[backend] [2m2026-04-19T02:11:00.3443386+08:00[0m [32m INFO[0m ThreadId(03) [2mkoko::shell::实时外壳[0m[2m:[0m 订阅房间事件流成功 [3musecase[0m[2m=[0m"订阅房间事件流" [3madapter[0m[2m=[0m"socketioxide" [3moutcome[0m[2m=[0m"succeeded" [3mroom_id[0m[2m=[0m"r-3cdfd560046a" [3msession_id[0m[2m=[0m"s-4e84bf609b16" [3mfrom[0m[2m=[0m18 [3mevent_position[0m[2m=[0m18
[backend] [2m2026-04-19T02:11:00.4178507+08:00[0m [32m INFO[0m ThreadId(07) [2mkoko::shell::媒体资产外壳[0m[2m:[0m HTTP 请求已受理 [3musecase[0m[2m=[0m"读取附件内容" [3madapter[0m[2m=[0m"http" [3moutcome[0m[2m=[0m"accepted" [3mrequest_kind[0m[2m=[0m"附件内容读取" [3mattachment_id[0m[2m=[0m"att-961d957a1877" [3msession_id[0m[2m=[0m"s-4e84bf609b16"
[backend] [2m2026-04-19T02:11:00.421583+08:00[0m [32m INFO[0m ThreadId(12) [2mkoko::shell::媒体资产外壳[0m[2m:[0m HTTP 请求已受理 [3musecase[0m[2m=[0m"读取附件内容" [3madapter[0m[2m=[0m"http" [3moutcome[0m[2m=[0m"accepted" [3mrequest_kind[0m[2m=[0m"附件内容读取" [3mattachment_id[0m[2m=[0m"att-8d44cbfede62" [3msession_id[0m[2m=[0m"s-4e84bf609b16"
[backend] [2m2026-04-19T02:11:00.4220692+08:00[0m [32m INFO[0m ThreadId(07) [2mkoko::shell::媒体资产外壳[0m[2m:[0m HTTP 请求已受理 [3musecase[0m[2m=[0m"读取附件内容" [3madapter[0m[2m=[0m"http" [3moutcome[0m[2m=[0m"accepted" [3mrequest_kind[0m[2m=[0m"附件内容读取" [3mattachment_id[0m[2m=[0m"att-2d964b96c071" [3msession_id[0m[2m=[0m"s-4e84bf609b16"
[backend] [2m2026-04-19T02:11:00.422798+08:00[0m [32m INFO[0m ThreadId(12) [2mkoko::shell::媒体资产外壳[0m[2m:[0m HTTP 请求已受理 [3musecase[0m[2m=[0m"读取附件内容" [3madapter[0m[2m=[0m"http" [3moutcome[0m[2m=[0m"accepted" [3mrequest_kind[0m[2m=[0m"附件内容读取" [3mattachment_id[0m[2m=[0m"att-681e5b27b0c2" [3msession_id[0m[2m=[0m"s-4e84bf609b16"
[backend] [2m2026-04-19T02:11:00.4298701+08:00[0m [32m INFO[0m ThreadId(07) [2mkoko::shell::媒体资产外壳[0m[2m:[0m 读取附件内容成功 [3musecase[0m[2m=[0m"读取附件内容" [3madapter[0m[2m=[0m"http" [3moutcome[0m[2m=[0m"succeeded" [3mrequest_kind[0m[2m=[0m"附件内容读取" [3mattachment_id[0m[2m=[0m"att-961d957a1877" [3msession_id[0m[2m=[0m"s-4e84bf609b16"
[backend] [2m2026-04-19T02:11:00.4345998+08:00[0m [32m INFO[0m ThreadId(07) [2mkoko::shell::媒体资产外壳[0m[2m:[0m 读取附件内容成功 [3musecase[0m[2m=[0m"读取附件内容" [3madapter[0m[2m=[0m"http" [3moutcome[0m[2m=[0m"succeeded" [3mrequest_kind[0m[2m=[0m"附件内容读取" [3mattachment_id[0m[2m=[0m"att-2d964b96c071" [3msession_id[0m[2m=[0m"s-4e84bf609b16"
[backend] [2m2026-04-19T02:11:00.4354661+08:00[0m [32m INFO[0m ThreadId(08) [2mkoko::shell::媒体资产外壳[0m[2m:[0m 读取附件内容成功 [3musecase[0m[2m=[0m"读取附件内容" [3madapter[0m[2m=[0m"http" [3moutcome[0m[2m=[0m"succeeded" [3mrequest_kind[0m[2m=[0m"附件内容读取" [3mattachment_id[0m[2m=[0m"att-8d44cbfede62" [3msession_id[0m[2m=[0m"s-4e84bf609b16"
[backend] [2m2026-04-19T02:11:00.4396963+08:00[0m [32m INFO[0m ThreadId(08) [2mkoko::shell::媒体资产外壳[0m[2m:[0m 读取附件内容成功 [3musecase[0m[2m=[0m"读取附件内容" [3madapter[0m[2m=[0m"http" [3moutcome[0m[2m=[0m"succeeded" [3mrequest_kind[0m[2m=[0m"附件内容读取" [3mattachment_id[0m[2m=[0m"att-681e5b27b0c2" [3msession_id[0m[2m=[0m"s-4e84bf609b16"
[backend] [2m2026-04-19T02:11:00.4464045+08:00[0m [32m INFO[0m ThreadId(07) [2mkoko::shell::媒体资产外壳[0m[2m:[0m HTTP 请求已受理 [3musecase[0m[2m=[0m"读取附件内容" [3madapter[0m[2m=[0m"http" [3moutcome[0m[2m=[0m"accepted" [3mrequest_kind[0m[2m=[0m"附件内容读取" [3mattachment_id[0m[2m=[0m"att-ac7a1188a600" [3msession_id[0m[2m=[0m"s-4e84bf609b16"
[backend] [2m2026-04-19T02:11:00.4508398+08:00[0m [32m INFO[0m ThreadId(07) [2mkoko::shell::媒体资产外壳[0m[2m:[0m HTTP 请求已受理 [3musecase[0m[2m=[0m"读取附件内容" [3madapter[0m[2m=[0m"http" [3moutcome[0m[2m=[0m"accepted" [3mrequest_kind[0m[2m=[0m"附件内容读取" [3mattachment_id[0m[2m=[0m"att-3a48c8f47757" [3msession_id[0m[2m=[0m"s-4e84bf609b16"
[backend] [2m2026-04-19T02:11:00.4557138+08:00[0m [32m INFO[0m ThreadId(07) [2mkoko::shell::媒体资产外壳[0m[2m:[0m 读取附件内容成功 [3musecase[0m[2m=[0m"读取附件内容" [3madapter[0m[2m=[0m"http" [3moutcome[0m[2m=[0m"succeeded" [3mrequest_kind[0m[2m=[0m"附件内容读取" [3mattachment_id[0m[2m=[0m"att-ac7a1188a600" [3msession_id[0m[2m=[0m"s-4e84bf609b16"
[backend] [2m2026-04-19T02:11:00.4591761+08:00[0m [32m INFO[0m ThreadId(08) [2mkoko::shell::媒体资产外壳[0m[2m:[0m HTTP 请求已受理 [3musecase[0m[2m=[0m"读取附件内容" [3madapter[0m[2m=[0m"http" [3moutcome[0m[2m=[0m"accepted" [3mrequest_kind[0m[2m=[0m"附件内容读取" [3mattachment_id[0m[2m=[0m"att-792bea97c0bd" [3msession_id[0m[2m=[0m"s-4e84bf609b16"
[backend] [2m2026-04-19T02:11:00.4594817+08:00[0m [32m INFO[0m ThreadId(12) [2mkoko::shell::媒体资产外壳[0m[2m:[0m 读取附件内容成功 [3musecase[0m[2m=[0m"读取附件内容" [3madapter[0m[2m=[0m"http" [3moutcome[0m[2m=[0m"succeeded" [3mrequest_kind[0m[2m=[0m"附件内容读取" [3mattachment_id[0m[2m=[0m"att-3a48c8f47757" [3msession_id[0m[2m=[0m"s-4e84bf609b16"
[backend] [2m2026-04-19T02:11:00.4631356+08:00[0m [32m INFO[0m ThreadId(07) [2mkoko::shell::媒体资产外壳[0m[2m:[0m HTTP 请求已受理 [3musecase[0m[2m=[0m"读取附件内容" [3madapter[0m[2m=[0m"http" [3moutcome[0m[2m=[0m"accepted" [3mrequest_kind[0m[2m=[0m"附件内容读取" [3mattachment_id[0m[2m=[0m"att-ea250b02f4f3" [3msession_id[0m[2m=[0m"s-4e84bf609b16"
[backend] [2m2026-04-19T02:11:00.4669515+08:00[0m [32m INFO[0m ThreadId(12) [2mkoko::shell::媒体资产外壳[0m[2m:[0m HTTP 请求已受理 [3musecase[0m[2m=[0m"读取附件内容" [3madapter[0m[2m=[0m"http" [3moutcome[0m[2m=[0m"accepted" [3mrequest_kind[0m[2m=[0m"附件内容读取" [3mattachment_id[0m[2m=[0m"att-5c73308e404b" [3msession_id[0m[2m=[0m"s-4e84bf609b16"
[backend] [2m2026-04-19T02:11:00.4679878+08:00[0m [32m INFO[0m ThreadId(07) [2mkoko::shell::媒体资产外壳[0m[2m:[0m HTTP 请求已受理 [3musecase[0m[2m=[0m"读取附件内容" [3madapter[0m[2m=[0m"http" [3moutcome[0m[2m=[0m"accepted" [3mrequest_kind[0m[2m=[0m"附件内容读取" [3mattachment_id[0m[2m=[0m"att-89421b5102e1" [3msession_id[0m[2m=[0m"s-4e84bf609b16"
[backend] [2m2026-04-19T02:11:00.4680293+08:00[0m [32m INFO[0m ThreadId(12) [2mkoko::shell::媒体资产外壳[0m[2m:[0m HTTP 请求已受理 [3musecase[0m[2m=[0m"读取附件内容" [3madapter[0m[2m=[0m"http" [3moutcome[0m[2m=[0m"accepted" [3mrequest_kind[0m[2m=[0m"附件内容读取" [3mattachment_id[0m[2m=[0m"att-879751db2737" [3msession_id[0m[2m=[0m"s-4e84bf609b16"
[backend] [2m2026-04-19T02:11:00.4685287+08:00[0m [32m INFO[0m ThreadId(03) [2mkoko::shell::媒体资产外壳[0m[2m:[0m HTTP 请求已受理 [3musecase[0m[2m=[0m"读取附件内容" [3madapter[0m[2m=[0m"http" [3moutcome[0m[2m=[0m"accepted" [3mrequest_kind[0m[2m=[0m"附件内容读取" [3mattachment_id[0m[2m=[0m"att-56d8fca2bd57" [3msession_id[0m[2m=[0m"s-4e84bf609b16"
[backend] [2m2026-04-19T02:11:00.4729515+08:00[0m [32m INFO[0m ThreadId(07) [2mkoko::shell::媒体资产外壳[0m[2m:[0m 读取附件内容成功 [3musecase[0m[2m=[0m"读取附件内容" [3madapter[0m[2m=[0m"http" [3moutcome[0m[2m=[0m"succeeded" [3mrequest_kind[0m[2m=[0m"附件内容读取" [3mattachment_id[0m[2m=[0m"att-792bea97c0bd" [3msession_id[0m[2m=[0m"s-4e84bf609b16"
[backend] [2m2026-04-19T02:11:00.4736273+08:00[0m [32m INFO[0m ThreadId(12) [2mkoko::shell::媒体资产外壳[0m[2m:[0m 读取附件内容成功 [3musecase[0m[2m=[0m"读取附件内容" [3madapter[0m[2m=[0m"http" [3moutcome[0m[2m=[0m"succeeded" [3mrequest_kind[0m[2m=[0m"附件内容读取" [3mattachment_id[0m[2m=[0m"att-ea250b02f4f3" [3msession_id[0m[2m=[0m"s-4e84bf609b16"
[backend] [2m2026-04-19T02:11:00.4770711+08:00[0m [32m INFO[0m ThreadId(08) [2mkoko::shell::媒体资产外壳[0m[2m:[0m 读取附件内容成功 [3musecase[0m[2m=[0m"读取附件内容" [3madapter[0m[2m=[0m"http" [3moutcome[0m[2m=[0m"succeeded" [3mrequest_kind[0m[2m=[0m"附件内容读取" [3mattachment_id[0m[2m=[0m"att-89421b5102e1" [3msession_id[0m[2m=[0m"s-4e84bf609b16"
[backend] [2m2026-04-19T02:11:00.4774172+08:00[0m [32m INFO[0m ThreadId(12) [2mkoko::shell::媒体资产外壳[0m[2m:[0m 读取附件内容成功 [3musecase[0m[2m=[0m"读取附件内容" [3madapter[0m[2m=[0m"http" [3moutcome[0m[2m=[0m"succeeded" [3mrequest_kind[0m[2m=[0m"附件内容读取" [3mattachment_id[0m[2m=[0m"att-56d8fca2bd57" [3msession_id[0m[2m=[0m"s-4e84bf609b16"
[backend] [2m2026-04-19T02:11:00.4784495+08:00[0m [32m INFO[0m ThreadId(07) [2mkoko::shell::媒体资产外壳[0m[2m:[0m 读取附件内容成功 [3musecase[0m[2m=[0m"读取附件内容" [3madapter[0m[2m=[0m"http" [3moutcome[0m[2m=[0m"succeeded" [3mrequest_kind[0m[2m=[0m"附件内容读取" [3mattachment_id[0m[2m=[0m"att-5c73308e404b" [3msession_id[0m[2m=[0m"s-4e84bf609b16"
[backend] [2m2026-04-19T02:11:00.479314+08:00[0m [32m INFO[0m ThreadId(06) [2mkoko::shell::媒体资产外壳[0m[2m:[0m 读取附件内容成功 [3musecase[0m[2m=[0m"读取附件内容" [3madapter[0m[2m=[0m"http" [3moutcome[0m[2m=[0m"succeeded" [3mrequest_kind[0m[2m=[0m"附件内容读取" [3mattachment_id[0m[2m=[0m"att-879751db2737" [3msession_id[0m[2m=[0m"s-4e84bf609b16"
[backend] [2m2026-04-19T02:11:00.4861978+08:00[0m [32m INFO[0m ThreadId(12) [2mkoko::shell::媒体资产外壳[0m[2m:[0m HTTP 请求已受理 [3musecase[0m[2m=[0m"读取附件内容" [3madapter[0m[2m=[0m"http" [3moutcome[0m[2m=[0m"accepted" [3mrequest_kind[0m[2m=[0m"附件内容读取" [3mattachment_id[0m[2m=[0m"att-8aedf734e191" [3msession_id[0m[2m=[0m"s-4e84bf609b16"
[backend] [2m2026-04-19T02:11:00.4873835+08:00[0m [32m INFO[0m ThreadId(08) [2mkoko::shell::媒体资产外壳[0m[2m:[0m HTTP 请求已受理 [3musecase[0m[2m=[0m"读取附件内容" [3madapter[0m[2m=[0m"http" [3moutcome[0m[2m=[0m"accepted" [3mrequest_kind[0m[2m=[0m"附件内容读取" [3mattachment_id[0m[2m=[0m"att-d1739ba9773f" [3msession_id[0m[2m=[0m"s-4e84bf609b16"
[backend] [2m2026-04-19T02:11:00.4873755+08:00[0m [32m INFO[0m ThreadId(07) [2mkoko::shell::媒体资产外壳[0m[2m:[0m HTTP 请求已受理 [3musecase[0m[2m=[0m"读取附件内容" [3madapter[0m[2m=[0m"http" [3moutcome[0m[2m=[0m"accepted" [3mrequest_kind[0m[2m=[0m"附件内容读取" [3mattachment_id[0m[2m=[0m"att-4b3bc2558118" [3msession_id[0m[2m=[0m"s-4e84bf609b16"
[backend] [2m2026-04-19T02:11:00.4873785+08:00[0m [32m INFO[0m ThreadId(12) [2mkoko::shell::媒体资产外壳[0m[2m:[0m HTTP 请求已受理 [3musecase[0m[2m=[0m"读取附件内容" [3madapter[0m[2m=[0m"http" [3moutcome[0m[2m=[0m"accepted" [3mrequest_kind[0m[2m=[0m"附件内容读取" [3mattachment_id[0m[2m=[0m"att-69182d17260b" [3msession_id[0m[2m=[0m"s-4e84bf609b16"
[backend] [2m2026-04-19T02:11:00.4893886+08:00[0m [32m INFO[0m ThreadId(08) [2mkoko::shell::媒体资产外壳[0m[2m:[0m HTTP 请求已受理 [3musecase[0m[2m=[0m"读取附件内容" [3madapter[0m[2m=[0m"http" [3moutcome[0m[2m=[0m"accepted" [3mrequest_kind[0m[2m=[0m"附件内容读取" [3mattachment_id[0m[2m=[0m"att-6727d0dfb7aa" [3msession_id[0m[2m=[0m"s-4e84bf609b16"
[backend] [2m2026-04-19T02:11:00.4940591+08:00[0m [32m INFO[0m ThreadId(12) [2mkoko::shell::媒体资产外壳[0m[2m:[0m HTTP 请求已受理 [3musecase[0m[2m=[0m"读取附件内容" [3madapter[0m[2m=[0m"http" [3moutcome[0m[2m=[0m"accepted" [3mrequest_kind[0m[2m=[0m"附件内容读取" [3mattachment_id[0m[2m=[0m"att-fb643f1210f6" [3msession_id[0m[2m=[0m"s-4e84bf609b16"
[backend] [2m2026-04-19T02:11:00.4989386+08:00[0m [32m INFO[0m ThreadId(12) [2mkoko::shell::媒体资产外壳[0m[2m:[0m 读取附件内容成功 [3musecase[0m[2m=[0m"读取附件内容" [3madapter[0m[2m=[0m"http" [3moutcome[0m[2m=[0m"succeeded" [3mrequest_kind[0m[2m=[0m"附件内容读取" [3mattachment_id[0m[2m=[0m"att-8aedf734e191" [3msession_id[0m[2m=[0m"s-4e84bf609b16"
[backend] [2m2026-04-19T02:11:00.4996263+08:00[0m [32m INFO[0m ThreadId(06) [2mkoko::shell::媒体资产外壳[0m[2m:[0m 读取附件内容成功 [3musecase[0m[2m=[0m"读取附件内容" [3madapter[0m[2m=[0m"http" [3moutcome[0m[2m=[0m"succeeded" [3mrequest_kind[0m[2m=[0m"附件内容读取" [3mattachment_id[0m[2m=[0m"att-69182d17260b" [3msession_id[0m[2m=[0m"s-4e84bf609b16"
[backend] [2m2026-04-19T02:11:00.4998272+08:00[0m [32m INFO[0m ThreadId(03) [2mkoko::shell::媒体资产外壳[0m[2m:[0m 读取附件内容成功 [3musecase[0m[2m=[0m"读取附件内容" [3madapter[0m[2m=[0m"http" [3moutcome[0m[2m=[0m"succeeded" [3mrequest_kind[0m[2m=[0m"附件内容读取" [3mattachment_id[0m[2m=[0m"att-4b3bc2558118" [3msession_id[0m[2m=[0m"s-4e84bf609b16"
[backend] [2m2026-04-19T02:11:00.501991+08:00[0m [32m INFO[0m ThreadId(03) [2mkoko::shell::媒体资产外壳[0m[2m:[0m 读取附件内容成功 [3musecase[0m[2m=[0m"读取附件内容" [3madapter[0m[2m=[0m"http" [3moutcome[0m[2m=[0m"succeeded" [3mrequest_kind[0m[2m=[0m"附件内容读取" [3mattachment_id[0m[2m=[0m"att-d1739ba9773f" [3msession_id[0m[2m=[0m"s-4e84bf609b16"
[backend] [2m2026-04-19T02:11:00.5031324+08:00[0m [32m INFO[0m ThreadId(06) [2mkoko::shell::媒体资产外壳[0m[2m:[0m 读取附件内容成功 [3musecase[0m[2m=[0m"读取附件内容" [3madapter[0m[2m=[0m"http" [3moutcome[0m[2m=[0m"succeeded" [3mrequest_kind[0m[2m=[0m"附件内容读取" [3mattachment_id[0m[2m=[0m"att-fb643f1210f6" [3msession_id[0m[2m=[0m"s-4e84bf609b16"
[backend] [2m2026-04-19T02:11:00.5033934+08:00[0m [32m INFO[0m ThreadId(03) [2mkoko::shell::媒体资产外壳[0m[2m:[0m 读取附件内容成功 [3musecase[0m[2m=[0m"读取附件内容" [3madapter[0m[2m=[0m"http" [3moutcome[0m[2m=[0m"succeeded" [3mrequest_kind[0m[2m=[0m"附件内容读取" [3mattachment_id[0m[2m=[0m"att-6727d0dfb7aa" [3msession_id[0m[2m=[0m"s-4e84bf609b16"
[backend] [2m2026-04-19T02:11:00.5939322+08:00[0m [32m INFO[0m ThreadId(03) [2mkoko::shell::媒体资产外壳[0m[2m:[0m HTTP 请求已受理 [3musecase[0m[2m=[0m"读取附件内容" [3madapter[0m[2m=[0m"http" [3moutcome[0m[2m=[0m"accepted" [3mrequest_kind[0m[2m=[0m"附件内容读取" [3mattachment_id[0m[2m=[0m"att-fb643f1210f6" [3msession_id[0m[2m=[0m"s-4e84bf609b16"
[backend] [2m2026-04-19T02:11:00.6075676+08:00[0m [32m INFO[0m ThreadId(03) [2mkoko::shell::媒体资产外壳[0m[2m:[0m 读取附件内容成功 [3musecase[0m[2m=[0m"读取附件内容" [3madapter[0m[2m=[0m"http" [3moutcome[0m[2m=[0m"succeeded" [3mrequest_kind[0m[2m=[0m"附件内容读取" [3mattachment_id[0m[2m=[0m"att-fb643f1210f6" [3msession_id[0m[2m=[0m"s-4e84bf609b16"
[backend] [2m2026-04-19T02:11:00.6192557+08:00[0m [32m INFO[0m ThreadId(12) [2mkoko::shell::媒体资产外壳[0m[2m:[0m HTTP 请求已受理 [3musecase[0m[2m=[0m"读取附件内容" [3madapter[0m[2m=[0m"http" [3moutcome[0m[2m=[0m"accepted" [3mrequest_kind[0m[2m=[0m"附件内容读取" [3mattachment_id[0m[2m=[0m"att-fb643f1210f6" [3msession_id[0m[2m=[0m"s-4e84bf609b16"
[backend] [2m2026-04-19T02:11:00.6239959+08:00[0m [32m INFO[0m ThreadId(05) [2mkoko::shell::媒体资产外壳[0m[2m:[0m 读取附件内容成功 [3musecase[0m[2m=[0m"读取附件内容" [3madapter[0m[2m=[0m"http" [3moutcome[0m[2m=[0m"succeeded" [3mrequest_kind[0m[2m=[0m"附件内容读取" [3mattachment_id[0m[2m=[0m"att-fb643f1210f6" [3msession_id[0m[2m=[0m"s-4e84bf609b16"
[backend] [2m2026-04-19T02:11:00.662866+08:00[0m [32m INFO[0m ThreadId(03) [2mkoko::shell::媒体资产外壳[0m[2m:[0m HTTP 请求已受理 [3musecase[0m[2m=[0m"读取附件内容" [3madapter[0m[2m=[0m"http" [3moutcome[0m[2m=[0m"accepted" [3mrequest_kind[0m[2m=[0m"附件内容读取" [3mattachment_id[0m[2m=[0m"att-fb643f1210f6" [3msession_id[0m[2m=[0m"s-4e84bf609b16"
[backend] [2m2026-04-19T02:11:00.6721524+08:00[0m [32m INFO[0m ThreadId(05) [2mkoko::shell::媒体资产外壳[0m[2m:[0m 读取附件内容成功 [3musecase[0m[2m=[0m"读取附件内容" [3madapter[0m[2m=[0m"http" [3moutcome[0m[2m=[0m"succeeded" [3mrequest_kind[0m[2m=[0m"附件内容读取" [3mattachment_id[0m[2m=[0m"att-fb643f1210f6" [3msession_id[0m[2m=[0m"s-4e84bf609b16"
[backend] [2m2026-04-19T02:11:00.8634356+08:00[0m [32m INFO[0m ThreadId(12) [2mkoko::shell::房间外壳[0m[2m:[0m HTTP 请求已受理 [3musecase[0m[2m=[0m"推进房间阅读位置" [3madapter[0m[2m=[0m"http" [3moutcome[0m[2m=[0m"accepted" [3mrequest_kind[0m[2m=[0m"房间阅读位置推进" [3mroom_id[0m[2m=[0m"r-3cdfd560046a" [3msession_id[0m[2m=[0m"s-4e84bf609b16" [3mevent_position[0m[2m=[0m18
[backend] [2m2026-04-19T02:11:00.8704493+08:00[0m [32m INFO[0m ThreadId(05) [2mkoko::shell::房间外壳[0m[2m:[0m 推进房间阅读位置成功 [3musecase[0m[2m=[0m"推进房间阅读位置" [3madapter[0m[2m=[0m"http" [3moutcome[0m[2m=[0m"succeeded" [3mrequest_kind[0m[2m=[0m"房间阅读位置推进" [3mroom_id[0m[2m=[0m"r-3cdfd560046a" [3msession_id[0m[2m=[0m"s-4e84bf609b16" [3mevent_position[0m[2m=[0m18
[backend] [2m2026-04-19T02:11:09.4226788+08:00[0m [32m INFO[0m ThreadId(12) [2mkoko::shell::媒体上传外壳[0m[2m:[0m 媒体上传占位已创建 [3musecase[0m[2m=[0m"准备媒体上传" [3madapter[0m[2m=[0m"http" [3moutcome[0m[2m=[0m"succeeded" [3mrequest_kind[0m[2m=[0m"媒体上传 prepare" [3msession_id[0m[2m=[0m"s-70348c88e3ea" [3mattachment_id[0m[2m=[0m"att-88e3fb0cd3fa" [3mupload_session_id[0m[2m=[0m"upl-3647ea35a71444f7a54d604e906d87d7" [3mattachment_kind[0m[2m=[0m"video" [3mfile_name[0m[2m=[0m"VID_20230816_103957_431.mp4" [3mbyte_size[0m[2m=[0m921021
[tusd] 2026/04/19 02:11:09.475689 level=INFO event=RequestIncoming method=OPTIONS path="" requestId=""
[tusd] 2026/04/19 02:11:09.476746 level=INFO event=ResponseOutgoing method=OPTIONS path="" requestId="" status=200 body=""
[tusd] 2026/04/19 02:11:09.481646 level=INFO event=RequestIncoming method=POST path="" requestId=725ecd49-f05e-4a27-80c5-f976936588bf
[tusd] 2026/04/19 02:11:09.482356 level=DEBUG event=HookInvocationStart type=pre-create id=""
[tusd] 2026/04/19 02:11:09.494444 level=DEBUG event=HookInvocationFinish type=pre-create id=""
[tusd] 2026/04/19 02:11:09.497073 level=INFO event=UploadCreated method=POST path="" requestId=725ecd49-f05e-4a27-80c5-f976936588bf id=aafa6c2108776bf1241100014f04263d size=921021 url=http://127.0.0.1:1081/files/aafa6c2108776bf1241100014f04263d
[tusd] 2026/04/19 02:11:09.499495 level=INFO event=ChunkWriteStart method=POST path="" requestId=725ecd49-f05e-4a27-80c5-f976936588bf id=aafa6c2108776bf1241100014f04263d maxSize=921021 offset=0
[tusd] 2026/04/19 02:11:09.509953 level=INFO event=ChunkWriteComplete method=POST path="" requestId=725ecd49-f05e-4a27-80c5-f976936588bf id=aafa6c2108776bf1241100014f04263d bytesWritten=921021
[tusd] 2026/04/19 02:11:09.513809 level=INFO event=UploadFinished method=POST path="" requestId=725ecd49-f05e-4a27-80c5-f976936588bf id=aafa6c2108776bf1241100014f04263d size=921021
[tusd] 2026/04/19 02:11:09.518067 level=INFO event=ResponseOutgoing method=POST path="" requestId=725ecd49-f05e-4a27-80c5-f976936588bf id=aafa6c2108776bf1241100014f04263d status=201 body=""
[backend] [2m2026-04-19T02:11:09.5516523+08:00[0m [32m INFO[0m ThreadId(05) [2mkoko::shell::tus_hook外壳[0m[2m:[0m Tus post-finish 已登记上传回执 [3madapter[0m[2m=[0m"tus_hook" [3mhook[0m[2m=[0m"post-finish" [3mattachment_id[0m[2m=[0m"att-88e3fb0cd3fa" [3mupload_session_id[0m[2m=[0m"upl-3647ea35a71444f7a54d604e906d87d7" [3mupload_id[0m[2m=[0m"aafa6c2108776bf1241100014f04263d" [3mrequest_id[0m[2m=[0m"725ecd49-f05e-4a27-80c5-f976936588bf" [3mtransport_role[0m[2m=[0m"single" [3mstorage_locator[0m[2m=[0m"E:\\koko\\data\\tus\\aafa6c2108776bf1241100014f04263d"
[backend] [2m2026-04-19T02:11:09.5839575+08:00[0m [32m INFO[0m ThreadId(07) [2mkoko::shell::媒体上传外壳[0m[2m:[0m 媒体上传 complete 重活开始 [3musecase[0m[2m=[0m"完成媒体上传" [3mphase[0m[2m=[0m"complete_heavy_work_enter" [3mattachment_id[0m[2m=[0m"att-88e3fb0cd3fa" [3mkind[0m[2m=[0m"video" [3mbyte_size[0m[2m=[0m921021 [3mmedia_complete_max_concurrency[0m[2m=[0m4
[backend] [2m2026-04-19T02:11:09.588376+08:00[0m [32m INFO[0m ThreadId(07) [2mkoko::shell::媒体上传外壳[0m[2m:[0m 媒体上传 complete 阶段耗时 [3musecase[0m[2m=[0m"完成媒体上传" [3mphase[0m[2m=[0m"complete_heavy_work_stage" [3mattachment_id[0m[2m=[0m"att-88e3fb0cd3fa" [3mkind[0m[2m=[0m"video" [3mbyte_size[0m[2m=[0m921021 [3mstage[0m[2m=[0m"parse_video" [3mduration_ms[0m[2m=[0m3
[tusd] 2026/04/19 02:11:09.529132 level=DEBUG event=HookInvocationStart type=post-finish id=aafa6c2108776bf1241100014f04263d
[tusd] 2026/04/19 02:11:09.552234 level=DEBUG event=HookInvocationFinish type=post-finish id=aafa6c2108776bf1241100014f04263d
[backend] [2m2026-04-19T02:11:16.8929783+08:00[0m [32m INFO[0m ThreadId(03) [2mkoko::shell::媒体上传外壳[0m[2m:[0m 媒体上传 complete 阶段耗时 [3musecase[0m[2m=[0m"完成媒体上传" [3mphase[0m[2m=[0m"complete_heavy_work_stage" [3mattachment_id[0m[2m=[0m"att-88e3fb0cd3fa" [3mkind[0m[2m=[0m"video" [3mbyte_size[0m[2m=[0m921021 [3mstage[0m[2m=[0m"package_streaming_assets" [3mduration_ms[0m[2m=[0m7304
[backend] [2m2026-04-19T02:11:16.9505884+08:00[0m [32m INFO[0m ThreadId(03) [2mkoko::shell::媒体上传外壳[0m[2m:[0m 媒体上传 complete 阶段耗时 [3musecase[0m[2m=[0m"完成媒体上传" [3mphase[0m[2m=[0m"complete_heavy_work_stage" [3mattachment_id[0m[2m=[0m"att-88e3fb0cd3fa" [3mkind[0m[2m=[0m"video" [3mbyte_size[0m[2m=[0m921021 [3mstage[0m[2m=[0m"build_distribution_request" [3mduration_ms[0m[2m=[0m56
[backend] [2m2026-04-19T02:11:17.0523388+08:00[0m [32m INFO[0m ThreadId(03) [2mkoko::shell::媒体上传外壳[0m[2m:[0m 媒体上传 complete 阶段耗时 [3musecase[0m[2m=[0m"完成媒体上传" [3mphase[0m[2m=[0m"complete_heavy_work_stage" [3mattachment_id[0m[2m=[0m"att-88e3fb0cd3fa" [3mkind[0m[2m=[0m"video" [3mbyte_size[0m[2m=[0m921021 [3mstage[0m[2m=[0m"generate_torrent" [3mduration_ms[0m[2m=[0m101
[backend] [2m2026-04-19T02:11:17.0944527+08:00[0m [32m INFO[0m ThreadId(12) [2mkoko::shell::媒体上传外壳[0m[2m:[0m 媒体上传 complete 阶段耗时 [3musecase[0m[2m=[0m"完成媒体上传" [3mphase[0m[2m=[0m"complete_heavy_work_stage" [3mattachment_id[0m[2m=[0m"att-88e3fb0cd3fa" [3mkind[0m[2m=[0m"video" [3mbyte_size[0m[2m=[0m921021 [3mstage[0m[2m=[0m"upload_streaming_assets" [3mduration_ms[0m[2m=[0m41
[backend] [2m2026-04-19T02:11:17.1239237+08:00[0m [32m INFO[0m ThreadId(12) [2mkoko::shell::媒体上传外壳[0m[2m:[0m 媒体上传 complete 阶段耗时 [3musecase[0m[2m=[0m"完成媒体上传" [3mphase[0m[2m=[0m"complete_heavy_work_stage" [3mattachment_id[0m[2m=[0m"att-88e3fb0cd3fa" [3mkind[0m[2m=[0m"video" [3mbyte_size[0m[2m=[0m921021 [3mstage[0m[2m=[0m"write_authoritative_snapshot" [3mduration_ms[0m[2m=[0m27
[backend] [2m2026-04-19T02:11:17.1256427+08:00[0m [32m INFO[0m ThreadId(12) [2mkoko::shell::媒体上传外壳[0m[2m:[0m 媒体上传 complete 阶段耗时 [3musecase[0m[2m=[0m"完成媒体上传" [3mphase[0m[2m=[0m"complete_heavy_work_stage" [3mattachment_id[0m[2m=[0m"att-88e3fb0cd3fa" [3mkind[0m[2m=[0m"video" [3mbyte_size[0m[2m=[0m921021 [3mstage[0m[2m=[0m"delete_upload_temp_file" [3mduration_ms[0m[2m=[0m1
[backend] [2m2026-04-19T02:11:17.1293684+08:00[0m [32m INFO[0m ThreadId(06) [2mkoko::shell::媒体上传外壳[0m[2m:[0m 媒体上传 complete 阶段耗时 [3musecase[0m[2m=[0m"完成媒体上传" [3mphase[0m[2m=[0m"complete_heavy_work_stage" [3mattachment_id[0m[2m=[0m"att-88e3fb0cd3fa" [3mkind[0m[2m=[0m"video" [3mbyte_size[0m[2m=[0m921021 [3mstage[0m[2m=[0m"retire_original_upload_source" [3mduration_ms[0m[2m=[0m2
[backend] [2m2026-04-19T02:11:17.130209+08:00[0m [32m INFO[0m ThreadId(06) [2mkoko::shell::媒体上传外壳[0m[2m:[0m 媒体上传 complete 重活完成 [3musecase[0m[2m=[0m"完成媒体上传" [3mphase[0m[2m=[0m"complete_heavy_work_exit" [3mattachment_id[0m[2m=[0m"att-88e3fb0cd3fa" [3mkind[0m[2m=[0m"video" [3mbyte_size[0m[2m=[0m921021 [3mduration_ms[0m[2m=[0m7546
[backend] [2m2026-04-19T02:11:37.5525733+08:00[0m [32m INFO[0m ThreadId(06) [2mkoko::shell::实时外壳[0m[2m:[0m realtime 创建消息请求已受理 [3musecase[0m[2m=[0m"创建消息" [3madapter[0m[2m=[0m"socketioxide" [3moutcome[0m[2m=[0m"accepted" [3mroom_id[0m[2m=[0m"r-3cdfd560046a" [3msession_id[0m[2m=[0m"s-70348c88e3ea" [3mclient_message_id[0m[2m=[0m"cae1e6a6-9da5-4145-b498-9ec51cf2e91d"
[backend] [2m2026-04-19T02:11:37.5788112+08:00[0m [32m INFO[0m ThreadId(07) [2mkoko::shell::实时外壳[0m[2m:[0m 创建消息成功 [3musecase[0m[2m=[0m"创建消息" [3madapter[0m[2m=[0m"socketioxide" [3moutcome[0m[2m=[0m"succeeded" [3mroom_id[0m[2m=[0m"r-3cdfd560046a" [3msession_id[0m[2m=[0m"s-70348c88e3ea" [3mclient_message_id[0m[2m=[0m"cae1e6a6-9da5-4145-b498-9ec51cf2e91d" [3mevent_position[0m[2m=[0m19
[backend] [2m2026-04-19T02:11:37.6154887+08:00[0m [32m INFO[0m ThreadId(06) [2mkoko::shell::媒体资产外壳[0m[2m:[0m HTTP 请求已受理 [3musecase[0m[2m=[0m"读取附件内容" [3madapter[0m[2m=[0m"http" [3moutcome[0m[2m=[0m"accepted" [3mrequest_kind[0m[2m=[0m"附件内容读取" [3mattachment_id[0m[2m=[0m"att-88e3fb0cd3fa" [3msession_id[0m[2m=[0m"s-4e84bf609b16"
[backend] [2m2026-04-19T02:11:37.6225832+08:00[0m [32m INFO[0m ThreadId(12) [2mkoko::shell::媒体资产外壳[0m[2m:[0m HTTP 请求已受理 [3musecase[0m[2m=[0m"读取附件内容" [3madapter[0m[2m=[0m"http" [3moutcome[0m[2m=[0m"accepted" [3mrequest_kind[0m[2m=[0m"附件内容读取" [3mattachment_id[0m[2m=[0m"att-88e3fb0cd3fa" [3msession_id[0m[2m=[0m"s-70348c88e3ea"
[backend] [2m2026-04-19T02:11:37.6239253+08:00[0m [32m INFO[0m ThreadId(12) [2mkoko::shell::媒体资产外壳[0m[2m:[0m HTTP 请求已受理 [3musecase[0m[2m=[0m"读取附件内容" [3madapter[0m[2m=[0m"http" [3moutcome[0m[2m=[0m"accepted" [3mrequest_kind[0m[2m=[0m"附件内容读取" [3mattachment_id[0m[2m=[0m"att-88e3fb0cd3fa" [3msession_id[0m[2m=[0m"s-ed8ae5f1ff1a"
[backend] [2m2026-04-19T02:11:37.633157+08:00[0m [32m INFO[0m ThreadId(03) [2mkoko::shell::媒体资产外壳[0m[2m:[0m 读取附件内容成功 [3musecase[0m[2m=[0m"读取附件内容" [3madapter[0m[2m=[0m"http" [3moutcome[0m[2m=[0m"succeeded" [3mrequest_kind[0m[2m=[0m"附件内容读取" [3mattachment_id[0m[2m=[0m"att-88e3fb0cd3fa" [3msession_id[0m[2m=[0m"s-4e84bf609b16"
[backend] [2m2026-04-19T02:11:37.6338454+08:00[0m [32m INFO[0m ThreadId(05) [2mkoko::shell::媒体资产外壳[0m[2m:[0m 读取附件内容成功 [3musecase[0m[2m=[0m"读取附件内容" [3madapter[0m[2m=[0m"http" [3moutcome[0m[2m=[0m"succeeded" [3mrequest_kind[0m[2m=[0m"附件内容读取" [3mattachment_id[0m[2m=[0m"att-88e3fb0cd3fa" [3msession_id[0m[2m=[0m"s-ed8ae5f1ff1a"
[backend] [2m2026-04-19T02:11:37.634196+08:00[0m [32m INFO[0m ThreadId(06) [2mkoko::shell::媒体资产外壳[0m[2m:[0m 读取附件内容成功 [3musecase[0m[2m=[0m"读取附件内容" [3madapter[0m[2m=[0m"http" [3moutcome[0m[2m=[0m"succeeded" [3mrequest_kind[0m[2m=[0m"附件内容读取" [3mattachment_id[0m[2m=[0m"att-88e3fb0cd3fa" [3msession_id[0m[2m=[0m"s-70348c88e3ea"
[backend] [2m2026-04-19T02:11:37.6948489+08:00[0m [32m INFO[0m ThreadId(12) [2mkoko::shell::媒体资产外壳[0m[2m:[0m HTTP 请求已受理 [3musecase[0m[2m=[0m"读取附件内容" [3madapter[0m[2m=[0m"http" [3moutcome[0m[2m=[0m"accepted" [3mrequest_kind[0m[2m=[0m"附件内容读取" [3mattachment_id[0m[2m=[0m"att-88e3fb0cd3fa" [3msession_id[0m[2m=[0m"s-ed8ae5f1ff1a"
[backend] [2m2026-04-19T02:11:37.7077627+08:00[0m [32m INFO[0m ThreadId(03) [2mkoko::shell::媒体资产外壳[0m[2m:[0m 读取附件内容成功 [3musecase[0m[2m=[0m"读取附件内容" [3madapter[0m[2m=[0m"http" [3moutcome[0m[2m=[0m"succeeded" [3mrequest_kind[0m[2m=[0m"附件内容读取" [3mattachment_id[0m[2m=[0m"att-88e3fb0cd3fa" [3msession_id[0m[2m=[0m"s-ed8ae5f1ff1a"
[backend] [2m2026-04-19T02:11:37.7454932+08:00[0m [32m INFO[0m ThreadId(03) [2mkoko::shell::媒体资产外壳[0m[2m:[0m HTTP 请求已受理 [3musecase[0m[2m=[0m"读取附件内容" [3madapter[0m[2m=[0m"http" [3moutcome[0m[2m=[0m"accepted" [3mrequest_kind[0m[2m=[0m"附件内容读取" [3mattachment_id[0m[2m=[0m"att-88e3fb0cd3fa" [3msession_id[0m[2m=[0m"s-ed8ae5f1ff1a"
[backend] [2m2026-04-19T02:11:37.7576274+08:00[0m [32m INFO[0m ThreadId(12) [2mkoko::shell::媒体资产外壳[0m[2m:[0m 读取附件内容成功 [3musecase[0m[2m=[0m"读取附件内容" [3madapter[0m[2m=[0m"http" [3moutcome[0m[2m=[0m"succeeded" [3mrequest_kind[0m[2m=[0m"附件内容读取" [3mattachment_id[0m[2m=[0m"att-88e3fb0cd3fa" [3msession_id[0m[2m=[0m"s-ed8ae5f1ff1a"
[backend] [2m2026-04-19T02:11:37.7653741+08:00[0m [32m INFO[0m ThreadId(03) [2mkoko::shell::媒体资产外壳[0m[2m:[0m HTTP 请求已受理 [3musecase[0m[2m=[0m"读取附件内容" [3madapter[0m[2m=[0m"http" [3moutcome[0m[2m=[0m"accepted" [3mrequest_kind[0m[2m=[0m"附件内容读取" [3mattachment_id[0m[2m=[0m"att-88e3fb0cd3fa" [3msession_id[0m[2m=[0m"s-70348c88e3ea"
[backend] [2m2026-04-19T02:11:37.7940302+08:00[0m [32m INFO[0m ThreadId(05) [2mkoko::shell::媒体资产外壳[0m[2m:[0m 读取附件内容成功 [3musecase[0m[2m=[0m"读取附件内容" [3madapter[0m[2m=[0m"http" [3moutcome[0m[2m=[0m"succeeded" [3mrequest_kind[0m[2m=[0m"附件内容读取" [3mattachment_id[0m[2m=[0m"att-88e3fb0cd3fa" [3msession_id[0m[2m=[0m"s-70348c88e3ea"
[backend] [2m2026-04-19T02:11:37.8128212+08:00[0m [32m INFO[0m ThreadId(12) [2mkoko::shell::媒体资产外壳[0m[2m:[0m HTTP 请求已受理 [3musecase[0m[2m=[0m"读取附件内容" [3madapter[0m[2m=[0m"http" [3moutcome[0m[2m=[0m"accepted" [3mrequest_kind[0m[2m=[0m"附件内容读取" [3mattachment_id[0m[2m=[0m"att-88e3fb0cd3fa" [3msession_id[0m[2m=[0m"s-4e84bf609b16"
[backend] [2m2026-04-19T02:11:37.8325129+08:00[0m [32m INFO[0m ThreadId(05) [2mkoko::shell::媒体资产外壳[0m[2m:[0m 读取附件内容成功 [3musecase[0m[2m=[0m"读取附件内容" [3madapter[0m[2m=[0m"http" [3moutcome[0m[2m=[0m"succeeded" [3mrequest_kind[0m[2m=[0m"附件内容读取" [3mattachment_id[0m[2m=[0m"att-88e3fb0cd3fa" [3msession_id[0m[2m=[0m"s-4e84bf609b16"
[backend] [2m2026-04-19T02:11:37.8459713+08:00[0m [32m INFO[0m ThreadId(12) [2mkoko::shell::媒体资产外壳[0m[2m:[0m HTTP 请求已受理 [3musecase[0m[2m=[0m"读取附件内容" [3madapter[0m[2m=[0m"http" [3moutcome[0m[2m=[0m"accepted" [3mrequest_kind[0m[2m=[0m"附件内容读取" [3mattachment_id[0m[2m=[0m"att-88e3fb0cd3fa" [3msession_id[0m[2m=[0m"s-4e84bf609b16"
[backend] [2m2026-04-19T02:11:37.8669018+08:00[0m [32m INFO[0m ThreadId(03) [2mkoko::shell::媒体资产外壳[0m[2m:[0m 读取附件内容成功 [3musecase[0m[2m=[0m"读取附件内容" [3madapter[0m[2m=[0m"http" [3moutcome[0m[2m=[0m"succeeded" [3mrequest_kind[0m[2m=[0m"附件内容读取" [3mattachment_id[0m[2m=[0m"att-88e3fb0cd3fa" [3msession_id[0m[2m=[0m"s-4e84bf609b16"
[backend] [2m2026-04-19T02:11:37.9021026+08:00[0m [32m INFO[0m ThreadId(05) [2mkoko::shell::媒体资产外壳[0m[2m:[0m HTTP 请求已受理 [3musecase[0m[2m=[0m"读取附件内容" [3madapter[0m[2m=[0m"http" [3moutcome[0m[2m=[0m"accepted" [3mrequest_kind[0m[2m=[0m"附件内容读取" [3mattachment_id[0m[2m=[0m"att-88e3fb0cd3fa" [3msession_id[0m[2m=[0m"s-ed8ae5f1ff1a"
[backend] [2m2026-04-19T02:11:37.9198977+08:00[0m [32m INFO[0m ThreadId(12) [2mkoko::shell::媒体资产外壳[0m[2m:[0m 读取附件内容成功 [3musecase[0m[2m=[0m"读取附件内容" [3madapter[0m[2m=[0m"http" [3moutcome[0m[2m=[0m"succeeded" [3mrequest_kind[0m[2m=[0m"附件内容读取" [3mattachment_id[0m[2m=[0m"att-88e3fb0cd3fa" [3msession_id[0m[2m=[0m"s-ed8ae5f1ff1a"
[backend] [2m2026-04-19T02:11:37.9274346+08:00[0m [32m INFO[0m ThreadId(05) [2mkoko::shell::媒体资产外壳[0m[2m:[0m HTTP 请求已受理 [3musecase[0m[2m=[0m"读取附件内容" [3madapter[0m[2m=[0m"http" [3moutcome[0m[2m=[0m"accepted" [3mrequest_kind[0m[2m=[0m"附件内容读取" [3mattachment_id[0m[2m=[0m"att-88e3fb0cd3fa" [3msession_id[0m[2m=[0m"s-4e84bf609b16"
[backend] [2m2026-04-19T02:11:37.9468531+08:00[0m [32m INFO[0m ThreadId(03) [2mkoko::shell::媒体资产外壳[0m[2m:[0m 读取附件内容成功 [3musecase[0m[2m=[0m"读取附件内容" [3madapter[0m[2m=[0m"http" [3moutcome[0m[2m=[0m"succeeded" [3mrequest_kind[0m[2m=[0m"附件内容读取" [3mattachment_id[0m[2m=[0m"att-88e3fb0cd3fa" [3msession_id[0m[2m=[0m"s-4e84bf609b16"
[backend] [2m2026-04-19T02:11:38.0180592+08:00[0m [32m INFO[0m ThreadId(12) [2mkoko::shell::房间外壳[0m[2m:[0m HTTP 请求已受理 [3musecase[0m[2m=[0m"推进房间阅读位置" [3madapter[0m[2m=[0m"http" [3moutcome[0m[2m=[0m"accepted" [3mrequest_kind[0m[2m=[0m"房间阅读位置推进" [3mroom_id[0m[2m=[0m"r-3cdfd560046a" [3msession_id[0m[2m=[0m"s-70348c88e3ea" [3mevent_position[0m[2m=[0m19
[backend] [2m2026-04-19T02:11:38.0200613+08:00[0m [32m INFO[0m ThreadId(12) [2mkoko::shell::房间外壳[0m[2m:[0m HTTP 请求已受理 [3musecase[0m[2m=[0m"推进房间阅读位置" [3madapter[0m[2m=[0m"http" [3moutcome[0m[2m=[0m"accepted" [3mrequest_kind[0m[2m=[0m"房间阅读位置推进" [3mroom_id[0m[2m=[0m"r-3cdfd560046a" [3msession_id[0m[2m=[0m"s-4e84bf609b16" [3mevent_position[0m[2m=[0m19
[backend] [2m2026-04-19T02:11:38.0324664+08:00[0m [32m INFO[0m ThreadId(03) [2mkoko::shell::房间外壳[0m[2m:[0m 推进房间阅读位置成功 [3musecase[0m[2m=[0m"推进房间阅读位置" [3madapter[0m[2m=[0m"http" [3moutcome[0m[2m=[0m"succeeded" [3mrequest_kind[0m[2m=[0m"房间阅读位置推进" [3mroom_id[0m[2m=[0m"r-3cdfd560046a" [3msession_id[0m[2m=[0m"s-70348c88e3ea" [3mevent_position[0m[2m=[0m19
[backend] [2m2026-04-19T02:11:38.0355741+08:00[0m [32m INFO[0m ThreadId(05) [2mkoko::shell::房间外壳[0m[2m:[0m HTTP 请求已受理 [3musecase[0m[2m=[0m"推进房间阅读位置" [3madapter[0m[2m=[0m"http" [3moutcome[0m[2m=[0m"accepted" [3mrequest_kind[0m[2m=[0m"房间阅读位置推进" [3mroom_id[0m[2m=[0m"r-3cdfd560046a" [3msession_id[0m[2m=[0m"s-ed8ae5f1ff1a" [3mevent_position[0m[2m=[0m19
[backend] [2m2026-04-19T02:11:38.0383065+08:00[0m [32m INFO[0m ThreadId(05) [2mkoko::shell::房间外壳[0m[2m:[0m 推进房间阅读位置成功 [3musecase[0m[2m=[0m"推进房间阅读位置" [3madapter[0m[2m=[0m"http" [3moutcome[0m[2m=[0m"succeeded" [3mrequest_kind[0m[2m=[0m"房间阅读位置推进" [3mroom_id[0m[2m=[0m"r-3cdfd560046a" [3msession_id[0m[2m=[0m"s-4e84bf609b16" [3mevent_position[0m[2m=[0m19
[backend] [2m2026-04-19T02:11:38.0467581+08:00[0m [32m INFO[0m ThreadId(12) [2mkoko::shell::房间外壳[0m[2m:[0m 推进房间阅读位置成功 [3musecase[0m[2m=[0m"推进房间阅读位置" [3madapter[0m[2m=[0m"http" [3moutcome[0m[2m=[0m"succeeded" [3mrequest_kind[0m[2m=[0m"房间阅读位置推进" [3mroom_id[0m[2m=[0m"r-3cdfd560046a" [3msession_id[0m[2m=[0m"s-ed8ae5f1ff1a" [3mevent_position[0m[2m=[0m19
[backend] [2m2026-04-19T02:11:38.0546785+08:00[0m [32m INFO[0m ThreadId(03) [2mkoko::shell::房间外壳[0m[2m:[0m HTTP 请求已受理 [3musecase[0m[2m=[0m"推进房间阅读位置" [3madapter[0m[2m=[0m"http" [3moutcome[0m[2m=[0m"accepted" [3mrequest_kind[0m[2m=[0m"房间阅读位置推进" [3mroom_id[0m[2m=[0m"r-3cdfd560046a" [3msession_id[0m[2m=[0m"s-ed8ae5f1ff1a" [3mevent_position[0m[2m=[0m19
[backend] [2m2026-04-19T02:11:38.0697042+08:00[0m [32m INFO[0m ThreadId(12) [2mkoko::shell::房间外壳[0m[2m:[0m 推进房间阅读位置成功 [3musecase[0m[2m=[0m"推进房间阅读位置" [3madapter[0m[2m=[0m"http" [3moutcome[0m[2m=[0m"succeeded" [3mrequest_kind[0m[2m=[0m"房间阅读位置推进" [3mroom_id[0m[2m=[0m"r-3cdfd560046a" [3msession_id[0m[2m=[0m"s-ed8ae5f1ff1a" [3mevent_position[0m[2m=[0m19
[backend] [2m2026-04-19T02:11:38.1152+08:00[0m [32m INFO[0m ThreadId(05) [2mkoko::shell::房间外壳[0m[2m:[0m HTTP 请求已受理 [3musecase[0m[2m=[0m"推进房间阅读位置" [3madapter[0m[2m=[0m"http" [3moutcome[0m[2m=[0m"accepted" [3mrequest_kind[0m[2m=[0m"房间阅读位置推进" [3mroom_id[0m[2m=[0m"r-3cdfd560046a" [3msession_id[0m[2m=[0m"s-ed8ae5f1ff1a" [3mevent_position[0m[2m=[0m19
[backend] [2m2026-04-19T02:11:38.1283945+08:00[0m [32m INFO[0m ThreadId(05) [2mkoko::shell::房间外壳[0m[2m:[0m 推进房间阅读位置成功 [3musecase[0m[2m=[0m"推进房间阅读位置" [3madapter[0m[2m=[0m"http" [3moutcome[0m[2m=[0m"succeeded" [3mrequest_kind[0m[2m=[0m"房间阅读位置推进" [3mroom_id[0m[2m=[0m"r-3cdfd560046a" [3msession_id[0m[2m=[0m"s-ed8ae5f1ff1a" [3mevent_position[0m[2m=[0m19
[backend] [2m2026-04-19T02:11:38.2342003+08:00[0m [32m INFO[0m ThreadId(12) [2mkoko::shell::房间外壳[0m[2m:[0m HTTP 请求已受理 [3musecase[0m[2m=[0m"推进房间阅读位置" [3madapter[0m[2m=[0m"http" [3moutcome[0m[2m=[0m"accepted" [3mrequest_kind[0m[2m=[0m"房间阅读位置推进" [3mroom_id[0m[2m=[0m"r-3cdfd560046a" [3msession_id[0m[2m=[0m"s-ed8ae5f1ff1a" [3mevent_position[0m[2m=[0m19
[backend] [2m2026-04-19T02:11:38.2437535+08:00[0m [32m INFO[0m ThreadId(12) [2mkoko::shell::房间外壳[0m[2m:[0m 推进房间阅读位置成功 [3musecase[0m[2m=[0m"推进房间阅读位置" [3madapter[0m[2m=[0m"http" [3moutcome[0m[2m=[0m"succeeded" [3mrequest_kind[0m[2m=[0m"房间阅读位置推进" [3mroom_id[0m[2m=[0m"r-3cdfd560046a" [3msession_id[0m[2m=[0m"s-ed8ae5f1ff1a" [3mevent_position[0m[2m=[0m19
[backend] [2m2026-04-19T02:11:38.4382656+08:00[0m [32m INFO[0m ThreadId(03) [2mkoko::shell::房间外壳[0m[2m:[0m HTTP 请求已受理 [3musecase[0m[2m=[0m"推进房间阅读位置" [3madapter[0m[2m=[0m"http" [3moutcome[0m[2m=[0m"accepted" [3mrequest_kind[0m[2m=[0m"房间阅读位置推进" [3mroom_id[0m[2m=[0m"r-3cdfd560046a" [3msession_id[0m[2m=[0m"s-e7c98262c769" [3mevent_position[0m[2m=[0m19
[backend] [2m2026-04-19T02:11:38.9189163+08:00[0m [32m INFO[0m ThreadId(03) [2mkoko::shell::媒体资产外壳[0m[2m:[0m HTTP 请求已受理 [3musecase[0m[2m=[0m"读取附件内容" [3madapter[0m[2m=[0m"http" [3moutcome[0m[2m=[0m"accepted" [3mrequest_kind[0m[2m=[0m"附件内容读取" [3mattachment_id[0m[2m=[0m"att-88e3fb0cd3fa" [3msession_id[0m[2m=[0m"s-ed8ae5f1ff1a"
[backend] [2m2026-04-19T02:11:38.9190101+08:00[0m [32m INFO[0m ThreadId(05) [2mkoko::shell::房间外壳[0m[2m:[0m HTTP 请求已受理 [3musecase[0m[2m=[0m"推进房间阅读位置" [3madapter[0m[2m=[0m"http" [3moutcome[0m[2m=[0m"accepted" [3mrequest_kind[0m[2m=[0m"房间阅读位置推进" [3mroom_id[0m[2m=[0m"r-3cdfd560046a" [3msession_id[0m[2m=[0m"s-ed8ae5f1ff1a" [3mevent_position[0m[2m=[0m19
[backend] [2m2026-04-19T02:11:38.9361427+08:00[0m [32m INFO[0m ThreadId(03) [2mkoko::shell::房间外壳[0m[2m:[0m 推进房间阅读位置成功 [3musecase[0m[2m=[0m"推进房间阅读位置" [3madapter[0m[2m=[0m"http" [3moutcome[0m[2m=[0m"succeeded" [3mrequest_kind[0m[2m=[0m"房间阅读位置推进" [3mroom_id[0m[2m=[0m"r-3cdfd560046a" [3msession_id[0m[2m=[0m"s-e7c98262c769" [3mevent_position[0m[2m=[0m19
[backend] [2m2026-04-19T02:11:38.938633+08:00[0m [32m INFO[0m ThreadId(06) [2mkoko::shell::房间外壳[0m[2m:[0m 推进房间阅读位置成功 [3musecase[0m[2m=[0m"推进房间阅读位置" [3madapter[0m[2m=[0m"http" [3moutcome[0m[2m=[0m"succeeded" [3mrequest_kind[0m[2m=[0m"房间阅读位置推进" [3mroom_id[0m[2m=[0m"r-3cdfd560046a" [3msession_id[0m[2m=[0m"s-ed8ae5f1ff1a" [3mevent_position[0m[2m=[0m19
[backend] [2m2026-04-19T02:11:38.9414269+08:00[0m [32m INFO[0m ThreadId(06) [2mkoko::shell::媒体资产外壳[0m[2m:[0m 读取附件内容成功 [3musecase[0m[2m=[0m"读取附件内容" [3madapter[0m[2m=[0m"http" [3moutcome[0m[2m=[0m"succeeded" [3mrequest_kind[0m[2m=[0m"附件内容读取" [3mattachment_id[0m[2m=[0m"att-88e3fb0cd3fa" [3msession_id[0m[2m=[0m"s-ed8ae5f1ff1a"
[backend] [2m2026-04-19T02:11:39.3239916+08:00[0m [32m INFO[0m ThreadId(11) [2mkoko::shell::媒体资产外壳[0m[2m:[0m HTTP 请求已受理 [3musecase[0m[2m=[0m"读取附件内容" [3madapter[0m[2m=[0m"http" [3moutcome[0m[2m=[0m"accepted" [3mrequest_kind[0m[2m=[0m"附件内容读取" [3mattachment_id[0m[2m=[0m"att-88e3fb0cd3fa" [3msession_id[0m[2m=[0m"s-ed8ae5f1ff1a"
[backend] [2m2026-04-19T02:11:39.3453557+08:00[0m [32m INFO[0m ThreadId(11) [2mkoko::shell::媒体资产外壳[0m[2m:[0m 读取附件内容成功 [3musecase[0m[2m=[0m"读取附件内容" [3madapter[0m[2m=[0m"http" [3moutcome[0m[2m=[0m"succeeded" [3mrequest_kind[0m[2m=[0m"附件内容读取" [3mattachment_id[0m[2m=[0m"att-88e3fb0cd3fa" [3msession_id[0m[2m=[0m"s-ed8ae5f1ff1a"
[backend] [2m2026-04-19T02:11:39.348836+08:00[0m [32m INFO[0m ThreadId(12) [2mkoko::shell::媒体资产外壳[0m[2m:[0m HTTP 请求已受理 [3musecase[0m[2m=[0m"读取附件内容" [3madapter[0m[2m=[0m"http" [3moutcome[0m[2m=[0m"accepted" [3mrequest_kind[0m[2m=[0m"附件内容读取" [3mattachment_id[0m[2m=[0m"att-88e3fb0cd3fa" [3msession_id[0m[2m=[0m"s-ed8ae5f1ff1a"
[backend] [2m2026-04-19T02:11:39.3672073+08:00[0m [32m INFO[0m ThreadId(08) [2mkoko::shell::媒体资产外壳[0m[2m:[0m 读取附件内容成功 [3musecase[0m[2m=[0m"读取附件内容" [3madapter[0m[2m=[0m"http" [3moutcome[0m[2m=[0m"succeeded" [3mrequest_kind[0m[2m=[0m"附件内容读取" [3mattachment_id[0m[2m=[0m"att-88e3fb0cd3fa" [3msession_id[0m[2m=[0m"s-ed8ae5f1ff1a"
[backend] [2m2026-04-19T02:11:39.3712687+08:00[0m [32m INFO[0m ThreadId(11) [2mkoko::shell::媒体资产外壳[0m[2m:[0m HTTP 请求已受理 [3musecase[0m[2m=[0m"读取附件内容" [3madapter[0m[2m=[0m"http" [3moutcome[0m[2m=[0m"accepted" [3mrequest_kind[0m[2m=[0m"附件内容读取" [3mattachment_id[0m[2m=[0m"att-88e3fb0cd3fa" [3msession_id[0m[2m=[0m"s-ed8ae5f1ff1a"
[backend] [2m2026-04-19T02:11:39.3860619+08:00[0m [32m INFO[0m ThreadId(08) [2mkoko::shell::媒体资产外壳[0m[2m:[0m 读取附件内容成功 [3musecase[0m[2m=[0m"读取附件内容" [3madapter[0m[2m=[0m"http" [3moutcome[0m[2m=[0m"succeeded" [3mrequest_kind[0m[2m=[0m"附件内容读取" [3mattachment_id[0m[2m=[0m"att-88e3fb0cd3fa" [3msession_id[0m[2m=[0m"s-ed8ae5f1ff1a"
[backend] [2m2026-04-19T02:11:39.3886503+08:00[0m [32m INFO[0m ThreadId(12) [2mkoko::shell::媒体资产外壳[0m[2m:[0m HTTP 请求已受理 [3musecase[0m[2m=[0m"读取附件内容" [3madapter[0m[2m=[0m"http" [3moutcome[0m[2m=[0m"accepted" [3mrequest_kind[0m[2m=[0m"附件内容读取" [3mattachment_id[0m[2m=[0m"att-88e3fb0cd3fa" [3msession_id[0m[2m=[0m"s-ed8ae5f1ff1a"
[backend] [2m2026-04-19T02:11:39.3970275+08:00[0m [32m INFO[0m ThreadId(08) [2mkoko::shell::媒体资产外壳[0m[2m:[0m 读取附件内容成功 [3musecase[0m[2m=[0m"读取附件内容" [3madapter[0m[2m=[0m"http" [3moutcome[0m[2m=[0m"succeeded" [3mrequest_kind[0m[2m=[0m"附件内容读取" [3mattachment_id[0m[2m=[0m"att-88e3fb0cd3fa" [3msession_id[0m[2m=[0m"s-ed8ae5f1ff1a"
[backend] [2m2026-04-19T02:11:39.415815+08:00[0m [32m INFO[0m ThreadId(12) [2mkoko::shell::媒体资产外壳[0m[2m:[0m HTTP 请求已受理 [3musecase[0m[2m=[0m"读取附件内容" [3madapter[0m[2m=[0m"http" [3moutcome[0m[2m=[0m"accepted" [3mrequest_kind[0m[2m=[0m"附件内容读取" [3mattachment_id[0m[2m=[0m"att-88e3fb0cd3fa" [3msession_id[0m[2m=[0m"s-ed8ae5f1ff1a"
[backend] [2m2026-04-19T02:11:39.4524919+08:00[0m [32m INFO[0m ThreadId(08) [2mkoko::shell::房间外壳[0m[2m:[0m HTTP 请求已受理 [3musecase[0m[2m=[0m"推进房间阅读位置" [3madapter[0m[2m=[0m"http" [3moutcome[0m[2m=[0m"accepted" [3mrequest_kind[0m[2m=[0m"房间阅读位置推进" [3mroom_id[0m[2m=[0m"r-3cdfd560046a" [3msession_id[0m[2m=[0m"s-b8640d691e68" [3mevent_position[0m[2m=[0m19
[backend] [2m2026-04-19T02:11:39.4531884+08:00[0m [32m INFO[0m ThreadId(12) [2mkoko::shell::媒体资产外壳[0m[2m:[0m 读取附件内容成功 [3musecase[0m[2m=[0m"读取附件内容" [3madapter[0m[2m=[0m"http" [3moutcome[0m[2m=[0m"succeeded" [3mrequest_kind[0m[2m=[0m"附件内容读取" [3mattachment_id[0m[2m=[0m"att-88e3fb0cd3fa" [3msession_id[0m[2m=[0m"s-ed8ae5f1ff1a"
[backend] [2m2026-04-19T02:11:39.462975+08:00[0m [32m INFO[0m ThreadId(12) [2mkoko::shell::房间外壳[0m[2m:[0m 推进房间阅读位置成功 [3musecase[0m[2m=[0m"推进房间阅读位置" [3madapter[0m[2m=[0m"http" [3moutcome[0m[2m=[0m"succeeded" [3mrequest_kind[0m[2m=[0m"房间阅读位置推进" [3mroom_id[0m[2m=[0m"r-3cdfd560046a" [3msession_id[0m[2m=[0m"s-b8640d691e68" [3mevent_position[0m[2m=[0m19
[backend] [2m2026-04-19T02:11:43.3865491+08:00[0m [32m INFO[0m ThreadId(12) [2mkoko::shell::媒体资产外壳[0m[2m:[0m HTTP 请求已受理 [3musecase[0m[2m=[0m"读取附件内容" [3madapter[0m[2m=[0m"http" [3moutcome[0m[2m=[0m"accepted" [3mrequest_kind[0m[2m=[0m"附件内容读取" [3mattachment_id[0m[2m=[0m"att-88e3fb0cd3fa" [3msession_id[0m[2m=[0m"s-ed8ae5f1ff1a"
[backend] [2m2026-04-19T02:11:43.3937284+08:00[0m [32m INFO[0m ThreadId(11) [2mkoko::shell::媒体资产外壳[0m[2m:[0m 读取附件内容成功 [3musecase[0m[2m=[0m"读取附件内容" [3madapter[0m[2m=[0m"http" [3moutcome[0m[2m=[0m"succeeded" [3mrequest_kind[0m[2m=[0m"附件内容读取" [3mattachment_id[0m[2m=[0m"att-88e3fb0cd3fa" [3msession_id[0m[2m=[0m"s-ed8ae5f1ff1a"
[typecheck] 02:12:20 - File change detected. Starting incremental compilation...
[typecheck] 02:12:20 - Found 0 errors. Watching for file changes.
[backend] [2m2026-04-19T02:13:23.985692+08:00[0m [32m INFO[0m ThreadId(12) [2mkoko::shell::实时外壳[0m[2m:[0m realtime 连接已正常断开 [3musecase[0m[2m=[0m"实时连接断开" [3madapter[0m[2m=[0m"socketioxide" [3moutcome[0m[2m=[0m"dropped" [3msession_id[0m[2m=[0m"s-4e84bf609b16" [3mdisconnect_reason[0m[2m=[0mclient has manually disconnected the socket from the namespace
[backend] [2m2026-04-19T02:13:24.2512392+08:00[0m [32m INFO[0m ThreadId(11) [2mkoko::shell::房间外壳[0m[2m:[0m HTTP 请求已受理 [3musecase[0m[2m=[0m"引导匿名身份" [3madapter[0m[2m=[0m"http" [3moutcome[0m[2m=[0m"accepted" [3mrequest_kind[0m[2m=[0m"匿名身份引导"
[backend] [2m2026-04-19T02:13:24.2536995+08:00[0m [32m INFO[0m ThreadId(11) [2mkoko::shell::房间外壳[0m[2m:[0m 引导匿名身份成功 [3musecase[0m[2m=[0m"引导匿名身份" [3madapter[0m[2m=[0m"http" [3moutcome[0m[2m=[0m"succeeded" [3mrequest_kind[0m[2m=[0m"匿名身份引导" [3msession_id[0m[2m=[0m"s-4e84bf609b16"
[backend] [2m2026-04-19T02:13:24.3267316+08:00[0m [32m INFO[0m ThreadId(11) [2mkoko::shell::房间外壳[0m[2m:[0m HTTP 请求已受理 [3musecase[0m[2m=[0m"加载房间快照" [3madapter[0m[2m=[0m"http" [3moutcome[0m[2m=[0m"accepted" [3mrequest_kind[0m[2m=[0m"房间快照查询" [3mroom_id[0m[2m=[0m"r-3cdfd560046a" [3msession_id[0m[2m=[0m"s-4e84bf609b16"
[backend] [2m2026-04-19T02:13:24.3365655+08:00[0m [32m INFO[0m ThreadId(05) [2mkoko::shell::实时外壳[0m[2m:[0m realtime 连接认证已受理 [3musecase[0m[2m=[0m"实时连接认证" [3madapter[0m[2m=[0m"socketioxide" [3moutcome[0m[2m=[0m"accepted" [3msession_id[0m[2m=[0m"s-4e84bf609b16"
[backend] [2m2026-04-19T02:13:24.3392939+08:00[0m [32m INFO[0m ThreadId(05) [2mkoko::shell::实时外壳[0m[2m:[0m realtime 连接认证成功 [3musecase[0m[2m=[0m"实时连接认证" [3madapter[0m[2m=[0m"socketioxide" [3moutcome[0m[2m=[0m"succeeded" [3msession_id[0m[2m=[0m"s-4e84bf609b16"
[backend] [2m2026-04-19T02:13:24.3443935+08:00[0m [32m INFO[0m ThreadId(12) [2mkoko::shell::实时外壳[0m[2m:[0m realtime 订阅请求已受理 [3musecase[0m[2m=[0m"订阅房间事件流" [3madapter[0m[2m=[0m"socketioxide" [3moutcome[0m[2m=[0m"accepted" [3mroom_id[0m[2m=[0m"r-3cdfd560046a" [3msession_id[0m[2m=[0m"s-4e84bf609b16" [3mfrom[0m[2m=[0m0
[backend] [2m2026-04-19T02:13:24.3621273+08:00[0m [32m INFO[0m ThreadId(12) [2mkoko::shell::房间外壳[0m[2m:[0m 加载房间快照成功 [3musecase[0m[2m=[0m"加载房间快照" [3madapter[0m[2m=[0m"http" [3moutcome[0m[2m=[0m"succeeded" [3mrequest_kind[0m[2m=[0m"房间快照查询" [3mroom_id[0m[2m=[0m"r-3cdfd560046a" [3msession_id[0m[2m=[0m"s-4e84bf609b16" [3mevent_position[0m[2m=[0m19
[backend] [2m2026-04-19T02:13:24.3681502+08:00[0m [32m INFO[0m ThreadId(11) [2mkoko::shell::实时外壳[0m[2m:[0m 订阅房间事件流成功 [3musecase[0m[2m=[0m"订阅房间事件流" [3madapter[0m[2m=[0m"socketioxide" [3moutcome[0m[2m=[0m"succeeded" [3mroom_id[0m[2m=[0m"r-3cdfd560046a" [3msession_id[0m[2m=[0m"s-4e84bf609b16" [3mfrom[0m[2m=[0m0 [3mevent_position[0m[2m=[0m19
[backend] [2m2026-04-19T02:13:24.3740937+08:00[0m [32m INFO[0m ThreadId(05) [2mkoko::shell::实时外壳[0m[2m:[0m realtime 订阅请求已受理 [3musecase[0m[2m=[0m"订阅房间事件流" [3madapter[0m[2m=[0m"socketioxide" [3moutcome[0m[2m=[0m"accepted" [3mroom_id[0m[2m=[0m"r-3cdfd560046a" [3msession_id[0m[2m=[0m"s-4e84bf609b16" [3mfrom[0m[2m=[0m19
[backend] [2m2026-04-19T02:13:24.3844102+08:00[0m [32m INFO[0m ThreadId(11) [2mkoko::shell::实时外壳[0m[2m:[0m 订阅房间事件流成功 [3musecase[0m[2m=[0m"订阅房间事件流" [3madapter[0m[2m=[0m"socketioxide" [3moutcome[0m[2m=[0m"succeeded" [3mroom_id[0m[2m=[0m"r-3cdfd560046a" [3msession_id[0m[2m=[0m"s-4e84bf609b16" [3mfrom[0m[2m=[0m19 [3mevent_position[0m[2m=[0m19
[backend] [2m2026-04-19T02:13:24.4152487+08:00[0m [32m INFO[0m ThreadId(05) [2mkoko::shell::媒体资产外壳[0m[2m:[0m HTTP 请求已受理 [3musecase[0m[2m=[0m"读取附件内容" [3madapter[0m[2m=[0m"http" [3moutcome[0m[2m=[0m"accepted" [3mrequest_kind[0m[2m=[0m"附件内容读取" [3mattachment_id[0m[2m=[0m"att-961d957a1877" [3msession_id[0m[2m=[0m"s-4e84bf609b16"
[backend] [2m2026-04-19T02:13:24.4165418+08:00[0m [32m INFO[0m ThreadId(11) [2mkoko::shell::媒体资产外壳[0m[2m:[0m HTTP 请求已受理 [3musecase[0m[2m=[0m"读取附件内容" [3madapter[0m[2m=[0m"http" [3moutcome[0m[2m=[0m"accepted" [3mrequest_kind[0m[2m=[0m"附件内容读取" [3mattachment_id[0m[2m=[0m"att-681e5b27b0c2" [3msession_id[0m[2m=[0m"s-4e84bf609b16"
[backend] [2m2026-04-19T02:13:24.4165379+08:00[0m [32m INFO[0m ThreadId(05) [2mkoko::shell::媒体资产外壳[0m[2m:[0m HTTP 请求已受理 [3musecase[0m[2m=[0m"读取附件内容" [3madapter[0m[2m=[0m"http" [3moutcome[0m[2m=[0m"accepted" [3mrequest_kind[0m[2m=[0m"附件内容读取" [3mattachment_id[0m[2m=[0m"att-2d964b96c071" [3msession_id[0m[2m=[0m"s-4e84bf609b16"
[backend] [2m2026-04-19T02:13:24.4165973+08:00[0m [32m INFO[0m ThreadId(06) [2mkoko::shell::媒体资产外壳[0m[2m:[0m HTTP 请求已受理 [3musecase[0m[2m=[0m"读取附件内容" [3madapter[0m[2m=[0m"http" [3moutcome[0m[2m=[0m"accepted" [3mrequest_kind[0m[2m=[0m"附件内容读取" [3mattachment_id[0m[2m=[0m"att-8d44cbfede62" [3msession_id[0m[2m=[0m"s-4e84bf609b16"
[backend] [2m2026-04-19T02:13:24.4192989+08:00[0m [32m INFO[0m ThreadId(11) [2mkoko::shell::媒体资产外壳[0m[2m:[0m HTTP 请求已受理 [3musecase[0m[2m=[0m"读取附件内容" [3madapter[0m[2m=[0m"http" [3moutcome[0m[2m=[0m"accepted" [3mrequest_kind[0m[2m=[0m"附件内容读取" [3mattachment_id[0m[2m=[0m"att-ac7a1188a600" [3msession_id[0m[2m=[0m"s-4e84bf609b16"
[backend] [2m2026-04-19T02:13:24.4254395+08:00[0m [32m INFO[0m ThreadId(08) [2mkoko::shell::媒体资产外壳[0m[2m:[0m HTTP 请求已受理 [3musecase[0m[2m=[0m"读取附件内容" [3madapter[0m[2m=[0m"http" [3moutcome[0m[2m=[0m"accepted" [3mrequest_kind[0m[2m=[0m"附件内容读取" [3mattachment_id[0m[2m=[0m"att-3a48c8f47757" [3msession_id[0m[2m=[0m"s-4e84bf609b16"
[backend] [2m2026-04-19T02:13:24.4284412+08:00[0m [32m INFO[0m ThreadId(08) [2mkoko::shell::媒体资产外壳[0m[2m:[0m 读取附件内容成功 [3musecase[0m[2m=[0m"读取附件内容" [3madapter[0m[2m=[0m"http" [3moutcome[0m[2m=[0m"succeeded" [3mrequest_kind[0m[2m=[0m"附件内容读取" [3mattachment_id[0m[2m=[0m"att-8d44cbfede62" [3msession_id[0m[2m=[0m"s-4e84bf609b16"
[backend] [2m2026-04-19T02:13:24.4287649+08:00[0m [32m INFO[0m ThreadId(11) [2mkoko::shell::媒体资产外壳[0m[2m:[0m 读取附件内容成功 [3musecase[0m[2m=[0m"读取附件内容" [3madapter[0m[2m=[0m"http" [3moutcome[0m[2m=[0m"succeeded" [3mrequest_kind[0m[2m=[0m"附件内容读取" [3mattachment_id[0m[2m=[0m"att-681e5b27b0c2" [3msession_id[0m[2m=[0m"s-4e84bf609b16"
[backend] [2m2026-04-19T02:13:24.4293645+08:00[0m [32m INFO[0m ThreadId(05) [2mkoko::shell::媒体资产外壳[0m[2m:[0m 读取附件内容成功 [3musecase[0m[2m=[0m"读取附件内容" [3madapter[0m[2m=[0m"http" [3moutcome[0m[2m=[0m"succeeded" [3mrequest_kind[0m[2m=[0m"附件内容读取" [3mattachment_id[0m[2m=[0m"att-2d964b96c071" [3msession_id[0m[2m=[0m"s-4e84bf609b16"
[backend] [2m2026-04-19T02:13:24.4319503+08:00[0m [32m INFO[0m ThreadId(12) [2mkoko::shell::媒体资产外壳[0m[2m:[0m HTTP 请求已受理 [3musecase[0m[2m=[0m"读取附件内容" [3madapter[0m[2m=[0m"http" [3moutcome[0m[2m=[0m"accepted" [3mrequest_kind[0m[2m=[0m"附件内容读取" [3mattachment_id[0m[2m=[0m"att-792bea97c0bd" [3msession_id[0m[2m=[0m"s-4e84bf609b16"
[backend] [2m2026-04-19T02:13:24.4322503+08:00[0m [32m INFO[0m ThreadId(08) [2mkoko::shell::媒体资产外壳[0m[2m:[0m 读取附件内容成功 [3musecase[0m[2m=[0m"读取附件内容" [3madapter[0m[2m=[0m"http" [3moutcome[0m[2m=[0m"succeeded" [3mrequest_kind[0m[2m=[0m"附件内容读取" [3mattachment_id[0m[2m=[0m"att-ac7a1188a600" [3msession_id[0m[2m=[0m"s-4e84bf609b16"
[backend] [2m2026-04-19T02:13:24.4332516+08:00[0m [32m INFO[0m ThreadId(06) [2mkoko::shell::媒体资产外壳[0m[2m:[0m 读取附件内容成功 [3musecase[0m[2m=[0m"读取附件内容" [3madapter[0m[2m=[0m"http" [3moutcome[0m[2m=[0m"succeeded" [3mrequest_kind[0m[2m=[0m"附件内容读取" [3mattachment_id[0m[2m=[0m"att-961d957a1877" [3msession_id[0m[2m=[0m"s-4e84bf609b16"
[backend] [2m2026-04-19T02:13:24.4402541+08:00[0m [32m INFO[0m ThreadId(05) [2mkoko::shell::媒体资产外壳[0m[2m:[0m 读取附件内容成功 [3musecase[0m[2m=[0m"读取附件内容" [3madapter[0m[2m=[0m"http" [3moutcome[0m[2m=[0m"succeeded" [3mrequest_kind[0m[2m=[0m"附件内容读取" [3mattachment_id[0m[2m=[0m"att-3a48c8f47757" [3msession_id[0m[2m=[0m"s-4e84bf609b16"
[backend] [2m2026-04-19T02:13:24.4446227+08:00[0m [32m INFO[0m ThreadId(05) [2mkoko::shell::媒体资产外壳[0m[2m:[0m 读取附件内容成功 [3musecase[0m[2m=[0m"读取附件内容" [3madapter[0m[2m=[0m"http" [3moutcome[0m[2m=[0m"succeeded" [3mrequest_kind[0m[2m=[0m"附件内容读取" [3mattachment_id[0m[2m=[0m"att-792bea97c0bd" [3msession_id[0m[2m=[0m"s-4e84bf609b16"
[backend] [2m2026-04-19T02:13:24.4569195+08:00[0m [32m INFO[0m ThreadId(06) [2mkoko::shell::媒体资产外壳[0m[2m:[0m HTTP 请求已受理 [3musecase[0m[2m=[0m"读取附件内容" [3madapter[0m[2m=[0m"http" [3moutcome[0m[2m=[0m"accepted" [3mrequest_kind[0m[2m=[0m"附件内容读取" [3mattachment_id[0m[2m=[0m"att-ea250b02f4f3" [3msession_id[0m[2m=[0m"s-4e84bf609b16"
[backend] [2m2026-04-19T02:13:24.4650399+08:00[0m [32m INFO[0m ThreadId(06) [2mkoko::shell::媒体资产外壳[0m[2m:[0m HTTP 请求已受理 [3musecase[0m[2m=[0m"读取附件内容" [3madapter[0m[2m=[0m"http" [3moutcome[0m[2m=[0m"accepted" [3mrequest_kind[0m[2m=[0m"附件内容读取" [3mattachment_id[0m[2m=[0m"att-56d8fca2bd57" [3msession_id[0m[2m=[0m"s-4e84bf609b16"
[backend] [2m2026-04-19T02:13:24.4661042+08:00[0m [32m INFO[0m ThreadId(06) [2mkoko::shell::媒体资产外壳[0m[2m:[0m HTTP 请求已受理 [3musecase[0m[2m=[0m"读取附件内容" [3madapter[0m[2m=[0m"http" [3moutcome[0m[2m=[0m"accepted" [3mrequest_kind[0m[2m=[0m"附件内容读取" [3mattachment_id[0m[2m=[0m"att-8aedf734e191" [3msession_id[0m[2m=[0m"s-4e84bf609b16"
[backend] [2m2026-04-19T02:13:24.4676875+08:00[0m [32m INFO[0m ThreadId(06) [2mkoko::shell::媒体资产外壳[0m[2m:[0m HTTP 请求已受理 [3musecase[0m[2m=[0m"读取附件内容" [3madapter[0m[2m=[0m"http" [3moutcome[0m[2m=[0m"accepted" [3mrequest_kind[0m[2m=[0m"附件内容读取" [3mattachment_id[0m[2m=[0m"att-69182d17260b" [3msession_id[0m[2m=[0m"s-4e84bf609b16"
[backend] [2m2026-04-19T02:13:24.4676875+08:00[0m [32m INFO[0m ThreadId(05) [2mkoko::shell::媒体资产外壳[0m[2m:[0m HTTP 请求已受理 [3musecase[0m[2m=[0m"读取附件内容" [3madapter[0m[2m=[0m"http" [3moutcome[0m[2m=[0m"accepted" [3mrequest_kind[0m[2m=[0m"附件内容读取" [3mattachment_id[0m[2m=[0m"att-4b3bc2558118" [3msession_id[0m[2m=[0m"s-4e84bf609b16"
[backend] [2m2026-04-19T02:13:24.4681906+08:00[0m [32m INFO[0m ThreadId(08) [2mkoko::shell::媒体资产外壳[0m[2m:[0m HTTP 请求已受理 [3musecase[0m[2m=[0m"读取附件内容" [3madapter[0m[2m=[0m"http" [3moutcome[0m[2m=[0m"accepted" [3mrequest_kind[0m[2m=[0m"附件内容读取" [3mattachment_id[0m[2m=[0m"att-d1739ba9773f" [3msession_id[0m[2m=[0m"s-4e84bf609b16"
[backend] [2m2026-04-19T02:13:24.4764783+08:00[0m [32m INFO[0m ThreadId(05) [2mkoko::shell::媒体资产外壳[0m[2m:[0m 读取附件内容成功 [3musecase[0m[2m=[0m"读取附件内容" [3madapter[0m[2m=[0m"http" [3moutcome[0m[2m=[0m"succeeded" [3mrequest_kind[0m[2m=[0m"附件内容读取" [3mattachment_id[0m[2m=[0m"att-ea250b02f4f3" [3msession_id[0m[2m=[0m"s-4e84bf609b16"
[backend] [2m2026-04-19T02:13:24.4805371+08:00[0m [32m INFO[0m ThreadId(08) [2mkoko::shell::媒体资产外壳[0m[2m:[0m 读取附件内容成功 [3musecase[0m[2m=[0m"读取附件内容" [3madapter[0m[2m=[0m"http" [3moutcome[0m[2m=[0m"succeeded" [3mrequest_kind[0m[2m=[0m"附件内容读取" [3mattachment_id[0m[2m=[0m"att-56d8fca2bd57" [3msession_id[0m[2m=[0m"s-4e84bf609b16"
[backend] [2m2026-04-19T02:13:24.4808118+08:00[0m [32m INFO[0m ThreadId(05) [2mkoko::shell::媒体资产外壳[0m[2m:[0m 读取附件内容成功 [3musecase[0m[2m=[0m"读取附件内容" [3madapter[0m[2m=[0m"http" [3moutcome[0m[2m=[0m"succeeded" [3mrequest_kind[0m[2m=[0m"附件内容读取" [3mattachment_id[0m[2m=[0m"att-69182d17260b" [3msession_id[0m[2m=[0m"s-4e84bf609b16"
[backend] [2m2026-04-19T02:13:24.4812183+08:00[0m [32m INFO[0m ThreadId(11) [2mkoko::shell::媒体资产外壳[0m[2m:[0m 读取附件内容成功 [3musecase[0m[2m=[0m"读取附件内容" [3madapter[0m[2m=[0m"http" [3moutcome[0m[2m=[0m"succeeded" [3mrequest_kind[0m[2m=[0m"附件内容读取" [3mattachment_id[0m[2m=[0m"att-4b3bc2558118" [3msession_id[0m[2m=[0m"s-4e84bf609b16"
[backend] [2m2026-04-19T02:13:24.4831608+08:00[0m [32m INFO[0m ThreadId(08) [2mkoko::shell::媒体资产外壳[0m[2m:[0m 读取附件内容成功 [3musecase[0m[2m=[0m"读取附件内容" [3madapter[0m[2m=[0m"http" [3moutcome[0m[2m=[0m"succeeded" [3mrequest_kind[0m[2m=[0m"附件内容读取" [3mattachment_id[0m[2m=[0m"att-8aedf734e191" [3msession_id[0m[2m=[0m"s-4e84bf609b16"
[backend] [2m2026-04-19T02:13:24.4862297+08:00[0m [32m INFO[0m ThreadId(08) [2mkoko::shell::媒体资产外壳[0m[2m:[0m 读取附件内容成功 [3musecase[0m[2m=[0m"读取附件内容" [3madapter[0m[2m=[0m"http" [3moutcome[0m[2m=[0m"succeeded" [3mrequest_kind[0m[2m=[0m"附件内容读取" [3mattachment_id[0m[2m=[0m"att-d1739ba9773f" [3msession_id[0m[2m=[0m"s-4e84bf609b16"
[backend] [2m2026-04-19T02:13:24.4943012+08:00[0m [32m INFO[0m ThreadId(05) [2mkoko::shell::媒体资产外壳[0m[2m:[0m HTTP 请求已受理 [3musecase[0m[2m=[0m"读取附件内容" [3madapter[0m[2m=[0m"http" [3moutcome[0m[2m=[0m"accepted" [3mrequest_kind[0m[2m=[0m"附件内容读取" [3mattachment_id[0m[2m=[0m"att-6727d0dfb7aa" [3msession_id[0m[2m=[0m"s-4e84bf609b16"
[backend] [2m2026-04-19T02:13:24.4956175+08:00[0m [32m INFO[0m ThreadId(05) [2mkoko::shell::媒体资产外壳[0m[2m:[0m HTTP 请求已受理 [3musecase[0m[2m=[0m"读取附件内容" [3madapter[0m[2m=[0m"http" [3moutcome[0m[2m=[0m"accepted" [3mrequest_kind[0m[2m=[0m"附件内容读取" [3mattachment_id[0m[2m=[0m"att-fb643f1210f6" [3msession_id[0m[2m=[0m"s-4e84bf609b16"
[backend] [2m2026-04-19T02:13:24.4969768+08:00[0m [32m INFO[0m ThreadId(05) [2mkoko::shell::媒体资产外壳[0m[2m:[0m HTTP 请求已受理 [3musecase[0m[2m=[0m"读取附件内容" [3madapter[0m[2m=[0m"http" [3moutcome[0m[2m=[0m"accepted" [3mrequest_kind[0m[2m=[0m"附件内容读取" [3mattachment_id[0m[2m=[0m"att-88e3fb0cd3fa" [3msession_id[0m[2m=[0m"s-4e84bf609b16"
[backend] [2m2026-04-19T02:13:24.5095436+08:00[0m [32m INFO[0m ThreadId(08) [2mkoko::shell::媒体资产外壳[0m[2m:[0m 读取附件内容成功 [3musecase[0m[2m=[0m"读取附件内容" [3madapter[0m[2m=[0m"http" [3moutcome[0m[2m=[0m"succeeded" [3mrequest_kind[0m[2m=[0m"附件内容读取" [3mattachment_id[0m[2m=[0m"att-fb643f1210f6" [3msession_id[0m[2m=[0m"s-4e84bf609b16"
[backend] [2m2026-04-19T02:13:24.510796+08:00[0m [32m INFO[0m ThreadId(06) [2mkoko::shell::媒体资产外壳[0m[2m:[0m 读取附件内容成功 [3musecase[0m[2m=[0m"读取附件内容" [3madapter[0m[2m=[0m"http" [3moutcome[0m[2m=[0m"succeeded" [3mrequest_kind[0m[2m=[0m"附件内容读取" [3mattachment_id[0m[2m=[0m"att-6727d0dfb7aa" [3msession_id[0m[2m=[0m"s-4e84bf609b16"
[backend] [2m2026-04-19T02:13:24.5123151+08:00[0m [32m INFO[0m ThreadId(08) [2mkoko::shell::媒体资产外壳[0m[2m:[0m 读取附件内容成功 [3musecase[0m[2m=[0m"读取附件内容" [3madapter[0m[2m=[0m"http" [3moutcome[0m[2m=[0m"succeeded" [3mrequest_kind[0m[2m=[0m"附件内容读取" [3mattachment_id[0m[2m=[0m"att-88e3fb0cd3fa" [3msession_id[0m[2m=[0m"s-4e84bf609b16"
[backend] [2m2026-04-19T02:14:23.9091685+08:00[0m [32m INFO[0m ThreadId(08) [2mkoko::shell::实时外壳[0m[2m:[0m realtime 订阅请求已受理 [3musecase[0m[2m=[0m"订阅房间事件流" [3madapter[0m[2m=[0m"socketioxide" [3moutcome[0m[2m=[0m"accepted" [3mroom_id[0m[2m=[0m"r-3cdfd560046a" [3msession_id[0m[2m=[0m"s-e7c98262c769" [3mfrom[0m[2m=[0m18
[backend] [2m2026-04-19T02:14:23.9241174+08:00[0m [32m INFO[0m ThreadId(12) [2mkoko::shell::实时外壳[0m[2m:[0m 订阅房间事件流成功 [3musecase[0m[2m=[0m"订阅房间事件流" [3madapter[0m[2m=[0m"socketioxide" [3moutcome[0m[2m=[0m"succeeded" [3mroom_id[0m[2m=[0m"r-3cdfd560046a" [3msession_id[0m[2m=[0m"s-e7c98262c769" [3mfrom[0m[2m=[0m18 [3mevent_position[0m[2m=[0m19
[backend] [2m2026-04-19T02:14:23.9486544+08:00[0m [32m INFO[0m ThreadId(08) [2mkoko::shell::媒体资产外壳[0m[2m:[0m HTTP 请求已受理 [3musecase[0m[2m=[0m"读取附件内容" [3madapter[0m[2m=[0m"http" [3moutcome[0m[2m=[0m"accepted" [3mrequest_kind[0m[2m=[0m"附件内容读取" [3mattachment_id[0m[2m=[0m"att-88e3fb0cd3fa" [3msession_id[0m[2m=[0m"s-e7c98262c769"
[backend] [2m2026-04-19T02:14:23.9687559+08:00[0m [32m INFO[0m ThreadId(08) [2mkoko::shell::媒体资产外壳[0m[2m:[0m 读取附件内容成功 [3musecase[0m[2m=[0m"读取附件内容" [3madapter[0m[2m=[0m"http" [3moutcome[0m[2m=[0m"succeeded" [3mrequest_kind[0m[2m=[0m"附件内容读取" [3mattachment_id[0m[2m=[0m"att-88e3fb0cd3fa" [3msession_id[0m[2m=[0m"s-e7c98262c769"
[backend] [2m2026-04-19T02:14:26.4823781+08:00[0m [32m INFO[0m ThreadId(06) [2mkoko::shell::媒体资产外壳[0m[2m:[0m HTTP 请求已受理 [3musecase[0m[2m=[0m"读取附件内容" [3madapter[0m[2m=[0m"http" [3moutcome[0m[2m=[0m"accepted" [3mrequest_kind[0m[2m=[0m"附件内容读取" [3mattachment_id[0m[2m=[0m"att-4b3bc2558118" [3msession_id[0m[2m=[0m"s-e7c98262c769"
[backend] [2m2026-04-19T02:14:26.4882812+08:00[0m [32m INFO[0m ThreadId(08) [2mkoko::shell::媒体资产外壳[0m[2m:[0m 读取附件内容成功 [3musecase[0m[2m=[0m"读取附件内容" [3madapter[0m[2m=[0m"http" [3moutcome[0m[2m=[0m"succeeded" [3mrequest_kind[0m[2m=[0m"附件内容读取" [3mattachment_id[0m[2m=[0m"att-4b3bc2558118" [3msession_id[0m[2m=[0m"s-e7c98262c769"
[backend] [2m2026-04-19T02:14:26.6004932+08:00[0m [32m INFO[0m ThreadId(12) [2mkoko::shell::媒体资产外壳[0m[2m:[0m HTTP 请求已受理 [3musecase[0m[2m=[0m"读取附件内容" [3madapter[0m[2m=[0m"http" [3moutcome[0m[2m=[0m"accepted" [3mrequest_kind[0m[2m=[0m"附件内容读取" [3mattachment_id[0m[2m=[0m"att-8aedf734e191" [3msession_id[0m[2m=[0m"s-e7c98262c769"
[backend] [2m2026-04-19T02:14:26.6111275+08:00[0m [32m INFO[0m ThreadId(08) [2mkoko::shell::媒体资产外壳[0m[2m:[0m 读取附件内容成功 [3musecase[0m[2m=[0m"读取附件内容" [3madapter[0m[2m=[0m"http" [3moutcome[0m[2m=[0m"succeeded" [3mrequest_kind[0m[2m=[0m"附件内容读取" [3mattachment_id[0m[2m=[0m"att-8aedf734e191" [3msession_id[0m[2m=[0m"s-e7c98262c769"
[backend] [2m2026-04-19T02:14:27.4987179+08:00[0m [32m INFO[0m ThreadId(08) [2mkoko::shell::媒体资产外壳[0m[2m:[0m HTTP 请求已受理 [3musecase[0m[2m=[0m"读取附件内容" [3madapter[0m[2m=[0m"http" [3moutcome[0m[2m=[0m"accepted" [3mrequest_kind[0m[2m=[0m"附件内容读取" [3mattachment_id[0m[2m=[0m"att-56d8fca2bd57" [3msession_id[0m[2m=[0m"s-e7c98262c769"
[backend] [2m2026-04-19T02:14:27.5048925+08:00[0m [32m INFO[0m ThreadId(08) [2mkoko::shell::媒体资产外壳[0m[2m:[0m 读取附件内容成功 [3musecase[0m[2m=[0m"读取附件内容" [3madapter[0m[2m=[0m"http" [3moutcome[0m[2m=[0m"succeeded" [3mrequest_kind[0m[2m=[0m"附件内容读取" [3mattachment_id[0m[2m=[0m"att-56d8fca2bd57" [3msession_id[0m[2m=[0m"s-e7c98262c769"
[backend] [2m2026-04-19T02:19:54.8422637+08:00[0m [32m INFO[0m ThreadId(03) [2mkoko::shell::实时外壳[0m[2m:[0m realtime 连接已正常断开 [3musecase[0m[2m=[0m"实时连接断开" [3madapter[0m[2m=[0m"socketioxide" [3moutcome[0m[2m=[0m"dropped" [3msession_id[0m[2m=[0m"s-ed8ae5f1ff1a" [3mdisconnect_reason[0m[2m=[0mclient has manually disconnected the socket from the namespace
[backend] [2m2026-04-19T02:19:54.8658245+08:00[0m [32m INFO[0m ThreadId(05) [2mkoko::shell::媒体资产外壳[0m[2m:[0m HTTP 请求已受理 [3musecase[0m[2m=[0m"读取附件内容" [3madapter[0m[2m=[0m"http" [3moutcome[0m[2m=[0m"accepted" [3mrequest_kind[0m[2m=[0m"附件内容读取" [3mattachment_id[0m[2m=[0m"att-88e3fb0cd3fa" [3msession_id[0m[2m=[0m"s-ed8ae5f1ff1a"
[backend] [2m2026-04-19T02:19:54.8783549+08:00[0m [32m INFO[0m ThreadId(05) [2mkoko::shell::媒体资产外壳[0m[2m:[0m 读取附件内容成功 [3musecase[0m[2m=[0m"读取附件内容" [3madapter[0m[2m=[0m"http" [3moutcome[0m[2m=[0m"succeeded" [3mrequest_kind[0m[2m=[0m"附件内容读取" [3mattachment_id[0m[2m=[0m"att-88e3fb0cd3fa" [3msession_id[0m[2m=[0m"s-ed8ae5f1ff1a"
[backend] [2m2026-04-19T02:19:54.8857431+08:00[0m [32m INFO[0m ThreadId(06) [2mkoko::shell::媒体资产外壳[0m[2m:[0m HTTP 请求已受理 [3musecase[0m[2m=[0m"读取附件内容" [3madapter[0m[2m=[0m"http" [3moutcome[0m[2m=[0m"accepted" [3mrequest_kind[0m[2m=[0m"附件内容读取" [3mattachment_id[0m[2m=[0m"att-88e3fb0cd3fa" [3msession_id[0m[2m=[0m"s-ed8ae5f1ff1a"
[backend] [2m2026-04-19T02:19:54.8962042+08:00[0m [32m INFO[0m ThreadId(05) [2mkoko::shell::媒体资产外壳[0m[2m:[0m 读取附件内容成功 [3musecase[0m[2m=[0m"读取附件内容" [3madapter[0m[2m=[0m"http" [3moutcome[0m[2m=[0m"succeeded" [3mrequest_kind[0m[2m=[0m"附件内容读取" [3mattachment_id[0m[2m=[0m"att-88e3fb0cd3fa" [3msession_id[0m[2m=[0m"s-ed8ae5f1ff1a"
[backend] [2m2026-04-19T02:19:54.9021499+08:00[0m [32m INFO[0m ThreadId(05) [2mkoko::shell::媒体资产外壳[0m[2m:[0m HTTP 请求已受理 [3musecase[0m[2m=[0m"读取附件内容" [3madapter[0m[2m=[0m"http" [3moutcome[0m[2m=[0m"accepted" [3mrequest_kind[0m[2m=[0m"附件内容读取" [3mattachment_id[0m[2m=[0m"att-88e3fb0cd3fa" [3msession_id[0m[2m=[0m"s-ed8ae5f1ff1a"
[backend] [2m2026-04-19T02:19:54.9114113+08:00[0m [32m INFO[0m ThreadId(05) [2mkoko::shell::媒体资产外壳[0m[2m:[0m 读取附件内容成功 [3musecase[0m[2m=[0m"读取附件内容" [3madapter[0m[2m=[0m"http" [3moutcome[0m[2m=[0m"succeeded" [3mrequest_kind[0m[2m=[0m"附件内容读取" [3mattachment_id[0m[2m=[0m"att-88e3fb0cd3fa" [3msession_id[0m[2m=[0m"s-ed8ae5f1ff1a"
[backend] [2m2026-04-19T02:19:55.2467152+08:00[0m [32m INFO[0m ThreadId(11) [2mkoko::shell::房间外壳[0m[2m:[0m HTTP 请求已受理 [3musecase[0m[2m=[0m"引导匿名身份" [3madapter[0m[2m=[0m"http" [3moutcome[0m[2m=[0m"accepted" [3mrequest_kind[0m[2m=[0m"匿名身份引导"
[backend] [2m2026-04-19T02:19:55.248865+08:00[0m [32m INFO[0m ThreadId(03) [2mkoko::shell::房间外壳[0m[2m:[0m 引导匿名身份成功 [3musecase[0m[2m=[0m"引导匿名身份" [3madapter[0m[2m=[0m"http" [3moutcome[0m[2m=[0m"succeeded" [3mrequest_kind[0m[2m=[0m"匿名身份引导" [3msession_id[0m[2m=[0m"s-ed8ae5f1ff1a"
[backend] [2m2026-04-19T02:19:55.3030707+08:00[0m [32m INFO[0m ThreadId(11) [2mkoko::shell::房间外壳[0m[2m:[0m HTTP 请求已受理 [3musecase[0m[2m=[0m"加载房间快照" [3madapter[0m[2m=[0m"http" [3moutcome[0m[2m=[0m"accepted" [3mrequest_kind[0m[2m=[0m"房间快照查询" [3mroom_id[0m[2m=[0m"r-3cdfd560046a" [3msession_id[0m[2m=[0m"s-ed8ae5f1ff1a"
[backend] [2m2026-04-19T02:19:55.3271043+08:00[0m [32m INFO[0m ThreadId(05) [2mkoko::shell::实时外壳[0m[2m:[0m realtime 连接认证已受理 [3musecase[0m[2m=[0m"实时连接认证" [3madapter[0m[2m=[0m"socketioxide" [3moutcome[0m[2m=[0m"accepted" [3msession_id[0m[2m=[0m"s-ed8ae5f1ff1a"
[backend] [2m2026-04-19T02:19:55.3288822+08:00[0m [32m INFO[0m ThreadId(05) [2mkoko::shell::实时外壳[0m[2m:[0m realtime 连接认证成功 [3musecase[0m[2m=[0m"实时连接认证" [3madapter[0m[2m=[0m"socketioxide" [3moutcome[0m[2m=[0m"succeeded" [3msession_id[0m[2m=[0m"s-ed8ae5f1ff1a"
[backend] [2m2026-04-19T02:19:55.3325869+08:00[0m [32m INFO[0m ThreadId(11) [2mkoko::shell::房间外壳[0m[2m:[0m 加载房间快照成功 [3musecase[0m[2m=[0m"加载房间快照" [3madapter[0m[2m=[0m"http" [3moutcome[0m[2m=[0m"succeeded" [3mrequest_kind[0m[2m=[0m"房间快照查询" [3mroom_id[0m[2m=[0m"r-3cdfd560046a" [3msession_id[0m[2m=[0m"s-ed8ae5f1ff1a" [3mevent_position[0m[2m=[0m19
[backend] [2m2026-04-19T02:19:55.3330308+08:00[0m [32m INFO[0m ThreadId(06) [2mkoko::shell::实时外壳[0m[2m:[0m realtime 订阅请求已受理 [3musecase[0m[2m=[0m"订阅房间事件流" [3madapter[0m[2m=[0m"socketioxide" [3moutcome[0m[2m=[0m"accepted" [3mroom_id[0m[2m=[0m"r-3cdfd560046a" [3msession_id[0m[2m=[0m"s-ed8ae5f1ff1a" [3mfrom[0m[2m=[0m0
[backend] [2m2026-04-19T02:19:55.3570012+08:00[0m [32m INFO[0m ThreadId(06) [2mkoko::shell::实时外壳[0m[2m:[0m realtime 订阅请求已受理 [3musecase[0m[2m=[0m"订阅房间事件流" [3madapter[0m[2m=[0m"socketioxide" [3moutcome[0m[2m=[0m"accepted" [3mroom_id[0m[2m=[0m"r-3cdfd560046a" [3msession_id[0m[2m=[0m"s-ed8ae5f1ff1a" [3mfrom[0m[2m=[0m19
[backend] [2m2026-04-19T02:19:55.3621943+08:00[0m [32m INFO[0m ThreadId(05) [2mkoko::shell::实时外壳[0m[2m:[0m 订阅房间事件流成功 [3musecase[0m[2m=[0m"订阅房间事件流" [3madapter[0m[2m=[0m"socketioxide" [3moutcome[0m[2m=[0m"succeeded" [3mroom_id[0m[2m=[0m"r-3cdfd560046a" [3msession_id[0m[2m=[0m"s-ed8ae5f1ff1a" [3mfrom[0m[2m=[0m0 [3mevent_position[0m[2m=[0m19
[backend] [2m2026-04-19T02:19:55.3659794+08:00[0m [32m INFO[0m ThreadId(06) [2mkoko::shell::实时外壳[0m[2m:[0m 订阅房间事件流成功 [3musecase[0m[2m=[0m"订阅房间事件流" [3madapter[0m[2m=[0m"socketioxide" [3moutcome[0m[2m=[0m"succeeded" [3mroom_id[0m[2m=[0m"r-3cdfd560046a" [3msession_id[0m[2m=[0m"s-ed8ae5f1ff1a" [3mfrom[0m[2m=[0m19 [3mevent_position[0m[2m=[0m19
[backend] [2m2026-04-19T02:19:55.4085723+08:00[0m [32m INFO[0m ThreadId(11) [2mkoko::shell::媒体资产外壳[0m[2m:[0m HTTP 请求已受理 [3musecase[0m[2m=[0m"读取附件内容" [3madapter[0m[2m=[0m"http" [3moutcome[0m[2m=[0m"accepted" [3mrequest_kind[0m[2m=[0m"附件内容读取" [3mattachment_id[0m[2m=[0m"att-961d957a1877" [3msession_id[0m[2m=[0m"s-ed8ae5f1ff1a"
[backend] [2m2026-04-19T02:19:55.4102853+08:00[0m [32m INFO[0m ThreadId(11) [2mkoko::shell::媒体资产外壳[0m[2m:[0m HTTP 请求已受理 [3musecase[0m[2m=[0m"读取附件内容" [3madapter[0m[2m=[0m"http" [3moutcome[0m[2m=[0m"accepted" [3mrequest_kind[0m[2m=[0m"附件内容读取" [3mattachment_id[0m[2m=[0m"att-8d44cbfede62" [3msession_id[0m[2m=[0m"s-ed8ae5f1ff1a"
[backend] [2m2026-04-19T02:19:55.4103534+08:00[0m [32m INFO[0m ThreadId(06) [2mkoko::shell::媒体资产外壳[0m[2m:[0m HTTP 请求已受理 [3musecase[0m[2m=[0m"读取附件内容" [3madapter[0m[2m=[0m"http" [3moutcome[0m[2m=[0m"accepted" [3mrequest_kind[0m[2m=[0m"附件内容读取" [3mattachment_id[0m[2m=[0m"att-2d964b96c071" [3msession_id[0m[2m=[0m"s-ed8ae5f1ff1a"
[backend] [2m2026-04-19T02:19:55.4268627+08:00[0m [32m INFO[0m ThreadId(05) [2mkoko::shell::媒体资产外壳[0m[2m:[0m HTTP 请求已受理 [3musecase[0m[2m=[0m"读取附件内容" [3madapter[0m[2m=[0m"http" [3moutcome[0m[2m=[0m"accepted" [3mrequest_kind[0m[2m=[0m"附件内容读取" [3mattachment_id[0m[2m=[0m"att-681e5b27b0c2" [3msession_id[0m[2m=[0m"s-ed8ae5f1ff1a"
[backend] [2m2026-04-19T02:19:55.4272166+08:00[0m [32m INFO[0m ThreadId(06) [2mkoko::shell::媒体资产外壳[0m[2m:[0m 读取附件内容成功 [3musecase[0m[2m=[0m"读取附件内容" [3madapter[0m[2m=[0m"http" [3moutcome[0m[2m=[0m"succeeded" [3mrequest_kind[0m[2m=[0m"附件内容读取" [3mattachment_id[0m[2m=[0m"att-2d964b96c071" [3msession_id[0m[2m=[0m"s-ed8ae5f1ff1a"
[backend] [2m2026-04-19T02:19:55.4325871+08:00[0m [32m INFO[0m ThreadId(05) [2mkoko::shell::媒体资产外壳[0m[2m:[0m 读取附件内容成功 [3musecase[0m[2m=[0m"读取附件内容" [3madapter[0m[2m=[0m"http" [3moutcome[0m[2m=[0m"succeeded" [3mrequest_kind[0m[2m=[0m"附件内容读取" [3mattachment_id[0m[2m=[0m"att-8d44cbfede62" [3msession_id[0m[2m=[0m"s-ed8ae5f1ff1a"
[backend] [2m2026-04-19T02:19:55.4362057+08:00[0m [32m INFO[0m ThreadId(06) [2mkoko::shell::媒体资产外壳[0m[2m:[0m 读取附件内容成功 [3musecase[0m[2m=[0m"读取附件内容" [3madapter[0m[2m=[0m"http" [3moutcome[0m[2m=[0m"succeeded" [3mrequest_kind[0m[2m=[0m"附件内容读取" [3mattachment_id[0m[2m=[0m"att-961d957a1877" [3msession_id[0m[2m=[0m"s-ed8ae5f1ff1a"
[backend] [2m2026-04-19T02:19:55.4340692+08:00[0m [32m INFO[0m ThreadId(11) [2mkoko::shell::媒体资产外壳[0m[2m:[0m HTTP 请求已受理 [3musecase[0m[2m=[0m"读取附件内容" [3madapter[0m[2m=[0m"http" [3moutcome[0m[2m=[0m"accepted" [3mrequest_kind[0m[2m=[0m"附件内容读取" [3mattachment_id[0m[2m=[0m"att-ac7a1188a600" [3msession_id[0m[2m=[0m"s-ed8ae5f1ff1a"
[backend] [2m2026-04-19T02:19:55.4399639+08:00[0m [32m INFO[0m ThreadId(05) [2mkoko::shell::媒体资产外壳[0m[2m:[0m HTTP 请求已受理 [3musecase[0m[2m=[0m"读取附件内容" [3madapter[0m[2m=[0m"http" [3moutcome[0m[2m=[0m"accepted" [3mrequest_kind[0m[2m=[0m"附件内容读取" [3mattachment_id[0m[2m=[0m"att-3a48c8f47757" [3msession_id[0m[2m=[0m"s-ed8ae5f1ff1a"
[backend] [2m2026-04-19T02:19:55.447943+08:00[0m [32m INFO[0m ThreadId(06) [2mkoko::shell::媒体资产外壳[0m[2m:[0m 读取附件内容成功 [3musecase[0m[2m=[0m"读取附件内容" [3madapter[0m[2m=[0m"http" [3moutcome[0m[2m=[0m"succeeded" [3mrequest_kind[0m[2m=[0m"附件内容读取" [3mattachment_id[0m[2m=[0m"att-681e5b27b0c2" [3msession_id[0m[2m=[0m"s-ed8ae5f1ff1a"
[backend] [2m2026-04-19T02:19:55.4648851+08:00[0m [32m INFO[0m ThreadId(06) [2mkoko::shell::媒体资产外壳[0m[2m:[0m 读取附件内容成功 [3musecase[0m[2m=[0m"读取附件内容" [3madapter[0m[2m=[0m"http" [3moutcome[0m[2m=[0m"succeeded" [3mrequest_kind[0m[2m=[0m"附件内容读取" [3mattachment_id[0m[2m=[0m"att-ac7a1188a600" [3msession_id[0m[2m=[0m"s-ed8ae5f1ff1a"
[backend] [2m2026-04-19T02:19:55.4666438+08:00[0m [32m INFO[0m ThreadId(03) [2mkoko::shell::媒体资产外壳[0m[2m:[0m 读取附件内容成功 [3musecase[0m[2m=[0m"读取附件内容" [3madapter[0m[2m=[0m"http" [3moutcome[0m[2m=[0m"succeeded" [3mrequest_kind[0m[2m=[0m"附件内容读取" [3mattachment_id[0m[2m=[0m"att-3a48c8f47757" [3msession_id[0m[2m=[0m"s-ed8ae5f1ff1a"
[backend] [2m2026-04-19T02:19:55.5037954+08:00[0m [32m INFO[0m ThreadId(05) [2mkoko::shell::媒体资产外壳[0m[2m:[0m HTTP 请求已受理 [3musecase[0m[2m=[0m"读取附件内容" [3madapter[0m[2m=[0m"http" [3moutcome[0m[2m=[0m"accepted" [3mrequest_kind[0m[2m=[0m"附件内容读取" [3mattachment_id[0m[2m=[0m"att-792bea97c0bd" [3msession_id[0m[2m=[0m"s-ed8ae5f1ff1a"
[backend] [2m2026-04-19T02:19:55.5099464+08:00[0m [32m INFO[0m ThreadId(05) [2mkoko::shell::媒体资产外壳[0m[2m:[0m HTTP 请求已受理 [3musecase[0m[2m=[0m"读取附件内容" [3madapter[0m[2m=[0m"http" [3moutcome[0m[2m=[0m"accepted" [3mrequest_kind[0m[2m=[0m"附件内容读取" [3mattachment_id[0m[2m=[0m"att-ea250b02f4f3" [3msession_id[0m[2m=[0m"s-ed8ae5f1ff1a"
[backend] [2m2026-04-19T02:19:55.5112186+08:00[0m [32m INFO[0m ThreadId(05) [2mkoko::shell::媒体资产外壳[0m[2m:[0m HTTP 请求已受理 [3musecase[0m[2m=[0m"读取附件内容" [3madapter[0m[2m=[0m"http" [3moutcome[0m[2m=[0m"accepted" [3mrequest_kind[0m[2m=[0m"附件内容读取" [3mattachment_id[0m[2m=[0m"att-879751db2737" [3msession_id[0m[2m=[0m"s-ed8ae5f1ff1a"
[backend] [2m2026-04-19T02:19:55.5112388+08:00[0m [32m INFO[0m ThreadId(06) [2mkoko::shell::媒体资产外壳[0m[2m:[0m HTTP 请求已受理 [3musecase[0m[2m=[0m"读取附件内容" [3madapter[0m[2m=[0m"http" [3moutcome[0m[2m=[0m"accepted" [3mrequest_kind[0m[2m=[0m"附件内容读取" [3mattachment_id[0m[2m=[0m"att-89421b5102e1" [3msession_id[0m[2m=[0m"s-ed8ae5f1ff1a"
[backend] [2m2026-04-19T02:19:55.517466+08:00[0m [32m INFO[0m ThreadId(12) [2mkoko::shell::媒体资产外壳[0m[2m:[0m 读取附件内容成功 [3musecase[0m[2m=[0m"读取附件内容" [3madapter[0m[2m=[0m"http" [3moutcome[0m[2m=[0m"succeeded" [3mrequest_kind[0m[2m=[0m"附件内容读取" [3mattachment_id[0m[2m=[0m"att-792bea97c0bd" [3msession_id[0m[2m=[0m"s-ed8ae5f1ff1a"
[backend] [2m2026-04-19T02:19:55.5236089+08:00[0m [32m INFO[0m ThreadId(03) [2mkoko::shell::媒体资产外壳[0m[2m:[0m HTTP 请求已受理 [3musecase[0m[2m=[0m"读取附件内容" [3madapter[0m[2m=[0m"http" [3moutcome[0m[2m=[0m"accepted" [3mrequest_kind[0m[2m=[0m"附件内容读取" [3mattachment_id[0m[2m=[0m"att-56d8fca2bd57" [3msession_id[0m[2m=[0m"s-ed8ae5f1ff1a"
[backend] [2m2026-04-19T02:19:55.5245503+08:00[0m [32m INFO[0m ThreadId(05) [2mkoko::shell::媒体资产外壳[0m[2m:[0m 读取附件内容成功 [3musecase[0m[2m=[0m"读取附件内容" [3madapter[0m[2m=[0m"http" [3moutcome[0m[2m=[0m"succeeded" [3mrequest_kind[0m[2m=[0m"附件内容读取" [3mattachment_id[0m[2m=[0m"att-879751db2737" [3msession_id[0m[2m=[0m"s-ed8ae5f1ff1a"
[backend] [2m2026-04-19T02:19:55.5250728+08:00[0m [32m INFO[0m ThreadId(12) [2mkoko::shell::媒体资产外壳[0m[2m:[0m HTTP 请求已受理 [3musecase[0m[2m=[0m"读取附件内容" [3madapter[0m[2m=[0m"http" [3moutcome[0m[2m=[0m"accepted" [3mrequest_kind[0m[2m=[0m"附件内容读取" [3mattachment_id[0m[2m=[0m"att-8aedf734e191" [3msession_id[0m[2m=[0m"s-ed8ae5f1ff1a"
[backend] [2m2026-04-19T02:19:55.5257696+08:00[0m [32m INFO[0m ThreadId(03) [2mkoko::shell::媒体资产外壳[0m[2m:[0m 读取附件内容成功 [3musecase[0m[2m=[0m"读取附件内容" [3madapter[0m[2m=[0m"http" [3moutcome[0m[2m=[0m"succeeded" [3mrequest_kind[0m[2m=[0m"附件内容读取" [3mattachment_id[0m[2m=[0m"att-89421b5102e1" [3msession_id[0m[2m=[0m"s-ed8ae5f1ff1a"
[backend] [2m2026-04-19T02:19:55.526047+08:00[0m [32m INFO[0m ThreadId(06) [2mkoko::shell::媒体资产外壳[0m[2m:[0m 读取附件内容成功 [3musecase[0m[2m=[0m"读取附件内容" [3madapter[0m[2m=[0m"http" [3moutcome[0m[2m=[0m"succeeded" [3mrequest_kind[0m[2m=[0m"附件内容读取" [3mattachment_id[0m[2m=[0m"att-ea250b02f4f3" [3msession_id[0m[2m=[0m"s-ed8ae5f1ff1a"
[backend] [2m2026-04-19T02:19:55.5375412+08:00[0m [32m INFO[0m ThreadId(03) [2mkoko::shell::媒体资产外壳[0m[2m:[0m 读取附件内容成功 [3musecase[0m[2m=[0m"读取附件内容" [3madapter[0m[2m=[0m"http" [3moutcome[0m[2m=[0m"succeeded" [3mrequest_kind[0m[2m=[0m"附件内容读取" [3mattachment_id[0m[2m=[0m"att-56d8fca2bd57" [3msession_id[0m[2m=[0m"s-ed8ae5f1ff1a"
[backend] [2m2026-04-19T02:19:55.5485034+08:00[0m [32m INFO[0m ThreadId(05) [2mkoko::shell::媒体资产外壳[0m[2m:[0m 读取附件内容成功 [3musecase[0m[2m=[0m"读取附件内容" [3madapter[0m[2m=[0m"http" [3moutcome[0m[2m=[0m"succeeded" [3mrequest_kind[0m[2m=[0m"附件内容读取" [3mattachment_id[0m[2m=[0m"att-8aedf734e191" [3msession_id[0m[2m=[0m"s-ed8ae5f1ff1a"
[backend] [2m2026-04-19T02:19:55.5491977+08:00[0m [32m INFO[0m ThreadId(11) [2mkoko::shell::媒体资产外壳[0m[2m:[0m HTTP 请求已受理 [3musecase[0m[2m=[0m"读取附件内容" [3madapter[0m[2m=[0m"http" [3moutcome[0m[2m=[0m"accepted" [3mrequest_kind[0m[2m=[0m"附件内容读取" [3mattachment_id[0m[2m=[0m"att-4b3bc2558118" [3msession_id[0m[2m=[0m"s-ed8ae5f1ff1a"
[backend] [2m2026-04-19T02:19:55.5569301+08:00[0m [32m INFO[0m ThreadId(11) [2mkoko::shell::媒体资产外壳[0m[2m:[0m HTTP 请求已受理 [3musecase[0m[2m=[0m"读取附件内容" [3madapter[0m[2m=[0m"http" [3moutcome[0m[2m=[0m"accepted" [3mrequest_kind[0m[2m=[0m"附件内容读取" [3mattachment_id[0m[2m=[0m"att-69182d17260b" [3msession_id[0m[2m=[0m"s-ed8ae5f1ff1a"
[backend] [2m2026-04-19T02:19:55.5584133+08:00[0m [32m INFO[0m ThreadId(11) [2mkoko::shell::媒体资产外壳[0m[2m:[0m HTTP 请求已受理 [3musecase[0m[2m=[0m"读取附件内容" [3madapter[0m[2m=[0m"http" [3moutcome[0m[2m=[0m"accepted" [3mrequest_kind[0m[2m=[0m"附件内容读取" [3mattachment_id[0m[2m=[0m"att-d1739ba9773f" [3msession_id[0m[2m=[0m"s-ed8ae5f1ff1a"
[backend] [2m2026-04-19T02:19:55.5602812+08:00[0m [32m INFO[0m ThreadId(11) [2mkoko::shell::媒体资产外壳[0m[2m:[0m 读取附件内容成功 [3musecase[0m[2m=[0m"读取附件内容" [3madapter[0m[2m=[0m"http" [3moutcome[0m[2m=[0m"succeeded" [3mrequest_kind[0m[2m=[0m"附件内容读取" [3mattachment_id[0m[2m=[0m"att-4b3bc2558118" [3msession_id[0m[2m=[0m"s-ed8ae5f1ff1a"
[backend] [2m2026-04-19T02:19:55.5710743+08:00[0m [32m INFO[0m ThreadId(05) [2mkoko::shell::媒体资产外壳[0m[2m:[0m HTTP 请求已受理 [3musecase[0m[2m=[0m"读取附件内容" [3madapter[0m[2m=[0m"http" [3moutcome[0m[2m=[0m"accepted" [3mrequest_kind[0m[2m=[0m"附件内容读取" [3mattachment_id[0m[2m=[0m"att-6727d0dfb7aa" [3msession_id[0m[2m=[0m"s-ed8ae5f1ff1a"
[backend] [2m2026-04-19T02:19:55.5724883+08:00[0m [32m INFO[0m ThreadId(05) [2mkoko::shell::媒体资产外壳[0m[2m:[0m 读取附件内容成功 [3musecase[0m[2m=[0m"读取附件内容" [3madapter[0m[2m=[0m"http" [3moutcome[0m[2m=[0m"succeeded" [3mrequest_kind[0m[2m=[0m"附件内容读取" [3mattachment_id[0m[2m=[0m"att-69182d17260b" [3msession_id[0m[2m=[0m"s-ed8ae5f1ff1a"
[backend] [2m2026-04-19T02:19:55.5766803+08:00[0m [32m INFO[0m ThreadId(12) [2mkoko::shell::媒体资产外壳[0m[2m:[0m 读取附件内容成功 [3musecase[0m[2m=[0m"读取附件内容" [3madapter[0m[2m=[0m"http" [3moutcome[0m[2m=[0m"succeeded" [3mrequest_kind[0m[2m=[0m"附件内容读取" [3mattachment_id[0m[2m=[0m"att-d1739ba9773f" [3msession_id[0m[2m=[0m"s-ed8ae5f1ff1a"
[backend] [2m2026-04-19T02:19:55.5799321+08:00[0m [32m INFO[0m ThreadId(06) [2mkoko::shell::媒体资产外壳[0m[2m:[0m HTTP 请求已受理 [3musecase[0m[2m=[0m"读取附件内容" [3madapter[0m[2m=[0m"http" [3moutcome[0m[2m=[0m"accepted" [3mrequest_kind[0m[2m=[0m"附件内容读取" [3mattachment_id[0m[2m=[0m"att-88e3fb0cd3fa" [3msession_id[0m[2m=[0m"s-ed8ae5f1ff1a"
[backend] [2m2026-04-19T02:19:55.5811414+08:00[0m [32m INFO[0m ThreadId(06) [2mkoko::shell::媒体资产外壳[0m[2m:[0m HTTP 请求已受理 [3musecase[0m[2m=[0m"读取附件内容" [3madapter[0m[2m=[0m"http" [3moutcome[0m[2m=[0m"accepted" [3mrequest_kind[0m[2m=[0m"附件内容读取" [3mattachment_id[0m[2m=[0m"att-fb643f1210f6" [3msession_id[0m[2m=[0m"s-ed8ae5f1ff1a"
[backend] [2m2026-04-19T02:19:55.582119+08:00[0m [32m INFO[0m ThreadId(06) [2mkoko::shell::媒体资产外壳[0m[2m:[0m 读取附件内容成功 [3musecase[0m[2m=[0m"读取附件内容" [3madapter[0m[2m=[0m"http" [3moutcome[0m[2m=[0m"succeeded" [3mrequest_kind[0m[2m=[0m"附件内容读取" [3mattachment_id[0m[2m=[0m"att-6727d0dfb7aa" [3msession_id[0m[2m=[0m"s-ed8ae5f1ff1a"
[backend] [2m2026-04-19T02:19:55.5913385+08:00[0m [32m INFO[0m ThreadId(05) [2mkoko::shell::媒体资产外壳[0m[2m:[0m 读取附件内容成功 [3musecase[0m[2m=[0m"读取附件内容" [3madapter[0m[2m=[0m"http" [3moutcome[0m[2m=[0m"succeeded" [3mrequest_kind[0m[2m=[0m"附件内容读取" [3mattachment_id[0m[2m=[0m"att-88e3fb0cd3fa" [3msession_id[0m[2m=[0m"s-ed8ae5f1ff1a"
[backend] [2m2026-04-19T02:19:55.5917948+08:00[0m [32m INFO[0m ThreadId(11) [2mkoko::shell::媒体资产外壳[0m[2m:[0m 读取附件内容成功 [3musecase[0m[2m=[0m"读取附件内容" [3madapter[0m[2m=[0m"http" [3moutcome[0m[2m=[0m"succeeded" [3mrequest_kind[0m[2m=[0m"附件内容读取" [3mattachment_id[0m[2m=[0m"att-fb643f1210f6" [3msession_id[0m[2m=[0m"s-ed8ae5f1ff1a"
[backend] [2m2026-04-19T02:19:55.6287917+08:00[0m [32m INFO[0m ThreadId(06) [2mkoko::shell::媒体资产外壳[0m[2m:[0m HTTP 请求已受理 [3musecase[0m[2m=[0m"读取附件内容" [3madapter[0m[2m=[0m"http" [3moutcome[0m[2m=[0m"accepted" [3mrequest_kind[0m[2m=[0m"附件内容读取" [3mattachment_id[0m[2m=[0m"att-88e3fb0cd3fa" [3msession_id[0m[2m=[0m"s-ed8ae5f1ff1a"
[backend] [2m2026-04-19T02:19:55.6875791+08:00[0m [32m INFO[0m ThreadId(05) [2mkoko::shell::媒体资产外壳[0m[2m:[0m 读取附件内容成功 [3musecase[0m[2m=[0m"读取附件内容" [3madapter[0m[2m=[0m"http" [3moutcome[0m[2m=[0m"succeeded" [3mrequest_kind[0m[2m=[0m"附件内容读取" [3mattachment_id[0m[2m=[0m"att-88e3fb0cd3fa" [3msession_id[0m[2m=[0m"s-ed8ae5f1ff1a"
[backend] [2m2026-04-19T02:19:55.727903+08:00[0m [32m INFO[0m ThreadId(06) [2mkoko::shell::媒体资产外壳[0m[2m:[0m HTTP 请求已受理 [3musecase[0m[2m=[0m"读取附件内容" [3madapter[0m[2m=[0m"http" [3moutcome[0m[2m=[0m"accepted" [3mrequest_kind[0m[2m=[0m"附件内容读取" [3mattachment_id[0m[2m=[0m"att-88e3fb0cd3fa" [3msession_id[0m[2m=[0m"s-ed8ae5f1ff1a"
[backend] [2m2026-04-19T02:19:55.7401612+08:00[0m [32m INFO[0m ThreadId(06) [2mkoko::shell::媒体资产外壳[0m[2m:[0m 读取附件内容成功 [3musecase[0m[2m=[0m"读取附件内容" [3madapter[0m[2m=[0m"http" [3moutcome[0m[2m=[0m"succeeded" [3mrequest_kind[0m[2m=[0m"附件内容读取" [3mattachment_id[0m[2m=[0m"att-88e3fb0cd3fa" [3msession_id[0m[2m=[0m"s-ed8ae5f1ff1a"
[backend] [2m2026-04-19T02:19:55.8794745+08:00[0m [32m INFO[0m ThreadId(05) [2mkoko::shell::媒体资产外壳[0m[2m:[0m HTTP 请求已受理 [3musecase[0m[2m=[0m"读取附件内容" [3madapter[0m[2m=[0m"http" [3moutcome[0m[2m=[0m"accepted" [3mrequest_kind[0m[2m=[0m"附件内容读取" [3mattachment_id[0m[2m=[0m"att-88e3fb0cd3fa" [3msession_id[0m[2m=[0m"s-ed8ae5f1ff1a"
[backend] [2m2026-04-19T02:19:55.9608187+08:00[0m [32m INFO[0m ThreadId(05) [2mkoko::shell::媒体资产外壳[0m[2m:[0m 读取附件内容成功 [3musecase[0m[2m=[0m"读取附件内容" [3madapter[0m[2m=[0m"http" [3moutcome[0m[2m=[0m"succeeded" [3mrequest_kind[0m[2m=[0m"附件内容读取" [3mattachment_id[0m[2m=[0m"att-88e3fb0cd3fa" [3msession_id[0m[2m=[0m"s-ed8ae5f1ff1a"
[backend] [2m2026-04-19T02:20:18.4477636+08:00[0m [32m INFO[0m ThreadId(05) [2mkoko::shell::实时外壳[0m[2m:[0m realtime 连接已正常断开 [3musecase[0m[2m=[0m"实时连接断开" [3madapter[0m[2m=[0m"socketioxide" [3moutcome[0m[2m=[0m"dropped" [3msession_id[0m[2m=[0m"s-ed8ae5f1ff1a" [3mdisconnect_reason[0m[2m=[0mclient has manually disconnected the socket from the namespace
[backend] [2m2026-04-19T02:20:18.7598027+08:00[0m [32m INFO[0m ThreadId(05) [2mkoko::shell::房间外壳[0m[2m:[0m HTTP 请求已受理 [3musecase[0m[2m=[0m"引导匿名身份" [3madapter[0m[2m=[0m"http" [3moutcome[0m[2m=[0m"accepted" [3mrequest_kind[0m[2m=[0m"匿名身份引导"
[backend] [2m2026-04-19T02:20:18.7623106+08:00[0m [32m INFO[0m ThreadId(05) [2mkoko::shell::房间外壳[0m[2m:[0m 引导匿名身份成功 [3musecase[0m[2m=[0m"引导匿名身份" [3madapter[0m[2m=[0m"http" [3moutcome[0m[2m=[0m"succeeded" [3mrequest_kind[0m[2m=[0m"匿名身份引导" [3msession_id[0m[2m=[0m"s-ed8ae5f1ff1a"
[backend] [2m2026-04-19T02:20:18.8110382+08:00[0m [32m INFO[0m ThreadId(03) [2mkoko::shell::房间外壳[0m[2m:[0m HTTP 请求已受理 [3musecase[0m[2m=[0m"加载房间快照" [3madapter[0m[2m=[0m"http" [3moutcome[0m[2m=[0m"accepted" [3mrequest_kind[0m[2m=[0m"房间快照查询" [3mroom_id[0m[2m=[0m"r-3cdfd560046a" [3msession_id[0m[2m=[0m"s-ed8ae5f1ff1a"
[backend] [2m2026-04-19T02:20:18.8379358+08:00[0m [32m INFO[0m ThreadId(12) [2mkoko::shell::房间外壳[0m[2m:[0m 加载房间快照成功 [3musecase[0m[2m=[0m"加载房间快照" [3madapter[0m[2m=[0m"http" [3moutcome[0m[2m=[0m"succeeded" [3mrequest_kind[0m[2m=[0m"房间快照查询" [3mroom_id[0m[2m=[0m"r-3cdfd560046a" [3msession_id[0m[2m=[0m"s-ed8ae5f1ff1a" [3mevent_position[0m[2m=[0m19
[backend] [2m2026-04-19T02:20:18.845627+08:00[0m [32m INFO[0m ThreadId(03) [2mkoko::shell::实时外壳[0m[2m:[0m realtime 连接认证已受理 [3musecase[0m[2m=[0m"实时连接认证" [3madapter[0m[2m=[0m"socketioxide" [3moutcome[0m[2m=[0m"accepted" [3msession_id[0m[2m=[0m"s-ed8ae5f1ff1a"
[backend] [2m2026-04-19T02:20:18.8472578+08:00[0m [32m INFO[0m ThreadId(06) [2mkoko::shell::实时外壳[0m[2m:[0m realtime 连接认证成功 [3musecase[0m[2m=[0m"实时连接认证" [3madapter[0m[2m=[0m"socketioxide" [3moutcome[0m[2m=[0m"succeeded" [3msession_id[0m[2m=[0m"s-ed8ae5f1ff1a"
[backend] [2m2026-04-19T02:20:18.9056178+08:00[0m [32m INFO[0m ThreadId(06) [2mkoko::shell::媒体资产外壳[0m[2m:[0m HTTP 请求已受理 [3musecase[0m[2m=[0m"读取附件内容" [3madapter[0m[2m=[0m"http" [3moutcome[0m[2m=[0m"accepted" [3mrequest_kind[0m[2m=[0m"附件内容读取" [3mattachment_id[0m[2m=[0m"att-961d957a1877" [3msession_id[0m[2m=[0m"s-ed8ae5f1ff1a"
[backend] [2m2026-04-19T02:20:18.9070055+08:00[0m [32m INFO[0m ThreadId(06) [2mkoko::shell::媒体资产外壳[0m[2m:[0m HTTP 请求已受理 [3musecase[0m[2m=[0m"读取附件内容" [3madapter[0m[2m=[0m"http" [3moutcome[0m[2m=[0m"accepted" [3mrequest_kind[0m[2m=[0m"附件内容读取" [3mattachment_id[0m[2m=[0m"att-681e5b27b0c2" [3msession_id[0m[2m=[0m"s-ed8ae5f1ff1a"
[backend] [2m2026-04-19T02:20:18.9070902+08:00[0m [32m INFO[0m ThreadId(03) [2mkoko::shell::媒体资产外壳[0m[2m:[0m HTTP 请求已受理 [3musecase[0m[2m=[0m"读取附件内容" [3madapter[0m[2m=[0m"http" [3moutcome[0m[2m=[0m"accepted" [3mrequest_kind[0m[2m=[0m"附件内容读取" [3mattachment_id[0m[2m=[0m"att-2d964b96c071" [3msession_id[0m[2m=[0m"s-ed8ae5f1ff1a"
[backend] [2m2026-04-19T02:20:18.90802+08:00[0m [32m INFO[0m ThreadId(05) [2mkoko::shell::媒体资产外壳[0m[2m:[0m HTTP 请求已受理 [3musecase[0m[2m=[0m"读取附件内容" [3madapter[0m[2m=[0m"http" [3moutcome[0m[2m=[0m"accepted" [3mrequest_kind[0m[2m=[0m"附件内容读取" [3mattachment_id[0m[2m=[0m"att-ac7a1188a600" [3msession_id[0m[2m=[0m"s-ed8ae5f1ff1a"
[backend] [2m2026-04-19T02:20:18.9070667+08:00[0m [32m INFO[0m ThreadId(12) [2mkoko::shell::媒体资产外壳[0m[2m:[0m HTTP 请求已受理 [3musecase[0m[2m=[0m"读取附件内容" [3madapter[0m[2m=[0m"http" [3moutcome[0m[2m=[0m"accepted" [3mrequest_kind[0m[2m=[0m"附件内容读取" [3mattachment_id[0m[2m=[0m"att-8d44cbfede62" [3msession_id[0m[2m=[0m"s-ed8ae5f1ff1a"
[backend] [2m2026-04-19T02:20:18.9090887+08:00[0m [32m INFO[0m ThreadId(06) [2mkoko::shell::媒体资产外壳[0m[2m:[0m HTTP 请求已受理 [3musecase[0m[2m=[0m"读取附件内容" [3madapter[0m[2m=[0m"http" [3moutcome[0m[2m=[0m"accepted" [3mrequest_kind[0m[2m=[0m"附件内容读取" [3mattachment_id[0m[2m=[0m"att-3a48c8f47757" [3msession_id[0m[2m=[0m"s-ed8ae5f1ff1a"
[backend] [2m2026-04-19T02:20:18.9103484+08:00[0m [32m INFO[0m ThreadId(06) [2mkoko::shell::实时外壳[0m[2m:[0m realtime 订阅请求已受理 [3musecase[0m[2m=[0m"订阅房间事件流" [3madapter[0m[2m=[0m"socketioxide" [3moutcome[0m[2m=[0m"accepted" [3mroom_id[0m[2m=[0m"r-3cdfd560046a" [3msession_id[0m[2m=[0m"s-ed8ae5f1ff1a" [3mfrom[0m[2m=[0m19
[backend] [2m2026-04-19T02:20:18.9103183+08:00[0m [32m INFO[0m ThreadId(08) [2mkoko::shell::实时外壳[0m[2m:[0m realtime 订阅请求已受理 [3musecase[0m[2m=[0m"订阅房间事件流" [3madapter[0m[2m=[0m"socketioxide" [3moutcome[0m[2m=[0m"accepted" [3mroom_id[0m[2m=[0m"r-3cdfd560046a" [3msession_id[0m[2m=[0m"s-ed8ae5f1ff1a" [3mfrom[0m[2m=[0m19
[backend] [2m2026-04-19T02:20:18.915511+08:00[0m [32m INFO[0m ThreadId(05) [2mkoko::shell::媒体资产外壳[0m[2m:[0m 读取附件内容成功 [3musecase[0m[2m=[0m"读取附件内容" [3madapter[0m[2m=[0m"http" [3moutcome[0m[2m=[0m"succeeded" [3mrequest_kind[0m[2m=[0m"附件内容读取" [3mattachment_id[0m[2m=[0m"att-681e5b27b0c2" [3msession_id[0m[2m=[0m"s-ed8ae5f1ff1a"
[backend] [2m2026-04-19T02:20:18.9164751+08:00[0m [32m INFO[0m ThreadId(12) [2mkoko::shell::媒体资产外壳[0m[2m:[0m 读取附件内容成功 [3musecase[0m[2m=[0m"读取附件内容" [3madapter[0m[2m=[0m"http" [3moutcome[0m[2m=[0m"succeeded" [3mrequest_kind[0m[2m=[0m"附件内容读取" [3mattachment_id[0m[2m=[0m"att-961d957a1877" [3msession_id[0m[2m=[0m"s-ed8ae5f1ff1a"
[backend] [2m2026-04-19T02:20:18.9187983+08:00[0m [32m INFO[0m ThreadId(05) [2mkoko::shell::媒体资产外壳[0m[2m:[0m 读取附件内容成功 [3musecase[0m[2m=[0m"读取附件内容" [3madapter[0m[2m=[0m"http" [3moutcome[0m[2m=[0m"succeeded" [3mrequest_kind[0m[2m=[0m"附件内容读取" [3mattachment_id[0m[2m=[0m"att-8d44cbfede62" [3msession_id[0m[2m=[0m"s-ed8ae5f1ff1a"
[backend] [2m2026-04-19T02:20:18.9192424+08:00[0m [32m INFO[0m ThreadId(08) [2mkoko::shell::媒体资产外壳[0m[2m:[0m 读取附件内容成功 [3musecase[0m[2m=[0m"读取附件内容" [3madapter[0m[2m=[0m"http" [3moutcome[0m[2m=[0m"succeeded" [3mrequest_kind[0m[2m=[0m"附件内容读取" [3mattachment_id[0m[2m=[0m"att-2d964b96c071" [3msession_id[0m[2m=[0m"s-ed8ae5f1ff1a"
[backend] [2m2026-04-19T02:20:18.9192402+08:00[0m [32m INFO[0m ThreadId(11) [2mkoko::shell::媒体资产外壳[0m[2m:[0m 读取附件内容成功 [3musecase[0m[2m=[0m"读取附件内容" [3madapter[0m[2m=[0m"http" [3moutcome[0m[2m=[0m"succeeded" [3mrequest_kind[0m[2m=[0m"附件内容读取" [3mattachment_id[0m[2m=[0m"att-3a48c8f47757" [3msession_id[0m[2m=[0m"s-ed8ae5f1ff1a"
[backend] [2m2026-04-19T02:20:18.9230365+08:00[0m [32m INFO[0m ThreadId(06) [2mkoko::shell::实时外壳[0m[2m:[0m 订阅房间事件流成功 [3musecase[0m[2m=[0m"订阅房间事件流" [3madapter[0m[2m=[0m"socketioxide" [3moutcome[0m[2m=[0m"succeeded" [3mroom_id[0m[2m=[0m"r-3cdfd560046a" [3msession_id[0m[2m=[0m"s-ed8ae5f1ff1a" [3mfrom[0m[2m=[0m19 [3mevent_position[0m[2m=[0m19
[backend] [2m2026-04-19T02:20:18.9591817+08:00[0m [32m INFO[0m ThreadId(12) [2mkoko::shell::媒体资产外壳[0m[2m:[0m HTTP 请求已受理 [3musecase[0m[2m=[0m"读取附件内容" [3madapter[0m[2m=[0m"http" [3moutcome[0m[2m=[0m"accepted" [3mrequest_kind[0m[2m=[0m"附件内容读取" [3mattachment_id[0m[2m=[0m"att-792bea97c0bd" [3msession_id[0m[2m=[0m"s-ed8ae5f1ff1a"
[backend] [2m2026-04-19T02:20:18.9618874+08:00[0m [32m INFO[0m ThreadId(06) [2mkoko::shell::媒体资产外壳[0m[2m:[0m HTTP 请求已受理 [3musecase[0m[2m=[0m"读取附件内容" [3madapter[0m[2m=[0m"http" [3moutcome[0m[2m=[0m"accepted" [3mrequest_kind[0m[2m=[0m"附件内容读取" [3mattachment_id[0m[2m=[0m"att-ea250b02f4f3" [3msession_id[0m[2m=[0m"s-ed8ae5f1ff1a"
[backend] [2m2026-04-19T02:20:18.9690975+08:00[0m [32m INFO[0m ThreadId(05) [2mkoko::shell::媒体资产外壳[0m[2m:[0m 读取附件内容成功 [3musecase[0m[2m=[0m"读取附件内容" [3madapter[0m[2m=[0m"http" [3moutcome[0m[2m=[0m"succeeded" [3mrequest_kind[0m[2m=[0m"附件内容读取" [3mattachment_id[0m[2m=[0m"att-792bea97c0bd" [3msession_id[0m[2m=[0m"s-ed8ae5f1ff1a"
[backend] [2m2026-04-19T02:20:18.9716427+08:00[0m [32m INFO[0m ThreadId(12) [2mkoko::shell::媒体资产外壳[0m[2m:[0m HTTP 请求已受理 [3musecase[0m[2m=[0m"读取附件内容" [3madapter[0m[2m=[0m"http" [3moutcome[0m[2m=[0m"accepted" [3mrequest_kind[0m[2m=[0m"附件内容读取" [3mattachment_id[0m[2m=[0m"att-89421b5102e1" [3msession_id[0m[2m=[0m"s-ed8ae5f1ff1a"
[backend] [2m2026-04-19T02:20:18.9771993+08:00[0m [32m INFO[0m ThreadId(05) [2mkoko::shell::媒体资产外壳[0m[2m:[0m 读取附件内容成功 [3musecase[0m[2m=[0m"读取附件内容" [3madapter[0m[2m=[0m"http" [3moutcome[0m[2m=[0m"succeeded" [3mrequest_kind[0m[2m=[0m"附件内容读取" [3mattachment_id[0m[2m=[0m"att-ea250b02f4f3" [3msession_id[0m[2m=[0m"s-ed8ae5f1ff1a"
[backend] [2m2026-04-19T02:20:18.9787388+08:00[0m [32m INFO[0m ThreadId(08) [2mkoko::shell::媒体资产外壳[0m[2m:[0m HTTP 请求已受理 [3musecase[0m[2m=[0m"读取附件内容" [3madapter[0m[2m=[0m"http" [3moutcome[0m[2m=[0m"accepted" [3mrequest_kind[0m[2m=[0m"附件内容读取" [3mattachment_id[0m[2m=[0m"att-879751db2737" [3msession_id[0m[2m=[0m"s-ed8ae5f1ff1a"
[backend] [2m2026-04-19T02:20:18.9875875+08:00[0m [32m INFO[0m ThreadId(05) [2mkoko::shell::媒体资产外壳[0m[2m:[0m 读取附件内容成功 [3musecase[0m[2m=[0m"读取附件内容" [3madapter[0m[2m=[0m"http" [3moutcome[0m[2m=[0m"succeeded" [3mrequest_kind[0m[2m=[0m"附件内容读取" [3mattachment_id[0m[2m=[0m"att-89421b5102e1" [3msession_id[0m[2m=[0m"s-ed8ae5f1ff1a"
[backend] [2m2026-04-19T02:20:18.9892496+08:00[0m [32m INFO[0m ThreadId(08) [2mkoko::shell::媒体资产外壳[0m[2m:[0m HTTP 请求已受理 [3musecase[0m[2m=[0m"读取附件内容" [3madapter[0m[2m=[0m"http" [3moutcome[0m[2m=[0m"accepted" [3mrequest_kind[0m[2m=[0m"附件内容读取" [3mattachment_id[0m[2m=[0m"att-56d8fca2bd57" [3msession_id[0m[2m=[0m"s-ed8ae5f1ff1a"
[backend] [2m2026-04-19T02:20:18.996531+08:00[0m [32m INFO[0m ThreadId(12) [2mkoko::shell::媒体资产外壳[0m[2m:[0m 读取附件内容成功 [3musecase[0m[2m=[0m"读取附件内容" [3madapter[0m[2m=[0m"http" [3moutcome[0m[2m=[0m"succeeded" [3mrequest_kind[0m[2m=[0m"附件内容读取" [3mattachment_id[0m[2m=[0m"att-879751db2737" [3msession_id[0m[2m=[0m"s-ed8ae5f1ff1a"
[backend] [2m2026-04-19T02:20:19.0027834+08:00[0m [32m INFO[0m ThreadId(12) [2mkoko::shell::媒体资产外壳[0m[2m:[0m 读取附件内容成功 [3musecase[0m[2m=[0m"读取附件内容" [3madapter[0m[2m=[0m"http" [3moutcome[0m[2m=[0m"succeeded" [3mrequest_kind[0m[2m=[0m"附件内容读取" [3mattachment_id[0m[2m=[0m"att-56d8fca2bd57" [3msession_id[0m[2m=[0m"s-ed8ae5f1ff1a"
[backend] [2m2026-04-19T02:20:19.0128277+08:00[0m [32m INFO[0m ThreadId(05) [2mkoko::shell::媒体资产外壳[0m[2m:[0m HTTP 请求已受理 [3musecase[0m[2m=[0m"读取附件内容" [3madapter[0m[2m=[0m"http" [3moutcome[0m[2m=[0m"accepted" [3mrequest_kind[0m[2m=[0m"附件内容读取" [3mattachment_id[0m[2m=[0m"att-8aedf734e191" [3msession_id[0m[2m=[0m"s-ed8ae5f1ff1a"
[backend] [2m2026-04-19T02:20:19.0169035+08:00[0m [32m INFO[0m ThreadId(08) [2mkoko::shell::媒体资产外壳[0m[2m:[0m HTTP 请求已受理 [3musecase[0m[2m=[0m"读取附件内容" [3madapter[0m[2m=[0m"http" [3moutcome[0m[2m=[0m"accepted" [3mrequest_kind[0m[2m=[0m"附件内容读取" [3mattachment_id[0m[2m=[0m"att-4b3bc2558118" [3msession_id[0m[2m=[0m"s-ed8ae5f1ff1a"
[backend] [2m2026-04-19T02:20:19.0220844+08:00[0m [32m INFO[0m ThreadId(06) [2mkoko::shell::媒体资产外壳[0m[2m:[0m HTTP 请求已受理 [3musecase[0m[2m=[0m"读取附件内容" [3madapter[0m[2m=[0m"http" [3moutcome[0m[2m=[0m"accepted" [3mrequest_kind[0m[2m=[0m"附件内容读取" [3mattachment_id[0m[2m=[0m"att-69182d17260b" [3msession_id[0m[2m=[0m"s-ed8ae5f1ff1a"
[backend] [2m2026-04-19T02:20:19.0256692+08:00[0m [32m INFO[0m ThreadId(12) [2mkoko::shell::媒体资产外壳[0m[2m:[0m 读取附件内容成功 [3musecase[0m[2m=[0m"读取附件内容" [3madapter[0m[2m=[0m"http" [3moutcome[0m[2m=[0m"succeeded" [3mrequest_kind[0m[2m=[0m"附件内容读取" [3mattachment_id[0m[2m=[0m"att-8aedf734e191" [3msession_id[0m[2m=[0m"s-ed8ae5f1ff1a"
[backend] [2m2026-04-19T02:20:19.0283323+08:00[0m [32m INFO[0m ThreadId(05) [2mkoko::shell::媒体资产外壳[0m[2m:[0m 读取附件内容成功 [3musecase[0m[2m=[0m"读取附件内容" [3madapter[0m[2m=[0m"http" [3moutcome[0m[2m=[0m"succeeded" [3mrequest_kind[0m[2m=[0m"附件内容读取" [3mattachment_id[0m[2m=[0m"att-4b3bc2558118" [3msession_id[0m[2m=[0m"s-ed8ae5f1ff1a"
[backend] [2m2026-04-19T02:20:19.0297524+08:00[0m [32m INFO[0m ThreadId(12) [2mkoko::shell::媒体资产外壳[0m[2m:[0m 读取附件内容成功 [3musecase[0m[2m=[0m"读取附件内容" [3madapter[0m[2m=[0m"http" [3moutcome[0m[2m=[0m"succeeded" [3mrequest_kind[0m[2m=[0m"附件内容读取" [3mattachment_id[0m[2m=[0m"att-69182d17260b" [3msession_id[0m[2m=[0m"s-ed8ae5f1ff1a"
[backend] [2m2026-04-19T02:20:19.0300829+08:00[0m [32m INFO[0m ThreadId(06) [2mkoko::shell::媒体资产外壳[0m[2m:[0m HTTP 请求已受理 [3musecase[0m[2m=[0m"读取附件内容" [3madapter[0m[2m=[0m"http" [3moutcome[0m[2m=[0m"accepted" [3mrequest_kind[0m[2m=[0m"附件内容读取" [3mattachment_id[0m[2m=[0m"att-6727d0dfb7aa" [3msession_id[0m[2m=[0m"s-ed8ae5f1ff1a"
[backend] [2m2026-04-19T02:20:19.0300829+08:00[0m [32m INFO[0m ThreadId(05) [2mkoko::shell::媒体资产外壳[0m[2m:[0m HTTP 请求已受理 [3musecase[0m[2m=[0m"读取附件内容" [3madapter[0m[2m=[0m"http" [3moutcome[0m[2m=[0m"accepted" [3mrequest_kind[0m[2m=[0m"附件内容读取" [3mattachment_id[0m[2m=[0m"att-d1739ba9773f" [3msession_id[0m[2m=[0m"s-ed8ae5f1ff1a"
[backend] [2m2026-04-19T02:20:19.0446643+08:00[0m [32m INFO[0m ThreadId(06) [2mkoko::shell::媒体资产外壳[0m[2m:[0m 读取附件内容成功 [3musecase[0m[2m=[0m"读取附件内容" [3madapter[0m[2m=[0m"http" [3moutcome[0m[2m=[0m"succeeded" [3mrequest_kind[0m[2m=[0m"附件内容读取" [3mattachment_id[0m[2m=[0m"att-d1739ba9773f" [3msession_id[0m[2m=[0m"s-ed8ae5f1ff1a"
[backend] [2m2026-04-19T02:20:19.0459677+08:00[0m [32m INFO[0m ThreadId(12) [2mkoko::shell::媒体资产外壳[0m[2m:[0m 读取附件内容成功 [3musecase[0m[2m=[0m"读取附件内容" [3madapter[0m[2m=[0m"http" [3moutcome[0m[2m=[0m"succeeded" [3mrequest_kind[0m[2m=[0m"附件内容读取" [3mattachment_id[0m[2m=[0m"att-6727d0dfb7aa" [3msession_id[0m[2m=[0m"s-ed8ae5f1ff1a"
[backend] [2m2026-04-19T02:20:19.0539595+08:00[0m [32m INFO[0m ThreadId(11) [2mkoko::shell::媒体资产外壳[0m[2m:[0m HTTP 请求已受理 [3musecase[0m[2m=[0m"读取附件内容" [3madapter[0m[2m=[0m"http" [3moutcome[0m[2m=[0m"accepted" [3mrequest_kind[0m[2m=[0m"附件内容读取" [3mattachment_id[0m[2m=[0m"att-fb643f1210f6" [3msession_id[0m[2m=[0m"s-ed8ae5f1ff1a"
[backend] [2m2026-04-19T02:20:19.0602671+08:00[0m [32m INFO[0m ThreadId(11) [2mkoko::shell::媒体资产外壳[0m[2m:[0m HTTP 请求已受理 [3musecase[0m[2m=[0m"读取附件内容" [3madapter[0m[2m=[0m"http" [3moutcome[0m[2m=[0m"accepted" [3mrequest_kind[0m[2m=[0m"附件内容读取" [3mattachment_id[0m[2m=[0m"att-88e3fb0cd3fa" [3msession_id[0m[2m=[0m"s-ed8ae5f1ff1a"
[backend] [2m2026-04-19T02:20:19.0695399+08:00[0m [32m INFO[0m ThreadId(11) [2mkoko::shell::媒体资产外壳[0m[2m:[0m 读取附件内容成功 [3musecase[0m[2m=[0m"读取附件内容" [3madapter[0m[2m=[0m"http" [3moutcome[0m[2m=[0m"succeeded" [3mrequest_kind[0m[2m=[0m"附件内容读取" [3mattachment_id[0m[2m=[0m"att-fb643f1210f6" [3msession_id[0m[2m=[0m"s-ed8ae5f1ff1a"
[backend] [2m2026-04-19T02:20:19.0774888+08:00[0m [32m INFO[0m ThreadId(06) [2mkoko::shell::媒体资产外壳[0m[2m:[0m 读取附件内容成功 [3musecase[0m[2m=[0m"读取附件内容" [3madapter[0m[2m=[0m"http" [3moutcome[0m[2m=[0m"succeeded" [3mrequest_kind[0m[2m=[0m"附件内容读取" [3mattachment_id[0m[2m=[0m"att-88e3fb0cd3fa" [3msession_id[0m[2m=[0m"s-ed8ae5f1ff1a"
[backend] [2m2026-04-19T02:20:19.3497503+08:00[0m [32m INFO[0m ThreadId(06) [2mkoko::shell::实时外壳[0m[2m:[0m 订阅房间事件流成功 [3musecase[0m[2m=[0m"订阅房间事件流" [3madapter[0m[2m=[0m"socketioxide" [3moutcome[0m[2m=[0m"succeeded" [3mroom_id[0m[2m=[0m"r-3cdfd560046a" [3msession_id[0m[2m=[0m"s-ed8ae5f1ff1a" [3mfrom[0m[2m=[0m19 [3mevent_position[0m[2m=[0m19
[backend] [2m2026-04-19T02:20:19.3736041+08:00[0m [32m INFO[0m ThreadId(12) [2mkoko::shell::媒体资产外壳[0m[2m:[0m 读取附件内容成功 [3musecase[0m[2m=[0m"读取附件内容" [3madapter[0m[2m=[0m"http" [3moutcome[0m[2m=[0m"succeeded" [3mrequest_kind[0m[2m=[0m"附件内容读取" [3mattachment_id[0m[2m=[0m"att-ac7a1188a600" [3msession_id[0m[2m=[0m"s-ed8ae5f1ff1a"
[backend] [2m2026-04-19T02:20:26.254581+08:00[0m [33m WARN[0m ThreadId(05) [2mkoko::shell::实时外壳[0m[2m:[0m realtime 连接异常断开 [3musecase[0m[2m=[0m"实时连接断开" [3madapter[0m[2m=[0m"socketioxide" [3moutcome[0m[2m=[0m"failed" [3msession_id[0m[2m=[0m"s-b8640d691e68" [3mdisconnect_reason[0m[2m=[0mclient did not send a PONG packet in time [3merror_code[0m[2m=[0m"socket_disconnect_abnormal"
[backend] [2m2026-04-19T02:20:44.6650333+08:00[0m [32m INFO[0m ThreadId(05) [2mkoko::shell::实时外壳[0m[2m:[0m realtime 订阅请求已受理 [3musecase[0m[2m=[0m"订阅房间事件流" [3madapter[0m[2m=[0m"socketioxide" [3moutcome[0m[2m=[0m"accepted" [3mroom_id[0m[2m=[0m"r-3cdfd560046a" [3msession_id[0m[2m=[0m"s-e7c98262c769" [3mfrom[0m[2m=[0m19
[backend] [2m2026-04-19T02:20:44.6890095+08:00[0m [32m INFO[0m ThreadId(05) [2mkoko::shell::实时外壳[0m[2m:[0m 订阅房间事件流成功 [3musecase[0m[2m=[0m"订阅房间事件流" [3madapter[0m[2m=[0m"socketioxide" [3moutcome[0m[2m=[0m"succeeded" [3mroom_id[0m[2m=[0m"r-3cdfd560046a" [3msession_id[0m[2m=[0m"s-e7c98262c769" [3mfrom[0m[2m=[0m19 [3mevent_position[0m[2m=[0m19
[backend] [2m2026-04-19T02:21:44.7370399+08:00[0m [32m INFO[0m ThreadId(05) [2mkoko::shell::实时外壳[0m[2m:[0m realtime 订阅请求已受理 [3musecase[0m[2m=[0m"订阅房间事件流" [3madapter[0m[2m=[0m"socketioxide" [3moutcome[0m[2m=[0m"accepted" [3mroom_id[0m[2m=[0m"r-3cdfd560046a" [3msession_id[0m[2m=[0m"s-e7c98262c769" [3mfrom[0m[2m=[0m19
[backend] [2m2026-04-19T02:21:44.7437917+08:00[0m [32m INFO[0m ThreadId(12) [2mkoko::shell::实时外壳[0m[2m:[0m 订阅房间事件流成功 [3musecase[0m[2m=[0m"订阅房间事件流" [3madapter[0m[2m=[0m"socketioxide" [3moutcome[0m[2m=[0m"succeeded" [3mroom_id[0m[2m=[0m"r-3cdfd560046a" [3msession_id[0m[2m=[0m"s-e7c98262c769" [3mfrom[0m[2m=[0m19 [3mevent_position[0m[2m=[0m19
[typecheck] 02:23:03 - File change detected. Starting incremental compilation...
[build] [koko-build] manifest updated: js=/dist/app-4KCVY335.js css=/dist/app-TVFJWQ53.css
[typecheck] 02:23:06 - Found 0 errors. Watching for file changes.
[typecheck] 02:23:26 - File change detected. Starting incremental compilation...
[typecheck] 02:23:27 - Found 0 errors. Watching for file changes.
[typecheck] 02:23:35 - File change detected. Starting incremental compilation...
[typecheck] 02:23:35 - Found 0 errors. Watching for file changes.
[typecheck] 02:23:41 - File change detected. Starting incremental compilation...
[typecheck] 02:23:41 - Found 0 errors. Watching for file changes.
[backend] [2m2026-04-19T02:24:04.0557986+08:00[0m [32m INFO[0m ThreadId(06) [2mkoko::shell::实时外壳[0m[2m:[0m realtime 连接已正常断开 [3musecase[0m[2m=[0m"实时连接断开" [3madapter[0m[2m=[0m"socketioxide" [3moutcome[0m[2m=[0m"dropped" [3msession_id[0m[2m=[0m"s-ed8ae5f1ff1a" [3mdisconnect_reason[0m[2m=[0mclient has manually disconnected the socket from the namespace
[backend] [2m2026-04-19T02:24:04.3142827+08:00[0m [32m INFO[0m ThreadId(12) [2mkoko::shell::房间外壳[0m[2m:[0m HTTP 请求已受理 [3musecase[0m[2m=[0m"引导匿名身份" [3madapter[0m[2m=[0m"http" [3moutcome[0m[2m=[0m"accepted" [3mrequest_kind[0m[2m=[0m"匿名身份引导"
[backend] [2m2026-04-19T02:24:04.3171863+08:00[0m [32m INFO[0m ThreadId(06) [2mkoko::shell::房间外壳[0m[2m:[0m 引导匿名身份成功 [3musecase[0m[2m=[0m"引导匿名身份" [3madapter[0m[2m=[0m"http" [3moutcome[0m[2m=[0m"succeeded" [3mrequest_kind[0m[2m=[0m"匿名身份引导" [3msession_id[0m[2m=[0m"s-ed8ae5f1ff1a"
[backend] [2m2026-04-19T02:24:04.3789077+08:00[0m [32m INFO[0m ThreadId(06) [2mkoko::shell::房间外壳[0m[2m:[0m HTTP 请求已受理 [3musecase[0m[2m=[0m"加载房间快照" [3madapter[0m[2m=[0m"http" [3moutcome[0m[2m=[0m"accepted" [3mrequest_kind[0m[2m=[0m"房间快照查询" [3mroom_id[0m[2m=[0m"r-3cdfd560046a" [3msession_id[0m[2m=[0m"s-ed8ae5f1ff1a"
[backend] [2m2026-04-19T02:24:04.4037813+08:00[0m [32m INFO[0m ThreadId(06) [2mkoko::shell::房间外壳[0m[2m:[0m 加载房间快照成功 [3musecase[0m[2m=[0m"加载房间快照" [3madapter[0m[2m=[0m"http" [3moutcome[0m[2m=[0m"succeeded" [3mrequest_kind[0m[2m=[0m"房间快照查询" [3mroom_id[0m[2m=[0m"r-3cdfd560046a" [3msession_id[0m[2m=[0m"s-ed8ae5f1ff1a" [3mevent_position[0m[2m=[0m19
[backend] [2m2026-04-19T02:24:04.4076219+08:00[0m [32m INFO[0m ThreadId(05) [2mkoko::shell::实时外壳[0m[2m:[0m realtime 连接认证已受理 [3musecase[0m[2m=[0m"实时连接认证" [3madapter[0m[2m=[0m"socketioxide" [3moutcome[0m[2m=[0m"accepted" [3msession_id[0m[2m=[0m"s-ed8ae5f1ff1a"
[backend] [2m2026-04-19T02:24:04.4090685+08:00[0m [32m INFO[0m ThreadId(11) [2mkoko::shell::实时外壳[0m[2m:[0m realtime 连接认证成功 [3musecase[0m[2m=[0m"实时连接认证" [3madapter[0m[2m=[0m"socketioxide" [3moutcome[0m[2m=[0m"succeeded" [3msession_id[0m[2m=[0m"s-ed8ae5f1ff1a"
[backend] [2m2026-04-19T02:24:04.4135391+08:00[0m [32m INFO[0m ThreadId(08) [2mkoko::shell::实时外壳[0m[2m:[0m realtime 订阅请求已受理 [3musecase[0m[2m=[0m"订阅房间事件流" [3madapter[0m[2m=[0m"socketioxide" [3moutcome[0m[2m=[0m"accepted" [3mroom_id[0m[2m=[0m"r-3cdfd560046a" [3msession_id[0m[2m=[0m"s-ed8ae5f1ff1a" [3mfrom[0m[2m=[0m0
[backend] [2m2026-04-19T02:24:04.4389511+08:00[0m [32m INFO[0m ThreadId(08) [2mkoko::shell::实时外壳[0m[2m:[0m realtime 订阅请求已受理 [3musecase[0m[2m=[0m"订阅房间事件流" [3madapter[0m[2m=[0m"socketioxide" [3moutcome[0m[2m=[0m"accepted" [3mroom_id[0m[2m=[0m"r-3cdfd560046a" [3msession_id[0m[2m=[0m"s-ed8ae5f1ff1a" [3mfrom[0m[2m=[0m19
[backend] [2m2026-04-19T02:24:04.4423453+08:00[0m [32m INFO[0m ThreadId(05) [2mkoko::shell::实时外壳[0m[2m:[0m 订阅房间事件流成功 [3musecase[0m[2m=[0m"订阅房间事件流" [3madapter[0m[2m=[0m"socketioxide" [3moutcome[0m[2m=[0m"succeeded" [3mroom_id[0m[2m=[0m"r-3cdfd560046a" [3msession_id[0m[2m=[0m"s-ed8ae5f1ff1a" [3mfrom[0m[2m=[0m0 [3mevent_position[0m[2m=[0m19
[backend] [2m2026-04-19T02:24:04.4457032+08:00[0m [32m INFO[0m ThreadId(11) [2mkoko::shell::实时外壳[0m[2m:[0m 订阅房间事件流成功 [3musecase[0m[2m=[0m"订阅房间事件流" [3madapter[0m[2m=[0m"socketioxide" [3moutcome[0m[2m=[0m"succeeded" [3mroom_id[0m[2m=[0m"r-3cdfd560046a" [3msession_id[0m[2m=[0m"s-ed8ae5f1ff1a" [3mfrom[0m[2m=[0m19 [3mevent_position[0m[2m=[0m19
[backend] [2m2026-04-19T02:24:04.4946262+08:00[0m [32m INFO[0m ThreadId(08) [2mkoko::shell::媒体资产外壳[0m[2m:[0m HTTP 请求已受理 [3musecase[0m[2m=[0m"读取附件内容" [3madapter[0m[2m=[0m"http" [3moutcome[0m[2m=[0m"accepted" [3mrequest_kind[0m[2m=[0m"附件内容读取" [3mattachment_id[0m[2m=[0m"att-961d957a1877" [3msession_id[0m[2m=[0m"s-ed8ae5f1ff1a"
[backend] [2m2026-04-19T02:24:04.4961624+08:00[0m [32m INFO[0m ThreadId(06) [2mkoko::shell::媒体资产外壳[0m[2m:[0m HTTP 请求已受理 [3musecase[0m[2m=[0m"读取附件内容" [3madapter[0m[2m=[0m"http" [3moutcome[0m[2m=[0m"accepted" [3mrequest_kind[0m[2m=[0m"附件内容读取" [3mattachment_id[0m[2m=[0m"att-ac7a1188a600" [3msession_id[0m[2m=[0m"s-ed8ae5f1ff1a"
[backend] [2m2026-04-19T02:24:04.4961623+08:00[0m [32m INFO[0m ThreadId(05) [2mkoko::shell::媒体资产外壳[0m[2m:[0m HTTP 请求已受理 [3musecase[0m[2m=[0m"读取附件内容" [3madapter[0m[2m=[0m"http" [3moutcome[0m[2m=[0m"accepted" [3mrequest_kind[0m[2m=[0m"附件内容读取" [3mattachment_id[0m[2m=[0m"att-2d964b96c071" [3msession_id[0m[2m=[0m"s-ed8ae5f1ff1a"
[backend] [2m2026-04-19T02:24:04.4961623+08:00[0m [32m INFO[0m ThreadId(11) [2mkoko::shell::媒体资产外壳[0m[2m:[0m HTTP 请求已受理 [3musecase[0m[2m=[0m"读取附件内容" [3madapter[0m[2m=[0m"http" [3moutcome[0m[2m=[0m"accepted" [3mrequest_kind[0m[2m=[0m"附件内容读取" [3mattachment_id[0m[2m=[0m"att-681e5b27b0c2" [3msession_id[0m[2m=[0m"s-ed8ae5f1ff1a"
[backend] [2m2026-04-19T02:24:04.4979981+08:00[0m [32m INFO[0m ThreadId(12) [2mkoko::shell::媒体资产外壳[0m[2m:[0m HTTP 请求已受理 [3musecase[0m[2m=[0m"读取附件内容" [3madapter[0m[2m=[0m"http" [3moutcome[0m[2m=[0m"accepted" [3mrequest_kind[0m[2m=[0m"附件内容读取" [3mattachment_id[0m[2m=[0m"att-8d44cbfede62" [3msession_id[0m[2m=[0m"s-ed8ae5f1ff1a"
[backend] [2m2026-04-19T02:24:04.4980536+08:00[0m [32m INFO[0m ThreadId(08) [2mkoko::shell::媒体资产外壳[0m[2m:[0m HTTP 请求已受理 [3musecase[0m[2m=[0m"读取附件内容" [3madapter[0m[2m=[0m"http" [3moutcome[0m[2m=[0m"accepted" [3mrequest_kind[0m[2m=[0m"附件内容读取" [3mattachment_id[0m[2m=[0m"att-3a48c8f47757" [3msession_id[0m[2m=[0m"s-ed8ae5f1ff1a"
[backend] [2m2026-04-19T02:24:04.5119048+08:00[0m [32m INFO[0m ThreadId(08) [2mkoko::shell::媒体资产外壳[0m[2m:[0m 读取附件内容成功 [3musecase[0m[2m=[0m"读取附件内容" [3madapter[0m[2m=[0m"http" [3moutcome[0m[2m=[0m"succeeded" [3mrequest_kind[0m[2m=[0m"附件内容读取" [3mattachment_id[0m[2m=[0m"att-8d44cbfede62" [3msession_id[0m[2m=[0m"s-ed8ae5f1ff1a"
[backend] [2m2026-04-19T02:24:04.513614+08:00[0m [32m INFO[0m ThreadId(05) [2mkoko::shell::媒体资产外壳[0m[2m:[0m 读取附件内容成功 [3musecase[0m[2m=[0m"读取附件内容" [3madapter[0m[2m=[0m"http" [3moutcome[0m[2m=[0m"succeeded" [3mrequest_kind[0m[2m=[0m"附件内容读取" [3mattachment_id[0m[2m=[0m"att-681e5b27b0c2" [3msession_id[0m[2m=[0m"s-ed8ae5f1ff1a"
[backend] [2m2026-04-19T02:24:04.5165925+08:00[0m [32m INFO[0m ThreadId(08) [2mkoko::shell::媒体资产外壳[0m[2m:[0m 读取附件内容成功 [3musecase[0m[2m=[0m"读取附件内容" [3madapter[0m[2m=[0m"http" [3moutcome[0m[2m=[0m"succeeded" [3mrequest_kind[0m[2m=[0m"附件内容读取" [3mattachment_id[0m[2m=[0m"att-ac7a1188a600" [3msession_id[0m[2m=[0m"s-ed8ae5f1ff1a"
[backend] [2m2026-04-19T02:24:04.5184655+08:00[0m [32m INFO[0m ThreadId(12) [2mkoko::shell::媒体资产外壳[0m[2m:[0m 读取附件内容成功 [3musecase[0m[2m=[0m"读取附件内容" [3madapter[0m[2m=[0m"http" [3moutcome[0m[2m=[0m"succeeded" [3mrequest_kind[0m[2m=[0m"附件内容读取" [3mattachment_id[0m[2m=[0m"att-2d964b96c071" [3msession_id[0m[2m=[0m"s-ed8ae5f1ff1a"
[backend] [2m2026-04-19T02:24:04.5200027+08:00[0m [32m INFO[0m ThreadId(11) [2mkoko::shell::媒体资产外壳[0m[2m:[0m 读取附件内容成功 [3musecase[0m[2m=[0m"读取附件内容" [3madapter[0m[2m=[0m"http" [3moutcome[0m[2m=[0m"succeeded" [3mrequest_kind[0m[2m=[0m"附件内容读取" [3mattachment_id[0m[2m=[0m"att-961d957a1877" [3msession_id[0m[2m=[0m"s-ed8ae5f1ff1a"
[backend] [2m2026-04-19T02:24:04.5212768+08:00[0m [32m INFO[0m ThreadId(05) [2mkoko::shell::媒体资产外壳[0m[2m:[0m 读取附件内容成功 [3musecase[0m[2m=[0m"读取附件内容" [3madapter[0m[2m=[0m"http" [3moutcome[0m[2m=[0m"succeeded" [3mrequest_kind[0m[2m=[0m"附件内容读取" [3mattachment_id[0m[2m=[0m"att-3a48c8f47757" [3msession_id[0m[2m=[0m"s-ed8ae5f1ff1a"
[backend] [2m2026-04-19T02:24:04.5249785+08:00[0m [32m INFO[0m ThreadId(06) [2mkoko::shell::媒体资产外壳[0m[2m:[0m HTTP 请求已受理 [3musecase[0m[2m=[0m"读取附件内容" [3madapter[0m[2m=[0m"http" [3moutcome[0m[2m=[0m"accepted" [3mrequest_kind[0m[2m=[0m"附件内容读取" [3mattachment_id[0m[2m=[0m"att-792bea97c0bd" [3msession_id[0m[2m=[0m"s-ed8ae5f1ff1a"
[backend] [2m2026-04-19T02:24:04.539182+08:00[0m [32m INFO[0m ThreadId(11) [2mkoko::shell::媒体资产外壳[0m[2m:[0m 读取附件内容成功 [3musecase[0m[2m=[0m"读取附件内容" [3madapter[0m[2m=[0m"http" [3moutcome[0m[2m=[0m"succeeded" [3mrequest_kind[0m[2m=[0m"附件内容读取" [3mattachment_id[0m[2m=[0m"att-792bea97c0bd" [3msession_id[0m[2m=[0m"s-ed8ae5f1ff1a"
[backend] [2m2026-04-19T02:24:04.5583561+08:00[0m [32m INFO[0m ThreadId(12) [2mkoko::shell::媒体资产外壳[0m[2m:[0m HTTP 请求已受理 [3musecase[0m[2m=[0m"读取附件内容" [3madapter[0m[2m=[0m"http" [3moutcome[0m[2m=[0m"accepted" [3mrequest_kind[0m[2m=[0m"附件内容读取" [3mattachment_id[0m[2m=[0m"att-ea250b02f4f3" [3msession_id[0m[2m=[0m"s-ed8ae5f1ff1a"
[backend] [2m2026-04-19T02:24:04.5704638+08:00[0m [32m INFO[0m ThreadId(12) [2mkoko::shell::媒体资产外壳[0m[2m:[0m 读取附件内容成功 [3musecase[0m[2m=[0m"读取附件内容" [3madapter[0m[2m=[0m"http" [3moutcome[0m[2m=[0m"succeeded" [3mrequest_kind[0m[2m=[0m"附件内容读取" [3mattachment_id[0m[2m=[0m"att-ea250b02f4f3" [3msession_id[0m[2m=[0m"s-ed8ae5f1ff1a"
[backend] [2m2026-04-19T02:24:04.5749907+08:00[0m [32m INFO[0m ThreadId(06) [2mkoko::shell::媒体资产外壳[0m[2m:[0m HTTP 请求已受理 [3musecase[0m[2m=[0m"读取附件内容" [3madapter[0m[2m=[0m"http" [3moutcome[0m[2m=[0m"accepted" [3mrequest_kind[0m[2m=[0m"附件内容读取" [3mattachment_id[0m[2m=[0m"att-89421b5102e1" [3msession_id[0m[2m=[0m"s-ed8ae5f1ff1a"
[backend] [2m2026-04-19T02:24:04.5764147+08:00[0m [32m INFO[0m ThreadId(06) [2mkoko::shell::媒体资产外壳[0m[2m:[0m HTTP 请求已受理 [3musecase[0m[2m=[0m"读取附件内容" [3madapter[0m[2m=[0m"http" [3moutcome[0m[2m=[0m"accepted" [3mrequest_kind[0m[2m=[0m"附件内容读取" [3mattachment_id[0m[2m=[0m"att-8aedf734e191" [3msession_id[0m[2m=[0m"s-ed8ae5f1ff1a"
[backend] [2m2026-04-19T02:24:04.5764145+08:00[0m [32m INFO[0m ThreadId(11) [2mkoko::shell::媒体资产外壳[0m[2m:[0m HTTP 请求已受理 [3musecase[0m[2m=[0m"读取附件内容" [3madapter[0m[2m=[0m"http" [3moutcome[0m[2m=[0m"accepted" [3mrequest_kind[0m[2m=[0m"附件内容读取" [3mattachment_id[0m[2m=[0m"att-56d8fca2bd57" [3msession_id[0m[2m=[0m"s-ed8ae5f1ff1a"
[backend] [2m2026-04-19T02:24:04.5764144+08:00[0m [32m INFO[0m ThreadId(12) [2mkoko::shell::媒体资产外壳[0m[2m:[0m HTTP 请求已受理 [3musecase[0m[2m=[0m"读取附件内容" [3madapter[0m[2m=[0m"http" [3moutcome[0m[2m=[0m"accepted" [3mrequest_kind[0m[2m=[0m"附件内容读取" [3mattachment_id[0m[2m=[0m"att-879751db2737" [3msession_id[0m[2m=[0m"s-ed8ae5f1ff1a"
[backend] [2m2026-04-19T02:24:04.5900966+08:00[0m [32m INFO[0m ThreadId(12) [2mkoko::shell::媒体资产外壳[0m[2m:[0m 读取附件内容成功 [3musecase[0m[2m=[0m"读取附件内容" [3madapter[0m[2m=[0m"http" [3moutcome[0m[2m=[0m"succeeded" [3mrequest_kind[0m[2m=[0m"附件内容读取" [3mattachment_id[0m[2m=[0m"att-56d8fca2bd57" [3msession_id[0m[2m=[0m"s-ed8ae5f1ff1a"
[backend] [2m2026-04-19T02:24:04.5908229+08:00[0m [32m INFO[0m ThreadId(05) [2mkoko::shell::媒体资产外壳[0m[2m:[0m 读取附件内容成功 [3musecase[0m[2m=[0m"读取附件内容" [3madapter[0m[2m=[0m"http" [3moutcome[0m[2m=[0m"succeeded" [3mrequest_kind[0m[2m=[0m"附件内容读取" [3mattachment_id[0m[2m=[0m"att-8aedf734e191" [3msession_id[0m[2m=[0m"s-ed8ae5f1ff1a"
[backend] [2m2026-04-19T02:24:04.5954657+08:00[0m [32m INFO[0m ThreadId(12) [2mkoko::shell::媒体资产外壳[0m[2m:[0m 读取附件内容成功 [3musecase[0m[2m=[0m"读取附件内容" [3madapter[0m[2m=[0m"http" [3moutcome[0m[2m=[0m"succeeded" [3mrequest_kind[0m[2m=[0m"附件内容读取" [3mattachment_id[0m[2m=[0m"att-879751db2737" [3msession_id[0m[2m=[0m"s-ed8ae5f1ff1a"
[backend] [2m2026-04-19T02:24:04.5956939+08:00[0m [32m INFO[0m ThreadId(08) [2mkoko::shell::媒体资产外壳[0m[2m:[0m HTTP 请求已受理 [3musecase[0m[2m=[0m"读取附件内容" [3madapter[0m[2m=[0m"http" [3moutcome[0m[2m=[0m"accepted" [3mrequest_kind[0m[2m=[0m"附件内容读取" [3mattachment_id[0m[2m=[0m"att-4b3bc2558118" [3msession_id[0m[2m=[0m"s-ed8ae5f1ff1a"
[backend] [2m2026-04-19T02:24:04.5958989+08:00[0m [32m INFO[0m ThreadId(05) [2mkoko::shell::媒体资产外壳[0m[2m:[0m 读取附件内容成功 [3musecase[0m[2m=[0m"读取附件内容" [3madapter[0m[2m=[0m"http" [3moutcome[0m[2m=[0m"succeeded" [3mrequest_kind[0m[2m=[0m"附件内容读取" [3mattachment_id[0m[2m=[0m"att-89421b5102e1" [3msession_id[0m[2m=[0m"s-ed8ae5f1ff1a"
[backend] [2m2026-04-19T02:24:04.6142937+08:00[0m [32m INFO[0m ThreadId(12) [2mkoko::shell::媒体资产外壳[0m[2m:[0m 读取附件内容成功 [3musecase[0m[2m=[0m"读取附件内容" [3madapter[0m[2m=[0m"http" [3moutcome[0m[2m=[0m"succeeded" [3mrequest_kind[0m[2m=[0m"附件内容读取" [3mattachment_id[0m[2m=[0m"att-4b3bc2558118" [3msession_id[0m[2m=[0m"s-ed8ae5f1ff1a"
[backend] [2m2026-04-19T02:24:04.6240232+08:00[0m [32m INFO[0m ThreadId(05) [2mkoko::shell::媒体资产外壳[0m[2m:[0m HTTP 请求已受理 [3musecase[0m[2m=[0m"读取附件内容" [3madapter[0m[2m=[0m"http" [3moutcome[0m[2m=[0m"accepted" [3mrequest_kind[0m[2m=[0m"附件内容读取" [3mattachment_id[0m[2m=[0m"att-69182d17260b" [3msession_id[0m[2m=[0m"s-ed8ae5f1ff1a"
[backend] [2m2026-04-19T02:24:04.6382921+08:00[0m [32m INFO[0m ThreadId(08) [2mkoko::shell::媒体资产外壳[0m[2m:[0m 读取附件内容成功 [3musecase[0m[2m=[0m"读取附件内容" [3madapter[0m[2m=[0m"http" [3moutcome[0m[2m=[0m"succeeded" [3mrequest_kind[0m[2m=[0m"附件内容读取" [3mattachment_id[0m[2m=[0m"att-69182d17260b" [3msession_id[0m[2m=[0m"s-ed8ae5f1ff1a"
[backend] [2m2026-04-19T02:24:04.651849+08:00[0m [32m INFO[0m ThreadId(12) [2mkoko::shell::媒体资产外壳[0m[2m:[0m HTTP 请求已受理 [3musecase[0m[2m=[0m"读取附件内容" [3madapter[0m[2m=[0m"http" [3moutcome[0m[2m=[0m"accepted" [3mrequest_kind[0m[2m=[0m"附件内容读取" [3mattachment_id[0m[2m=[0m"att-d1739ba9773f" [3msession_id[0m[2m=[0m"s-ed8ae5f1ff1a"
[backend] [2m2026-04-19T02:24:04.6539579+08:00[0m [32m INFO[0m ThreadId(12) [2mkoko::shell::媒体资产外壳[0m[2m:[0m HTTP 请求已受理 [3musecase[0m[2m=[0m"读取附件内容" [3madapter[0m[2m=[0m"http" [3moutcome[0m[2m=[0m"accepted" [3mrequest_kind[0m[2m=[0m"附件内容读取" [3mattachment_id[0m[2m=[0m"att-6727d0dfb7aa" [3msession_id[0m[2m=[0m"s-ed8ae5f1ff1a"
[backend] [2m2026-04-19T02:24:04.6725115+08:00[0m [32m INFO[0m ThreadId(12) [2mkoko::shell::媒体资产外壳[0m[2m:[0m HTTP 请求已受理 [3musecase[0m[2m=[0m"读取附件内容" [3madapter[0m[2m=[0m"http" [3moutcome[0m[2m=[0m"accepted" [3mrequest_kind[0m[2m=[0m"附件内容读取" [3mattachment_id[0m[2m=[0m"att-fb643f1210f6" [3msession_id[0m[2m=[0m"s-ed8ae5f1ff1a"
[backend] [2m2026-04-19T02:24:04.6728533+08:00[0m [32m INFO[0m ThreadId(05) [2mkoko::shell::媒体资产外壳[0m[2m:[0m 读取附件内容成功 [3musecase[0m[2m=[0m"读取附件内容" [3madapter[0m[2m=[0m"http" [3moutcome[0m[2m=[0m"succeeded" [3mrequest_kind[0m[2m=[0m"附件内容读取" [3mattachment_id[0m[2m=[0m"att-d1739ba9773f" [3msession_id[0m[2m=[0m"s-ed8ae5f1ff1a"
[backend] [2m2026-04-19T02:24:04.673158+08:00[0m [32m INFO[0m ThreadId(08) [2mkoko::shell::媒体资产外壳[0m[2m:[0m HTTP 请求已受理 [3musecase[0m[2m=[0m"读取附件内容" [3madapter[0m[2m=[0m"http" [3moutcome[0m[2m=[0m"accepted" [3mrequest_kind[0m[2m=[0m"附件内容读取" [3mattachment_id[0m[2m=[0m"att-88e3fb0cd3fa" [3msession_id[0m[2m=[0m"s-ed8ae5f1ff1a"
[backend] [2m2026-04-19T02:24:04.6799718+08:00[0m [32m INFO[0m ThreadId(08) [2mkoko::shell::媒体资产外壳[0m[2m:[0m 读取附件内容成功 [3musecase[0m[2m=[0m"读取附件内容" [3madapter[0m[2m=[0m"http" [3moutcome[0m[2m=[0m"succeeded" [3mrequest_kind[0m[2m=[0m"附件内容读取" [3mattachment_id[0m[2m=[0m"att-6727d0dfb7aa" [3msession_id[0m[2m=[0m"s-ed8ae5f1ff1a"
[backend] [2m2026-04-19T02:24:04.6952863+08:00[0m [32m INFO[0m ThreadId(08) [2mkoko::shell::媒体资产外壳[0m[2m:[0m 读取附件内容成功 [3musecase[0m[2m=[0m"读取附件内容" [3madapter[0m[2m=[0m"http" [3moutcome[0m[2m=[0m"succeeded" [3mrequest_kind[0m[2m=[0m"附件内容读取" [3mattachment_id[0m[2m=[0m"att-fb643f1210f6" [3msession_id[0m[2m=[0m"s-ed8ae5f1ff1a"
[backend] [2m2026-04-19T02:24:04.697856+08:00[0m [32m INFO[0m ThreadId(08) [2mkoko::shell::媒体资产外壳[0m[2m:[0m 读取附件内容成功 [3musecase[0m[2m=[0m"读取附件内容" [3madapter[0m[2m=[0m"http" [3moutcome[0m[2m=[0m"succeeded" [3mrequest_kind[0m[2m=[0m"附件内容读取" [3mattachment_id[0m[2m=[0m"att-88e3fb0cd3fa" [3msession_id[0m[2m=[0m"s-ed8ae5f1ff1a"
[backend] [2m2026-04-19T02:24:36.7409433+08:00[0m [32m INFO[0m ThreadId(08) [2mkoko::shell::实时外壳[0m[2m:[0m realtime 订阅请求已受理 [3musecase[0m[2m=[0m"订阅房间事件流" [3madapter[0m[2m=[0m"socketioxide" [3moutcome[0m[2m=[0m"accepted" [3mroom_id[0m[2m=[0m"r-3cdfd560046a" [3msession_id[0m[2m=[0m"s-e7c98262c769" [3mfrom[0m[2m=[0m19
[backend] [2m2026-04-19T02:24:36.753327+08:00[0m [32m INFO[0m ThreadId(08) [2mkoko::shell::实时外壳[0m[2m:[0m 订阅房间事件流成功 [3musecase[0m[2m=[0m"订阅房间事件流" [3madapter[0m[2m=[0m"socketioxide" [3moutcome[0m[2m=[0m"succeeded" [3mroom_id[0m[2m=[0m"r-3cdfd560046a" [3msession_id[0m[2m=[0m"s-e7c98262c769" [3mfrom[0m[2m=[0m19 [3mevent_position[0m[2m=[0m19
[typecheck] 02:25:53 - File change detected. Starting incremental compilation...
[typecheck] 02:25:54 - Found 0 errors. Watching for file changes.
[typecheck] 02:26:15 - File change detected. Starting incremental compilation...
[typecheck] 02:26:16 - Found 0 errors. Watching for file changes.
[build] [koko-build] manifest updated: js=/dist/app-5RE66C5U.js css=/dist/app-TVFJWQ53.css
[build] [koko-build] app shell precache injected: files=3
[typecheck] 02:26:24 - File change detected. Starting incremental compilation...
[typecheck] app-sw.ts(97,23): error TS2339: Property 'claim' does not exist on type '可匹配客户端集合'.
[typecheck] 02:26:24 - Found 1 error. Watching for file changes.
[typecheck] 02:26:38 - File change detected. Starting incremental compilation...
[typecheck] app-sw.ts(97,23): error TS2339: Property 'claim' does not exist on type '可匹配客户端集合'.
[typecheck] 02:26:38 - Found 1 error. Watching for file changes.
[backend] [2m2026-04-19T02:27:15.1663435+08:00[0m [32m INFO[0m ThreadId(06) [2mkoko::shell::实时外壳[0m[2m:[0m realtime 连接已正常断开 [3musecase[0m[2m=[0m"实时连接断开" [3madapter[0m[2m=[0m"socketioxide" [3moutcome[0m[2m=[0m"dropped" [3msession_id[0m[2m=[0m"s-ed8ae5f1ff1a" [3mdisconnect_reason[0m[2m=[0mclient has manually disconnected the socket from the namespace
[backend] [2m2026-04-19T02:27:15.4082903+08:00[0m [32m INFO[0m ThreadId(12) [2mkoko::shell::房间外壳[0m[2m:[0m HTTP 请求已受理 [3musecase[0m[2m=[0m"引导匿名身份" [3madapter[0m[2m=[0m"http" [3moutcome[0m[2m=[0m"accepted" [3mrequest_kind[0m[2m=[0m"匿名身份引导"
[backend] [2m2026-04-19T02:27:15.412849+08:00[0m [32m INFO[0m ThreadId(06) [2mkoko::shell::房间外壳[0m[2m:[0m 引导匿名身份成功 [3musecase[0m[2m=[0m"引导匿名身份" [3madapter[0m[2m=[0m"http" [3moutcome[0m[2m=[0m"succeeded" [3mrequest_kind[0m[2m=[0m"匿名身份引导" [3msession_id[0m[2m=[0m"s-ed8ae5f1ff1a"
[backend] [2m2026-04-19T02:27:15.4803606+08:00[0m [32m INFO[0m ThreadId(11) [2mkoko::shell::房间外壳[0m[2m:[0m HTTP 请求已受理 [3musecase[0m[2m=[0m"加载房间快照" [3madapter[0m[2m=[0m"http" [3moutcome[0m[2m=[0m"accepted" [3mrequest_kind[0m[2m=[0m"房间快照查询" [3mroom_id[0m[2m=[0m"r-3cdfd560046a" [3msession_id[0m[2m=[0m"s-ed8ae5f1ff1a"
[backend] [2m2026-04-19T02:27:15.4895598+08:00[0m [32m INFO[0m ThreadId(06) [2mkoko::shell::实时外壳[0m[2m:[0m realtime 连接认证已受理 [3musecase[0m[2m=[0m"实时连接认证" [3madapter[0m[2m=[0m"socketioxide" [3moutcome[0m[2m=[0m"accepted" [3msession_id[0m[2m=[0m"s-ed8ae5f1ff1a"
[backend] [2m2026-04-19T02:27:15.4913164+08:00[0m [32m INFO[0m ThreadId(08) [2mkoko::shell::实时外壳[0m[2m:[0m realtime 连接认证成功 [3musecase[0m[2m=[0m"实时连接认证" [3madapter[0m[2m=[0m"socketioxide" [3moutcome[0m[2m=[0m"succeeded" [3msession_id[0m[2m=[0m"s-ed8ae5f1ff1a"
[backend] [2m2026-04-19T02:27:15.4988465+08:00[0m [32m INFO[0m ThreadId(06) [2mkoko::shell::实时外壳[0m[2m:[0m realtime 订阅请求已受理 [3musecase[0m[2m=[0m"订阅房间事件流" [3madapter[0m[2m=[0m"socketioxide" [3moutcome[0m[2m=[0m"accepted" [3mroom_id[0m[2m=[0m"r-3cdfd560046a" [3msession_id[0m[2m=[0m"s-ed8ae5f1ff1a" [3mfrom[0m[2m=[0m0
[backend] [2m2026-04-19T02:27:15.5135616+08:00[0m [32m INFO[0m ThreadId(12) [2mkoko::shell::房间外壳[0m[2m:[0m 加载房间快照成功 [3musecase[0m[2m=[0m"加载房间快照" [3madapter[0m[2m=[0m"http" [3moutcome[0m[2m=[0m"succeeded" [3mrequest_kind[0m[2m=[0m"房间快照查询" [3mroom_id[0m[2m=[0m"r-3cdfd560046a" [3msession_id[0m[2m=[0m"s-ed8ae5f1ff1a" [3mevent_position[0m[2m=[0m19
[backend] [2m2026-04-19T02:27:15.5188422+08:00[0m [32m INFO[0m ThreadId(06) [2mkoko::shell::实时外壳[0m[2m:[0m 订阅房间事件流成功 [3musecase[0m[2m=[0m"订阅房间事件流" [3madapter[0m[2m=[0m"socketioxide" [3moutcome[0m[2m=[0m"succeeded" [3mroom_id[0m[2m=[0m"r-3cdfd560046a" [3msession_id[0m[2m=[0m"s-ed8ae5f1ff1a" [3mfrom[0m[2m=[0m0 [3mevent_position[0m[2m=[0m19
[backend] [2m2026-04-19T02:27:15.558751+08:00[0m [32m INFO[0m ThreadId(08) [2mkoko::shell::实时外壳[0m[2m:[0m realtime 订阅请求已受理 [3musecase[0m[2m=[0m"订阅房间事件流" [3madapter[0m[2m=[0m"socketioxide" [3moutcome[0m[2m=[0m"accepted" [3mroom_id[0m[2m=[0m"r-3cdfd560046a" [3msession_id[0m[2m=[0m"s-ed8ae5f1ff1a" [3mfrom[0m[2m=[0m19
[backend] [2m2026-04-19T02:27:15.5661872+08:00[0m [32m INFO[0m ThreadId(11) [2mkoko::shell::实时外壳[0m[2m:[0m 订阅房间事件流成功 [3musecase[0m[2m=[0m"订阅房间事件流" [3madapter[0m[2m=[0m"socketioxide" [3moutcome[0m[2m=[0m"succeeded" [3mroom_id[0m[2m=[0m"r-3cdfd560046a" [3msession_id[0m[2m=[0m"s-ed8ae5f1ff1a" [3mfrom[0m[2m=[0m19 [3mevent_position[0m[2m=[0m19
[backend] [2m2026-04-19T02:27:15.5812749+08:00[0m [32m INFO[0m ThreadId(06) [2mkoko::shell::媒体资产外壳[0m[2m:[0m HTTP 请求已受理 [3musecase[0m[2m=[0m"读取附件内容" [3madapter[0m[2m=[0m"http" [3moutcome[0m[2m=[0m"accepted" [3mrequest_kind[0m[2m=[0m"附件内容读取" [3mattachment_id[0m[2m=[0m"att-89421b5102e1" [3msession_id[0m[2m=[0m"s-ed8ae5f1ff1a"
[backend] [2m2026-04-19T02:27:15.5827124+08:00[0m [32m INFO[0m ThreadId(08) [2mkoko::shell::媒体资产外壳[0m[2m:[0m HTTP 请求已受理 [3musecase[0m[2m=[0m"读取附件内容" [3madapter[0m[2m=[0m"http" [3moutcome[0m[2m=[0m"accepted" [3mrequest_kind[0m[2m=[0m"附件内容读取" [3mattachment_id[0m[2m=[0m"att-879751db2737" [3msession_id[0m[2m=[0m"s-ed8ae5f1ff1a"
[backend] [2m2026-04-19T02:27:15.5827125+08:00[0m [32m INFO[0m ThreadId(11) [2mkoko::shell::媒体资产外壳[0m[2m:[0m HTTP 请求已受理 [3musecase[0m[2m=[0m"读取附件内容" [3madapter[0m[2m=[0m"http" [3moutcome[0m[2m=[0m"accepted" [3mrequest_kind[0m[2m=[0m"附件内容读取" [3mattachment_id[0m[2m=[0m"att-56d8fca2bd57" [3msession_id[0m[2m=[0m"s-ed8ae5f1ff1a"
[backend] [2m2026-04-19T02:27:15.5828529+08:00[0m [32m INFO[0m ThreadId(06) [2mkoko::shell::媒体资产外壳[0m[2m:[0m HTTP 请求已受理 [3musecase[0m[2m=[0m"读取附件内容" [3madapter[0m[2m=[0m"http" [3moutcome[0m[2m=[0m"accepted" [3mrequest_kind[0m[2m=[0m"附件内容读取" [3mattachment_id[0m[2m=[0m"att-8aedf734e191" [3msession_id[0m[2m=[0m"s-ed8ae5f1ff1a"
[backend] [2m2026-04-19T02:27:15.589021+08:00[0m [32m INFO[0m ThreadId(12) [2mkoko::shell::媒体资产外壳[0m[2m:[0m HTTP 请求已受理 [3musecase[0m[2m=[0m"读取附件内容" [3madapter[0m[2m=[0m"http" [3moutcome[0m[2m=[0m"accepted" [3mrequest_kind[0m[2m=[0m"附件内容读取" [3mattachment_id[0m[2m=[0m"att-4b3bc2558118" [3msession_id[0m[2m=[0m"s-ed8ae5f1ff1a"
[backend] [2m2026-04-19T02:27:15.5924553+08:00[0m [32m INFO[0m ThreadId(12) [2mkoko::shell::媒体资产外壳[0m[2m:[0m HTTP 请求已受理 [3musecase[0m[2m=[0m"读取附件内容" [3madapter[0m[2m=[0m"http" [3moutcome[0m[2m=[0m"accepted" [3mrequest_kind[0m[2m=[0m"附件内容读取" [3mattachment_id[0m[2m=[0m"att-69182d17260b" [3msession_id[0m[2m=[0m"s-ed8ae5f1ff1a"
[backend] [2m2026-04-19T02:27:15.5933501+08:00[0m [32m INFO[0m ThreadId(03) [2mkoko::shell::媒体资产外壳[0m[2m:[0m 读取附件内容成功 [3musecase[0m[2m=[0m"读取附件内容" [3madapter[0m[2m=[0m"http" [3moutcome[0m[2m=[0m"succeeded" [3mrequest_kind[0m[2m=[0m"附件内容读取" [3mattachment_id[0m[2m=[0m"att-89421b5102e1" [3msession_id[0m[2m=[0m"s-ed8ae5f1ff1a"
[backend] [2m2026-04-19T02:27:15.5956777+08:00[0m [32m INFO[0m ThreadId(12) [2mkoko::shell::媒体资产外壳[0m[2m:[0m 读取附件内容成功 [3musecase[0m[2m=[0m"读取附件内容" [3madapter[0m[2m=[0m"http" [3moutcome[0m[2m=[0m"succeeded" [3mrequest_kind[0m[2m=[0m"附件内容读取" [3mattachment_id[0m[2m=[0m"att-56d8fca2bd57" [3msession_id[0m[2m=[0m"s-ed8ae5f1ff1a"
[backend] [2m2026-04-19T02:27:15.6019837+08:00[0m [32m INFO[0m ThreadId(06) [2mkoko::shell::媒体资产外壳[0m[2m:[0m 读取附件内容成功 [3musecase[0m[2m=[0m"读取附件内容" [3madapter[0m[2m=[0m"http" [3moutcome[0m[2m=[0m"succeeded" [3mrequest_kind[0m[2m=[0m"附件内容读取" [3mattachment_id[0m[2m=[0m"att-69182d17260b" [3msession_id[0m[2m=[0m"s-ed8ae5f1ff1a"
[backend] [2m2026-04-19T02:27:15.6020578+08:00[0m [32m INFO[0m ThreadId(12) [2mkoko::shell::媒体资产外壳[0m[2m:[0m 读取附件内容成功 [3musecase[0m[2m=[0m"读取附件内容" [3madapter[0m[2m=[0m"http" [3moutcome[0m[2m=[0m"succeeded" [3mrequest_kind[0m[2m=[0m"附件内容读取" [3mattachment_id[0m[2m=[0m"att-8aedf734e191" [3msession_id[0m[2m=[0m"s-ed8ae5f1ff1a"
[backend] [2m2026-04-19T02:27:15.6023706+08:00[0m [32m INFO[0m ThreadId(03) [2mkoko::shell::媒体资产外壳[0m[2m:[0m 读取附件内容成功 [3musecase[0m[2m=[0m"读取附件内容" [3madapter[0m[2m=[0m"http" [3moutcome[0m[2m=[0m"succeeded" [3mrequest_kind[0m[2m=[0m"附件内容读取" [3mattachment_id[0m[2m=[0m"att-4b3bc2558118" [3msession_id[0m[2m=[0m"s-ed8ae5f1ff1a"
[backend] [2m2026-04-19T02:27:15.6036614+08:00[0m [32m INFO[0m ThreadId(05) [2mkoko::shell::媒体资产外壳[0m[2m:[0m 读取附件内容成功 [3musecase[0m[2m=[0m"读取附件内容" [3madapter[0m[2m=[0m"http" [3moutcome[0m[2m=[0m"succeeded" [3mrequest_kind[0m[2m=[0m"附件内容读取" [3mattachment_id[0m[2m=[0m"att-879751db2737" [3msession_id[0m[2m=[0m"s-ed8ae5f1ff1a"
[backend] [2m2026-04-19T02:27:15.6401663+08:00[0m [32m INFO[0m ThreadId(11) [2mkoko::shell::媒体资产外壳[0m[2m:[0m HTTP 请求已受理 [3musecase[0m[2m=[0m"读取附件内容" [3madapter[0m[2m=[0m"http" [3moutcome[0m[2m=[0m"accepted" [3mrequest_kind[0m[2m=[0m"附件内容读取" [3mattachment_id[0m[2m=[0m"att-d1739ba9773f" [3msession_id[0m[2m=[0m"s-ed8ae5f1ff1a"
[backend] [2m2026-04-19T02:27:15.6441782+08:00[0m [32m INFO[0m ThreadId(12) [2mkoko::shell::媒体资产外壳[0m[2m:[0m HTTP 请求已受理 [3musecase[0m[2m=[0m"读取附件内容" [3madapter[0m[2m=[0m"http" [3moutcome[0m[2m=[0m"accepted" [3mrequest_kind[0m[2m=[0m"附件内容读取" [3mattachment_id[0m[2m=[0m"att-6727d0dfb7aa" [3msession_id[0m[2m=[0m"s-ed8ae5f1ff1a"
[backend] [2m2026-04-19T02:27:15.6496845+08:00[0m [32m INFO[0m ThreadId(12) [2mkoko::shell::媒体资产外壳[0m[2m:[0m HTTP 请求已受理 [3musecase[0m[2m=[0m"读取附件内容" [3madapter[0m[2m=[0m"http" [3moutcome[0m[2m=[0m"accepted" [3mrequest_kind[0m[2m=[0m"附件内容读取" [3mattachment_id[0m[2m=[0m"att-fb643f1210f6" [3msession_id[0m[2m=[0m"s-ed8ae5f1ff1a"
[backend] [2m2026-04-19T02:27:15.6510477+08:00[0m [32m INFO[0m ThreadId(06) [2mkoko::shell::媒体资产外壳[0m[2m:[0m HTTP 请求已受理 [3musecase[0m[2m=[0m"读取附件内容" [3madapter[0m[2m=[0m"http" [3moutcome[0m[2m=[0m"accepted" [3mrequest_kind[0m[2m=[0m"附件内容读取" [3mattachment_id[0m[2m=[0m"att-88e3fb0cd3fa" [3msession_id[0m[2m=[0m"s-ed8ae5f1ff1a"
[backend] [2m2026-04-19T02:27:15.6528763+08:00[0m [32m INFO[0m ThreadId(03) [2mkoko::shell::媒体资产外壳[0m[2m:[0m 读取附件内容成功 [3musecase[0m[2m=[0m"读取附件内容" [3madapter[0m[2m=[0m"http" [3moutcome[0m[2m=[0m"succeeded" [3mrequest_kind[0m[2m=[0m"附件内容读取" [3mattachment_id[0m[2m=[0m"att-d1739ba9773f" [3msession_id[0m[2m=[0m"s-ed8ae5f1ff1a"
[backend] [2m2026-04-19T02:27:15.6549119+08:00[0m [32m INFO[0m ThreadId(11) [2mkoko::shell::媒体资产外壳[0m[2m:[0m 读取附件内容成功 [3musecase[0m[2m=[0m"读取附件内容" [3madapter[0m[2m=[0m"http" [3moutcome[0m[2m=[0m"succeeded" [3mrequest_kind[0m[2m=[0m"附件内容读取" [3mattachment_id[0m[2m=[0m"att-6727d0dfb7aa" [3msession_id[0m[2m=[0m"s-ed8ae5f1ff1a"
[backend] [2m2026-04-19T02:27:15.6591588+08:00[0m [32m INFO[0m ThreadId(11) [2mkoko::shell::媒体资产外壳[0m[2m:[0m 读取附件内容成功 [3musecase[0m[2m=[0m"读取附件内容" [3madapter[0m[2m=[0m"http" [3moutcome[0m[2m=[0m"succeeded" [3mrequest_kind[0m[2m=[0m"附件内容读取" [3mattachment_id[0m[2m=[0m"att-fb643f1210f6" [3msession_id[0m[2m=[0m"s-ed8ae5f1ff1a"
[backend] [2m2026-04-19T02:27:15.659325+08:00[0m [32m INFO[0m ThreadId(12) [2mkoko::shell::媒体资产外壳[0m[2m:[0m 读取附件内容成功 [3musecase[0m[2m=[0m"读取附件内容" [3madapter[0m[2m=[0m"http" [3moutcome[0m[2m=[0m"succeeded" [3mrequest_kind[0m[2m=[0m"附件内容读取" [3mattachment_id[0m[2m=[0m"att-88e3fb0cd3fa" [3msession_id[0m[2m=[0m"s-ed8ae5f1ff1a"
[backend] [2m2026-04-19T02:28:12.2089633+08:00[0m [32m INFO[0m ThreadId(12) [2mkoko::shell::实时外壳[0m[2m:[0m realtime 连接已正常断开 [3musecase[0m[2m=[0m"实时连接断开" [3madapter[0m[2m=[0m"socketioxide" [3moutcome[0m[2m=[0m"dropped" [3msession_id[0m[2m=[0m"s-ed8ae5f1ff1a" [3mdisconnect_reason[0m[2m=[0mclient has manually disconnected the socket from the namespace
[backend] [2m2026-04-19T02:28:12.2371178+08:00[0m [32m INFO[0m ThreadId(03) [2mkoko::shell::实时外壳[0m[2m:[0m realtime 连接认证已受理 [3musecase[0m[2m=[0m"实时连接认证" [3madapter[0m[2m=[0m"socketioxide" [3moutcome[0m[2m=[0m"accepted" [3msession_id[0m[2m=[0m"s-ed8ae5f1ff1a"
[backend] [2m2026-04-19T02:28:12.2384139+08:00[0m [32m INFO[0m ThreadId(03) [2mkoko::shell::实时外壳[0m[2m:[0m realtime 连接认证成功 [3musecase[0m[2m=[0m"实时连接认证" [3madapter[0m[2m=[0m"socketioxide" [3moutcome[0m[2m=[0m"succeeded" [3msession_id[0m[2m=[0m"s-ed8ae5f1ff1a"
[backend] [2m2026-04-19T02:28:12.2402774+08:00[0m [32m INFO[0m ThreadId(11) [2mkoko::shell::实时外壳[0m[2m:[0m realtime 订阅请求已受理 [3musecase[0m[2m=[0m"订阅房间事件流" [3madapter[0m[2m=[0m"socketioxide" [3moutcome[0m[2m=[0m"accepted" [3mroom_id[0m[2m=[0m"r-3cdfd560046a" [3msession_id[0m[2m=[0m"s-ed8ae5f1ff1a" [3mfrom[0m[2m=[0m15
[backend] [2m2026-04-19T02:28:12.2405644+08:00[0m [32m INFO[0m ThreadId(12) [2mkoko::shell::实时外壳[0m[2m:[0m realtime 订阅请求已受理 [3musecase[0m[2m=[0m"订阅房间事件流" [3madapter[0m[2m=[0m"socketioxide" [3moutcome[0m[2m=[0m"accepted" [3mroom_id[0m[2m=[0m"r-3cdfd560046a" [3msession_id[0m[2m=[0m"s-ed8ae5f1ff1a" [3mfrom[0m[2m=[0m19
[backend] [2m2026-04-19T02:28:12.247775+08:00[0m [32m INFO[0m ThreadId(03) [2mkoko::shell::实时外壳[0m[2m:[0m 订阅房间事件流成功 [3musecase[0m[2m=[0m"订阅房间事件流" [3madapter[0m[2m=[0m"socketioxide" [3moutcome[0m[2m=[0m"succeeded" [3mroom_id[0m[2m=[0m"r-3cdfd560046a" [3msession_id[0m[2m=[0m"s-ed8ae5f1ff1a" [3mfrom[0m[2m=[0m19 [3mevent_position[0m[2m=[0m19
[backend] [2m2026-04-19T02:28:12.250443+08:00[0m [32m INFO[0m ThreadId(06) [2mkoko::shell::实时外壳[0m[2m:[0m 订阅房间事件流成功 [3musecase[0m[2m=[0m"订阅房间事件流" [3madapter[0m[2m=[0m"socketioxide" [3moutcome[0m[2m=[0m"succeeded" [3mroom_id[0m[2m=[0m"r-3cdfd560046a" [3msession_id[0m[2m=[0m"s-ed8ae5f1ff1a" [3mfrom[0m[2m=[0m15 [3mevent_position[0m[2m=[0m19
[backend] [2m2026-04-19T02:28:12.2882355+08:00[0m [32m INFO[0m ThreadId(11) [2mkoko::shell::媒体资产外壳[0m[2m:[0m HTTP 请求已受理 [3musecase[0m[2m=[0m"读取附件内容" [3madapter[0m[2m=[0m"http" [3moutcome[0m[2m=[0m"accepted" [3mrequest_kind[0m[2m=[0m"附件内容读取" [3mattachment_id[0m[2m=[0m"att-d1739ba9773f" [3msession_id[0m[2m=[0m"s-ed8ae5f1ff1a"
[backend] [2m2026-04-19T02:28:12.2892511+08:00[0m [32m INFO[0m ThreadId(11) [2mkoko::shell::媒体资产外壳[0m[2m:[0m HTTP 请求已受理 [3musecase[0m[2m=[0m"读取附件内容" [3madapter[0m[2m=[0m"http" [3moutcome[0m[2m=[0m"accepted" [3mrequest_kind[0m[2m=[0m"附件内容读取" [3mattachment_id[0m[2m=[0m"att-fb643f1210f6" [3msession_id[0m[2m=[0m"s-ed8ae5f1ff1a"
[backend] [2m2026-04-19T02:28:12.2893385+08:00[0m [32m INFO[0m ThreadId(03) [2mkoko::shell::媒体资产外壳[0m[2m:[0m HTTP 请求已受理 [3musecase[0m[2m=[0m"读取附件内容" [3madapter[0m[2m=[0m"http" [3moutcome[0m[2m=[0m"accepted" [3mrequest_kind[0m[2m=[0m"附件内容读取" [3mattachment_id[0m[2m=[0m"att-6727d0dfb7aa" [3msession_id[0m[2m=[0m"s-ed8ae5f1ff1a"
[backend] [2m2026-04-19T02:28:12.3112206+08:00[0m [32m INFO[0m ThreadId(11) [2mkoko::shell::实时外壳[0m[2m:[0m realtime 连接已正常断开 [3musecase[0m[2m=[0m"实时连接断开" [3madapter[0m[2m=[0m"socketioxide" [3moutcome[0m[2m=[0m"dropped" [3msession_id[0m[2m=[0m"s-ed8ae5f1ff1a" [3mdisconnect_reason[0m[2m=[0mclient gracefully closed the connection
[backend] [2m2026-04-19T02:28:14.5768303+08:00[0m [32m INFO[0m ThreadId(06) [2mkoko::shell::实时外壳[0m[2m:[0m realtime 连接已正常断开 [3musecase[0m[2m=[0m"实时连接断开" [3madapter[0m[2m=[0m"socketioxide" [3moutcome[0m[2m=[0m"dropped" [3msession_id[0m[2m=[0m"s-ed8ae5f1ff1a" [3mdisconnect_reason[0m[2m=[0mclient has manually disconnected the socket from the namespace
[backend] [2m2026-04-19T02:28:16.827892+08:00[0m [32m INFO[0m ThreadId(11) [2mkoko::shell::实时外壳[0m[2m:[0m realtime 连接已正常断开 [3musecase[0m[2m=[0m"实时连接断开" [3madapter[0m[2m=[0m"socketioxide" [3moutcome[0m[2m=[0m"dropped" [3msession_id[0m[2m=[0m"s-ed8ae5f1ff1a" [3mdisconnect_reason[0m[2m=[0mclient has manually disconnected the socket from the namespace
[backend] [2m2026-04-19T02:28:21.1092657+08:00[0m [32m INFO[0m ThreadId(05) [2mkoko::shell::实时外壳[0m[2m:[0m realtime 连接已正常断开 [3musecase[0m[2m=[0m"实时连接断开" [3madapter[0m[2m=[0m"socketioxide" [3moutcome[0m[2m=[0m"dropped" [3msession_id[0m[2m=[0m"s-ed8ae5f1ff1a" [3mdisconnect_reason[0m[2m=[0mclient has manually disconnected the socket from the namespace
[backend] [2m2026-04-19T02:28:21.1204628+08:00[0m [32m INFO[0m ThreadId(06) [2mkoko::shell::媒体资产外壳[0m[2m:[0m HTTP 请求已受理 [3musecase[0m[2m=[0m"读取附件内容" [3madapter[0m[2m=[0m"http" [3moutcome[0m[2m=[0m"accepted" [3mrequest_kind[0m[2m=[0m"附件内容读取" [3mattachment_id[0m[2m=[0m"att-6727d0dfb7aa" [3msession_id[0m[2m=[0m"s-ed8ae5f1ff1a"
[backend] [2m2026-04-19T02:28:21.1313927+08:00[0m [32m INFO[0m ThreadId(11) [2mkoko::shell::媒体资产外壳[0m[2m:[0m 读取附件内容成功 [3musecase[0m[2m=[0m"读取附件内容" [3madapter[0m[2m=[0m"http" [3moutcome[0m[2m=[0m"succeeded" [3mrequest_kind[0m[2m=[0m"附件内容读取" [3mattachment_id[0m[2m=[0m"att-6727d0dfb7aa" [3msession_id[0m[2m=[0m"s-ed8ae5f1ff1a"
[backend] [2m2026-04-19T02:28:21.1511742+08:00[0m [32m INFO[0m ThreadId(06) [2mkoko::shell::媒体资产外壳[0m[2m:[0m HTTP 请求已受理 [3musecase[0m[2m=[0m"读取附件内容" [3madapter[0m[2m=[0m"http" [3moutcome[0m[2m=[0m"accepted" [3mrequest_kind[0m[2m=[0m"附件内容读取" [3mattachment_id[0m[2m=[0m"att-6727d0dfb7aa" [3msession_id[0m[2m=[0m"s-ed8ae5f1ff1a"
[backend] [2m2026-04-19T02:28:21.1629046+08:00[0m [32m INFO[0m ThreadId(11) [2mkoko::shell::媒体资产外壳[0m[2m:[0m 读取附件内容成功 [3musecase[0m[2m=[0m"读取附件内容" [3madapter[0m[2m=[0m"http" [3moutcome[0m[2m=[0m"succeeded" [3mrequest_kind[0m[2m=[0m"附件内容读取" [3mattachment_id[0m[2m=[0m"att-6727d0dfb7aa" [3msession_id[0m[2m=[0m"s-ed8ae5f1ff1a"
[backend] [2m2026-04-19T02:28:25.4350635+08:00[0m [32m INFO[0m ThreadId(06) [2mkoko::shell::实时外壳[0m[2m:[0m realtime 连接已正常断开 [3musecase[0m[2m=[0m"实时连接断开" [3madapter[0m[2m=[0m"socketioxide" [3moutcome[0m[2m=[0m"dropped" [3msession_id[0m[2m=[0m"s-70348c88e3ea" [3mdisconnect_reason[0m[2m=[0mclient has manually disconnected the socket from the namespace
[backend] [2m2026-04-19T02:28:25.4737313+08:00[0m [32m INFO[0m ThreadId(05) [2mkoko::shell::实时外壳[0m[2m:[0m realtime 连接认证已受理 [3musecase[0m[2m=[0m"实时连接认证" [3madapter[0m[2m=[0m"socketioxide" [3moutcome[0m[2m=[0m"accepted" [3msession_id[0m[2m=[0m"s-70348c88e3ea"
[backend] [2m2026-04-19T02:28:25.475309+08:00[0m [32m INFO[0m ThreadId(06) [2mkoko::shell::实时外壳[0m[2m:[0m realtime 连接认证成功 [3musecase[0m[2m=[0m"实时连接认证" [3madapter[0m[2m=[0m"socketioxide" [3moutcome[0m[2m=[0m"succeeded" [3msession_id[0m[2m=[0m"s-70348c88e3ea"
[backend] [2m2026-04-19T02:28:25.4779781+08:00[0m [32m INFO[0m ThreadId(05) [2mkoko::shell::实时外壳[0m[2m:[0m realtime 订阅请求已受理 [3musecase[0m[2m=[0m"订阅房间事件流" [3madapter[0m[2m=[0m"socketioxide" [3moutcome[0m[2m=[0m"accepted" [3mroom_id[0m[2m=[0m"r-3cdfd560046a" [3msession_id[0m[2m=[0m"s-70348c88e3ea" [3mfrom[0m[2m=[0m18
[backend] [2m2026-04-19T02:28:25.4784003+08:00[0m [32m INFO[0m ThreadId(06) [2mkoko::shell::实时外壳[0m[2m:[0m realtime 订阅请求已受理 [3musecase[0m[2m=[0m"订阅房间事件流" [3madapter[0m[2m=[0m"socketioxide" [3moutcome[0m[2m=[0m"accepted" [3mroom_id[0m[2m=[0m"r-3cdfd560046a" [3msession_id[0m[2m=[0m"s-70348c88e3ea" [3mfrom[0m[2m=[0m19
[backend] [2m2026-04-19T02:28:25.4848013+08:00[0m [32m INFO[0m ThreadId(12) [2mkoko::shell::实时外壳[0m[2m:[0m 订阅房间事件流成功 [3musecase[0m[2m=[0m"订阅房间事件流" [3madapter[0m[2m=[0m"socketioxide" [3moutcome[0m[2m=[0m"succeeded" [3mroom_id[0m[2m=[0m"r-3cdfd560046a" [3msession_id[0m[2m=[0m"s-70348c88e3ea" [3mfrom[0m[2m=[0m19 [3mevent_position[0m[2m=[0m19
[backend] [2m2026-04-19T02:28:25.4873721+08:00[0m [32m INFO[0m ThreadId(05) [2mkoko::shell::实时外壳[0m[2m:[0m 订阅房间事件流成功 [3musecase[0m[2m=[0m"订阅房间事件流" [3madapter[0m[2m=[0m"socketioxide" [3moutcome[0m[2m=[0m"succeeded" [3mroom_id[0m[2m=[0m"r-3cdfd560046a" [3msession_id[0m[2m=[0m"s-70348c88e3ea" [3mfrom[0m[2m=[0m18 [3mevent_position[0m[2m=[0m19
[backend] [2m2026-04-19T02:28:25.5106226+08:00[0m [32m INFO[0m ThreadId(06) [2mkoko::shell::媒体资产外壳[0m[2m:[0m HTTP 请求已受理 [3musecase[0m[2m=[0m"读取附件内容" [3madapter[0m[2m=[0m"http" [3moutcome[0m[2m=[0m"accepted" [3mrequest_kind[0m[2m=[0m"附件内容读取" [3mattachment_id[0m[2m=[0m"att-88e3fb0cd3fa" [3msession_id[0m[2m=[0m"s-70348c88e3ea"
[backend] [2m2026-04-19T02:28:25.5143786+08:00[0m [32m INFO[0m ThreadId(12) [2mkoko::shell::实时外壳[0m[2m:[0m realtime 连接已正常断开 [3musecase[0m[2m=[0m"实时连接断开" [3madapter[0m[2m=[0m"socketioxide" [3moutcome[0m[2m=[0m"dropped" [3msession_id[0m[2m=[0m"s-70348c88e3ea" [3mdisconnect_reason[0m[2m=[0mclient gracefully closed the connection
[backend] [2m2026-04-19T02:28:27.9927693+08:00[0m [32m INFO[0m ThreadId(05) [2mkoko::shell::实时外壳[0m[2m:[0m realtime 连接已正常断开 [3musecase[0m[2m=[0m"实时连接断开" [3madapter[0m[2m=[0m"socketioxide" [3moutcome[0m[2m=[0m"dropped" [3msession_id[0m[2m=[0m"s-4e84bf609b16" [3mdisconnect_reason[0m[2m=[0mclient has manually disconnected the socket from the namespace
[backend] [2m2026-04-19T02:28:28.0004296+08:00[0m [32m INFO[0m ThreadId(12) [2mkoko::shell::媒体资产外壳[0m[2m:[0m HTTP 请求已受理 [3musecase[0m[2m=[0m"读取附件内容" [3madapter[0m[2m=[0m"http" [3moutcome[0m[2m=[0m"accepted" [3mrequest_kind[0m[2m=[0m"附件内容读取" [3mattachment_id[0m[2m=[0m"att-88e3fb0cd3fa" [3msession_id[0m[2m=[0m"s-4e84bf609b16"
[backend] [2m2026-04-19T02:28:28.0093005+08:00[0m [32m INFO[0m ThreadId(12) [2mkoko::shell::媒体资产外壳[0m[2m:[0m 读取附件内容成功 [3musecase[0m[2m=[0m"读取附件内容" [3madapter[0m[2m=[0m"http" [3moutcome[0m[2m=[0m"succeeded" [3mrequest_kind[0m[2m=[0m"附件内容读取" [3mattachment_id[0m[2m=[0m"att-88e3fb0cd3fa" [3msession_id[0m[2m=[0m"s-4e84bf609b16"
[backend] [2m2026-04-19T02:28:28.0150789+08:00[0m [32m INFO[0m ThreadId(12) [2mkoko::shell::媒体资产外壳[0m[2m:[0m HTTP 请求已受理 [3musecase[0m[2m=[0m"读取附件内容" [3madapter[0m[2m=[0m"http" [3moutcome[0m[2m=[0m"accepted" [3mrequest_kind[0m[2m=[0m"附件内容读取" [3mattachment_id[0m[2m=[0m"att-88e3fb0cd3fa" [3msession_id[0m[2m=[0m"s-4e84bf609b16"
[backend] [2m2026-04-19T02:28:28.0246246+08:00[0m [32m INFO[0m ThreadId(12) [2mkoko::shell::媒体资产外壳[0m[2m:[0m 读取附件内容成功 [3musecase[0m[2m=[0m"读取附件内容" [3madapter[0m[2m=[0m"http" [3moutcome[0m[2m=[0m"succeeded" [3mrequest_kind[0m[2m=[0m"附件内容读取" [3mattachment_id[0m[2m=[0m"att-88e3fb0cd3fa" [3msession_id[0m[2m=[0m"s-4e84bf609b16"
[backend] [2m2026-04-19T02:28:28.0282608+08:00[0m [32m INFO[0m ThreadId(05) [2mkoko::shell::媒体资产外壳[0m[2m:[0m HTTP 请求已受理 [3musecase[0m[2m=[0m"读取附件内容" [3madapter[0m[2m=[0m"http" [3moutcome[0m[2m=[0m"accepted" [3mrequest_kind[0m[2m=[0m"附件内容读取" [3mattachment_id[0m[2m=[0m"att-88e3fb0cd3fa" [3msession_id[0m[2m=[0m"s-4e84bf609b16"
[backend] [2m2026-04-19T02:28:28.0378238+08:00[0m [32m INFO[0m ThreadId(12) [2mkoko::shell::媒体资产外壳[0m[2m:[0m 读取附件内容成功 [3musecase[0m[2m=[0m"读取附件内容" [3madapter[0m[2m=[0m"http" [3moutcome[0m[2m=[0m"succeeded" [3mrequest_kind[0m[2m=[0m"附件内容读取" [3mattachment_id[0m[2m=[0m"att-88e3fb0cd3fa" [3msession_id[0m[2m=[0m"s-4e84bf609b16"
[backend] [2m2026-04-19T02:28:48.6307655+08:00[0m [32m INFO[0m ThreadId(05) [2mkoko::shell::房间外壳[0m[2m:[0m HTTP 请求已受理 [3musecase[0m[2m=[0m"引导匿名身份" [3madapter[0m[2m=[0m"http" [3moutcome[0m[2m=[0m"accepted" [3mrequest_kind[0m[2m=[0m"匿名身份引导"
[backend] [2m2026-04-19T02:28:48.6342019+08:00[0m [32m INFO[0m ThreadId(12) [2mkoko::shell::房间外壳[0m[2m:[0m 引导匿名身份成功 [3musecase[0m[2m=[0m"引导匿名身份" [3madapter[0m[2m=[0m"http" [3moutcome[0m[2m=[0m"succeeded" [3mrequest_kind[0m[2m=[0m"匿名身份引导" [3msession_id[0m[2m=[0m"s-ed8ae5f1ff1a"
[backend] [2m2026-04-19T02:28:48.8099606+08:00[0m [32m INFO[0m ThreadId(12) [2mkoko::shell::房间外壳[0m[2m:[0m HTTP 请求已受理 [3musecase[0m[2m=[0m"加载房间快照" [3madapter[0m[2m=[0m"http" [3moutcome[0m[2m=[0m"accepted" [3mrequest_kind[0m[2m=[0m"房间快照查询" [3mroom_id[0m[2m=[0m"r-3cdfd560046a" [3msession_id[0m[2m=[0m"s-ed8ae5f1ff1a"
[backend] [2m2026-04-19T02:28:48.828545+08:00[0m [32m INFO[0m ThreadId(11) [2mkoko::shell::房间外壳[0m[2m:[0m 加载房间快照成功 [3musecase[0m[2m=[0m"加载房间快照" [3madapter[0m[2m=[0m"http" [3moutcome[0m[2m=[0m"succeeded" [3mrequest_kind[0m[2m=[0m"房间快照查询" [3mroom_id[0m[2m=[0m"r-3cdfd560046a" [3msession_id[0m[2m=[0m"s-ed8ae5f1ff1a" [3mevent_position[0m[2m=[0m19
[backend] [2m2026-04-19T02:28:48.8604537+08:00[0m [32m INFO[0m ThreadId(12) [2mkoko::shell::实时外壳[0m[2m:[0m realtime 连接认证已受理 [3musecase[0m[2m=[0m"实时连接认证" [3madapter[0m[2m=[0m"socketioxide" [3moutcome[0m[2m=[0m"accepted" [3msession_id[0m[2m=[0m"s-ed8ae5f1ff1a"
[backend] [2m2026-04-19T02:28:48.8622251+08:00[0m [32m INFO[0m ThreadId(11) [2mkoko::shell::实时外壳[0m[2m:[0m realtime 连接认证成功 [3musecase[0m[2m=[0m"实时连接认证" [3madapter[0m[2m=[0m"socketioxide" [3moutcome[0m[2m=[0m"succeeded" [3msession_id[0m[2m=[0m"s-ed8ae5f1ff1a"
[backend] [2m2026-04-19T02:28:48.9550573+08:00[0m [32m INFO[0m ThreadId(06) [2mkoko::shell::媒体资产外壳[0m[2m:[0m HTTP 请求已受理 [3musecase[0m[2m=[0m"读取附件内容" [3madapter[0m[2m=[0m"http" [3moutcome[0m[2m=[0m"accepted" [3mrequest_kind[0m[2m=[0m"附件内容读取" [3mattachment_id[0m[2m=[0m"att-961d957a1877" [3msession_id[0m[2m=[0m"s-ed8ae5f1ff1a"
[backend] [2m2026-04-19T02:28:48.956144+08:00[0m [32m INFO[0m ThreadId(06) [2mkoko::shell::媒体资产外壳[0m[2m:[0m HTTP 请求已受理 [3musecase[0m[2m=[0m"读取附件内容" [3madapter[0m[2m=[0m"http" [3moutcome[0m[2m=[0m"accepted" [3mrequest_kind[0m[2m=[0m"附件内容读取" [3mattachment_id[0m[2m=[0m"att-2d964b96c071" [3msession_id[0m[2m=[0m"s-ed8ae5f1ff1a"
[backend] [2m2026-04-19T02:28:48.9561998+08:00[0m [32m INFO[0m ThreadId(05) [2mkoko::shell::媒体资产外壳[0m[2m:[0m HTTP 请求已受理 [3musecase[0m[2m=[0m"读取附件内容" [3madapter[0m[2m=[0m"http" [3moutcome[0m[2m=[0m"accepted" [3mrequest_kind[0m[2m=[0m"附件内容读取" [3mattachment_id[0m[2m=[0m"att-8d44cbfede62" [3msession_id[0m[2m=[0m"s-ed8ae5f1ff1a"
[backend] [2m2026-04-19T02:28:48.9579583+08:00[0m [32m INFO[0m ThreadId(05) [2mkoko::shell::媒体资产外壳[0m[2m:[0m HTTP 请求已受理 [3musecase[0m[2m=[0m"读取附件内容" [3madapter[0m[2m=[0m"http" [3moutcome[0m[2m=[0m"accepted" [3mrequest_kind[0m[2m=[0m"附件内容读取" [3mattachment_id[0m[2m=[0m"att-681e5b27b0c2" [3msession_id[0m[2m=[0m"s-ed8ae5f1ff1a"
[backend] [2m2026-04-19T02:28:48.9638004+08:00[0m [32m INFO[0m ThreadId(12) [2mkoko::shell::媒体资产外壳[0m[2m:[0m HTTP 请求已受理 [3musecase[0m[2m=[0m"读取附件内容" [3madapter[0m[2m=[0m"http" [3moutcome[0m[2m=[0m"accepted" [3mrequest_kind[0m[2m=[0m"附件内容读取" [3mattachment_id[0m[2m=[0m"att-ac7a1188a600" [3msession_id[0m[2m=[0m"s-ed8ae5f1ff1a"
[backend] [2m2026-04-19T02:28:48.9638768+08:00[0m [32m INFO[0m ThreadId(03) [2mkoko::shell::媒体资产外壳[0m[2m:[0m 读取附件内容成功 [3musecase[0m[2m=[0m"读取附件内容" [3madapter[0m[2m=[0m"http" [3moutcome[0m[2m=[0m"succeeded" [3mrequest_kind[0m[2m=[0m"附件内容读取" [3mattachment_id[0m[2m=[0m"att-961d957a1877" [3msession_id[0m[2m=[0m"s-ed8ae5f1ff1a"
[backend] [2m2026-04-19T02:28:48.9644635+08:00[0m [32m INFO[0m ThreadId(06) [2mkoko::shell::媒体资产外壳[0m[2m:[0m HTTP 请求已受理 [3musecase[0m[2m=[0m"读取附件内容" [3madapter[0m[2m=[0m"http" [3moutcome[0m[2m=[0m"accepted" [3mrequest_kind[0m[2m=[0m"附件内容读取" [3mattachment_id[0m[2m=[0m"att-3a48c8f47757" [3msession_id[0m[2m=[0m"s-ed8ae5f1ff1a"
[backend] [2m2026-04-19T02:28:48.964718+08:00[0m [32m INFO[0m ThreadId(11) [2mkoko::shell::媒体资产外壳[0m[2m:[0m 读取附件内容成功 [3musecase[0m[2m=[0m"读取附件内容" [3madapter[0m[2m=[0m"http" [3moutcome[0m[2m=[0m"succeeded" [3mrequest_kind[0m[2m=[0m"附件内容读取" [3mattachment_id[0m[2m=[0m"att-8d44cbfede62" [3msession_id[0m[2m=[0m"s-ed8ae5f1ff1a"
[backend] [2m2026-04-19T02:28:48.9649415+08:00[0m [32m INFO[0m ThreadId(12) [2mkoko::shell::实时外壳[0m[2m:[0m realtime 订阅请求已受理 [3musecase[0m[2m=[0m"订阅房间事件流" [3madapter[0m[2m=[0m"socketioxide" [3moutcome[0m[2m=[0m"accepted" [3mroom_id[0m[2m=[0m"r-3cdfd560046a" [3msession_id[0m[2m=[0m"s-ed8ae5f1ff1a" [3mfrom[0m[2m=[0m19
[backend] [2m2026-04-19T02:28:48.9649427+08:00[0m [32m INFO[0m ThreadId(05) [2mkoko::shell::实时外壳[0m[2m:[0m realtime 订阅请求已受理 [3musecase[0m[2m=[0m"订阅房间事件流" [3madapter[0m[2m=[0m"socketioxide" [3moutcome[0m[2m=[0m"accepted" [3mroom_id[0m[2m=[0m"r-3cdfd560046a" [3msession_id[0m[2m=[0m"s-ed8ae5f1ff1a" [3mfrom[0m[2m=[0m19
[backend] [2m2026-04-19T02:28:48.9662118+08:00[0m [32m INFO[0m ThreadId(08) [2mkoko::shell::媒体资产外壳[0m[2m:[0m 读取附件内容成功 [3musecase[0m[2m=[0m"读取附件内容" [3madapter[0m[2m=[0m"http" [3moutcome[0m[2m=[0m"succeeded" [3mrequest_kind[0m[2m=[0m"附件内容读取" [3mattachment_id[0m[2m=[0m"att-2d964b96c071" [3msession_id[0m[2m=[0m"s-ed8ae5f1ff1a"
[backend] [2m2026-04-19T02:28:48.9698205+08:00[0m [32m INFO[0m ThreadId(05) [2mkoko::shell::媒体资产外壳[0m[2m:[0m 读取附件内容成功 [3musecase[0m[2m=[0m"读取附件内容" [3madapter[0m[2m=[0m"http" [3moutcome[0m[2m=[0m"succeeded" [3mrequest_kind[0m[2m=[0m"附件内容读取" [3mattachment_id[0m[2m=[0m"att-681e5b27b0c2" [3msession_id[0m[2m=[0m"s-ed8ae5f1ff1a"
[backend] [2m2026-04-19T02:28:48.9723488+08:00[0m [32m INFO[0m ThreadId(11) [2mkoko::shell::实时外壳[0m[2m:[0m 订阅房间事件流成功 [3musecase[0m[2m=[0m"订阅房间事件流" [3madapter[0m[2m=[0m"socketioxide" [3moutcome[0m[2m=[0m"succeeded" [3mroom_id[0m[2m=[0m"r-3cdfd560046a" [3msession_id[0m[2m=[0m"s-ed8ae5f1ff1a" [3mfrom[0m[2m=[0m19 [3mevent_position[0m[2m=[0m19
[backend] [2m2026-04-19T02:28:48.9729089+08:00[0m [32m INFO[0m ThreadId(05) [2mkoko::shell::媒体资产外壳[0m[2m:[0m 读取附件内容成功 [3musecase[0m[2m=[0m"读取附件内容" [3madapter[0m[2m=[0m"http" [3moutcome[0m[2m=[0m"succeeded" [3mrequest_kind[0m[2m=[0m"附件内容读取" [3mattachment_id[0m[2m=[0m"att-ac7a1188a600" [3msession_id[0m[2m=[0m"s-ed8ae5f1ff1a"
[backend] [2m2026-04-19T02:28:48.9729665+08:00[0m [32m INFO[0m ThreadId(10) [2mkoko::shell::媒体资产外壳[0m[2m:[0m 读取附件内容成功 [3musecase[0m[2m=[0m"读取附件内容" [3madapter[0m[2m=[0m"http" [3moutcome[0m[2m=[0m"succeeded" [3mrequest_kind[0m[2m=[0m"附件内容读取" [3mattachment_id[0m[2m=[0m"att-3a48c8f47757" [3msession_id[0m[2m=[0m"s-ed8ae5f1ff1a"
[backend] [2m2026-04-19T02:28:48.9741745+08:00[0m [32m INFO[0m ThreadId(06) [2mkoko::shell::实时外壳[0m[2m:[0m 订阅房间事件流成功 [3musecase[0m[2m=[0m"订阅房间事件流" [3madapter[0m[2m=[0m"socketioxide" [3moutcome[0m[2m=[0m"succeeded" [3mroom_id[0m[2m=[0m"r-3cdfd560046a" [3msession_id[0m[2m=[0m"s-ed8ae5f1ff1a" [3mfrom[0m[2m=[0m19 [3mevent_position[0m[2m=[0m19
[backend] [2m2026-04-19T02:28:48.983977+08:00[0m [32m INFO[0m ThreadId(05) [2mkoko::shell::媒体资产外壳[0m[2m:[0m HTTP 请求已受理 [3musecase[0m[2m=[0m"读取附件内容" [3madapter[0m[2m=[0m"http" [3moutcome[0m[2m=[0m"accepted" [3mrequest_kind[0m[2m=[0m"附件内容读取" [3mattachment_id[0m[2m=[0m"att-792bea97c0bd" [3msession_id[0m[2m=[0m"s-ed8ae5f1ff1a"
[backend] [2m2026-04-19T02:28:48.9874161+08:00[0m [32m INFO[0m ThreadId(05) [2mkoko::shell::媒体资产外壳[0m[2m:[0m HTTP 请求已受理 [3musecase[0m[2m=[0m"读取附件内容" [3madapter[0m[2m=[0m"http" [3moutcome[0m[2m=[0m"accepted" [3mrequest_kind[0m[2m=[0m"附件内容读取" [3mattachment_id[0m[2m=[0m"att-ea250b02f4f3" [3msession_id[0m[2m=[0m"s-ed8ae5f1ff1a"
[backend] [2m2026-04-19T02:28:48.9925046+08:00[0m [32m INFO[0m ThreadId(10) [2mkoko::shell::媒体资产外壳[0m[2m:[0m 读取附件内容成功 [3musecase[0m[2m=[0m"读取附件内容" [3madapter[0m[2m=[0m"http" [3moutcome[0m[2m=[0m"succeeded" [3mrequest_kind[0m[2m=[0m"附件内容读取" [3mattachment_id[0m[2m=[0m"att-792bea97c0bd" [3msession_id[0m[2m=[0m"s-ed8ae5f1ff1a"
[backend] [2m2026-04-19T02:28:48.9969042+08:00[0m [32m INFO[0m ThreadId(10) [2mkoko::shell::媒体资产外壳[0m[2m:[0m 读取附件内容成功 [3musecase[0m[2m=[0m"读取附件内容" [3madapter[0m[2m=[0m"http" [3moutcome[0m[2m=[0m"succeeded" [3mrequest_kind[0m[2m=[0m"附件内容读取" [3mattachment_id[0m[2m=[0m"att-ea250b02f4f3" [3msession_id[0m[2m=[0m"s-ed8ae5f1ff1a"
[backend] [2m2026-04-19T02:28:49.0114976+08:00[0m [32m INFO[0m ThreadId(05) [2mkoko::shell::媒体资产外壳[0m[2m:[0m HTTP 请求已受理 [3musecase[0m[2m=[0m"读取附件内容" [3madapter[0m[2m=[0m"http" [3moutcome[0m[2m=[0m"accepted" [3mrequest_kind[0m[2m=[0m"附件内容读取" [3mattachment_id[0m[2m=[0m"att-89421b5102e1" [3msession_id[0m[2m=[0m"s-ed8ae5f1ff1a"
[backend] [2m2026-04-19T02:28:49.0131257+08:00[0m [32m INFO[0m ThreadId(11) [2mkoko::shell::媒体资产外壳[0m[2m:[0m HTTP 请求已受理 [3musecase[0m[2m=[0m"读取附件内容" [3madapter[0m[2m=[0m"http" [3moutcome[0m[2m=[0m"accepted" [3mrequest_kind[0m[2m=[0m"附件内容读取" [3mattachment_id[0m[2m=[0m"att-56d8fca2bd57" [3msession_id[0m[2m=[0m"s-ed8ae5f1ff1a"
[backend] [2m2026-04-19T02:28:49.0131256+08:00[0m [32m INFO[0m ThreadId(08) [2mkoko::shell::媒体资产外壳[0m[2m:[0m HTTP 请求已受理 [3musecase[0m[2m=[0m"读取附件内容" [3madapter[0m[2m=[0m"http" [3moutcome[0m[2m=[0m"accepted" [3mrequest_kind[0m[2m=[0m"附件内容读取" [3mattachment_id[0m[2m=[0m"att-4b3bc2558118" [3msession_id[0m[2m=[0m"s-ed8ae5f1ff1a"
[backend] [2m2026-04-19T02:28:49.0131257+08:00[0m [32m INFO[0m ThreadId(05) [2mkoko::shell::媒体资产外壳[0m[2m:[0m HTTP 请求已受理 [3musecase[0m[2m=[0m"读取附件内容" [3madapter[0m[2m=[0m"http" [3moutcome[0m[2m=[0m"accepted" [3mrequest_kind[0m[2m=[0m"附件内容读取" [3mattachment_id[0m[2m=[0m"att-69182d17260b" [3msession_id[0m[2m=[0m"s-ed8ae5f1ff1a"
[backend] [2m2026-04-19T02:28:49.0132298+08:00[0m [32m INFO[0m ThreadId(06) [2mkoko::shell::媒体资产外壳[0m[2m:[0m HTTP 请求已受理 [3musecase[0m[2m=[0m"读取附件内容" [3madapter[0m[2m=[0m"http" [3moutcome[0m[2m=[0m"accepted" [3mrequest_kind[0m[2m=[0m"附件内容读取" [3mattachment_id[0m[2m=[0m"att-8aedf734e191" [3msession_id[0m[2m=[0m"s-ed8ae5f1ff1a"
[backend] [2m2026-04-19T02:28:49.0133421+08:00[0m [32m INFO[0m ThreadId(10) [2mkoko::shell::媒体资产外壳[0m[2m:[0m HTTP 请求已受理 [3musecase[0m[2m=[0m"读取附件内容" [3madapter[0m[2m=[0m"http" [3moutcome[0m[2m=[0m"accepted" [3mrequest_kind[0m[2m=[0m"附件内容读取" [3mattachment_id[0m[2m=[0m"att-879751db2737" [3msession_id[0m[2m=[0m"s-ed8ae5f1ff1a"
[backend] [2m2026-04-19T02:28:49.0201108+08:00[0m [32m INFO[0m ThreadId(10) [2mkoko::shell::媒体资产外壳[0m[2m:[0m 读取附件内容成功 [3musecase[0m[2m=[0m"读取附件内容" [3madapter[0m[2m=[0m"http" [3moutcome[0m[2m=[0m"succeeded" [3mrequest_kind[0m[2m=[0m"附件内容读取" [3mattachment_id[0m[2m=[0m"att-89421b5102e1" [3msession_id[0m[2m=[0m"s-ed8ae5f1ff1a"
[backend] [2m2026-04-19T02:28:49.0204051+08:00[0m [32m INFO[0m ThreadId(06) [2mkoko::shell::媒体资产外壳[0m[2m:[0m 读取附件内容成功 [3musecase[0m[2m=[0m"读取附件内容" [3madapter[0m[2m=[0m"http" [3moutcome[0m[2m=[0m"succeeded" [3mrequest_kind[0m[2m=[0m"附件内容读取" [3mattachment_id[0m[2m=[0m"att-4b3bc2558118" [3msession_id[0m[2m=[0m"s-ed8ae5f1ff1a"
[backend] [2m2026-04-19T02:28:49.0205068+08:00[0m [32m INFO[0m ThreadId(11) [2mkoko::shell::媒体资产外壳[0m[2m:[0m 读取附件内容成功 [3musecase[0m[2m=[0m"读取附件内容" [3madapter[0m[2m=[0m"http" [3moutcome[0m[2m=[0m"succeeded" [3mrequest_kind[0m[2m=[0m"附件内容读取" [3mattachment_id[0m[2m=[0m"att-69182d17260b" [3msession_id[0m[2m=[0m"s-ed8ae5f1ff1a"
[backend] [2m2026-04-19T02:28:49.0205361+08:00[0m [32m INFO[0m ThreadId(05) [2mkoko::shell::媒体资产外壳[0m[2m:[0m 读取附件内容成功 [3musecase[0m[2m=[0m"读取附件内容" [3madapter[0m[2m=[0m"http" [3moutcome[0m[2m=[0m"succeeded" [3mrequest_kind[0m[2m=[0m"附件内容读取" [3mattachment_id[0m[2m=[0m"att-56d8fca2bd57" [3msession_id[0m[2m=[0m"s-ed8ae5f1ff1a"
[backend] [2m2026-04-19T02:28:49.0246535+08:00[0m [32m INFO[0m ThreadId(05) [2mkoko::shell::媒体资产外壳[0m[2m:[0m 读取附件内容成功 [3musecase[0m[2m=[0m"读取附件内容" [3madapter[0m[2m=[0m"http" [3moutcome[0m[2m=[0m"succeeded" [3mrequest_kind[0m[2m=[0m"附件内容读取" [3mattachment_id[0m[2m=[0m"att-8aedf734e191" [3msession_id[0m[2m=[0m"s-ed8ae5f1ff1a"
[backend] [2m2026-04-19T02:28:49.0256259+08:00[0m [32m INFO[0m ThreadId(11) [2mkoko::shell::媒体资产外壳[0m[2m:[0m 读取附件内容成功 [3musecase[0m[2m=[0m"读取附件内容" [3madapter[0m[2m=[0m"http" [3moutcome[0m[2m=[0m"succeeded" [3mrequest_kind[0m[2m=[0m"附件内容读取" [3mattachment_id[0m[2m=[0m"att-879751db2737" [3msession_id[0m[2m=[0m"s-ed8ae5f1ff1a"
[backend] [2m2026-04-19T02:28:49.0410757+08:00[0m [32m INFO[0m ThreadId(05) [2mkoko::shell::媒体资产外壳[0m[2m:[0m HTTP 请求已受理 [3musecase[0m[2m=[0m"读取附件内容" [3madapter[0m[2m=[0m"http" [3moutcome[0m[2m=[0m"accepted" [3mrequest_kind[0m[2m=[0m"附件内容读取" [3mattachment_id[0m[2m=[0m"att-d1739ba9773f" [3msession_id[0m[2m=[0m"s-ed8ae5f1ff1a"
[backend] [2m2026-04-19T02:28:49.0441397+08:00[0m [32m INFO[0m ThreadId(05) [2mkoko::shell::媒体资产外壳[0m[2m:[0m HTTP 请求已受理 [3musecase[0m[2m=[0m"读取附件内容" [3madapter[0m[2m=[0m"http" [3moutcome[0m[2m=[0m"accepted" [3mrequest_kind[0m[2m=[0m"附件内容读取" [3mattachment_id[0m[2m=[0m"att-6727d0dfb7aa" [3msession_id[0m[2m=[0m"s-ed8ae5f1ff1a"
[backend] [2m2026-04-19T02:28:49.0490107+08:00[0m [32m INFO[0m ThreadId(10) [2mkoko::shell::媒体资产外壳[0m[2m:[0m HTTP 请求已受理 [3musecase[0m[2m=[0m"读取附件内容" [3madapter[0m[2m=[0m"http" [3moutcome[0m[2m=[0m"accepted" [3mrequest_kind[0m[2m=[0m"附件内容读取" [3mattachment_id[0m[2m=[0m"att-fb643f1210f6" [3msession_id[0m[2m=[0m"s-ed8ae5f1ff1a"
[backend] [2m2026-04-19T02:28:49.0495707+08:00[0m [32m INFO[0m ThreadId(05) [2mkoko::shell::媒体资产外壳[0m[2m:[0m 读取附件内容成功 [3musecase[0m[2m=[0m"读取附件内容" [3madapter[0m[2m=[0m"http" [3moutcome[0m[2m=[0m"succeeded" [3mrequest_kind[0m[2m=[0m"附件内容读取" [3mattachment_id[0m[2m=[0m"att-d1739ba9773f" [3msession_id[0m[2m=[0m"s-ed8ae5f1ff1a"
[backend] [2m2026-04-19T02:28:49.0539424+08:00[0m [32m INFO[0m ThreadId(05) [2mkoko::shell::媒体资产外壳[0m[2m:[0m HTTP 请求已受理 [3musecase[0m[2m=[0m"读取附件内容" [3madapter[0m[2m=[0m"http" [3moutcome[0m[2m=[0m"accepted" [3mrequest_kind[0m[2m=[0m"附件内容读取" [3mattachment_id[0m[2m=[0m"att-88e3fb0cd3fa" [3msession_id[0m[2m=[0m"s-ed8ae5f1ff1a"
[backend] [2m2026-04-19T02:28:49.0545644+08:00[0m [32m INFO[0m ThreadId(12) [2mkoko::shell::媒体资产外壳[0m[2m:[0m 读取附件内容成功 [3musecase[0m[2m=[0m"读取附件内容" [3madapter[0m[2m=[0m"http" [3moutcome[0m[2m=[0m"succeeded" [3mrequest_kind[0m[2m=[0m"附件内容读取" [3mattachment_id[0m[2m=[0m"att-6727d0dfb7aa" [3msession_id[0m[2m=[0m"s-ed8ae5f1ff1a"
[backend] [2m2026-04-19T02:28:49.0588655+08:00[0m [32m INFO[0m ThreadId(12) [2mkoko::shell::媒体资产外壳[0m[2m:[0m 读取附件内容成功 [3musecase[0m[2m=[0m"读取附件内容" [3madapter[0m[2m=[0m"http" [3moutcome[0m[2m=[0m"succeeded" [3mrequest_kind[0m[2m=[0m"附件内容读取" [3mattachment_id[0m[2m=[0m"att-fb643f1210f6" [3msession_id[0m[2m=[0m"s-ed8ae5f1ff1a"
[backend] [2m2026-04-19T02:28:49.0649631+08:00[0m [32m INFO[0m ThreadId(12) [2mkoko::shell::媒体资产外壳[0m[2m:[0m 读取附件内容成功 [3musecase[0m[2m=[0m"读取附件内容" [3madapter[0m[2m=[0m"http" [3moutcome[0m[2m=[0m"succeeded" [3mrequest_kind[0m[2m=[0m"附件内容读取" [3mattachment_id[0m[2m=[0m"att-88e3fb0cd3fa" [3msession_id[0m[2m=[0m"s-ed8ae5f1ff1a"
[backend] [2m2026-04-19T02:28:59.4125367+08:00[0m [32m INFO[0m ThreadId(12) [2mkoko::shell::媒体资产外壳[0m[2m:[0m HTTP 请求已受理 [3musecase[0m[2m=[0m"读取附件内容" [3madapter[0m[2m=[0m"http" [3moutcome[0m[2m=[0m"accepted" [3mrequest_kind[0m[2m=[0m"附件内容读取" [3mattachment_id[0m[2m=[0m"att-88e3fb0cd3fa" [3msession_id[0m[2m=[0m"s-ed8ae5f1ff1a"
[backend] [2m2026-04-19T02:28:59.4832068+08:00[0m [32m INFO[0m ThreadId(12) [2mkoko::shell::媒体资产外壳[0m[2m:[0m 读取附件内容成功 [3musecase[0m[2m=[0m"读取附件内容" [3madapter[0m[2m=[0m"http" [3moutcome[0m[2m=[0m"succeeded" [3mrequest_kind[0m[2m=[0m"附件内容读取" [3mattachment_id[0m[2m=[0m"att-88e3fb0cd3fa" [3msession_id[0m[2m=[0m"s-ed8ae5f1ff1a"
[backend] [2m2026-04-19T02:29:30.738598+08:00[0m [32m INFO[0m ThreadId(12) [2mkoko::shell::媒体资产外壳[0m[2m:[0m HTTP 请求已受理 [3musecase[0m[2m=[0m"读取附件内容" [3madapter[0m[2m=[0m"http" [3moutcome[0m[2m=[0m"accepted" [3mrequest_kind[0m[2m=[0m"附件内容读取" [3mattachment_id[0m[2m=[0m"att-88e3fb0cd3fa" [3msession_id[0m[2m=[0m"s-ed8ae5f1ff1a"
[backend] [2m2026-04-19T02:29:30.7478441+08:00[0m [32m INFO[0m ThreadId(06) [2mkoko::shell::媒体资产外壳[0m[2m:[0m 读取附件内容成功 [3musecase[0m[2m=[0m"读取附件内容" [3madapter[0m[2m=[0m"http" [3moutcome[0m[2m=[0m"succeeded" [3mrequest_kind[0m[2m=[0m"附件内容读取" [3mattachment_id[0m[2m=[0m"att-88e3fb0cd3fa" [3msession_id[0m[2m=[0m"s-ed8ae5f1ff1a"
[backend] [2m2026-04-19T02:30:07.4861092+08:00[0m [32m INFO[0m ThreadId(10) [2mkoko::shell::媒体资产外壳[0m[2m:[0m HTTP 请求已受理 [3musecase[0m[2m=[0m"读取附件内容" [3madapter[0m[2m=[0m"http" [3moutcome[0m[2m=[0m"accepted" [3mrequest_kind[0m[2m=[0m"附件内容读取" [3mattachment_id[0m[2m=[0m"att-88e3fb0cd3fa" [3msession_id[0m[2m=[0m"s-ed8ae5f1ff1a"
[backend] [2m2026-04-19T02:30:07.494138+08:00[0m [32m INFO[0m ThreadId(06) [2mkoko::shell::媒体资产外壳[0m[2m:[0m 读取附件内容成功 [3musecase[0m[2m=[0m"读取附件内容" [3madapter[0m[2m=[0m"http" [3moutcome[0m[2m=[0m"succeeded" [3mrequest_kind[0m[2m=[0m"附件内容读取" [3mattachment_id[0m[2m=[0m"att-88e3fb0cd3fa" [3msession_id[0m[2m=[0m"s-ed8ae5f1ff1a"
[backend] [2m2026-04-19T02:30:35.3997385+08:00[0m [32m INFO[0m ThreadId(10) [2mkoko::shell::媒体资产外壳[0m[2m:[0m HTTP 请求已受理 [3musecase[0m[2m=[0m"读取附件内容" [3madapter[0m[2m=[0m"http" [3moutcome[0m[2m=[0m"accepted" [3mrequest_kind[0m[2m=[0m"附件内容读取" [3mattachment_id[0m[2m=[0m"att-961d957a1877" [3msession_id[0m[2m=[0m"s-ed8ae5f1ff1a"
[backend] [2m2026-04-19T02:30:35.4010379+08:00[0m [32m INFO[0m ThreadId(06) [2mkoko::shell::媒体资产外壳[0m[2m:[0m HTTP 请求已受理 [3musecase[0m[2m=[0m"读取附件内容" [3madapter[0m[2m=[0m"http" [3moutcome[0m[2m=[0m"accepted" [3mrequest_kind[0m[2m=[0m"附件内容读取" [3mattachment_id[0m[2m=[0m"att-8d44cbfede62" [3msession_id[0m[2m=[0m"s-ed8ae5f1ff1a"
[backend] [2m2026-04-19T02:30:35.4011602+08:00[0m [32m INFO[0m ThreadId(10) [2mkoko::shell::媒体资产外壳[0m[2m:[0m HTTP 请求已受理 [3musecase[0m[2m=[0m"读取附件内容" [3madapter[0m[2m=[0m"http" [3moutcome[0m[2m=[0m"accepted" [3mrequest_kind[0m[2m=[0m"附件内容读取" [3mattachment_id[0m[2m=[0m"att-2d964b96c071" [3msession_id[0m[2m=[0m"s-ed8ae5f1ff1a"
[backend] [2m2026-04-19T02:30:35.4028264+08:00[0m [32m INFO[0m ThreadId(05) [2mkoko::shell::媒体资产外壳[0m[2m:[0m HTTP 请求已受理 [3musecase[0m[2m=[0m"读取附件内容" [3madapter[0m[2m=[0m"http" [3moutcome[0m[2m=[0m"accepted" [3mrequest_kind[0m[2m=[0m"附件内容读取" [3mattachment_id[0m[2m=[0m"att-681e5b27b0c2" [3msession_id[0m[2m=[0m"s-ed8ae5f1ff1a"
[backend] [2m2026-04-19T02:30:35.4040449+08:00[0m [32m INFO[0m ThreadId(05) [2mkoko::shell::媒体资产外壳[0m[2m:[0m HTTP 请求已受理 [3musecase[0m[2m=[0m"读取附件内容" [3madapter[0m[2m=[0m"http" [3moutcome[0m[2m=[0m"accepted" [3mrequest_kind[0m[2m=[0m"附件内容读取" [3mattachment_id[0m[2m=[0m"att-3a48c8f47757" [3msession_id[0m[2m=[0m"s-ed8ae5f1ff1a"
[backend] [2m2026-04-19T02:30:35.404045+08:00[0m [32m INFO[0m ThreadId(10) [2mkoko::shell::媒体资产外壳[0m[2m:[0m HTTP 请求已受理 [3musecase[0m[2m=[0m"读取附件内容" [3madapter[0m[2m=[0m"http" [3moutcome[0m[2m=[0m"accepted" [3mrequest_kind[0m[2m=[0m"附件内容读取" [3mattachment_id[0m[2m=[0m"att-ac7a1188a600" [3msession_id[0m[2m=[0m"s-ed8ae5f1ff1a"
[backend] [2m2026-04-19T02:30:35.4157448+08:00[0m [32m INFO[0m ThreadId(06) [2mkoko::shell::媒体资产外壳[0m[2m:[0m 读取附件内容成功 [3musecase[0m[2m=[0m"读取附件内容" [3madapter[0m[2m=[0m"http" [3moutcome[0m[2m=[0m"succeeded" [3mrequest_kind[0m[2m=[0m"附件内容读取" [3mattachment_id[0m[2m=[0m"att-2d964b96c071" [3msession_id[0m[2m=[0m"s-ed8ae5f1ff1a"
[backend] [2m2026-04-19T02:30:35.4168369+08:00[0m [32m INFO[0m ThreadId(12) [2mkoko::shell::媒体资产外壳[0m[2m:[0m 读取附件内容成功 [3musecase[0m[2m=[0m"读取附件内容" [3madapter[0m[2m=[0m"http" [3moutcome[0m[2m=[0m"succeeded" [3mrequest_kind[0m[2m=[0m"附件内容读取" [3mattachment_id[0m[2m=[0m"att-8d44cbfede62" [3msession_id[0m[2m=[0m"s-ed8ae5f1ff1a"
[backend] [2m2026-04-19T02:30:35.4189014+08:00[0m [32m INFO[0m ThreadId(05) [2mkoko::shell::媒体资产外壳[0m[2m:[0m 读取附件内容成功 [3musecase[0m[2m=[0m"读取附件内容" [3madapter[0m[2m=[0m"http" [3moutcome[0m[2m=[0m"succeeded" [3mrequest_kind[0m[2m=[0m"附件内容读取" [3mattachment_id[0m[2m=[0m"att-ac7a1188a600" [3msession_id[0m[2m=[0m"s-ed8ae5f1ff1a"
[backend] [2m2026-04-19T02:30:35.4197854+08:00[0m [32m INFO[0m ThreadId(12) [2mkoko::shell::媒体资产外壳[0m[2m:[0m 读取附件内容成功 [3musecase[0m[2m=[0m"读取附件内容" [3madapter[0m[2m=[0m"http" [3moutcome[0m[2m=[0m"succeeded" [3mrequest_kind[0m[2m=[0m"附件内容读取" [3mattachment_id[0m[2m=[0m"att-961d957a1877" [3msession_id[0m[2m=[0m"s-ed8ae5f1ff1a"
[backend] [2m2026-04-19T02:30:35.4209946+08:00[0m [32m INFO[0m ThreadId(05) [2mkoko::shell::媒体资产外壳[0m[2m:[0m 读取附件内容成功 [3musecase[0m[2m=[0m"读取附件内容" [3madapter[0m[2m=[0m"http" [3moutcome[0m[2m=[0m"succeeded" [3mrequest_kind[0m[2m=[0m"附件内容读取" [3mattachment_id[0m[2m=[0m"att-681e5b27b0c2" [3msession_id[0m[2m=[0m"s-ed8ae5f1ff1a"
[backend] [2m2026-04-19T02:30:35.4214327+08:00[0m [32m INFO[0m ThreadId(06) [2mkoko::shell::媒体资产外壳[0m[2m:[0m 读取附件内容成功 [3musecase[0m[2m=[0m"读取附件内容" [3madapter[0m[2m=[0m"http" [3moutcome[0m[2m=[0m"succeeded" [3mrequest_kind[0m[2m=[0m"附件内容读取" [3mattachment_id[0m[2m=[0m"att-3a48c8f47757" [3msession_id[0m[2m=[0m"s-ed8ae5f1ff1a"
[backend] [2m2026-04-19T02:30:35.4484387+08:00[0m [32m INFO[0m ThreadId(10) [2mkoko::shell::媒体资产外壳[0m[2m:[0m HTTP 请求已受理 [3musecase[0m[2m=[0m"读取附件内容" [3madapter[0m[2m=[0m"http" [3moutcome[0m[2m=[0m"accepted" [3mrequest_kind[0m[2m=[0m"附件内容读取" [3mattachment_id[0m[2m=[0m"att-792bea97c0bd" [3msession_id[0m[2m=[0m"s-ed8ae5f1ff1a"
[backend] [2m2026-04-19T02:30:35.4507469+08:00[0m [32m INFO[0m ThreadId(06) [2mkoko::shell::媒体资产外壳[0m[2m:[0m HTTP 请求已受理 [3musecase[0m[2m=[0m"读取附件内容" [3madapter[0m[2m=[0m"http" [3moutcome[0m[2m=[0m"accepted" [3mrequest_kind[0m[2m=[0m"附件内容读取" [3mattachment_id[0m[2m=[0m"att-ea250b02f4f3" [3msession_id[0m[2m=[0m"s-ed8ae5f1ff1a"
[backend] [2m2026-04-19T02:30:35.4591893+08:00[0m [32m INFO[0m ThreadId(10) [2mkoko::shell::媒体资产外壳[0m[2m:[0m 读取附件内容成功 [3musecase[0m[2m=[0m"读取附件内容" [3madapter[0m[2m=[0m"http" [3moutcome[0m[2m=[0m"succeeded" [3mrequest_kind[0m[2m=[0m"附件内容读取" [3mattachment_id[0m[2m=[0m"att-792bea97c0bd" [3msession_id[0m[2m=[0m"s-ed8ae5f1ff1a"
[backend] [2m2026-04-19T02:30:35.4603192+08:00[0m [32m INFO[0m ThreadId(06) [2mkoko::shell::媒体资产外壳[0m[2m:[0m 读取附件内容成功 [3musecase[0m[2m=[0m"读取附件内容" [3madapter[0m[2m=[0m"http" [3moutcome[0m[2m=[0m"succeeded" [3mrequest_kind[0m[2m=[0m"附件内容读取" [3mattachment_id[0m[2m=[0m"att-ea250b02f4f3" [3msession_id[0m[2m=[0m"s-ed8ae5f1ff1a"
[backend] [2m2026-04-19T02:30:35.5812558+08:00[0m [32m INFO[0m ThreadId(12) [2mkoko::shell::媒体资产外壳[0m[2m:[0m HTTP 请求已受理 [3musecase[0m[2m=[0m"读取附件内容" [3madapter[0m[2m=[0m"http" [3moutcome[0m[2m=[0m"accepted" [3mrequest_kind[0m[2m=[0m"附件内容读取" [3mattachment_id[0m[2m=[0m"att-961d957a1877" [3msession_id[0m[2m=[0m"s-ed8ae5f1ff1a"
[backend] [2m2026-04-19T02:30:35.602474+08:00[0m [32m INFO[0m ThreadId(06) [2mkoko::shell::媒体资产外壳[0m[2m:[0m 读取附件内容成功 [3musecase[0m[2m=[0m"读取附件内容" [3madapter[0m[2m=[0m"http" [3moutcome[0m[2m=[0m"succeeded" [3mrequest_kind[0m[2m=[0m"附件内容读取" [3mattachment_id[0m[2m=[0m"att-961d957a1877" [3msession_id[0m[2m=[0m"s-ed8ae5f1ff1a"
[typecheck] 02:31:18 - File change detected. Starting incremental compilation...
[typecheck] app-sw.ts(97,23): error TS2339: Property 'claim' does not exist on type '可匹配客户端集合'.
[typecheck] 02:31:18 - Found 1 error. Watching for file changes.
[typecheck] 02:31:45 - File change detected. Starting incremental compilation...
[typecheck] app-sw.ts(97,23): error TS2339: Property 'claim' does not exist on type '可匹配客户端集合'.
[typecheck] 02:31:46 - Found 1 error. Watching for file changes.
[build] [koko-build] manifest updated: js=/dist/app-Z5YJKLLR.js css=/dist/app-TVFJWQ53.css
[backend] [2m2026-04-19T02:32:05.0714507+08:00[0m [32m INFO[0m ThreadId(12) [2mkoko::shell::实时外壳[0m[2m:[0m realtime 连接已正常断开 [3musecase[0m[2m=[0m"实时连接断开" [3madapter[0m[2m=[0m"socketioxide" [3moutcome[0m[2m=[0m"dropped" [3msession_id[0m[2m=[0m"s-ed8ae5f1ff1a" [3mdisconnect_reason[0m[2m=[0mclient has manually disconnected the socket from the namespace
[backend] [2m2026-04-19T02:32:05.0796558+08:00[0m [32m INFO[0m ThreadId(06) [2mkoko::shell::媒体资产外壳[0m[2m:[0m HTTP 请求已受理 [3musecase[0m[2m=[0m"读取附件内容" [3madapter[0m[2m=[0m"http" [3moutcome[0m[2m=[0m"accepted" [3mrequest_kind[0m[2m=[0m"附件内容读取" [3mattachment_id[0m[2m=[0m"att-961d957a1877" [3msession_id[0m[2m=[0m"s-ed8ae5f1ff1a"
[backend] [2m2026-04-19T02:32:05.0923622+08:00[0m [32m INFO[0m ThreadId(05) [2mkoko::shell::媒体资产外壳[0m[2m:[0m 读取附件内容成功 [3musecase[0m[2m=[0m"读取附件内容" [3madapter[0m[2m=[0m"http" [3moutcome[0m[2m=[0m"succeeded" [3mrequest_kind[0m[2m=[0m"附件内容读取" [3mattachment_id[0m[2m=[0m"att-961d957a1877" [3msession_id[0m[2m=[0m"s-ed8ae5f1ff1a"
[backend] [2m2026-04-19T02:32:05.105874+08:00[0m [32m INFO[0m ThreadId(06) [2mkoko::shell::媒体资产外壳[0m[2m:[0m HTTP 请求已受理 [3musecase[0m[2m=[0m"读取附件内容" [3madapter[0m[2m=[0m"http" [3moutcome[0m[2m=[0m"accepted" [3mrequest_kind[0m[2m=[0m"附件内容读取" [3mattachment_id[0m[2m=[0m"att-961d957a1877" [3msession_id[0m[2m=[0m"s-ed8ae5f1ff1a"
[backend] [2m2026-04-19T02:32:05.1320827+08:00[0m [32m INFO[0m ThreadId(06) [2mkoko::shell::媒体资产外壳[0m[2m:[0m 读取附件内容成功 [3musecase[0m[2m=[0m"读取附件内容" [3madapter[0m[2m=[0m"http" [3moutcome[0m[2m=[0m"succeeded" [3mrequest_kind[0m[2m=[0m"附件内容读取" [3mattachment_id[0m[2m=[0m"att-961d957a1877" [3msession_id[0m[2m=[0m"s-ed8ae5f1ff1a"
[backend] [2m2026-04-19T02:32:05.1539673+08:00[0m [32m INFO[0m ThreadId(10) [2mkoko::shell::媒体资产外壳[0m[2m:[0m HTTP 请求已受理 [3musecase[0m[2m=[0m"读取附件内容" [3madapter[0m[2m=[0m"http" [3moutcome[0m[2m=[0m"accepted" [3mrequest_kind[0m[2m=[0m"附件内容读取" [3mattachment_id[0m[2m=[0m"att-961d957a1877" [3msession_id[0m[2m=[0m"s-ed8ae5f1ff1a"
[backend] [2m2026-04-19T02:32:05.1631821+08:00[0m [32m INFO[0m ThreadId(06) [2mkoko::shell::媒体资产外壳[0m[2m:[0m 读取附件内容成功 [3musecase[0m[2m=[0m"读取附件内容" [3madapter[0m[2m=[0m"http" [3moutcome[0m[2m=[0m"succeeded" [3mrequest_kind[0m[2m=[0m"附件内容读取" [3mattachment_id[0m[2m=[0m"att-961d957a1877" [3msession_id[0m[2m=[0m"s-ed8ae5f1ff1a"
[backend] [2m2026-04-19T02:32:05.4084816+08:00[0m [32m INFO[0m ThreadId(06) [2mkoko::shell::房间外壳[0m[2m:[0m HTTP 请求已受理 [3musecase[0m[2m=[0m"引导匿名身份" [3madapter[0m[2m=[0m"http" [3moutcome[0m[2m=[0m"accepted" [3mrequest_kind[0m[2m=[0m"匿名身份引导"
[backend] [2m2026-04-19T02:32:05.4214037+08:00[0m [32m INFO[0m ThreadId(10) [2mkoko::shell::房间外壳[0m[2m:[0m 引导匿名身份成功 [3musecase[0m[2m=[0m"引导匿名身份" [3madapter[0m[2m=[0m"http" [3moutcome[0m[2m=[0m"succeeded" [3mrequest_kind[0m[2m=[0m"匿名身份引导" [3msession_id[0m[2m=[0m"s-ed8ae5f1ff1a"
[backend] [2m2026-04-19T02:32:05.5123473+08:00[0m [32m INFO[0m ThreadId(08) [2mkoko::shell::房间外壳[0m[2m:[0m HTTP 请求已受理 [3musecase[0m[2m=[0m"加载房间快照" [3madapter[0m[2m=[0m"http" [3moutcome[0m[2m=[0m"accepted" [3mrequest_kind[0m[2m=[0m"房间快照查询" [3mroom_id[0m[2m=[0m"r-3cdfd560046a" [3msession_id[0m[2m=[0m"s-ed8ae5f1ff1a"
[backend] [2m2026-04-19T02:32:05.5531729+08:00[0m [32m INFO[0m ThreadId(12) [2mkoko::shell::实时外壳[0m[2m:[0m realtime 连接认证已受理 [3musecase[0m[2m=[0m"实时连接认证" [3madapter[0m[2m=[0m"socketioxide" [3moutcome[0m[2m=[0m"accepted" [3msession_id[0m[2m=[0m"s-ed8ae5f1ff1a"
[backend] [2m2026-04-19T02:32:05.554612+08:00[0m [32m INFO[0m ThreadId(12) [2mkoko::shell::实时外壳[0m[2m:[0m realtime 连接认证成功 [3musecase[0m[2m=[0m"实时连接认证" [3madapter[0m[2m=[0m"socketioxide" [3moutcome[0m[2m=[0m"succeeded" [3msession_id[0m[2m=[0m"s-ed8ae5f1ff1a"
[backend] [2m2026-04-19T02:32:05.563729+08:00[0m [32m INFO[0m ThreadId(10) [2mkoko::shell::实时外壳[0m[2m:[0m realtime 订阅请求已受理 [3musecase[0m[2m=[0m"订阅房间事件流" [3madapter[0m[2m=[0m"socketioxide" [3moutcome[0m[2m=[0m"accepted" [3mroom_id[0m[2m=[0m"r-3cdfd560046a" [3msession_id[0m[2m=[0m"s-ed8ae5f1ff1a" [3mfrom[0m[2m=[0m0
[backend] [2m2026-04-19T02:32:05.6357477+08:00[0m [32m INFO[0m ThreadId(10) [2mkoko::shell::实时外壳[0m[2m:[0m 订阅房间事件流成功 [3musecase[0m[2m=[0m"订阅房间事件流" [3madapter[0m[2m=[0m"socketioxide" [3moutcome[0m[2m=[0m"succeeded" [3mroom_id[0m[2m=[0m"r-3cdfd560046a" [3msession_id[0m[2m=[0m"s-ed8ae5f1ff1a" [3mfrom[0m[2m=[0m0 [3mevent_position[0m[2m=[0m19
[backend] [2m2026-04-19T02:32:05.6516351+08:00[0m [32m INFO[0m ThreadId(12) [2mkoko::shell::房间外壳[0m[2m:[0m 加载房间快照成功 [3musecase[0m[2m=[0m"加载房间快照" [3madapter[0m[2m=[0m"http" [3moutcome[0m[2m=[0m"succeeded" [3mrequest_kind[0m[2m=[0m"房间快照查询" [3mroom_id[0m[2m=[0m"r-3cdfd560046a" [3msession_id[0m[2m=[0m"s-ed8ae5f1ff1a" [3mevent_position[0m[2m=[0m19
[backend] [2m2026-04-19T02:32:05.7282294+08:00[0m [32m INFO[0m ThreadId(06) [2mkoko::shell::媒体资产外壳[0m[2m:[0m HTTP 请求已受理 [3musecase[0m[2m=[0m"读取附件内容" [3madapter[0m[2m=[0m"http" [3moutcome[0m[2m=[0m"accepted" [3mrequest_kind[0m[2m=[0m"附件内容读取" [3mattachment_id[0m[2m=[0m"att-961d957a1877" [3msession_id[0m[2m=[0m"s-ed8ae5f1ff1a"
[backend] [2m2026-04-19T02:32:05.735232+08:00[0m [32m INFO[0m ThreadId(12) [2mkoko::shell::媒体资产外壳[0m[2m:[0m HTTP 请求已受理 [3musecase[0m[2m=[0m"读取附件内容" [3madapter[0m[2m=[0m"http" [3moutcome[0m[2m=[0m"accepted" [3mrequest_kind[0m[2m=[0m"附件内容读取" [3mattachment_id[0m[2m=[0m"att-2d964b96c071" [3msession_id[0m[2m=[0m"s-ed8ae5f1ff1a"
[backend] [2m2026-04-19T02:32:05.7356104+08:00[0m [32m INFO[0m ThreadId(06) [2mkoko::shell::媒体资产外壳[0m[2m:[0m HTTP 请求已受理 [3musecase[0m[2m=[0m"读取附件内容" [3madapter[0m[2m=[0m"http" [3moutcome[0m[2m=[0m"accepted" [3mrequest_kind[0m[2m=[0m"附件内容读取" [3mattachment_id[0m[2m=[0m"att-8d44cbfede62" [3msession_id[0m[2m=[0m"s-ed8ae5f1ff1a"
[backend] [2m2026-04-19T02:32:05.7380658+08:00[0m [32m INFO[0m ThreadId(06) [2mkoko::shell::实时外壳[0m[2m:[0m realtime 订阅请求已受理 [3musecase[0m[2m=[0m"订阅房间事件流" [3madapter[0m[2m=[0m"socketioxide" [3moutcome[0m[2m=[0m"accepted" [3mroom_id[0m[2m=[0m"r-3cdfd560046a" [3msession_id[0m[2m=[0m"s-ed8ae5f1ff1a" [3mfrom[0m[2m=[0m19
[backend] [2m2026-04-19T02:32:05.7380376+08:00[0m [32m INFO[0m ThreadId(10) [2mkoko::shell::媒体资产外壳[0m[2m:[0m HTTP 请求已受理 [3musecase[0m[2m=[0m"读取附件内容" [3madapter[0m[2m=[0m"http" [3moutcome[0m[2m=[0m"accepted" [3mrequest_kind[0m[2m=[0m"附件内容读取" [3mattachment_id[0m[2m=[0m"att-681e5b27b0c2" [3msession_id[0m[2m=[0m"s-ed8ae5f1ff1a"
[backend] [2m2026-04-19T02:32:05.7457495+08:00[0m [32m INFO[0m ThreadId(08) [2mkoko::shell::实时外壳[0m[2m:[0m 订阅房间事件流成功 [3musecase[0m[2m=[0m"订阅房间事件流" [3madapter[0m[2m=[0m"socketioxide" [3moutcome[0m[2m=[0m"succeeded" [3mroom_id[0m[2m=[0m"r-3cdfd560046a" [3msession_id[0m[2m=[0m"s-ed8ae5f1ff1a" [3mfrom[0m[2m=[0m19 [3mevent_position[0m[2m=[0m19
[backend] [2m2026-04-19T02:32:05.7492557+08:00[0m [32m INFO[0m ThreadId(08) [2mkoko::shell::媒体资产外壳[0m[2m:[0m 读取附件内容成功 [3musecase[0m[2m=[0m"读取附件内容" [3madapter[0m[2m=[0m"http" [3moutcome[0m[2m=[0m"succeeded" [3mrequest_kind[0m[2m=[0m"附件内容读取" [3mattachment_id[0m[2m=[0m"att-961d957a1877" [3msession_id[0m[2m=[0m"s-ed8ae5f1ff1a"
[backend] [2m2026-04-19T02:32:05.7587941+08:00[0m [32m INFO[0m ThreadId(08) [2mkoko::shell::媒体资产外壳[0m[2m:[0m HTTP 请求已受理 [3musecase[0m[2m=[0m"读取附件内容" [3madapter[0m[2m=[0m"http" [3moutcome[0m[2m=[0m"accepted" [3mrequest_kind[0m[2m=[0m"附件内容读取" [3mattachment_id[0m[2m=[0m"att-ac7a1188a600" [3msession_id[0m[2m=[0m"s-ed8ae5f1ff1a"
[backend] [2m2026-04-19T02:32:05.761504+08:00[0m [32m INFO[0m ThreadId(08) [2mkoko::shell::媒体资产外壳[0m[2m:[0m HTTP 请求已受理 [3musecase[0m[2m=[0m"读取附件内容" [3madapter[0m[2m=[0m"http" [3moutcome[0m[2m=[0m"accepted" [3mrequest_kind[0m[2m=[0m"附件内容读取" [3mattachment_id[0m[2m=[0m"att-3a48c8f47757" [3msession_id[0m[2m=[0m"s-ed8ae5f1ff1a"
[backend] [2m2026-04-19T02:32:05.7675748+08:00[0m [32m INFO[0m ThreadId(05) [2mkoko::shell::媒体资产外壳[0m[2m:[0m 读取附件内容成功 [3musecase[0m[2m=[0m"读取附件内容" [3madapter[0m[2m=[0m"http" [3moutcome[0m[2m=[0m"succeeded" [3mrequest_kind[0m[2m=[0m"附件内容读取" [3mattachment_id[0m[2m=[0m"att-2d964b96c071" [3msession_id[0m[2m=[0m"s-ed8ae5f1ff1a"
[backend] [2m2026-04-19T02:32:05.7687693+08:00[0m [32m INFO[0m ThreadId(12) [2mkoko::shell::媒体资产外壳[0m[2m:[0m 读取附件内容成功 [3musecase[0m[2m=[0m"读取附件内容" [3madapter[0m[2m=[0m"http" [3moutcome[0m[2m=[0m"succeeded" [3mrequest_kind[0m[2m=[0m"附件内容读取" [3mattachment_id[0m[2m=[0m"att-8d44cbfede62" [3msession_id[0m[2m=[0m"s-ed8ae5f1ff1a"
[backend] [2m2026-04-19T02:32:05.770416+08:00[0m [32m INFO[0m ThreadId(12) [2mkoko::shell::媒体资产外壳[0m[2m:[0m 读取附件内容成功 [3musecase[0m[2m=[0m"读取附件内容" [3madapter[0m[2m=[0m"http" [3moutcome[0m[2m=[0m"succeeded" [3mrequest_kind[0m[2m=[0m"附件内容读取" [3mattachment_id[0m[2m=[0m"att-681e5b27b0c2" [3msession_id[0m[2m=[0m"s-ed8ae5f1ff1a"
[backend] [2m2026-04-19T02:32:05.7882794+08:00[0m [32m INFO[0m ThreadId(12) [2mkoko::shell::媒体资产外壳[0m[2m:[0m 读取附件内容成功 [3musecase[0m[2m=[0m"读取附件内容" [3madapter[0m[2m=[0m"http" [3moutcome[0m[2m=[0m"succeeded" [3mrequest_kind[0m[2m=[0m"附件内容读取" [3mattachment_id[0m[2m=[0m"att-3a48c8f47757" [3msession_id[0m[2m=[0m"s-ed8ae5f1ff1a"
[backend] [2m2026-04-19T02:32:05.7930284+08:00[0m [32m INFO[0m ThreadId(12) [2mkoko::shell::媒体资产外壳[0m[2m:[0m 读取附件内容成功 [3musecase[0m[2m=[0m"读取附件内容" [3madapter[0m[2m=[0m"http" [3moutcome[0m[2m=[0m"succeeded" [3mrequest_kind[0m[2m=[0m"附件内容读取" [3mattachment_id[0m[2m=[0m"att-ac7a1188a600" [3msession_id[0m[2m=[0m"s-ed8ae5f1ff1a"
[backend] [2m2026-04-19T02:32:05.8014781+08:00[0m [32m INFO[0m ThreadId(10) [2mkoko::shell::媒体资产外壳[0m[2m:[0m HTTP 请求已受理 [3musecase[0m[2m=[0m"读取附件内容" [3madapter[0m[2m=[0m"http" [3moutcome[0m[2m=[0m"accepted" [3mrequest_kind[0m[2m=[0m"附件内容读取" [3mattachment_id[0m[2m=[0m"att-ea250b02f4f3" [3msession_id[0m[2m=[0m"s-ed8ae5f1ff1a"
[backend] [2m2026-04-19T02:32:05.8174802+08:00[0m [32m INFO[0m ThreadId(10) [2mkoko::shell::媒体资产外壳[0m[2m:[0m 读取附件内容成功 [3musecase[0m[2m=[0m"读取附件内容" [3madapter[0m[2m=[0m"http" [3moutcome[0m[2m=[0m"succeeded" [3mrequest_kind[0m[2m=[0m"附件内容读取" [3mattachment_id[0m[2m=[0m"att-ea250b02f4f3" [3msession_id[0m[2m=[0m"s-ed8ae5f1ff1a"
[backend] [2m2026-04-19T02:32:05.8267858+08:00[0m [32m INFO[0m ThreadId(05) [2mkoko::shell::媒体资产外壳[0m[2m:[0m HTTP 请求已受理 [3musecase[0m[2m=[0m"读取附件内容" [3madapter[0m[2m=[0m"http" [3moutcome[0m[2m=[0m"accepted" [3mrequest_kind[0m[2m=[0m"附件内容读取" [3mattachment_id[0m[2m=[0m"att-792bea97c0bd" [3msession_id[0m[2m=[0m"s-ed8ae5f1ff1a"
[backend] [2m2026-04-19T02:32:05.8376542+08:00[0m [32m INFO[0m ThreadId(12) [2mkoko::shell::媒体资产外壳[0m[2m:[0m 读取附件内容成功 [3musecase[0m[2m=[0m"读取附件内容" [3madapter[0m[2m=[0m"http" [3moutcome[0m[2m=[0m"succeeded" [3mrequest_kind[0m[2m=[0m"附件内容读取" [3mattachment_id[0m[2m=[0m"att-792bea97c0bd" [3msession_id[0m[2m=[0m"s-ed8ae5f1ff1a"
[backend] [2m2026-04-19T02:32:05.8452927+08:00[0m [32m INFO[0m ThreadId(05) [2mkoko::shell::媒体资产外壳[0m[2m:[0m HTTP 请求已受理 [3musecase[0m[2m=[0m"读取附件内容" [3madapter[0m[2m=[0m"http" [3moutcome[0m[2m=[0m"accepted" [3mrequest_kind[0m[2m=[0m"附件内容读取" [3mattachment_id[0m[2m=[0m"att-89421b5102e1" [3msession_id[0m[2m=[0m"s-ed8ae5f1ff1a"
[backend] [2m2026-04-19T02:32:05.8483735+08:00[0m [32m INFO[0m ThreadId(05) [2mkoko::shell::媒体资产外壳[0m[2m:[0m HTTP 请求已受理 [3musecase[0m[2m=[0m"读取附件内容" [3madapter[0m[2m=[0m"http" [3moutcome[0m[2m=[0m"accepted" [3mrequest_kind[0m[2m=[0m"附件内容读取" [3mattachment_id[0m[2m=[0m"att-879751db2737" [3msession_id[0m[2m=[0m"s-ed8ae5f1ff1a"
[backend] [2m2026-04-19T02:32:05.861101+08:00[0m [32m INFO[0m ThreadId(12) [2mkoko::shell::媒体资产外壳[0m[2m:[0m 读取附件内容成功 [3musecase[0m[2m=[0m"读取附件内容" [3madapter[0m[2m=[0m"http" [3moutcome[0m[2m=[0m"succeeded" [3mrequest_kind[0m[2m=[0m"附件内容读取" [3mattachment_id[0m[2m=[0m"att-879751db2737" [3msession_id[0m[2m=[0m"s-ed8ae5f1ff1a"
[backend] [2m2026-04-19T02:32:05.8623059+08:00[0m [32m INFO[0m ThreadId(10) [2mkoko::shell::媒体资产外壳[0m[2m:[0m 读取附件内容成功 [3musecase[0m[2m=[0m"读取附件内容" [3madapter[0m[2m=[0m"http" [3moutcome[0m[2m=[0m"succeeded" [3mrequest_kind[0m[2m=[0m"附件内容读取" [3mattachment_id[0m[2m=[0m"att-89421b5102e1" [3msession_id[0m[2m=[0m"s-ed8ae5f1ff1a"
[backend] [2m2026-04-19T02:32:05.8627959+08:00[0m [32m INFO[0m ThreadId(05) [2mkoko::shell::媒体资产外壳[0m[2m:[0m HTTP 请求已受理 [3musecase[0m[2m=[0m"读取附件内容" [3madapter[0m[2m=[0m"http" [3moutcome[0m[2m=[0m"accepted" [3mrequest_kind[0m[2m=[0m"附件内容读取" [3mattachment_id[0m[2m=[0m"att-56d8fca2bd57" [3msession_id[0m[2m=[0m"s-ed8ae5f1ff1a"
[backend] [2m2026-04-19T02:32:05.8631824+08:00[0m [32m INFO[0m ThreadId(12) [2mkoko::shell::媒体资产外壳[0m[2m:[0m HTTP 请求已受理 [3musecase[0m[2m=[0m"读取附件内容" [3madapter[0m[2m=[0m"http" [3moutcome[0m[2m=[0m"accepted" [3mrequest_kind[0m[2m=[0m"附件内容读取" [3mattachment_id[0m[2m=[0m"att-8aedf734e191" [3msession_id[0m[2m=[0m"s-ed8ae5f1ff1a"
[backend] [2m2026-04-19T02:32:05.8778889+08:00[0m [32m INFO[0m ThreadId(05) [2mkoko::shell::媒体资产外壳[0m[2m:[0m HTTP 请求已受理 [3musecase[0m[2m=[0m"读取附件内容" [3madapter[0m[2m=[0m"http" [3moutcome[0m[2m=[0m"accepted" [3mrequest_kind[0m[2m=[0m"附件内容读取" [3mattachment_id[0m[2m=[0m"att-4b3bc2558118" [3msession_id[0m[2m=[0m"s-ed8ae5f1ff1a"
[backend] [2m2026-04-19T02:32:05.8804179+08:00[0m [32m INFO[0m ThreadId(12) [2mkoko::shell::媒体资产外壳[0m[2m:[0m 读取附件内容成功 [3musecase[0m[2m=[0m"读取附件内容" [3madapter[0m[2m=[0m"http" [3moutcome[0m[2m=[0m"succeeded" [3mrequest_kind[0m[2m=[0m"附件内容读取" [3mattachment_id[0m[2m=[0m"att-8aedf734e191" [3msession_id[0m[2m=[0m"s-ed8ae5f1ff1a"
[backend] [2m2026-04-19T02:32:05.8819141+08:00[0m [32m INFO[0m ThreadId(05) [2mkoko::shell::媒体资产外壳[0m[2m:[0m 读取附件内容成功 [3musecase[0m[2m=[0m"读取附件内容" [3madapter[0m[2m=[0m"http" [3moutcome[0m[2m=[0m"succeeded" [3mrequest_kind[0m[2m=[0m"附件内容读取" [3mattachment_id[0m[2m=[0m"att-56d8fca2bd57" [3msession_id[0m[2m=[0m"s-ed8ae5f1ff1a"
[backend] [2m2026-04-19T02:32:05.8921034+08:00[0m [32m INFO[0m ThreadId(12) [2mkoko::shell::媒体资产外壳[0m[2m:[0m HTTP 请求已受理 [3musecase[0m[2m=[0m"读取附件内容" [3madapter[0m[2m=[0m"http" [3moutcome[0m[2m=[0m"accepted" [3mrequest_kind[0m[2m=[0m"附件内容读取" [3mattachment_id[0m[2m=[0m"att-69182d17260b" [3msession_id[0m[2m=[0m"s-ed8ae5f1ff1a"
[backend] [2m2026-04-19T02:32:05.8932577+08:00[0m [32m INFO[0m ThreadId(12) [2mkoko::shell::媒体资产外壳[0m[2m:[0m 读取附件内容成功 [3musecase[0m[2m=[0m"读取附件内容" [3madapter[0m[2m=[0m"http" [3moutcome[0m[2m=[0m"succeeded" [3mrequest_kind[0m[2m=[0m"附件内容读取" [3mattachment_id[0m[2m=[0m"att-4b3bc2558118" [3msession_id[0m[2m=[0m"s-ed8ae5f1ff1a"
[backend] [2m2026-04-19T02:32:05.9006509+08:00[0m [32m INFO[0m ThreadId(12) [2mkoko::shell::媒体资产外壳[0m[2m:[0m 读取附件内容成功 [3musecase[0m[2m=[0m"读取附件内容" [3madapter[0m[2m=[0m"http" [3moutcome[0m[2m=[0m"succeeded" [3mrequest_kind[0m[2m=[0m"附件内容读取" [3mattachment_id[0m[2m=[0m"att-69182d17260b" [3msession_id[0m[2m=[0m"s-ed8ae5f1ff1a"
[backend] [2m2026-04-19T02:32:05.9151537+08:00[0m [32m INFO[0m ThreadId(05) [2mkoko::shell::媒体资产外壳[0m[2m:[0m HTTP 请求已受理 [3musecase[0m[2m=[0m"读取附件内容" [3madapter[0m[2m=[0m"http" [3moutcome[0m[2m=[0m"accepted" [3mrequest_kind[0m[2m=[0m"附件内容读取" [3mattachment_id[0m[2m=[0m"att-d1739ba9773f" [3msession_id[0m[2m=[0m"s-ed8ae5f1ff1a"
[backend] [2m2026-04-19T02:32:05.9302718+08:00[0m [32m INFO[0m ThreadId(12) [2mkoko::shell::媒体资产外壳[0m[2m:[0m HTTP 请求已受理 [3musecase[0m[2m=[0m"读取附件内容" [3madapter[0m[2m=[0m"http" [3moutcome[0m[2m=[0m"accepted" [3mrequest_kind[0m[2m=[0m"附件内容读取" [3mattachment_id[0m[2m=[0m"att-6727d0dfb7aa" [3msession_id[0m[2m=[0m"s-ed8ae5f1ff1a"
[backend] [2m2026-04-19T02:32:05.9316757+08:00[0m [32m INFO[0m ThreadId(10) [2mkoko::shell::媒体资产外壳[0m[2m:[0m HTTP 请求已受理 [3musecase[0m[2m=[0m"读取附件内容" [3madapter[0m[2m=[0m"http" [3moutcome[0m[2m=[0m"accepted" [3mrequest_kind[0m[2m=[0m"附件内容读取" [3mattachment_id[0m[2m=[0m"att-fb643f1210f6" [3msession_id[0m[2m=[0m"s-ed8ae5f1ff1a"
[backend] [2m2026-04-19T02:32:05.9316754+08:00[0m [32m INFO[0m ThreadId(12) [2mkoko::shell::媒体资产外壳[0m[2m:[0m HTTP 请求已受理 [3musecase[0m[2m=[0m"读取附件内容" [3madapter[0m[2m=[0m"http" [3moutcome[0m[2m=[0m"accepted" [3mrequest_kind[0m[2m=[0m"附件内容读取" [3mattachment_id[0m[2m=[0m"att-88e3fb0cd3fa" [3msession_id[0m[2m=[0m"s-ed8ae5f1ff1a"
[backend] [2m2026-04-19T02:32:05.9432745+08:00[0m [32m INFO[0m ThreadId(05) [2mkoko::shell::媒体资产外壳[0m[2m:[0m 读取附件内容成功 [3musecase[0m[2m=[0m"读取附件内容" [3madapter[0m[2m=[0m"http" [3moutcome[0m[2m=[0m"succeeded" [3mrequest_kind[0m[2m=[0m"附件内容读取" [3mattachment_id[0m[2m=[0m"att-d1739ba9773f" [3msession_id[0m[2m=[0m"s-ed8ae5f1ff1a"
[backend] [2m2026-04-19T02:32:05.9545973+08:00[0m [32m INFO[0m ThreadId(08) [2mkoko::shell::媒体资产外壳[0m[2m:[0m 读取附件内容成功 [3musecase[0m[2m=[0m"读取附件内容" [3madapter[0m[2m=[0m"http" [3moutcome[0m[2m=[0m"succeeded" [3mrequest_kind[0m[2m=[0m"附件内容读取" [3mattachment_id[0m[2m=[0m"att-fb643f1210f6" [3msession_id[0m[2m=[0m"s-ed8ae5f1ff1a"
[backend] [2m2026-04-19T02:32:05.9546147+08:00[0m [32m INFO[0m ThreadId(11) [2mkoko::shell::媒体资产外壳[0m[2m:[0m 读取附件内容成功 [3musecase[0m[2m=[0m"读取附件内容" [3madapter[0m[2m=[0m"http" [3moutcome[0m[2m=[0m"succeeded" [3mrequest_kind[0m[2m=[0m"附件内容读取" [3mattachment_id[0m[2m=[0m"att-6727d0dfb7aa" [3msession_id[0m[2m=[0m"s-ed8ae5f1ff1a"
[backend] [2m2026-04-19T02:32:05.9575627+08:00[0m [32m INFO[0m ThreadId(08) [2mkoko::shell::媒体资产外壳[0m[2m:[0m 读取附件内容成功 [3musecase[0m[2m=[0m"读取附件内容" [3madapter[0m[2m=[0m"http" [3moutcome[0m[2m=[0m"succeeded" [3mrequest_kind[0m[2m=[0m"附件内容读取" [3mattachment_id[0m[2m=[0m"att-88e3fb0cd3fa" [3msession_id[0m[2m=[0m"s-ed8ae5f1ff1a"
[backend] [2m2026-04-19T02:32:06.1549414+08:00[0m [32m INFO[0m ThreadId(11) [2mkoko::shell::媒体资产外壳[0m[2m:[0m HTTP 请求已受理 [3musecase[0m[2m=[0m"读取附件内容" [3madapter[0m[2m=[0m"http" [3moutcome[0m[2m=[0m"accepted" [3mrequest_kind[0m[2m=[0m"附件内容读取" [3mattachment_id[0m[2m=[0m"att-88e3fb0cd3fa" [3msession_id[0m[2m=[0m"s-ed8ae5f1ff1a"
[backend] [2m2026-04-19T02:32:06.1709962+08:00[0m [32m INFO[0m ThreadId(11) [2mkoko::shell::媒体资产外壳[0m[2m:[0m 读取附件内容成功 [3musecase[0m[2m=[0m"读取附件内容" [3madapter[0m[2m=[0m"http" [3moutcome[0m[2m=[0m"succeeded" [3mrequest_kind[0m[2m=[0m"附件内容读取" [3mattachment_id[0m[2m=[0m"att-88e3fb0cd3fa" [3msession_id[0m[2m=[0m"s-ed8ae5f1ff1a"
[backend] [2m2026-04-19T02:32:19.4436997+08:00[0m [32m INFO[0m ThreadId(11) [2mkoko::shell::实时外壳[0m[2m:[0m realtime 订阅请求已受理 [3musecase[0m[2m=[0m"订阅房间事件流" [3madapter[0m[2m=[0m"socketioxide" [3moutcome[0m[2m=[0m"accepted" [3mroom_id[0m[2m=[0m"r-3cdfd560046a" [3msession_id[0m[2m=[0m"s-e7c98262c769" [3mfrom[0m[2m=[0m19
[backend] [2m2026-04-19T02:32:19.4494484+08:00[0m [32m INFO[0m ThreadId(08) [2mkoko::shell::实时外壳[0m[2m:[0m 订阅房间事件流成功 [3musecase[0m[2m=[0m"订阅房间事件流" [3madapter[0m[2m=[0m"socketioxide" [3moutcome[0m[2m=[0m"succeeded" [3mroom_id[0m[2m=[0m"r-3cdfd560046a" [3msession_id[0m[2m=[0m"s-e7c98262c769" [3mfrom[0m[2m=[0m19 [3mevent_position[0m[2m=[0m19
[backend] [2m2026-04-19T02:32:39.4262091+08:00[0m [32m INFO[0m ThreadId(10) [2mkoko::shell::媒体上传外壳[0m[2m:[0m 媒体上传占位已创建 [3musecase[0m[2m=[0m"准备媒体上传" [3madapter[0m[2m=[0m"http" [3moutcome[0m[2m=[0m"succeeded" [3mrequest_kind[0m[2m=[0m"媒体上传 prepare" [3msession_id[0m[2m=[0m"s-ed8ae5f1ff1a" [3mattachment_id[0m[2m=[0m"att-98d8a14f0c2c" [3mupload_session_id[0m[2m=[0m"upl-8130e6f284384bde9901c721c0c10304" [3mattachment_kind[0m[2m=[0m"video" [3mfile_name[0m[2m=[0m"VID_20230816_104033_002.mp4" [3mbyte_size[0m[2m=[0m986783
[backend] [2m2026-04-19T02:32:39.6915214+08:00[0m [32m INFO[0m ThreadId(10) [2mkoko::shell::tus_hook外壳[0m[2m:[0m Tus post-finish 已登记上传回执 [3madapter[0m[2m=[0m"tus_hook" [3mhook[0m[2m=[0m"post-finish" [3mattachment_id[0m[2m=[0m"att-98d8a14f0c2c" [3mupload_session_id[0m[2m=[0m"upl-8130e6f284384bde9901c721c0c10304" [3mupload_id[0m[2m=[0m"d1239ae2526e0eeffe43b4a18159b0ca" [3mrequest_id[0m[2m=[0m"8e6e4ce8-1c0b-41b9-8c30-56fc22172fb0" [3mtransport_role[0m[2m=[0m"single" [3mstorage_locator[0m[2m=[0m"E:\\koko\\data\\tus\\d1239ae2526e0eeffe43b4a18159b0ca"
[tusd] 2026/04/19 02:32:39.537059 level=INFO event=RequestIncoming method=POST path="" requestId=8e6e4ce8-1c0b-41b9-8c30-56fc22172fb0
[tusd] 2026/04/19 02:32:39.546213 level=DEBUG event=HookInvocationStart type=pre-create id=""
[tusd] 2026/04/19 02:32:39.600145 level=DEBUG event=HookInvocationFinish type=pre-create id=""
[tusd] 2026/04/19 02:32:39.611055 level=INFO event=UploadCreated method=POST path="" requestId=8e6e4ce8-1c0b-41b9-8c30-56fc22172fb0 id=d1239ae2526e0eeffe43b4a18159b0ca size=986783 url=http://127.0.0.1:1081/files/d1239ae2526e0eeffe43b4a18159b0ca
[tusd] 2026/04/19 02:32:39.620332 level=INFO event=ChunkWriteStart method=POST path="" requestId=8e6e4ce8-1c0b-41b9-8c30-56fc22172fb0 id=d1239ae2526e0eeffe43b4a18159b0ca maxSize=986783 offset=0
[tusd] 2026/04/19 02:32:39.648933 level=INFO event=ChunkWriteComplete method=POST path="" requestId=8e6e4ce8-1c0b-41b9-8c30-56fc22172fb0 id=d1239ae2526e0eeffe43b4a18159b0ca bytesWritten=986783
[tusd] 2026/04/19 02:32:39.649490 level=INFO event=UploadFinished method=POST path="" requestId=8e6e4ce8-1c0b-41b9-8c30-56fc22172fb0 id=d1239ae2526e0eeffe43b4a18159b0ca size=986783
[tusd] 2026/04/19 02:32:39.650079 level=INFO event=ResponseOutgoing method=POST path="" requestId=8e6e4ce8-1c0b-41b9-8c30-56fc22172fb0 id=d1239ae2526e0eeffe43b4a18159b0ca status=201 body=""
[tusd] 2026/04/19 02:32:39.651752 level=DEBUG event=HookInvocationStart type=post-finish id=d1239ae2526e0eeffe43b4a18159b0ca
[tusd] 2026/04/19 02:32:39.695825 level=DEBUG event=HookInvocationFinish type=post-finish id=d1239ae2526e0eeffe43b4a18159b0ca
[backend] [2m2026-04-19T02:32:39.7491291+08:00[0m [32m INFO[0m ThreadId(11) [2mkoko::shell::媒体上传外壳[0m[2m:[0m 媒体上传 complete 重活开始 [3musecase[0m[2m=[0m"完成媒体上传" [3mphase[0m[2m=[0m"complete_heavy_work_enter" [3mattachment_id[0m[2m=[0m"att-98d8a14f0c2c" [3mkind[0m[2m=[0m"video" [3mbyte_size[0m[2m=[0m986783 [3mmedia_complete_max_concurrency[0m[2m=[0m4
[backend] [2m2026-04-19T02:32:39.7995439+08:00[0m [32m INFO[0m ThreadId(11) [2mkoko::shell::媒体上传外壳[0m[2m:[0m 媒体上传 complete 阶段耗时 [3musecase[0m[2m=[0m"完成媒体上传" [3mphase[0m[2m=[0m"complete_heavy_work_stage" [3mattachment_id[0m[2m=[0m"att-98d8a14f0c2c" [3mkind[0m[2m=[0m"video" [3mbyte_size[0m[2m=[0m986783 [3mstage[0m[2m=[0m"parse_video" [3mduration_ms[0m[2m=[0m49
[backend] [2m2026-04-19T02:32:44.4315621+08:00[0m [32m INFO[0m ThreadId(11) [2mkoko::shell::媒体上传外壳[0m[2m:[0m 媒体上传 complete 阶段耗时 [3musecase[0m[2m=[0m"完成媒体上传" [3mphase[0m[2m=[0m"complete_heavy_work_stage" [3mattachment_id[0m[2m=[0m"att-98d8a14f0c2c" [3mkind[0m[2m=[0m"video" [3mbyte_size[0m[2m=[0m986783 [3mstage[0m[2m=[0m"package_streaming_assets" [3mduration_ms[0m[2m=[0m4631
[backend] [2m2026-04-19T02:32:44.4915276+08:00[0m [32m INFO[0m ThreadId(11) [2mkoko::shell::媒体上传外壳[0m[2m:[0m 媒体上传 complete 阶段耗时 [3musecase[0m[2m=[0m"完成媒体上传" [3mphase[0m[2m=[0m"complete_heavy_work_stage" [3mattachment_id[0m[2m=[0m"att-98d8a14f0c2c" [3mkind[0m[2m=[0m"video" [3mbyte_size[0m[2m=[0m986783 [3mstage[0m[2m=[0m"build_distribution_request" [3mduration_ms[0m[2m=[0m59
[backend] [2m2026-04-19T02:32:44.5790393+08:00[0m [32m INFO[0m ThreadId(11) [2mkoko::shell::媒体上传外壳[0m[2m:[0m 媒体上传 complete 阶段耗时 [3musecase[0m[2m=[0m"完成媒体上传" [3mphase[0m[2m=[0m"complete_heavy_work_stage" [3mattachment_id[0m[2m=[0m"att-98d8a14f0c2c" [3mkind[0m[2m=[0m"video" [3mbyte_size[0m[2m=[0m986783 [3mstage[0m[2m=[0m"generate_torrent" [3mduration_ms[0m[2m=[0m86
[backend] [2m2026-04-19T02:32:44.6068754+08:00[0m [32m INFO[0m ThreadId(06) [2mkoko::shell::媒体上传外壳[0m[2m:[0m 媒体上传 complete 阶段耗时 [3musecase[0m[2m=[0m"完成媒体上传" [3mphase[0m[2m=[0m"complete_heavy_work_stage" [3mattachment_id[0m[2m=[0m"att-98d8a14f0c2c" [3mkind[0m[2m=[0m"video" [3mbyte_size[0m[2m=[0m986783 [3mstage[0m[2m=[0m"upload_streaming_assets" [3mduration_ms[0m[2m=[0m26
[backend] [2m2026-04-19T02:32:44.6329061+08:00[0m [32m INFO[0m ThreadId(05) [2mkoko::shell::媒体上传外壳[0m[2m:[0m 媒体上传 complete 阶段耗时 [3musecase[0m[2m=[0m"完成媒体上传" [3mphase[0m[2m=[0m"complete_heavy_work_stage" [3mattachment_id[0m[2m=[0m"att-98d8a14f0c2c" [3mkind[0m[2m=[0m"video" [3mbyte_size[0m[2m=[0m986783 [3mstage[0m[2m=[0m"write_authoritative_snapshot" [3mduration_ms[0m[2m=[0m25
[backend] [2m2026-04-19T02:32:44.6342696+08:00[0m [32m INFO[0m ThreadId(05) [2mkoko::shell::媒体上传外壳[0m[2m:[0m 媒体上传 complete 阶段耗时 [3musecase[0m[2m=[0m"完成媒体上传" [3mphase[0m[2m=[0m"complete_heavy_work_stage" [3mattachment_id[0m[2m=[0m"att-98d8a14f0c2c" [3mkind[0m[2m=[0m"video" [3mbyte_size[0m[2m=[0m986783 [3mstage[0m[2m=[0m"delete_upload_temp_file" [3mduration_ms[0m[2m=[0m0
[backend] [2m2026-04-19T02:32:44.6358718+08:00[0m [32m INFO[0m ThreadId(10) [2mkoko::shell::媒体上传外壳[0m[2m:[0m 媒体上传 complete 阶段耗时 [3musecase[0m[2m=[0m"完成媒体上传" [3mphase[0m[2m=[0m"complete_heavy_work_stage" [3mattachment_id[0m[2m=[0m"att-98d8a14f0c2c" [3mkind[0m[2m=[0m"video" [3mbyte_size[0m[2m=[0m986783 [3mstage[0m[2m=[0m"retire_original_upload_source" [3mduration_ms[0m[2m=[0m1
[backend] [2m2026-04-19T02:32:44.6474746+08:00[0m [32m INFO[0m ThreadId(10) [2mkoko::shell::媒体上传外壳[0m[2m:[0m 媒体上传 complete 重活完成 [3musecase[0m[2m=[0m"完成媒体上传" [3mphase[0m[2m=[0m"complete_heavy_work_exit" [3mattachment_id[0m[2m=[0m"att-98d8a14f0c2c" [3mkind[0m[2m=[0m"video" [3mbyte_size[0m[2m=[0m986783 [3mduration_ms[0m[2m=[0m4898
[backend] [2m2026-04-19T02:32:44.6874973+08:00[0m [32m INFO[0m ThreadId(10) [2mkoko::shell::实时外壳[0m[2m:[0m realtime 创建消息请求已受理 [3musecase[0m[2m=[0m"创建消息" [3madapter[0m[2m=[0m"socketioxide" [3moutcome[0m[2m=[0m"accepted" [3mroom_id[0m[2m=[0m"r-3cdfd560046a" [3msession_id[0m[2m=[0m"s-ed8ae5f1ff1a" [3mclient_message_id[0m[2m=[0m"68532328-5760-4a97-a405-cc7bd4adab16"
[backend] [2m2026-04-19T02:32:44.7116796+08:00[0m [32m INFO[0m ThreadId(10) [2mkoko::shell::实时外壳[0m[2m:[0m 创建消息成功 [3musecase[0m[2m=[0m"创建消息" [3madapter[0m[2m=[0m"socketioxide" [3moutcome[0m[2m=[0m"succeeded" [3mroom_id[0m[2m=[0m"r-3cdfd560046a" [3msession_id[0m[2m=[0m"s-ed8ae5f1ff1a" [3mclient_message_id[0m[2m=[0m"68532328-5760-4a97-a405-cc7bd4adab16" [3mevent_position[0m[2m=[0m20
[backend] [2m2026-04-19T02:32:44.731773+08:00[0m [32m INFO[0m ThreadId(08) [2mkoko::shell::媒体资产外壳[0m[2m:[0m HTTP 请求已受理 [3musecase[0m[2m=[0m"读取附件内容" [3madapter[0m[2m=[0m"http" [3moutcome[0m[2m=[0m"accepted" [3mrequest_kind[0m[2m=[0m"附件内容读取" [3mattachment_id[0m[2m=[0m"att-98d8a14f0c2c" [3msession_id[0m[2m=[0m"s-ed8ae5f1ff1a"
[backend] [2m2026-04-19T02:32:44.740101+08:00[0m [32m INFO[0m ThreadId(08) [2mkoko::shell::媒体资产外壳[0m[2m:[0m 读取附件内容成功 [3musecase[0m[2m=[0m"读取附件内容" [3madapter[0m[2m=[0m"http" [3moutcome[0m[2m=[0m"succeeded" [3mrequest_kind[0m[2m=[0m"附件内容读取" [3mattachment_id[0m[2m=[0m"att-98d8a14f0c2c" [3msession_id[0m[2m=[0m"s-ed8ae5f1ff1a"
[backend] [2m2026-04-19T02:32:45.1424253+08:00[0m [32m INFO[0m ThreadId(08) [2mkoko::shell::房间外壳[0m[2m:[0m HTTP 请求已受理 [3musecase[0m[2m=[0m"推进房间阅读位置" [3madapter[0m[2m=[0m"http" [3moutcome[0m[2m=[0m"accepted" [3mrequest_kind[0m[2m=[0m"房间阅读位置推进" [3mroom_id[0m[2m=[0m"r-3cdfd560046a" [3msession_id[0m[2m=[0m"s-ed8ae5f1ff1a" [3mevent_position[0m[2m=[0m20
[backend] [2m2026-04-19T02:32:45.143814+08:00[0m [32m INFO[0m ThreadId(05) [2mkoko::shell::房间外壳[0m[2m:[0m HTTP 请求已受理 [3musecase[0m[2m=[0m"推进房间阅读位置" [3madapter[0m[2m=[0m"http" [3moutcome[0m[2m=[0m"accepted" [3mrequest_kind[0m[2m=[0m"房间阅读位置推进" [3mroom_id[0m[2m=[0m"r-3cdfd560046a" [3msession_id[0m[2m=[0m"s-ed8ae5f1ff1a" [3mevent_position[0m[2m=[0m20
[backend] [2m2026-04-19T02:32:45.1555376+08:00[0m [32m INFO[0m ThreadId(08) [2mkoko::shell::房间外壳[0m[2m:[0m 推进房间阅读位置成功 [3musecase[0m[2m=[0m"推进房间阅读位置" [3madapter[0m[2m=[0m"http" [3moutcome[0m[2m=[0m"succeeded" [3mrequest_kind[0m[2m=[0m"房间阅读位置推进" [3mroom_id[0m[2m=[0m"r-3cdfd560046a" [3msession_id[0m[2m=[0m"s-ed8ae5f1ff1a" [3mevent_position[0m[2m=[0m20
[backend] [2m2026-04-19T02:32:45.1589904+08:00[0m [32m INFO[0m ThreadId(12) [2mkoko::shell::媒体资产外壳[0m[2m:[0m HTTP 请求已受理 [3musecase[0m[2m=[0m"读取附件内容" [3madapter[0m[2m=[0m"http" [3moutcome[0m[2m=[0m"accepted" [3mrequest_kind[0m[2m=[0m"附件内容读取" [3mattachment_id[0m[2m=[0m"att-98d8a14f0c2c" [3msession_id[0m[2m=[0m"s-ed8ae5f1ff1a"
[backend] [2m2026-04-19T02:32:45.160813+08:00[0m [32m INFO[0m ThreadId(12) [2mkoko::shell::房间外壳[0m[2m:[0m 推进房间阅读位置成功 [3musecase[0m[2m=[0m"推进房间阅读位置" [3madapter[0m[2m=[0m"http" [3moutcome[0m[2m=[0m"succeeded" [3mrequest_kind[0m[2m=[0m"房间阅读位置推进" [3mroom_id[0m[2m=[0m"r-3cdfd560046a" [3msession_id[0m[2m=[0m"s-ed8ae5f1ff1a" [3mevent_position[0m[2m=[0m20
[backend] [2m2026-04-19T02:32:45.17654+08:00[0m [32m INFO[0m ThreadId(08) [2mkoko::shell::媒体资产外壳[0m[2m:[0m 读取附件内容成功 [3musecase[0m[2m=[0m"读取附件内容" [3madapter[0m[2m=[0m"http" [3moutcome[0m[2m=[0m"succeeded" [3mrequest_kind[0m[2m=[0m"附件内容读取" [3mattachment_id[0m[2m=[0m"att-98d8a14f0c2c" [3msession_id[0m[2m=[0m"s-ed8ae5f1ff1a"
[backend] [2m2026-04-19T02:32:45.1855583+08:00[0m [32m INFO[0m ThreadId(05) [2mkoko::shell::媒体资产外壳[0m[2m:[0m HTTP 请求已受理 [3musecase[0m[2m=[0m"读取附件内容" [3madapter[0m[2m=[0m"http" [3moutcome[0m[2m=[0m"accepted" [3mrequest_kind[0m[2m=[0m"附件内容读取" [3mattachment_id[0m[2m=[0m"att-98d8a14f0c2c" [3msession_id[0m[2m=[0m"s-ed8ae5f1ff1a"
[backend] [2m2026-04-19T02:32:45.1915802+08:00[0m [32m INFO[0m ThreadId(05) [2mkoko::shell::媒体资产外壳[0m[2m:[0m 读取附件内容成功 [3musecase[0m[2m=[0m"读取附件内容" [3madapter[0m[2m=[0m"http" [3moutcome[0m[2m=[0m"succeeded" [3mrequest_kind[0m[2m=[0m"附件内容读取" [3mattachment_id[0m[2m=[0m"att-98d8a14f0c2c" [3msession_id[0m[2m=[0m"s-ed8ae5f1ff1a"
[backend] [2m2026-04-19T02:32:45.1978387+08:00[0m [32m INFO[0m ThreadId(12) [2mkoko::shell::媒体资产外壳[0m[2m:[0m HTTP 请求已受理 [3musecase[0m[2m=[0m"读取附件内容" [3madapter[0m[2m=[0m"http" [3moutcome[0m[2m=[0m"accepted" [3mrequest_kind[0m[2m=[0m"附件内容读取" [3mattachment_id[0m[2m=[0m"att-98d8a14f0c2c" [3msession_id[0m[2m=[0m"s-ed8ae5f1ff1a"
[backend] [2m2026-04-19T02:32:45.2125561+08:00[0m [32m INFO[0m ThreadId(12) [2mkoko::shell::媒体资产外壳[0m[2m:[0m 读取附件内容成功 [3musecase[0m[2m=[0m"读取附件内容" [3madapter[0m[2m=[0m"http" [3moutcome[0m[2m=[0m"succeeded" [3mrequest_kind[0m[2m=[0m"附件内容读取" [3mattachment_id[0m[2m=[0m"att-98d8a14f0c2c" [3msession_id[0m[2m=[0m"s-ed8ae5f1ff1a"
[backend] [2m2026-04-19T02:32:45.452858+08:00[0m [32m INFO[0m ThreadId(08) [2mkoko::shell::房间外壳[0m[2m:[0m HTTP 请求已受理 [3musecase[0m[2m=[0m"推进房间阅读位置" [3madapter[0m[2m=[0m"http" [3moutcome[0m[2m=[0m"accepted" [3mrequest_kind[0m[2m=[0m"房间阅读位置推进" [3mroom_id[0m[2m=[0m"r-3cdfd560046a" [3msession_id[0m[2m=[0m"s-e7c98262c769" [3mevent_position[0m[2m=[0m20
[backend] [2m2026-04-19T02:32:45.4621168+08:00[0m [32m INFO[0m ThreadId(08) [2mkoko::shell::房间外壳[0m[2m:[0m 推进房间阅读位置成功 [3musecase[0m[2m=[0m"推进房间阅读位置" [3madapter[0m[2m=[0m"http" [3moutcome[0m[2m=[0m"succeeded" [3mrequest_kind[0m[2m=[0m"房间阅读位置推进" [3mroom_id[0m[2m=[0m"r-3cdfd560046a" [3msession_id[0m[2m=[0m"s-e7c98262c769" [3mevent_position[0m[2m=[0m20
[backend] [2m2026-04-19T02:32:45.7119128+08:00[0m [32m INFO[0m ThreadId(12) [2mkoko::shell::媒体资产外壳[0m[2m:[0m HTTP 请求已受理 [3musecase[0m[2m=[0m"读取附件内容" [3madapter[0m[2m=[0m"http" [3moutcome[0m[2m=[0m"accepted" [3mrequest_kind[0m[2m=[0m"附件内容读取" [3mattachment_id[0m[2m=[0m"att-98d8a14f0c2c" [3msession_id[0m[2m=[0m"s-ed8ae5f1ff1a"
[backend] [2m2026-04-19T02:32:45.7202831+08:00[0m [32m INFO[0m ThreadId(08) [2mkoko::shell::媒体资产外壳[0m[2m:[0m 读取附件内容成功 [3musecase[0m[2m=[0m"读取附件内容" [3madapter[0m[2m=[0m"http" [3moutcome[0m[2m=[0m"succeeded" [3mrequest_kind[0m[2m=[0m"附件内容读取" [3mattachment_id[0m[2m=[0m"att-98d8a14f0c2c" [3msession_id[0m[2m=[0m"s-ed8ae5f1ff1a"
[typecheck] 02:34:18 - File change detected. Starting incremental compilation...
[typecheck] app-sw.ts(97,23): error TS2339: Property 'claim' does not exist on type '可匹配客户端集合'.
[typecheck] 02:34:18 - Found 1 error. Watching for file changes.
[typecheck] 02:34:38 - File change detected. Starting incremental compilation...
[typecheck] app-sw.ts(97,23): error TS2339: Property 'claim' does not exist on type '可匹配客户端集合'.
[typecheck] 02:34:38 - Found 1 error. Watching for file changes.
[build] [koko-build] manifest updated: js=/dist/app-4CK246TK.js css=/dist/app-TVFJWQ53.css
[backend] [2m2026-04-19T02:35:04.2632858+08:00[0m [32m INFO[0m ThreadId(10) [2mkoko::shell::实时外壳[0m[2m:[0m realtime 连接已正常断开 [3musecase[0m[2m=[0m"实时连接断开" [3madapter[0m[2m=[0m"socketioxide" [3moutcome[0m[2m=[0m"dropped" [3msession_id[0m[2m=[0m"s-ed8ae5f1ff1a" [3mdisconnect_reason[0m[2m=[0mclient has manually disconnected the socket from the namespace
[backend] [2m2026-04-19T02:35:04.2702783+08:00[0m [32m INFO[0m ThreadId(06) [2mkoko::shell::媒体资产外壳[0m[2m:[0m HTTP 请求已受理 [3musecase[0m[2m=[0m"读取附件内容" [3madapter[0m[2m=[0m"http" [3moutcome[0m[2m=[0m"accepted" [3mrequest_kind[0m[2m=[0m"附件内容读取" [3mattachment_id[0m[2m=[0m"att-98d8a14f0c2c" [3msession_id[0m[2m=[0m"s-ed8ae5f1ff1a"
[backend] [2m2026-04-19T02:35:04.2816703+08:00[0m [32m INFO[0m ThreadId(08) [2mkoko::shell::媒体资产外壳[0m[2m:[0m 读取附件内容成功 [3musecase[0m[2m=[0m"读取附件内容" [3madapter[0m[2m=[0m"http" [3moutcome[0m[2m=[0m"succeeded" [3mrequest_kind[0m[2m=[0m"附件内容读取" [3mattachment_id[0m[2m=[0m"att-98d8a14f0c2c" [3msession_id[0m[2m=[0m"s-ed8ae5f1ff1a"
[backend] [2m2026-04-19T02:35:04.2927178+08:00[0m [32m INFO[0m ThreadId(08) [2mkoko::shell::媒体资产外壳[0m[2m:[0m HTTP 请求已受理 [3musecase[0m[2m=[0m"读取附件内容" [3madapter[0m[2m=[0m"http" [3moutcome[0m[2m=[0m"accepted" [3mrequest_kind[0m[2m=[0m"附件内容读取" [3mattachment_id[0m[2m=[0m"att-98d8a14f0c2c" [3msession_id[0m[2m=[0m"s-ed8ae5f1ff1a"
[backend] [2m2026-04-19T02:35:04.3004007+08:00[0m [32m INFO[0m ThreadId(06) [2mkoko::shell::媒体资产外壳[0m[2m:[0m 读取附件内容成功 [3musecase[0m[2m=[0m"读取附件内容" [3madapter[0m[2m=[0m"http" [3moutcome[0m[2m=[0m"succeeded" [3mrequest_kind[0m[2m=[0m"附件内容读取" [3mattachment_id[0m[2m=[0m"att-98d8a14f0c2c" [3msession_id[0m[2m=[0m"s-ed8ae5f1ff1a"
[backend] [2m2026-04-19T02:35:04.3043027+08:00[0m [32m INFO[0m ThreadId(06) [2mkoko::shell::媒体资产外壳[0m[2m:[0m HTTP 请求已受理 [3musecase[0m[2m=[0m"读取附件内容" [3madapter[0m[2m=[0m"http" [3moutcome[0m[2m=[0m"accepted" [3mrequest_kind[0m[2m=[0m"附件内容读取" [3mattachment_id[0m[2m=[0m"att-98d8a14f0c2c" [3msession_id[0m[2m=[0m"s-ed8ae5f1ff1a"
[backend] [2m2026-04-19T02:35:04.3221795+08:00[0m [32m INFO[0m ThreadId(05) [2mkoko::shell::媒体资产外壳[0m[2m:[0m 读取附件内容成功 [3musecase[0m[2m=[0m"读取附件内容" [3madapter[0m[2m=[0m"http" [3moutcome[0m[2m=[0m"succeeded" [3mrequest_kind[0m[2m=[0m"附件内容读取" [3mattachment_id[0m[2m=[0m"att-98d8a14f0c2c" [3msession_id[0m[2m=[0m"s-ed8ae5f1ff1a"
[backend] [2m2026-04-19T02:35:04.564177+08:00[0m [32m INFO[0m ThreadId(06) [2mkoko::shell::房间外壳[0m[2m:[0m HTTP 请求已受理 [3musecase[0m[2m=[0m"引导匿名身份" [3madapter[0m[2m=[0m"http" [3moutcome[0m[2m=[0m"accepted" [3mrequest_kind[0m[2m=[0m"匿名身份引导"
[backend] [2m2026-04-19T02:35:04.5671619+08:00[0m [32m INFO[0m ThreadId(06) [2mkoko::shell::房间外壳[0m[2m:[0m 引导匿名身份成功 [3musecase[0m[2m=[0m"引导匿名身份" [3madapter[0m[2m=[0m"http" [3moutcome[0m[2m=[0m"succeeded" [3mrequest_kind[0m[2m=[0m"匿名身份引导" [3msession_id[0m[2m=[0m"s-ed8ae5f1ff1a"
[backend] [2m2026-04-19T02:35:04.6244687+08:00[0m [32m INFO[0m ThreadId(12) [2mkoko::shell::房间外壳[0m[2m:[0m HTTP 请求已受理 [3musecase[0m[2m=[0m"加载房间快照" [3madapter[0m[2m=[0m"http" [3moutcome[0m[2m=[0m"accepted" [3mrequest_kind[0m[2m=[0m"房间快照查询" [3mroom_id[0m[2m=[0m"r-3cdfd560046a" [3msession_id[0m[2m=[0m"s-ed8ae5f1ff1a"
[backend] [2m2026-04-19T02:35:04.6454145+08:00[0m [32m INFO[0m ThreadId(10) [2mkoko::shell::实时外壳[0m[2m:[0m realtime 连接认证已受理 [3musecase[0m[2m=[0m"实时连接认证" [3madapter[0m[2m=[0m"socketioxide" [3moutcome[0m[2m=[0m"accepted" [3msession_id[0m[2m=[0m"s-ed8ae5f1ff1a"
[backend] [2m2026-04-19T02:35:04.6474274+08:00[0m [32m INFO[0m ThreadId(06) [2mkoko::shell::实时外壳[0m[2m:[0m realtime 连接认证成功 [3musecase[0m[2m=[0m"实时连接认证" [3madapter[0m[2m=[0m"socketioxide" [3moutcome[0m[2m=[0m"succeeded" [3msession_id[0m[2m=[0m"s-ed8ae5f1ff1a"
[backend] [2m2026-04-19T02:35:04.6526804+08:00[0m [32m INFO[0m ThreadId(08) [2mkoko::shell::实时外壳[0m[2m:[0m realtime 订阅请求已受理 [3musecase[0m[2m=[0m"订阅房间事件流" [3madapter[0m[2m=[0m"socketioxide" [3moutcome[0m[2m=[0m"accepted" [3mroom_id[0m[2m=[0m"r-3cdfd560046a" [3msession_id[0m[2m=[0m"s-ed8ae5f1ff1a" [3mfrom[0m[2m=[0m0
[backend] [2m2026-04-19T02:35:04.6637137+08:00[0m [32m INFO[0m ThreadId(08) [2mkoko::shell::房间外壳[0m[2m:[0m 加载房间快照成功 [3musecase[0m[2m=[0m"加载房间快照" [3madapter[0m[2m=[0m"http" [3moutcome[0m[2m=[0m"succeeded" [3mrequest_kind[0m[2m=[0m"房间快照查询" [3mroom_id[0m[2m=[0m"r-3cdfd560046a" [3msession_id[0m[2m=[0m"s-ed8ae5f1ff1a" [3mevent_position[0m[2m=[0m20
[backend] [2m2026-04-19T02:35:04.6764834+08:00[0m [32m INFO[0m ThreadId(10) [2mkoko::shell::实时外壳[0m[2m:[0m 订阅房间事件流成功 [3musecase[0m[2m=[0m"订阅房间事件流" [3madapter[0m[2m=[0m"socketioxide" [3moutcome[0m[2m=[0m"succeeded" [3mroom_id[0m[2m=[0m"r-3cdfd560046a" [3msession_id[0m[2m=[0m"s-ed8ae5f1ff1a" [3mfrom[0m[2m=[0m0 [3mevent_position[0m[2m=[0m20
[backend] [2m2026-04-19T02:35:04.6832718+08:00[0m [32m INFO[0m ThreadId(10) [2mkoko::shell::实时外壳[0m[2m:[0m realtime 订阅请求已受理 [3musecase[0m[2m=[0m"订阅房间事件流" [3madapter[0m[2m=[0m"socketioxide" [3moutcome[0m[2m=[0m"accepted" [3mroom_id[0m[2m=[0m"r-3cdfd560046a" [3msession_id[0m[2m=[0m"s-ed8ae5f1ff1a" [3mfrom[0m[2m=[0m20
[backend] [2m2026-04-19T02:35:04.6914836+08:00[0m [32m INFO[0m ThreadId(06) [2mkoko::shell::实时外壳[0m[2m:[0m 订阅房间事件流成功 [3musecase[0m[2m=[0m"订阅房间事件流" [3madapter[0m[2m=[0m"socketioxide" [3moutcome[0m[2m=[0m"succeeded" [3mroom_id[0m[2m=[0m"r-3cdfd560046a" [3msession_id[0m[2m=[0m"s-ed8ae5f1ff1a" [3mfrom[0m[2m=[0m20 [3mevent_position[0m[2m=[0m20
[backend] [2m2026-04-19T02:35:04.7338484+08:00[0m [32m INFO[0m ThreadId(08) [2mkoko::shell::媒体资产外壳[0m[2m:[0m HTTP 请求已受理 [3musecase[0m[2m=[0m"读取附件内容" [3madapter[0m[2m=[0m"http" [3moutcome[0m[2m=[0m"accepted" [3mrequest_kind[0m[2m=[0m"附件内容读取" [3mattachment_id[0m[2m=[0m"att-961d957a1877" [3msession_id[0m[2m=[0m"s-ed8ae5f1ff1a"
[backend] [2m2026-04-19T02:35:04.7355606+08:00[0m [32m INFO[0m ThreadId(08) [2mkoko::shell::媒体资产外壳[0m[2m:[0m HTTP 请求已受理 [3musecase[0m[2m=[0m"读取附件内容" [3madapter[0m[2m=[0m"http" [3moutcome[0m[2m=[0m"accepted" [3mrequest_kind[0m[2m=[0m"附件内容读取" [3mattachment_id[0m[2m=[0m"att-2d964b96c071" [3msession_id[0m[2m=[0m"s-ed8ae5f1ff1a"
[backend] [2m2026-04-19T02:35:04.7363734+08:00[0m [32m INFO[0m ThreadId(10) [2mkoko::shell::媒体资产外壳[0m[2m:[0m HTTP 请求已受理 [3musecase[0m[2m=[0m"读取附件内容" [3madapter[0m[2m=[0m"http" [3moutcome[0m[2m=[0m"accepted" [3mrequest_kind[0m[2m=[0m"附件内容读取" [3mattachment_id[0m[2m=[0m"att-8d44cbfede62" [3msession_id[0m[2m=[0m"s-ed8ae5f1ff1a"
[backend] [2m2026-04-19T02:35:04.7418563+08:00[0m [32m INFO[0m ThreadId(10) [2mkoko::shell::媒体资产外壳[0m[2m:[0m HTTP 请求已受理 [3musecase[0m[2m=[0m"读取附件内容" [3madapter[0m[2m=[0m"http" [3moutcome[0m[2m=[0m"accepted" [3mrequest_kind[0m[2m=[0m"附件内容读取" [3mattachment_id[0m[2m=[0m"att-ac7a1188a600" [3msession_id[0m[2m=[0m"s-ed8ae5f1ff1a"
[backend] [2m2026-04-19T02:35:04.7431794+08:00[0m [32m INFO[0m ThreadId(10) [2mkoko::shell::媒体资产外壳[0m[2m:[0m HTTP 请求已受理 [3musecase[0m[2m=[0m"读取附件内容" [3madapter[0m[2m=[0m"http" [3moutcome[0m[2m=[0m"accepted" [3mrequest_kind[0m[2m=[0m"附件内容读取" [3mattachment_id[0m[2m=[0m"att-3a48c8f47757" [3msession_id[0m[2m=[0m"s-ed8ae5f1ff1a"
[backend] [2m2026-04-19T02:35:04.7432193+08:00[0m [32m INFO[0m ThreadId(12) [2mkoko::shell::媒体资产外壳[0m[2m:[0m HTTP 请求已受理 [3musecase[0m[2m=[0m"读取附件内容" [3madapter[0m[2m=[0m"http" [3moutcome[0m[2m=[0m"accepted" [3mrequest_kind[0m[2m=[0m"附件内容读取" [3mattachment_id[0m[2m=[0m"att-681e5b27b0c2" [3msession_id[0m[2m=[0m"s-ed8ae5f1ff1a"
[backend] [2m2026-04-19T02:35:04.751955+08:00[0m [32m INFO[0m ThreadId(10) [2mkoko::shell::媒体资产外壳[0m[2m:[0m 读取附件内容成功 [3musecase[0m[2m=[0m"读取附件内容" [3madapter[0m[2m=[0m"http" [3moutcome[0m[2m=[0m"succeeded" [3mrequest_kind[0m[2m=[0m"附件内容读取" [3mattachment_id[0m[2m=[0m"att-961d957a1877" [3msession_id[0m[2m=[0m"s-ed8ae5f1ff1a"
[backend] [2m2026-04-19T02:35:04.7554033+08:00[0m [32m INFO[0m ThreadId(12) [2mkoko::shell::媒体资产外壳[0m[2m:[0m 读取附件内容成功 [3musecase[0m[2m=[0m"读取附件内容" [3madapter[0m[2m=[0m"http" [3moutcome[0m[2m=[0m"succeeded" [3mrequest_kind[0m[2m=[0m"附件内容读取" [3mattachment_id[0m[2m=[0m"att-8d44cbfede62" [3msession_id[0m[2m=[0m"s-ed8ae5f1ff1a"
[backend] [2m2026-04-19T02:35:04.7571234+08:00[0m [32m INFO[0m ThreadId(10) [2mkoko::shell::媒体资产外壳[0m[2m:[0m 读取附件内容成功 [3musecase[0m[2m=[0m"读取附件内容" [3madapter[0m[2m=[0m"http" [3moutcome[0m[2m=[0m"succeeded" [3mrequest_kind[0m[2m=[0m"附件内容读取" [3mattachment_id[0m[2m=[0m"att-2d964b96c071" [3msession_id[0m[2m=[0m"s-ed8ae5f1ff1a"
[backend] [2m2026-04-19T02:35:04.7580445+08:00[0m [32m INFO[0m ThreadId(12) [2mkoko::shell::媒体资产外壳[0m[2m:[0m 读取附件内容成功 [3musecase[0m[2m=[0m"读取附件内容" [3madapter[0m[2m=[0m"http" [3moutcome[0m[2m=[0m"succeeded" [3mrequest_kind[0m[2m=[0m"附件内容读取" [3mattachment_id[0m[2m=[0m"att-ac7a1188a600" [3msession_id[0m[2m=[0m"s-ed8ae5f1ff1a"
[backend] [2m2026-04-19T02:35:04.7699516+08:00[0m [32m INFO[0m ThreadId(12) [2mkoko::shell::媒体资产外壳[0m[2m:[0m 读取附件内容成功 [3musecase[0m[2m=[0m"读取附件内容" [3madapter[0m[2m=[0m"http" [3moutcome[0m[2m=[0m"succeeded" [3mrequest_kind[0m[2m=[0m"附件内容读取" [3mattachment_id[0m[2m=[0m"att-681e5b27b0c2" [3msession_id[0m[2m=[0m"s-ed8ae5f1ff1a"
[backend] [2m2026-04-19T02:35:04.7700231+08:00[0m [32m INFO[0m ThreadId(10) [2mkoko::shell::媒体资产外壳[0m[2m:[0m 读取附件内容成功 [3musecase[0m[2m=[0m"读取附件内容" [3madapter[0m[2m=[0m"http" [3moutcome[0m[2m=[0m"succeeded" [3mrequest_kind[0m[2m=[0m"附件内容读取" [3mattachment_id[0m[2m=[0m"att-3a48c8f47757" [3msession_id[0m[2m=[0m"s-ed8ae5f1ff1a"
[backend] [2m2026-04-19T02:35:04.781034+08:00[0m [32m INFO[0m ThreadId(08) [2mkoko::shell::媒体资产外壳[0m[2m:[0m HTTP 请求已受理 [3musecase[0m[2m=[0m"读取附件内容" [3madapter[0m[2m=[0m"http" [3moutcome[0m[2m=[0m"accepted" [3mrequest_kind[0m[2m=[0m"附件内容读取" [3mattachment_id[0m[2m=[0m"att-792bea97c0bd" [3msession_id[0m[2m=[0m"s-ed8ae5f1ff1a"
[backend] [2m2026-04-19T02:35:04.7826864+08:00[0m [32m INFO[0m ThreadId(08) [2mkoko::shell::媒体资产外壳[0m[2m:[0m HTTP 请求已受理 [3musecase[0m[2m=[0m"读取附件内容" [3madapter[0m[2m=[0m"http" [3moutcome[0m[2m=[0m"accepted" [3mrequest_kind[0m[2m=[0m"附件内容读取" [3mattachment_id[0m[2m=[0m"att-ea250b02f4f3" [3msession_id[0m[2m=[0m"s-ed8ae5f1ff1a"
[backend] [2m2026-04-19T02:35:04.7892868+08:00[0m [32m INFO[0m ThreadId(10) [2mkoko::shell::媒体资产外壳[0m[2m:[0m HTTP 请求已受理 [3musecase[0m[2m=[0m"读取附件内容" [3madapter[0m[2m=[0m"http" [3moutcome[0m[2m=[0m"accepted" [3mrequest_kind[0m[2m=[0m"附件内容读取" [3mattachment_id[0m[2m=[0m"att-56d8fca2bd57" [3msession_id[0m[2m=[0m"s-ed8ae5f1ff1a"
[backend] [2m2026-04-19T02:35:04.790833+08:00[0m [32m INFO[0m ThreadId(10) [2mkoko::shell::媒体资产外壳[0m[2m:[0m HTTP 请求已受理 [3musecase[0m[2m=[0m"读取附件内容" [3madapter[0m[2m=[0m"http" [3moutcome[0m[2m=[0m"accepted" [3mrequest_kind[0m[2m=[0m"附件内容读取" [3mattachment_id[0m[2m=[0m"att-8aedf734e191" [3msession_id[0m[2m=[0m"s-ed8ae5f1ff1a"
[backend] [2m2026-04-19T02:35:04.7942519+08:00[0m [32m INFO[0m ThreadId(08) [2mkoko::shell::媒体资产外壳[0m[2m:[0m HTTP 请求已受理 [3musecase[0m[2m=[0m"读取附件内容" [3madapter[0m[2m=[0m"http" [3moutcome[0m[2m=[0m"accepted" [3mrequest_kind[0m[2m=[0m"附件内容读取" [3mattachment_id[0m[2m=[0m"att-4b3bc2558118" [3msession_id[0m[2m=[0m"s-ed8ae5f1ff1a"
[backend] [2m2026-04-19T02:35:04.7999593+08:00[0m [32m INFO[0m ThreadId(12) [2mkoko::shell::媒体资产外壳[0m[2m:[0m HTTP 请求已受理 [3musecase[0m[2m=[0m"读取附件内容" [3madapter[0m[2m=[0m"http" [3moutcome[0m[2m=[0m"accepted" [3mrequest_kind[0m[2m=[0m"附件内容读取" [3mattachment_id[0m[2m=[0m"att-69182d17260b" [3msession_id[0m[2m=[0m"s-ed8ae5f1ff1a"
[backend] [2m2026-04-19T02:35:04.8085038+08:00[0m [32m INFO[0m ThreadId(10) [2mkoko::shell::媒体资产外壳[0m[2m:[0m 读取附件内容成功 [3musecase[0m[2m=[0m"读取附件内容" [3madapter[0m[2m=[0m"http" [3moutcome[0m[2m=[0m"succeeded" [3mrequest_kind[0m[2m=[0m"附件内容读取" [3mattachment_id[0m[2m=[0m"att-4b3bc2558118" [3msession_id[0m[2m=[0m"s-ed8ae5f1ff1a"
[backend] [2m2026-04-19T02:35:04.8116396+08:00[0m [32m INFO[0m ThreadId(10) [2mkoko::shell::媒体资产外壳[0m[2m:[0m 读取附件内容成功 [3musecase[0m[2m=[0m"读取附件内容" [3madapter[0m[2m=[0m"http" [3moutcome[0m[2m=[0m"succeeded" [3mrequest_kind[0m[2m=[0m"附件内容读取" [3mattachment_id[0m[2m=[0m"att-ea250b02f4f3" [3msession_id[0m[2m=[0m"s-ed8ae5f1ff1a"
[backend] [2m2026-04-19T02:35:04.8134454+08:00[0m [32m INFO[0m ThreadId(12) [2mkoko::shell::媒体资产外壳[0m[2m:[0m 读取附件内容成功 [3musecase[0m[2m=[0m"读取附件内容" [3madapter[0m[2m=[0m"http" [3moutcome[0m[2m=[0m"succeeded" [3mrequest_kind[0m[2m=[0m"附件内容读取" [3mattachment_id[0m[2m=[0m"att-69182d17260b" [3msession_id[0m[2m=[0m"s-ed8ae5f1ff1a"
[backend] [2m2026-04-19T02:35:04.8156978+08:00[0m [32m INFO[0m ThreadId(10) [2mkoko::shell::媒体资产外壳[0m[2m:[0m 读取附件内容成功 [3musecase[0m[2m=[0m"读取附件内容" [3madapter[0m[2m=[0m"http" [3moutcome[0m[2m=[0m"succeeded" [3mrequest_kind[0m[2m=[0m"附件内容读取" [3mattachment_id[0m[2m=[0m"att-792bea97c0bd" [3msession_id[0m[2m=[0m"s-ed8ae5f1ff1a"
[backend] [2m2026-04-19T02:35:04.8176062+08:00[0m [32m INFO[0m ThreadId(12) [2mkoko::shell::媒体资产外壳[0m[2m:[0m 读取附件内容成功 [3musecase[0m[2m=[0m"读取附件内容" [3madapter[0m[2m=[0m"http" [3moutcome[0m[2m=[0m"succeeded" [3mrequest_kind[0m[2m=[0m"附件内容读取" [3mattachment_id[0m[2m=[0m"att-56d8fca2bd57" [3msession_id[0m[2m=[0m"s-ed8ae5f1ff1a"
[backend] [2m2026-04-19T02:35:04.8271317+08:00[0m [32m INFO[0m ThreadId(12) [2mkoko::shell::媒体资产外壳[0m[2m:[0m 读取附件内容成功 [3musecase[0m[2m=[0m"读取附件内容" [3madapter[0m[2m=[0m"http" [3moutcome[0m[2m=[0m"succeeded" [3mrequest_kind[0m[2m=[0m"附件内容读取" [3mattachment_id[0m[2m=[0m"att-8aedf734e191" [3msession_id[0m[2m=[0m"s-ed8ae5f1ff1a"
[backend] [2m2026-04-19T02:35:04.8347876+08:00[0m [32m INFO[0m ThreadId(05) [2mkoko::shell::媒体资产外壳[0m[2m:[0m HTTP 请求已受理 [3musecase[0m[2m=[0m"读取附件内容" [3madapter[0m[2m=[0m"http" [3moutcome[0m[2m=[0m"accepted" [3mrequest_kind[0m[2m=[0m"附件内容读取" [3mattachment_id[0m[2m=[0m"att-d1739ba9773f" [3msession_id[0m[2m=[0m"s-ed8ae5f1ff1a"
[backend] [2m2026-04-19T02:35:04.8437054+08:00[0m [32m INFO[0m ThreadId(05) [2mkoko::shell::媒体资产外壳[0m[2m:[0m HTTP 请求已受理 [3musecase[0m[2m=[0m"读取附件内容" [3madapter[0m[2m=[0m"http" [3moutcome[0m[2m=[0m"accepted" [3mrequest_kind[0m[2m=[0m"附件内容读取" [3mattachment_id[0m[2m=[0m"att-6727d0dfb7aa" [3msession_id[0m[2m=[0m"s-ed8ae5f1ff1a"
[backend] [2m2026-04-19T02:35:04.8451779+08:00[0m [32m INFO[0m ThreadId(10) [2mkoko::shell::媒体资产外壳[0m[2m:[0m HTTP 请求已受理 [3musecase[0m[2m=[0m"读取附件内容" [3madapter[0m[2m=[0m"http" [3moutcome[0m[2m=[0m"accepted" [3mrequest_kind[0m[2m=[0m"附件内容读取" [3mattachment_id[0m[2m=[0m"att-fb643f1210f6" [3msession_id[0m[2m=[0m"s-ed8ae5f1ff1a"
[backend] [2m2026-04-19T02:35:04.8451801+08:00[0m [32m INFO[0m ThreadId(05) [2mkoko::shell::媒体资产外壳[0m[2m:[0m HTTP 请求已受理 [3musecase[0m[2m=[0m"读取附件内容" [3madapter[0m[2m=[0m"http" [3moutcome[0m[2m=[0m"accepted" [3mrequest_kind[0m[2m=[0m"附件内容读取" [3mattachment_id[0m[2m=[0m"att-88e3fb0cd3fa" [3msession_id[0m[2m=[0m"s-ed8ae5f1ff1a"
[backend] [2m2026-04-19T02:35:04.8517226+08:00[0m [32m INFO[0m ThreadId(10) [2mkoko::shell::媒体资产外壳[0m[2m:[0m HTTP 请求已受理 [3musecase[0m[2m=[0m"读取附件内容" [3madapter[0m[2m=[0m"http" [3moutcome[0m[2m=[0m"accepted" [3mrequest_kind[0m[2m=[0m"附件内容读取" [3mattachment_id[0m[2m=[0m"att-98d8a14f0c2c" [3msession_id[0m[2m=[0m"s-ed8ae5f1ff1a"
[backend] [2m2026-04-19T02:35:04.878865+08:00[0m [32m INFO[0m ThreadId(08) [2mkoko::shell::媒体资产外壳[0m[2m:[0m 读取附件内容成功 [3musecase[0m[2m=[0m"读取附件内容" [3madapter[0m[2m=[0m"http" [3moutcome[0m[2m=[0m"succeeded" [3mrequest_kind[0m[2m=[0m"附件内容读取" [3mattachment_id[0m[2m=[0m"att-88e3fb0cd3fa" [3msession_id[0m[2m=[0m"s-ed8ae5f1ff1a"
[backend] [2m2026-04-19T02:35:04.8798505+08:00[0m [32m INFO[0m ThreadId(10) [2mkoko::shell::媒体资产外壳[0m[2m:[0m 读取附件内容成功 [3musecase[0m[2m=[0m"读取附件内容" [3madapter[0m[2m=[0m"http" [3moutcome[0m[2m=[0m"succeeded" [3mrequest_kind[0m[2m=[0m"附件内容读取" [3mattachment_id[0m[2m=[0m"att-98d8a14f0c2c" [3msession_id[0m[2m=[0m"s-ed8ae5f1ff1a"
[backend] [2m2026-04-19T02:35:04.8800734+08:00[0m [32m INFO[0m ThreadId(12) [2mkoko::shell::媒体资产外壳[0m[2m:[0m 读取附件内容成功 [3musecase[0m[2m=[0m"读取附件内容" [3madapter[0m[2m=[0m"http" [3moutcome[0m[2m=[0m"succeeded" [3mrequest_kind[0m[2m=[0m"附件内容读取" [3mattachment_id[0m[2m=[0m"att-fb643f1210f6" [3msession_id[0m[2m=[0m"s-ed8ae5f1ff1a"
[backend] [2m2026-04-19T02:35:04.8897347+08:00[0m [32m INFO[0m ThreadId(12) [2mkoko::shell::媒体资产外壳[0m[2m:[0m 读取附件内容成功 [3musecase[0m[2m=[0m"读取附件内容" [3madapter[0m[2m=[0m"http" [3moutcome[0m[2m=[0m"succeeded" [3mrequest_kind[0m[2m=[0m"附件内容读取" [3mattachment_id[0m[2m=[0m"att-d1739ba9773f" [3msession_id[0m[2m=[0m"s-ed8ae5f1ff1a"
[backend] [2m2026-04-19T02:35:04.8934164+08:00[0m [32m INFO[0m ThreadId(12) [2mkoko::shell::媒体资产外壳[0m[2m:[0m 读取附件内容成功 [3musecase[0m[2m=[0m"读取附件内容" [3madapter[0m[2m=[0m"http" [3moutcome[0m[2m=[0m"succeeded" [3mrequest_kind[0m[2m=[0m"附件内容读取" [3mattachment_id[0m[2m=[0m"att-6727d0dfb7aa" [3msession_id[0m[2m=[0m"s-ed8ae5f1ff1a"
[backend] [2m2026-04-19T02:35:05.9675133+08:00[0m [32m INFO[0m ThreadId(08) [2mkoko::shell::媒体资产外壳[0m[2m:[0m HTTP 请求已受理 [3musecase[0m[2m=[0m"读取附件内容" [3madapter[0m[2m=[0m"http" [3moutcome[0m[2m=[0m"accepted" [3mrequest_kind[0m[2m=[0m"附件内容读取" [3mattachment_id[0m[2m=[0m"att-98d8a14f0c2c" [3msession_id[0m[2m=[0m"s-ed8ae5f1ff1a"
[backend] [2m2026-04-19T02:35:05.9771241+08:00[0m [32m INFO[0m ThreadId(10) [2mkoko::shell::媒体资产外壳[0m[2m:[0m 读取附件内容成功 [3musecase[0m[2m=[0m"读取附件内容" [3madapter[0m[2m=[0m"http" [3moutcome[0m[2m=[0m"succeeded" [3mrequest_kind[0m[2m=[0m"附件内容读取" [3mattachment_id[0m[2m=[0m"att-98d8a14f0c2c" [3msession_id[0m[2m=[0m"s-ed8ae5f1ff1a"
[backend] [2m2026-04-19T02:35:08.7481846+08:00[0m [32m INFO[0m ThreadId(06) [2mkoko::shell::媒体资产外壳[0m[2m:[0m HTTP 请求已受理 [3musecase[0m[2m=[0m"读取附件内容" [3madapter[0m[2m=[0m"http" [3moutcome[0m[2m=[0m"accepted" [3mrequest_kind[0m[2m=[0m"附件内容读取" [3mattachment_id[0m[2m=[0m"att-88e3fb0cd3fa" [3msession_id[0m[2m=[0m"s-ed8ae5f1ff1a"
[backend] [2m2026-04-19T02:35:08.7609879+08:00[0m [32m INFO[0m ThreadId(06) [2mkoko::shell::媒体资产外壳[0m[2m:[0m 读取附件内容成功 [3musecase[0m[2m=[0m"读取附件内容" [3madapter[0m[2m=[0m"http" [3moutcome[0m[2m=[0m"succeeded" [3mrequest_kind[0m[2m=[0m"附件内容读取" [3mattachment_id[0m[2m=[0m"att-88e3fb0cd3fa" [3msession_id[0m[2m=[0m"s-ed8ae5f1ff1a"
[backend] [2m2026-04-19T02:35:17.187201+08:00[0m [32m INFO[0m ThreadId(06) [2mkoko::shell::媒体上传外壳[0m[2m:[0m 媒体上传占位已创建 [3musecase[0m[2m=[0m"准备媒体上传" [3madapter[0m[2m=[0m"http" [3moutcome[0m[2m=[0m"succeeded" [3mrequest_kind[0m[2m=[0m"媒体上传 prepare" [3msession_id[0m[2m=[0m"s-ed8ae5f1ff1a" [3mattachment_id[0m[2m=[0m"att-528cc3c6d877" [3mupload_session_id[0m[2m=[0m"upl-9ec73dbf9e6744f28fac156f2c2722b6" [3mattachment_kind[0m[2m=[0m"video" [3mfile_name[0m[2m=[0m"VID_20230706_160649_086.mp4" [3mbyte_size[0m[2m=[0m1402786
[backend] [2m2026-04-19T02:35:17.424558+08:00[0m [32m INFO[0m ThreadId(08) [2mkoko::shell::tus_hook外壳[0m[2m:[0m Tus post-finish 已登记上传回执 [3madapter[0m[2m=[0m"tus_hook" [3mhook[0m[2m=[0m"post-finish" [3mattachment_id[0m[2m=[0m"att-528cc3c6d877" [3mupload_session_id[0m[2m=[0m"upl-9ec73dbf9e6744f28fac156f2c2722b6" [3mupload_id[0m[2m=[0m"dc01996f8c6bf5cbfb1d2a2732b6b24b" [3mrequest_id[0m[2m=[0m"551ec1da-7eed-4e55-8123-c5687599774b" [3mtransport_role[0m[2m=[0m"single" [3mstorage_locator[0m[2m=[0m"E:\\koko\\data\\tus\\dc01996f8c6bf5cbfb1d2a2732b6b24b"
[backend] [2m2026-04-19T02:35:17.4484822+08:00[0m [32m INFO[0m ThreadId(11) [2mkoko::shell::媒体上传外壳[0m[2m:[0m 媒体上传 complete 重活开始 [3musecase[0m[2m=[0m"完成媒体上传" [3mphase[0m[2m=[0m"complete_heavy_work_enter" [3mattachment_id[0m[2m=[0m"att-528cc3c6d877" [3mkind[0m[2m=[0m"video" [3mbyte_size[0m[2m=[0m1402786 [3mmedia_complete_max_concurrency[0m[2m=[0m4
[backend] [2m2026-04-19T02:35:17.4560851+08:00[0m [32m INFO[0m ThreadId(11) [2mkoko::shell::媒体上传外壳[0m[2m:[0m 媒体上传 complete 阶段耗时 [3musecase[0m[2m=[0m"完成媒体上传" [3mphase[0m[2m=[0m"complete_heavy_work_stage" [3mattachment_id[0m[2m=[0m"att-528cc3c6d877" [3mkind[0m[2m=[0m"video" [3mbyte_size[0m[2m=[0m1402786 [3mstage[0m[2m=[0m"parse_video" [3mduration_ms[0m[2m=[0m5
[tusd] 2026/04/19 02:35:17.311843 level=INFO event=RequestIncoming method=POST path="" requestId=551ec1da-7eed-4e55-8123-c5687599774b
[tusd] 2026/04/19 02:35:17.312466 level=DEBUG event=HookInvocationStart type=pre-create id=""
[tusd] 2026/04/19 02:35:17.347149 level=DEBUG event=HookInvocationFinish type=pre-create id=""
[tusd] 2026/04/19 02:35:17.363735 level=INFO event=UploadCreated method=POST path="" requestId=551ec1da-7eed-4e55-8123-c5687599774b id=dc01996f8c6bf5cbfb1d2a2732b6b24b size=1402786 url=http://127.0.0.1:1081/files/dc01996f8c6bf5cbfb1d2a2732b6b24b
[tusd] 2026/04/19 02:35:17.386229 level=INFO event=ChunkWriteStart method=POST path="" requestId=551ec1da-7eed-4e55-8123-c5687599774b id=dc01996f8c6bf5cbfb1d2a2732b6b24b maxSize=1402786 offset=0
[tusd] 2026/04/19 02:35:17.402115 level=INFO event=ChunkWriteComplete method=POST path="" requestId=551ec1da-7eed-4e55-8123-c5687599774b id=dc01996f8c6bf5cbfb1d2a2732b6b24b bytesWritten=1402786
[tusd] 2026/04/19 02:35:17.402115 level=INFO event=UploadFinished method=POST path="" requestId=551ec1da-7eed-4e55-8123-c5687599774b id=dc01996f8c6bf5cbfb1d2a2732b6b24b size=1402786
[tusd] 2026/04/19 02:35:17.402115 level=INFO event=ResponseOutgoing method=POST path="" requestId=551ec1da-7eed-4e55-8123-c5687599774b id=dc01996f8c6bf5cbfb1d2a2732b6b24b status=201 body=""
[tusd] 2026/04/19 02:35:17.402115 level=DEBUG event=HookInvocationStart type=post-finish id=dc01996f8c6bf5cbfb1d2a2732b6b24b
[tusd] 2026/04/19 02:35:17.424972 level=DEBUG event=HookInvocationFinish type=post-finish id=dc01996f8c6bf5cbfb1d2a2732b6b24b
[backend] [2m2026-04-19T02:35:20.5675886+08:00[0m [32m INFO[0m ThreadId(11) [2mkoko::shell::媒体上传外壳[0m[2m:[0m 媒体上传 complete 阶段耗时 [3musecase[0m[2m=[0m"完成媒体上传" [3mphase[0m[2m=[0m"complete_heavy_work_stage" [3mattachment_id[0m[2m=[0m"att-528cc3c6d877" [3mkind[0m[2m=[0m"video" [3mbyte_size[0m[2m=[0m1402786 [3mstage[0m[2m=[0m"package_streaming_assets" [3mduration_ms[0m[2m=[0m3109
[backend] [2m2026-04-19T02:35:20.6315962+08:00[0m [32m INFO[0m ThreadId(11) [2mkoko::shell::媒体上传外壳[0m[2m:[0m 媒体上传 complete 阶段耗时 [3musecase[0m[2m=[0m"完成媒体上传" [3mphase[0m[2m=[0m"complete_heavy_work_stage" [3mattachment_id[0m[2m=[0m"att-528cc3c6d877" [3mkind[0m[2m=[0m"video" [3mbyte_size[0m[2m=[0m1402786 [3mstage[0m[2m=[0m"build_distribution_request" [3mduration_ms[0m[2m=[0m62
[backend] [2m2026-04-19T02:35:20.701614+08:00[0m [32m INFO[0m ThreadId(11) [2mkoko::shell::媒体上传外壳[0m[2m:[0m 媒体上传 complete 阶段耗时 [3musecase[0m[2m=[0m"完成媒体上传" [3mphase[0m[2m=[0m"complete_heavy_work_stage" [3mattachment_id[0m[2m=[0m"att-528cc3c6d877" [3mkind[0m[2m=[0m"video" [3mbyte_size[0m[2m=[0m1402786 [3mstage[0m[2m=[0m"generate_torrent" [3mduration_ms[0m[2m=[0m69
[backend] [2m2026-04-19T02:35:20.7281114+08:00[0m [32m INFO[0m ThreadId(06) [2mkoko::shell::媒体上传外壳[0m[2m:[0m 媒体上传 complete 阶段耗时 [3musecase[0m[2m=[0m"完成媒体上传" [3mphase[0m[2m=[0m"complete_heavy_work_stage" [3mattachment_id[0m[2m=[0m"att-528cc3c6d877" [3mkind[0m[2m=[0m"video" [3mbyte_size[0m[2m=[0m1402786 [3mstage[0m[2m=[0m"upload_streaming_assets" [3mduration_ms[0m[2m=[0m25
[backend] [2m2026-04-19T02:35:20.7389282+08:00[0m [32m INFO[0m ThreadId(05) [2mkoko::shell::媒体上传外壳[0m[2m:[0m 媒体上传 complete 阶段耗时 [3musecase[0m[2m=[0m"完成媒体上传" [3mphase[0m[2m=[0m"complete_heavy_work_stage" [3mattachment_id[0m[2m=[0m"att-528cc3c6d877" [3mkind[0m[2m=[0m"video" [3mbyte_size[0m[2m=[0m1402786 [3mstage[0m[2m=[0m"write_authoritative_snapshot" [3mduration_ms[0m[2m=[0m10
[backend] [2m2026-04-19T02:35:20.7403717+08:00[0m [32m INFO[0m ThreadId(05) [2mkoko::shell::媒体上传外壳[0m[2m:[0m 媒体上传 complete 阶段耗时 [3musecase[0m[2m=[0m"完成媒体上传" [3mphase[0m[2m=[0m"complete_heavy_work_stage" [3mattachment_id[0m[2m=[0m"att-528cc3c6d877" [3mkind[0m[2m=[0m"video" [3mbyte_size[0m[2m=[0m1402786 [3mstage[0m[2m=[0m"delete_upload_temp_file" [3mduration_ms[0m[2m=[0m0
[backend] [2m2026-04-19T02:35:20.7428462+08:00[0m [32m INFO[0m ThreadId(08) [2mkoko::shell::媒体上传外壳[0m[2m:[0m 媒体上传 complete 阶段耗时 [3musecase[0m[2m=[0m"完成媒体上传" [3mphase[0m[2m=[0m"complete_heavy_work_stage" [3mattachment_id[0m[2m=[0m"att-528cc3c6d877" [3mkind[0m[2m=[0m"video" [3mbyte_size[0m[2m=[0m1402786 [3mstage[0m[2m=[0m"retire_original_upload_source" [3mduration_ms[0m[2m=[0m2
[backend] [2m2026-04-19T02:35:20.7434513+08:00[0m [32m INFO[0m ThreadId(08) [2mkoko::shell::媒体上传外壳[0m[2m:[0m 媒体上传 complete 重活完成 [3musecase[0m[2m=[0m"完成媒体上传" [3mphase[0m[2m=[0m"complete_heavy_work_exit" [3mattachment_id[0m[2m=[0m"att-528cc3c6d877" [3mkind[0m[2m=[0m"video" [3mbyte_size[0m[2m=[0m1402786 [3mduration_ms[0m[2m=[0m3294
[backend] [2m2026-04-19T02:35:22.3461146+08:00[0m [32m INFO[0m ThreadId(08) [2mkoko::shell::实时外壳[0m[2m:[0m realtime 创建消息请求已受理 [3musecase[0m[2m=[0m"创建消息" [3madapter[0m[2m=[0m"socketioxide" [3moutcome[0m[2m=[0m"accepted" [3mroom_id[0m[2m=[0m"r-3cdfd560046a" [3msession_id[0m[2m=[0m"s-ed8ae5f1ff1a" [3mclient_message_id[0m[2m=[0m"36438a67-da0d-4459-b9a3-532a27097092"
[backend] [2m2026-04-19T02:35:22.361647+08:00[0m [32m INFO[0m ThreadId(11) [2mkoko::shell::实时外壳[0m[2m:[0m 创建消息成功 [3musecase[0m[2m=[0m"创建消息" [3madapter[0m[2m=[0m"socketioxide" [3moutcome[0m[2m=[0m"succeeded" [3mroom_id[0m[2m=[0m"r-3cdfd560046a" [3msession_id[0m[2m=[0m"s-ed8ae5f1ff1a" [3mclient_message_id[0m[2m=[0m"36438a67-da0d-4459-b9a3-532a27097092" [3mevent_position[0m[2m=[0m21
[backend] [2m2026-04-19T02:35:22.3791294+08:00[0m [32m INFO[0m ThreadId(05) [2mkoko::shell::媒体资产外壳[0m[2m:[0m HTTP 请求已受理 [3musecase[0m[2m=[0m"读取附件内容" [3madapter[0m[2m=[0m"http" [3moutcome[0m[2m=[0m"accepted" [3mrequest_kind[0m[2m=[0m"附件内容读取" [3mattachment_id[0m[2m=[0m"att-528cc3c6d877" [3msession_id[0m[2m=[0m"s-ed8ae5f1ff1a"
[backend] [2m2026-04-19T02:35:22.3894176+08:00[0m [32m INFO[0m ThreadId(06) [2mkoko::shell::媒体资产外壳[0m[2m:[0m 读取附件内容成功 [3musecase[0m[2m=[0m"读取附件内容" [3madapter[0m[2m=[0m"http" [3moutcome[0m[2m=[0m"succeeded" [3mrequest_kind[0m[2m=[0m"附件内容读取" [3mattachment_id[0m[2m=[0m"att-528cc3c6d877" [3msession_id[0m[2m=[0m"s-ed8ae5f1ff1a"
[backend] [2m2026-04-19T02:35:22.7998282+08:00[0m [32m INFO[0m ThreadId(10) [2mkoko::shell::房间外壳[0m[2m:[0m HTTP 请求已受理 [3musecase[0m[2m=[0m"推进房间阅读位置" [3madapter[0m[2m=[0m"http" [3moutcome[0m[2m=[0m"accepted" [3mrequest_kind[0m[2m=[0m"房间阅读位置推进" [3mroom_id[0m[2m=[0m"r-3cdfd560046a" [3msession_id[0m[2m=[0m"s-ed8ae5f1ff1a" [3mevent_position[0m[2m=[0m21
[backend] [2m2026-04-19T02:35:22.8063947+08:00[0m [32m INFO[0m ThreadId(06) [2mkoko::shell::房间外壳[0m[2m:[0m 推进房间阅读位置成功 [3musecase[0m[2m=[0m"推进房间阅读位置" [3madapter[0m[2m=[0m"http" [3moutcome[0m[2m=[0m"succeeded" [3mrequest_kind[0m[2m=[0m"房间阅读位置推进" [3mroom_id[0m[2m=[0m"r-3cdfd560046a" [3msession_id[0m[2m=[0m"s-ed8ae5f1ff1a" [3mevent_position[0m[2m=[0m21
[backend] [2m2026-04-19T02:35:22.968642+08:00[0m [32m INFO[0m ThreadId(05) [2mkoko::shell::媒体资产外壳[0m[2m:[0m HTTP 请求已受理 [3musecase[0m[2m=[0m"读取附件内容" [3madapter[0m[2m=[0m"http" [3moutcome[0m[2m=[0m"accepted" [3mrequest_kind[0m[2m=[0m"附件内容读取" [3mattachment_id[0m[2m=[0m"att-528cc3c6d877" [3msession_id[0m[2m=[0m"s-ed8ae5f1ff1a"
[backend] [2m2026-04-19T02:35:22.9786899+08:00[0m [32m INFO[0m ThreadId(06) [2mkoko::shell::媒体资产外壳[0m[2m:[0m 读取附件内容成功 [3musecase[0m[2m=[0m"读取附件内容" [3madapter[0m[2m=[0m"http" [3moutcome[0m[2m=[0m"succeeded" [3mrequest_kind[0m[2m=[0m"附件内容读取" [3mattachment_id[0m[2m=[0m"att-528cc3c6d877" [3msession_id[0m[2m=[0m"s-ed8ae5f1ff1a"
[backend] [2m2026-04-19T02:35:23.44836+08:00[0m [32m INFO[0m ThreadId(10) [2mkoko::shell::房间外壳[0m[2m:[0m HTTP 请求已受理 [3musecase[0m[2m=[0m"推进房间阅读位置" [3madapter[0m[2m=[0m"http" [3moutcome[0m[2m=[0m"accepted" [3mrequest_kind[0m[2m=[0m"房间阅读位置推进" [3mroom_id[0m[2m=[0m"r-3cdfd560046a" [3msession_id[0m[2m=[0m"s-e7c98262c769" [3mevent_position[0m[2m=[0m21
[backend] [2m2026-04-19T02:35:23.4575643+08:00[0m [32m INFO[0m ThreadId(10) [2mkoko::shell::房间外壳[0m[2m:[0m 推进房间阅读位置成功 [3musecase[0m[2m=[0m"推进房间阅读位置" [3madapter[0m[2m=[0m"http" [3moutcome[0m[2m=[0m"succeeded" [3mrequest_kind[0m[2m=[0m"房间阅读位置推进" [3mroom_id[0m[2m=[0m"r-3cdfd560046a" [3msession_id[0m[2m=[0m"s-e7c98262c769" [3mevent_position[0m[2m=[0m21
[backend] [2m2026-04-19T02:35:26.3675325+08:00[0m [32m INFO[0m ThreadId(11) [2mkoko::shell::房间外壳[0m[2m:[0m HTTP 请求已受理 [3musecase[0m[2m=[0m"推进房间阅读位置" [3madapter[0m[2m=[0m"http" [3moutcome[0m[2m=[0m"accepted" [3mrequest_kind[0m[2m=[0m"房间阅读位置推进" [3mroom_id[0m[2m=[0m"r-3cdfd560046a" [3msession_id[0m[2m=[0m"s-ed8ae5f1ff1a" [3mevent_position[0m[2m=[0m21
[backend] [2m2026-04-19T02:35:26.3754854+08:00[0m [32m INFO[0m ThreadId(11) [2mkoko::shell::房间外壳[0m[2m:[0m 推进房间阅读位置成功 [3musecase[0m[2m=[0m"推进房间阅读位置" [3madapter[0m[2m=[0m"http" [3moutcome[0m[2m=[0m"succeeded" [3mrequest_kind[0m[2m=[0m"房间阅读位置推进" [3mroom_id[0m[2m=[0m"r-3cdfd560046a" [3msession_id[0m[2m=[0m"s-ed8ae5f1ff1a" [3mevent_position[0m[2m=[0m21
[backend] [2m2026-04-19T02:37:50.7207225+08:00[0m [32m INFO[0m ThreadId(10) [2mkoko::shell::媒体资产外壳[0m[2m:[0m HTTP 请求已受理 [3musecase[0m[2m=[0m"读取附件内容" [3madapter[0m[2m=[0m"http" [3moutcome[0m[2m=[0m"accepted" [3mrequest_kind[0m[2m=[0m"附件内容读取" [3mattachment_id[0m[2m=[0m"att-98d8a14f0c2c" [3msession_id[0m[2m=[0m"s-ed8ae5f1ff1a"
[backend] [2m2026-04-19T02:37:50.7429827+08:00[0m [32m INFO[0m ThreadId(10) [2mkoko::shell::媒体资产外壳[0m[2m:[0m 读取附件内容成功 [3musecase[0m[2m=[0m"读取附件内容" [3madapter[0m[2m=[0m"http" [3moutcome[0m[2m=[0m"succeeded" [3mrequest_kind[0m[2m=[0m"附件内容读取" [3mattachment_id[0m[2m=[0m"att-98d8a14f0c2c" [3msession_id[0m[2m=[0m"s-ed8ae5f1ff1a"
[backend] [2m2026-04-19T02:37:59.1147238+08:00[0m [32m INFO[0m ThreadId(10) [2mkoko::shell::媒体上传外壳[0m[2m:[0m 媒体上传占位已创建 [3musecase[0m[2m=[0m"准备媒体上传" [3madapter[0m[2m=[0m"http" [3moutcome[0m[2m=[0m"succeeded" [3mrequest_kind[0m[2m=[0m"媒体上传 prepare" [3msession_id[0m[2m=[0m"s-ed8ae5f1ff1a" [3mattachment_id[0m[2m=[0m"att-bdbf430c4928" [3mupload_session_id[0m[2m=[0m"upl-a8d57405db4241858a57e67c07d5e4db" [3mattachment_kind[0m[2m=[0m"video" [3mfile_name[0m[2m=[0m"VID_20230706_205015_863.mp4" [3mbyte_size[0m[2m=[0m17468770
[tusd] 2026/04/19 02:37:59.157402 level=INFO event=RequestIncoming method=POST path="" requestId=cd6f64cc-faf8-49da-9292-dee0b194e15d
[tusd] 2026/04/19 02:37:59.161689 level=DEBUG event=HookInvocationStart type=pre-create id=""
[tusd] 2026/04/19 02:37:59.173909 level=DEBUG event=HookInvocationFinish type=pre-create id=""
[tusd] 2026/04/19 02:37:59.177973 level=INFO event=UploadCreated method=POST path="" requestId=cd6f64cc-faf8-49da-9292-dee0b194e15d id=01c959811f58f529340a8ab6abdc2a88 size=17468770 url=http://127.0.0.1:1081/files/01c959811f58f529340a8ab6abdc2a88
[tusd] 2026/04/19 02:37:59.181347 level=INFO event=ChunkWriteStart method=POST path="" requestId=cd6f64cc-faf8-49da-9292-dee0b194e15d id=01c959811f58f529340a8ab6abdc2a88 maxSize=17468770 offset=0
[backend] [2m2026-04-19T02:37:59.3631537+08:00[0m [32m INFO[0m ThreadId(06) [2mkoko::shell::tus_hook外壳[0m[2m:[0m Tus post-finish 已登记上传回执 [3madapter[0m[2m=[0m"tus_hook" [3mhook[0m[2m=[0m"post-finish" [3mattachment_id[0m[2m=[0m"att-bdbf430c4928" [3mupload_session_id[0m[2m=[0m"upl-a8d57405db4241858a57e67c07d5e4db" [3mupload_id[0m[2m=[0m"01c959811f58f529340a8ab6abdc2a88" [3mrequest_id[0m[2m=[0m"cd6f64cc-faf8-49da-9292-dee0b194e15d" [3mtransport_role[0m[2m=[0m"single" [3mstorage_locator[0m[2m=[0m"E:\\koko\\data\\tus\\01c959811f58f529340a8ab6abdc2a88"
[tusd] 2026/04/19 02:37:59.345173 level=INFO event=ChunkWriteComplete method=POST path="" requestId=cd6f64cc-faf8-49da-9292-dee0b194e15d id=01c959811f58f529340a8ab6abdc2a88 bytesWritten=17468770
[tusd] 2026/04/19 02:37:59.345173 level=INFO event=UploadFinished method=POST path="" requestId=cd6f64cc-faf8-49da-9292-dee0b194e15d id=01c959811f58f529340a8ab6abdc2a88 size=17468770
[tusd] 2026/04/19 02:37:59.345173 level=INFO event=ResponseOutgoing method=POST path="" requestId=cd6f64cc-faf8-49da-9292-dee0b194e15d id=01c959811f58f529340a8ab6abdc2a88 status=201 body=""
[tusd] 2026/04/19 02:37:59.345970 level=DEBUG event=HookInvocationStart type=post-finish id=01c959811f58f529340a8ab6abdc2a88
[tusd] 2026/04/19 02:37:59.364009 level=DEBUG event=HookInvocationFinish type=post-finish id=01c959811f58f529340a8ab6abdc2a88
[backend] [2m2026-04-19T02:37:59.4771432+08:00[0m [32m INFO[0m ThreadId(06) [2mkoko::shell::媒体上传外壳[0m[2m:[0m 媒体上传 complete 重活开始 [3musecase[0m[2m=[0m"完成媒体上传" [3mphase[0m[2m=[0m"complete_heavy_work_enter" [3mattachment_id[0m[2m=[0m"att-bdbf430c4928" [3mkind[0m[2m=[0m"video" [3mbyte_size[0m[2m=[0m17468770 [3mmedia_complete_max_concurrency[0m[2m=[0m4
[backend] [2m2026-04-19T02:37:59.4841626+08:00[0m [32m INFO[0m ThreadId(06) [2mkoko::shell::媒体上传外壳[0m[2m:[0m 媒体上传 complete 阶段耗时 [3musecase[0m[2m=[0m"完成媒体上传" [3mphase[0m[2m=[0m"complete_heavy_work_stage" [3mattachment_id[0m[2m=[0m"att-bdbf430c4928" [3mkind[0m[2m=[0m"video" [3mbyte_size[0m[2m=[0m17468770 [3mstage[0m[2m=[0m"parse_video" [3mduration_ms[0m[2m=[0m6
[backend] [2m2026-04-19T02:38:01.5214706+08:00[0m [32m INFO[0m ThreadId(11) [2mkoko::shell::媒体上传外壳[0m[2m:[0m 媒体上传 complete 阶段耗时 [3musecase[0m[2m=[0m"完成媒体上传" [3mphase[0m[2m=[0m"complete_heavy_work_stage" [3mattachment_id[0m[2m=[0m"att-bdbf430c4928" [3mkind[0m[2m=[0m"video" [3mbyte_size[0m[2m=[0m17468770 [3mstage[0m[2m=[0m"package_streaming_assets" [3mduration_ms[0m[2m=[0m2036
[backend] [2m2026-04-19T02:38:02.2337177+08:00[0m [32m INFO[0m ThreadId(11) [2mkoko::shell::媒体上传外壳[0m[2m:[0m 媒体上传 complete 阶段耗时 [3musecase[0m[2m=[0m"完成媒体上传" [3mphase[0m[2m=[0m"complete_heavy_work_stage" [3mattachment_id[0m[2m=[0m"att-bdbf430c4928" [3mkind[0m[2m=[0m"video" [3mbyte_size[0m[2m=[0m17468770 [3mstage[0m[2m=[0m"build_distribution_request" [3mduration_ms[0m[2m=[0m711
[backend] [2m2026-04-19T02:38:03.1681516+08:00[0m [32m INFO[0m ThreadId(11) [2mkoko::shell::媒体上传外壳[0m[2m:[0m 媒体上传 complete 阶段耗时 [3musecase[0m[2m=[0m"完成媒体上传" [3mphase[0m[2m=[0m"complete_heavy_work_stage" [3mattachment_id[0m[2m=[0m"att-bdbf430c4928" [3mkind[0m[2m=[0m"video" [3mbyte_size[0m[2m=[0m17468770 [3mstage[0m[2m=[0m"generate_torrent" [3mduration_ms[0m[2m=[0m933
[backend] [2m2026-04-19T02:38:03.2891953+08:00[0m [32m INFO[0m ThreadId(10) [2mkoko::shell::媒体上传外壳[0m[2m:[0m 媒体上传 complete 阶段耗时 [3musecase[0m[2m=[0m"完成媒体上传" [3mphase[0m[2m=[0m"complete_heavy_work_stage" [3mattachment_id[0m[2m=[0m"att-bdbf430c4928" [3mkind[0m[2m=[0m"video" [3mbyte_size[0m[2m=[0m17468770 [3mstage[0m[2m=[0m"upload_streaming_assets" [3mduration_ms[0m[2m=[0m115
[backend] [2m2026-04-19T02:38:03.3044253+08:00[0m [32m INFO[0m ThreadId(10) [2mkoko::shell::媒体上传外壳[0m[2m:[0m 媒体上传 complete 阶段耗时 [3musecase[0m[2m=[0m"完成媒体上传" [3mphase[0m[2m=[0m"complete_heavy_work_stage" [3mattachment_id[0m[2m=[0m"att-bdbf430c4928" [3mkind[0m[2m=[0m"video" [3mbyte_size[0m[2m=[0m17468770 [3mstage[0m[2m=[0m"write_authoritative_snapshot" [3mduration_ms[0m[2m=[0m14
[backend] [2m2026-04-19T02:38:03.3088175+08:00[0m [32m INFO[0m ThreadId(10) [2mkoko::shell::媒体上传外壳[0m[2m:[0m 媒体上传 complete 阶段耗时 [3musecase[0m[2m=[0m"完成媒体上传" [3mphase[0m[2m=[0m"complete_heavy_work_stage" [3mattachment_id[0m[2m=[0m"att-bdbf430c4928" [3mkind[0m[2m=[0m"video" [3mbyte_size[0m[2m=[0m17468770 [3mstage[0m[2m=[0m"delete_upload_temp_file" [3mduration_ms[0m[2m=[0m3
[backend] [2m2026-04-19T02:38:03.3113857+08:00[0m [32m INFO[0m ThreadId(12) [2mkoko::shell::媒体上传外壳[0m[2m:[0m 媒体上传 complete 阶段耗时 [3musecase[0m[2m=[0m"完成媒体上传" [3mphase[0m[2m=[0m"complete_heavy_work_stage" [3mattachment_id[0m[2m=[0m"att-bdbf430c4928" [3mkind[0m[2m=[0m"video" [3mbyte_size[0m[2m=[0m17468770 [3mstage[0m[2m=[0m"retire_original_upload_source" [3mduration_ms[0m[2m=[0m2
[backend] [2m2026-04-19T02:38:03.3122959+08:00[0m [32m INFO[0m ThreadId(12) [2mkoko::shell::媒体上传外壳[0m[2m:[0m 媒体上传 complete 重活完成 [3musecase[0m[2m=[0m"完成媒体上传" [3mphase[0m[2m=[0m"complete_heavy_work_exit" [3mattachment_id[0m[2m=[0m"att-bdbf430c4928" [3mkind[0m[2m=[0m"video" [3mbyte_size[0m[2m=[0m17468770 [3mduration_ms[0m[2m=[0m3835
[backend] [2m2026-04-19T02:38:15.7974686+08:00[0m [32m INFO[0m ThreadId(05) [2mkoko::shell::实时外壳[0m[2m:[0m realtime 创建消息请求已受理 [3musecase[0m[2m=[0m"创建消息" [3madapter[0m[2m=[0m"socketioxide" [3moutcome[0m[2m=[0m"accepted" [3mroom_id[0m[2m=[0m"r-3cdfd560046a" [3msession_id[0m[2m=[0m"s-ed8ae5f1ff1a" [3mclient_message_id[0m[2m=[0m"ceab4216-7795-45c6-9888-f923e5916a4e"
[backend] [2m2026-04-19T02:38:15.817459+08:00[0m [32m INFO[0m ThreadId(05) [2mkoko::shell::实时外壳[0m[2m:[0m 创建消息成功 [3musecase[0m[2m=[0m"创建消息" [3madapter[0m[2m=[0m"socketioxide" [3moutcome[0m[2m=[0m"succeeded" [3mroom_id[0m[2m=[0m"r-3cdfd560046a" [3msession_id[0m[2m=[0m"s-ed8ae5f1ff1a" [3mclient_message_id[0m[2m=[0m"ceab4216-7795-45c6-9888-f923e5916a4e" [3mevent_position[0m[2m=[0m22
[backend] [2m2026-04-19T02:38:15.8550372+08:00[0m [32m INFO[0m ThreadId(12) [2mkoko::shell::媒体资产外壳[0m[2m:[0m HTTP 请求已受理 [3musecase[0m[2m=[0m"读取附件内容" [3madapter[0m[2m=[0m"http" [3moutcome[0m[2m=[0m"accepted" [3mrequest_kind[0m[2m=[0m"附件内容读取" [3mattachment_id[0m[2m=[0m"att-bdbf430c4928" [3msession_id[0m[2m=[0m"s-ed8ae5f1ff1a"
[backend] [2m2026-04-19T02:38:15.8652615+08:00[0m [32m INFO[0m ThreadId(12) [2mkoko::shell::媒体资产外壳[0m[2m:[0m 读取附件内容成功 [3musecase[0m[2m=[0m"读取附件内容" [3madapter[0m[2m=[0m"http" [3moutcome[0m[2m=[0m"succeeded" [3mrequest_kind[0m[2m=[0m"附件内容读取" [3mattachment_id[0m[2m=[0m"att-bdbf430c4928" [3msession_id[0m[2m=[0m"s-ed8ae5f1ff1a"
[backend] [2m2026-04-19T02:38:16.0337291+08:00[0m [32m INFO[0m ThreadId(12) [2mkoko::shell::媒体资产外壳[0m[2m:[0m HTTP 请求已受理 [3musecase[0m[2m=[0m"读取附件内容" [3madapter[0m[2m=[0m"http" [3moutcome[0m[2m=[0m"accepted" [3mrequest_kind[0m[2m=[0m"附件内容读取" [3mattachment_id[0m[2m=[0m"att-bdbf430c4928" [3msession_id[0m[2m=[0m"s-ed8ae5f1ff1a"
[backend] [2m2026-04-19T02:38:16.042438+08:00[0m [32m INFO[0m ThreadId(12) [2mkoko::shell::媒体资产外壳[0m[2m:[0m 读取附件内容成功 [3musecase[0m[2m=[0m"读取附件内容" [3madapter[0m[2m=[0m"http" [3moutcome[0m[2m=[0m"succeeded" [3mrequest_kind[0m[2m=[0m"附件内容读取" [3mattachment_id[0m[2m=[0m"att-bdbf430c4928" [3msession_id[0m[2m=[0m"s-ed8ae5f1ff1a"
[backend] [2m2026-04-19T02:38:16.2475258+08:00[0m [32m INFO[0m ThreadId(10) [2mkoko::shell::房间外壳[0m[2m:[0m HTTP 请求已受理 [3musecase[0m[2m=[0m"推进房间阅读位置" [3madapter[0m[2m=[0m"http" [3moutcome[0m[2m=[0m"accepted" [3mrequest_kind[0m[2m=[0m"房间阅读位置推进" [3mroom_id[0m[2m=[0m"r-3cdfd560046a" [3msession_id[0m[2m=[0m"s-ed8ae5f1ff1a" [3mevent_position[0m[2m=[0m22
[backend] [2m2026-04-19T02:38:16.255312+08:00[0m [32m INFO[0m ThreadId(12) [2mkoko::shell::房间外壳[0m[2m:[0m 推进房间阅读位置成功 [3musecase[0m[2m=[0m"推进房间阅读位置" [3madapter[0m[2m=[0m"http" [3moutcome[0m[2m=[0m"succeeded" [3mrequest_kind[0m[2m=[0m"房间阅读位置推进" [3mroom_id[0m[2m=[0m"r-3cdfd560046a" [3msession_id[0m[2m=[0m"s-ed8ae5f1ff1a" [3mevent_position[0m[2m=[0m22
[backend] [2m2026-04-19T02:38:16.2577397+08:00[0m [32m INFO[0m ThreadId(06) [2mkoko::shell::房间外壳[0m[2m:[0m HTTP 请求已受理 [3musecase[0m[2m=[0m"推进房间阅读位置" [3madapter[0m[2m=[0m"http" [3moutcome[0m[2m=[0m"accepted" [3mrequest_kind[0m[2m=[0m"房间阅读位置推进" [3mroom_id[0m[2m=[0m"r-3cdfd560046a" [3msession_id[0m[2m=[0m"s-ed8ae5f1ff1a" [3mevent_position[0m[2m=[0m22
[backend] [2m2026-04-19T02:38:16.2654615+08:00[0m [32m INFO[0m ThreadId(06) [2mkoko::shell::房间外壳[0m[2m:[0m 推进房间阅读位置成功 [3musecase[0m[2m=[0m"推进房间阅读位置" [3madapter[0m[2m=[0m"http" [3moutcome[0m[2m=[0m"succeeded" [3mrequest_kind[0m[2m=[0m"房间阅读位置推进" [3mroom_id[0m[2m=[0m"r-3cdfd560046a" [3msession_id[0m[2m=[0m"s-ed8ae5f1ff1a" [3mevent_position[0m[2m=[0m22
[backend] [2m2026-04-19T02:38:16.440869+08:00[0m [32m INFO[0m ThreadId(10) [2mkoko::shell::房间外壳[0m[2m:[0m HTTP 请求已受理 [3musecase[0m[2m=[0m"推进房间阅读位置" [3madapter[0m[2m=[0m"http" [3moutcome[0m[2m=[0m"accepted" [3mrequest_kind[0m[2m=[0m"房间阅读位置推进" [3mroom_id[0m[2m=[0m"r-3cdfd560046a" [3msession_id[0m[2m=[0m"s-e7c98262c769" [3mevent_position[0m[2m=[0m22
[backend] [2m2026-04-19T02:38:16.4463193+08:00[0m [32m INFO[0m ThreadId(10) [2mkoko::shell::房间外壳[0m[2m:[0m 推进房间阅读位置成功 [3musecase[0m[2m=[0m"推进房间阅读位置" [3madapter[0m[2m=[0m"http" [3moutcome[0m[2m=[0m"succeeded" [3mrequest_kind[0m[2m=[0m"房间阅读位置推进" [3mroom_id[0m[2m=[0m"r-3cdfd560046a" [3msession_id[0m[2m=[0m"s-e7c98262c769" [3mevent_position[0m[2m=[0m22
[backend] [2m2026-04-19T02:38:16.8341631+08:00[0m [32m INFO[0m ThreadId(12) [2mkoko::shell::媒体资产外壳[0m[2m:[0m HTTP 请求已受理 [3musecase[0m[2m=[0m"读取附件内容" [3madapter[0m[2m=[0m"http" [3moutcome[0m[2m=[0m"accepted" [3mrequest_kind[0m[2m=[0m"附件内容读取" [3mattachment_id[0m[2m=[0m"att-bdbf430c4928" [3msession_id[0m[2m=[0m"s-ed8ae5f1ff1a"
[backend] [2m2026-04-19T02:38:16.9538566+08:00[0m [32m INFO[0m ThreadId(12) [2mkoko::shell::媒体资产外壳[0m[2m:[0m 读取附件内容成功 [3musecase[0m[2m=[0m"读取附件内容" [3madapter[0m[2m=[0m"http" [3moutcome[0m[2m=[0m"succeeded" [3mrequest_kind[0m[2m=[0m"附件内容读取" [3mattachment_id[0m[2m=[0m"att-bdbf430c4928" [3msession_id[0m[2m=[0m"s-ed8ae5f1ff1a"
[backend] [2m2026-04-19T02:38:16.9643733+08:00[0m [32m INFO[0m ThreadId(06) [2mkoko::shell::媒体资产外壳[0m[2m:[0m HTTP 请求已受理 [3musecase[0m[2m=[0m"读取附件内容" [3madapter[0m[2m=[0m"http" [3moutcome[0m[2m=[0m"accepted" [3mrequest_kind[0m[2m=[0m"附件内容读取" [3mattachment_id[0m[2m=[0m"att-bdbf430c4928" [3msession_id[0m[2m=[0m"s-ed8ae5f1ff1a"
[backend] [2m2026-04-19T02:38:16.9699579+08:00[0m [32m INFO[0m ThreadId(06) [2mkoko::shell::媒体资产外壳[0m[2m:[0m 读取附件内容成功 [3musecase[0m[2m=[0m"读取附件内容" [3madapter[0m[2m=[0m"http" [3moutcome[0m[2m=[0m"succeeded" [3mrequest_kind[0m[2m=[0m"附件内容读取" [3mattachment_id[0m[2m=[0m"att-bdbf430c4928" [3msession_id[0m[2m=[0m"s-ed8ae5f1ff1a"
[backend] [2m2026-04-19T02:38:16.9894052+08:00[0m [32m INFO[0m ThreadId(10) [2mkoko::shell::媒体资产外壳[0m[2m:[0m HTTP 请求已受理 [3musecase[0m[2m=[0m"读取附件内容" [3madapter[0m[2m=[0m"http" [3moutcome[0m[2m=[0m"accepted" [3mrequest_kind[0m[2m=[0m"附件内容读取" [3mattachment_id[0m[2m=[0m"att-bdbf430c4928" [3msession_id[0m[2m=[0m"s-ed8ae5f1ff1a"
[backend] [2m2026-04-19T02:38:17.1096152+08:00[0m [32m INFO[0m ThreadId(10) [2mkoko::shell::媒体资产外壳[0m[2m:[0m 读取附件内容成功 [3musecase[0m[2m=[0m"读取附件内容" [3madapter[0m[2m=[0m"http" [3moutcome[0m[2m=[0m"succeeded" [3mrequest_kind[0m[2m=[0m"附件内容读取" [3mattachment_id[0m[2m=[0m"att-bdbf430c4928" [3msession_id[0m[2m=[0m"s-ed8ae5f1ff1a"
[backend] [2m2026-04-19T02:39:50.0214313+08:00[0m [32m INFO[0m ThreadId(06) [2mkoko::shell::媒体资产外壳[0m[2m:[0m HTTP 请求已受理 [3musecase[0m[2m=[0m"读取附件内容" [3madapter[0m[2m=[0m"http" [3moutcome[0m[2m=[0m"accepted" [3mrequest_kind[0m[2m=[0m"附件内容读取" [3mattachment_id[0m[2m=[0m"att-98d8a14f0c2c" [3msession_id[0m[2m=[0m"s-e7c98262c769"
[backend] [2m2026-04-19T02:39:50.0336531+08:00[0m [32m INFO[0m ThreadId(10) [2mkoko::shell::媒体资产外壳[0m[2m:[0m 读取附件内容成功 [3musecase[0m[2m=[0m"读取附件内容" [3madapter[0m[2m=[0m"http" [3moutcome[0m[2m=[0m"succeeded" [3mrequest_kind[0m[2m=[0m"附件内容读取" [3mattachment_id[0m[2m=[0m"att-98d8a14f0c2c" [3msession_id[0m[2m=[0m"s-e7c98262c769"
[backend] [2m2026-04-19T02:39:50.0401035+08:00[0m [32m INFO[0m ThreadId(12) [2mkoko::shell::媒体资产外壳[0m[2m:[0m HTTP 请求已受理 [3musecase[0m[2m=[0m"读取附件内容" [3madapter[0m[2m=[0m"http" [3moutcome[0m[2m=[0m"accepted" [3mrequest_kind[0m[2m=[0m"附件内容读取" [3mattachment_id[0m[2m=[0m"att-528cc3c6d877" [3msession_id[0m[2m=[0m"s-e7c98262c769"
[backend] [2m2026-04-19T02:39:50.0428863+08:00[0m [32m INFO[0m ThreadId(12) [2mkoko::shell::媒体资产外壳[0m[2m:[0m HTTP 请求已受理 [3musecase[0m[2m=[0m"读取附件内容" [3madapter[0m[2m=[0m"http" [3moutcome[0m[2m=[0m"accepted" [3mrequest_kind[0m[2m=[0m"附件内容读取" [3mattachment_id[0m[2m=[0m"att-bdbf430c4928" [3msession_id[0m[2m=[0m"s-e7c98262c769"
[backend] [2m2026-04-19T02:39:50.0598564+08:00[0m [32m INFO[0m ThreadId(05) [2mkoko::shell::媒体资产外壳[0m[2m:[0m 读取附件内容成功 [3musecase[0m[2m=[0m"读取附件内容" [3madapter[0m[2m=[0m"http" [3moutcome[0m[2m=[0m"succeeded" [3mrequest_kind[0m[2m=[0m"附件内容读取" [3mattachment_id[0m[2m=[0m"att-bdbf430c4928" [3msession_id[0m[2m=[0m"s-e7c98262c769"
[backend] [2m2026-04-19T02:39:50.0600433+08:00[0m [32m INFO[0m ThreadId(12) [2mkoko::shell::媒体资产外壳[0m[2m:[0m 读取附件内容成功 [3musecase[0m[2m=[0m"读取附件内容" [3madapter[0m[2m=[0m"http" [3moutcome[0m[2m=[0m"succeeded" [3mrequest_kind[0m[2m=[0m"附件内容读取" [3mattachment_id[0m[2m=[0m"att-528cc3c6d877" [3msession_id[0m[2m=[0m"s-e7c98262c769"
[backend] [2m2026-04-19T02:39:50.2207374+08:00[0m [32m INFO[0m ThreadId(12) [2mkoko::shell::实时外壳[0m[2m:[0m realtime 订阅请求已受理 [3musecase[0m[2m=[0m"订阅房间事件流" [3madapter[0m[2m=[0m"socketioxide" [3moutcome[0m[2m=[0m"accepted" [3mroom_id[0m[2m=[0m"r-3cdfd560046a" [3msession_id[0m[2m=[0m"s-e7c98262c769" [3mfrom[0m[2m=[0m19
[backend] [2m2026-04-19T02:39:50.2385042+08:00[0m [32m INFO[0m ThreadId(10) [2mkoko::shell::实时外壳[0m[2m:[0m 订阅房间事件流成功 [3musecase[0m[2m=[0m"订阅房间事件流" [3madapter[0m[2m=[0m"socketioxide" [3moutcome[0m[2m=[0m"succeeded" [3mroom_id[0m[2m=[0m"r-3cdfd560046a" [3msession_id[0m[2m=[0m"s-e7c98262c769" [3mfrom[0m[2m=[0m19 [3mevent_position[0m[2m=[0m22
[backend] [2m2026-04-19T02:39:52.3920457+08:00[0m [32m INFO[0m ThreadId(10) [2mkoko::shell::实时外壳[0m[2m:[0m realtime 连接已正常断开 [3musecase[0m[2m=[0m"实时连接断开" [3madapter[0m[2m=[0m"socketioxide" [3moutcome[0m[2m=[0m"dropped" [3msession_id[0m[2m=[0m"s-e7c98262c769" [3mdisconnect_reason[0m[2m=[0mclient has manually disconnected the socket from the namespace
[backend] [2m2026-04-19T02:39:53.0807406+08:00[0m [32m INFO[0m ThreadId(11) [2mkoko::shell::房间外壳[0m[2m:[0m HTTP 请求已受理 [3musecase[0m[2m=[0m"引导匿名身份" [3madapter[0m[2m=[0m"http" [3moutcome[0m[2m=[0m"accepted" [3mrequest_kind[0m[2m=[0m"匿名身份引导"
[backend] [2m2026-04-19T02:39:53.0856683+08:00[0m [32m INFO[0m ThreadId(12) [2mkoko::shell::房间外壳[0m[2m:[0m 引导匿名身份成功 [3musecase[0m[2m=[0m"引导匿名身份" [3madapter[0m[2m=[0m"http" [3moutcome[0m[2m=[0m"succeeded" [3mrequest_kind[0m[2m=[0m"匿名身份引导" [3msession_id[0m[2m=[0m"s-e7c98262c769"
[backend] [2m2026-04-19T02:39:53.2577556+08:00[0m [32m INFO[0m ThreadId(05) [2mkoko::shell::房间外壳[0m[2m:[0m HTTP 请求已受理 [3musecase[0m[2m=[0m"加载房间快照" [3madapter[0m[2m=[0m"http" [3moutcome[0m[2m=[0m"accepted" [3mrequest_kind[0m[2m=[0m"房间快照查询" [3mroom_id[0m[2m=[0m"r-3cdfd560046a" [3msession_id[0m[2m=[0m"s-e7c98262c769"
[backend] [2m2026-04-19T02:39:53.3366714+08:00[0m [32m INFO[0m ThreadId(05) [2mkoko::shell::房间外壳[0m[2m:[0m 加载房间快照成功 [3musecase[0m[2m=[0m"加载房间快照" [3madapter[0m[2m=[0m"http" [3moutcome[0m[2m=[0m"succeeded" [3mrequest_kind[0m[2m=[0m"房间快照查询" [3mroom_id[0m[2m=[0m"r-3cdfd560046a" [3msession_id[0m[2m=[0m"s-e7c98262c769" [3mevent_position[0m[2m=[0m22
[backend] [2m2026-04-19T02:39:53.4297276+08:00[0m [32m INFO[0m ThreadId(11) [2mkoko::shell::实时外壳[0m[2m:[0m realtime 连接认证已受理 [3musecase[0m[2m=[0m"实时连接认证" [3madapter[0m[2m=[0m"socketioxide" [3moutcome[0m[2m=[0m"accepted" [3msession_id[0m[2m=[0m"s-e7c98262c769"
[backend] [2m2026-04-19T02:39:53.4320483+08:00[0m [32m INFO[0m ThreadId(05) [2mkoko::shell::实时外壳[0m[2m:[0m realtime 连接认证成功 [3musecase[0m[2m=[0m"实时连接认证" [3madapter[0m[2m=[0m"socketioxide" [3moutcome[0m[2m=[0m"succeeded" [3msession_id[0m[2m=[0m"s-e7c98262c769"
[backend] [2m2026-04-19T02:39:53.6053129+08:00[0m [32m INFO[0m ThreadId(11) [2mkoko::shell::实时外壳[0m[2m:[0m realtime 订阅请求已受理 [3musecase[0m[2m=[0m"订阅房间事件流" [3madapter[0m[2m=[0m"socketioxide" [3moutcome[0m[2m=[0m"accepted" [3mroom_id[0m[2m=[0m"r-3cdfd560046a" [3msession_id[0m[2m=[0m"s-e7c98262c769" [3mfrom[0m[2m=[0m22
[backend] [2m2026-04-19T02:39:53.6059186+08:00[0m [32m INFO[0m ThreadId(12) [2mkoko::shell::实时外壳[0m[2m:[0m realtime 订阅请求已受理 [3musecase[0m[2m=[0m"订阅房间事件流" [3madapter[0m[2m=[0m"socketioxide" [3moutcome[0m[2m=[0m"accepted" [3mroom_id[0m[2m=[0m"r-3cdfd560046a" [3msession_id[0m[2m=[0m"s-e7c98262c769" [3mfrom[0m[2m=[0m22
[backend] [2m2026-04-19T02:39:53.6157139+08:00[0m [32m INFO[0m ThreadId(10) [2mkoko::shell::实时外壳[0m[2m:[0m 订阅房间事件流成功 [3musecase[0m[2m=[0m"订阅房间事件流" [3madapter[0m[2m=[0m"socketioxide" [3moutcome[0m[2m=[0m"succeeded" [3mroom_id[0m[2m=[0m"r-3cdfd560046a" [3msession_id[0m[2m=[0m"s-e7c98262c769" [3mfrom[0m[2m=[0m22 [3mevent_position[0m[2m=[0m22
[backend] [2m2026-04-19T02:39:53.625194+08:00[0m [32m INFO[0m ThreadId(10) [2mkoko::shell::实时外壳[0m[2m:[0m 订阅房间事件流成功 [3musecase[0m[2m=[0m"订阅房间事件流" [3madapter[0m[2m=[0m"socketioxide" [3moutcome[0m[2m=[0m"succeeded" [3mroom_id[0m[2m=[0m"r-3cdfd560046a" [3msession_id[0m[2m=[0m"s-e7c98262c769" [3mfrom[0m[2m=[0m22 [3mevent_position[0m[2m=[0m22
[backend] [2m2026-04-19T02:39:53.6265492+08:00[0m [32m INFO[0m ThreadId(12) [2mkoko::shell::媒体资产外壳[0m[2m:[0m HTTP 请求已受理 [3musecase[0m[2m=[0m"读取附件内容" [3madapter[0m[2m=[0m"http" [3moutcome[0m[2m=[0m"accepted" [3mrequest_kind[0m[2m=[0m"附件内容读取" [3mattachment_id[0m[2m=[0m"att-8d44cbfede62" [3msession_id[0m[2m=[0m"s-e7c98262c769"
[backend] [2m2026-04-19T02:39:53.6264593+08:00[0m [32m INFO[0m ThreadId(11) [2mkoko::shell::媒体资产外壳[0m[2m:[0m HTTP 请求已受理 [3musecase[0m[2m=[0m"读取附件内容" [3madapter[0m[2m=[0m"http" [3moutcome[0m[2m=[0m"accepted" [3mrequest_kind[0m[2m=[0m"附件内容读取" [3mattachment_id[0m[2m=[0m"att-961d957a1877" [3msession_id[0m[2m=[0m"s-e7c98262c769"
[backend] [2m2026-04-19T02:39:53.627847+08:00[0m [32m INFO[0m ThreadId(12) [2mkoko::shell::媒体资产外壳[0m[2m:[0m HTTP 请求已受理 [3musecase[0m[2m=[0m"读取附件内容" [3madapter[0m[2m=[0m"http" [3moutcome[0m[2m=[0m"accepted" [3mrequest_kind[0m[2m=[0m"附件内容读取" [3mattachment_id[0m[2m=[0m"att-2d964b96c071" [3msession_id[0m[2m=[0m"s-e7c98262c769"
[backend] [2m2026-04-19T02:39:53.627885+08:00[0m [32m INFO[0m ThreadId(05) [2mkoko::shell::媒体资产外壳[0m[2m:[0m HTTP 请求已受理 [3musecase[0m[2m=[0m"读取附件内容" [3madapter[0m[2m=[0m"http" [3moutcome[0m[2m=[0m"accepted" [3mrequest_kind[0m[2m=[0m"附件内容读取" [3mattachment_id[0m[2m=[0m"att-681e5b27b0c2" [3msession_id[0m[2m=[0m"s-e7c98262c769"
[backend] [2m2026-04-19T02:39:53.6345852+08:00[0m [32m INFO[0m ThreadId(12) [2mkoko::shell::媒体资产外壳[0m[2m:[0m HTTP 请求已受理 [3musecase[0m[2m=[0m"读取附件内容" [3madapter[0m[2m=[0m"http" [3moutcome[0m[2m=[0m"accepted" [3mrequest_kind[0m[2m=[0m"附件内容读取" [3mattachment_id[0m[2m=[0m"att-ac7a1188a600" [3msession_id[0m[2m=[0m"s-e7c98262c769"
[backend] [2m2026-04-19T02:39:53.64729+08:00[0m [32m INFO[0m ThreadId(11) [2mkoko::shell::媒体资产外壳[0m[2m:[0m 读取附件内容成功 [3musecase[0m[2m=[0m"读取附件内容" [3madapter[0m[2m=[0m"http" [3moutcome[0m[2m=[0m"succeeded" [3mrequest_kind[0m[2m=[0m"附件内容读取" [3mattachment_id[0m[2m=[0m"att-961d957a1877" [3msession_id[0m[2m=[0m"s-e7c98262c769"
[backend] [2m2026-04-19T02:39:53.6663852+08:00[0m [32m INFO[0m ThreadId(11) [2mkoko::shell::媒体资产外壳[0m[2m:[0m 读取附件内容成功 [3musecase[0m[2m=[0m"读取附件内容" [3madapter[0m[2m=[0m"http" [3moutcome[0m[2m=[0m"succeeded" [3mrequest_kind[0m[2m=[0m"附件内容读取" [3mattachment_id[0m[2m=[0m"att-ac7a1188a600" [3msession_id[0m[2m=[0m"s-e7c98262c769"
[backend] [2m2026-04-19T02:39:53.6825524+08:00[0m [32m INFO[0m ThreadId(12) [2mkoko::shell::媒体资产外壳[0m[2m:[0m HTTP 请求已受理 [3musecase[0m[2m=[0m"读取附件内容" [3madapter[0m[2m=[0m"http" [3moutcome[0m[2m=[0m"accepted" [3mrequest_kind[0m[2m=[0m"附件内容读取" [3mattachment_id[0m[2m=[0m"att-88e3fb0cd3fa" [3msession_id[0m[2m=[0m"s-e7c98262c769"
[backend] [2m2026-04-19T02:39:53.6871384+08:00[0m [32m INFO[0m ThreadId(10) [2mkoko::shell::媒体资产外壳[0m[2m:[0m HTTP 请求已受理 [3musecase[0m[2m=[0m"读取附件内容" [3madapter[0m[2m=[0m"http" [3moutcome[0m[2m=[0m"accepted" [3mrequest_kind[0m[2m=[0m"附件内容读取" [3mattachment_id[0m[2m=[0m"att-98d8a14f0c2c" [3msession_id[0m[2m=[0m"s-e7c98262c769"
[backend] [2m2026-04-19T02:39:53.69257+08:00[0m [32m INFO[0m ThreadId(10) [2mkoko::shell::媒体资产外壳[0m[2m:[0m HTTP 请求已受理 [3musecase[0m[2m=[0m"读取附件内容" [3madapter[0m[2m=[0m"http" [3moutcome[0m[2m=[0m"accepted" [3mrequest_kind[0m[2m=[0m"附件内容读取" [3mattachment_id[0m[2m=[0m"att-528cc3c6d877" [3msession_id[0m[2m=[0m"s-e7c98262c769"
[backend] [2m2026-04-19T02:39:53.7027598+08:00[0m [32m INFO[0m ThreadId(11) [2mkoko::shell::媒体资产外壳[0m[2m:[0m 读取附件内容成功 [3musecase[0m[2m=[0m"读取附件内容" [3madapter[0m[2m=[0m"http" [3moutcome[0m[2m=[0m"succeeded" [3mrequest_kind[0m[2m=[0m"附件内容读取" [3mattachment_id[0m[2m=[0m"att-98d8a14f0c2c" [3msession_id[0m[2m=[0m"s-e7c98262c769"
[backend] [2m2026-04-19T02:39:53.7089868+08:00[0m [32m INFO[0m ThreadId(11) [2mkoko::shell::媒体资产外壳[0m[2m:[0m 读取附件内容成功 [3musecase[0m[2m=[0m"读取附件内容" [3madapter[0m[2m=[0m"http" [3moutcome[0m[2m=[0m"succeeded" [3mrequest_kind[0m[2m=[0m"附件内容读取" [3mattachment_id[0m[2m=[0m"att-88e3fb0cd3fa" [3msession_id[0m[2m=[0m"s-e7c98262c769"
[backend] [2m2026-04-19T02:39:53.7214269+08:00[0m [32m INFO[0m ThreadId(10) [2mkoko::shell::媒体资产外壳[0m[2m:[0m HTTP 请求已受理 [3musecase[0m[2m=[0m"读取附件内容" [3madapter[0m[2m=[0m"http" [3moutcome[0m[2m=[0m"accepted" [3mrequest_kind[0m[2m=[0m"附件内容读取" [3mattachment_id[0m[2m=[0m"att-bdbf430c4928" [3msession_id[0m[2m=[0m"s-e7c98262c769"
[backend] [2m2026-04-19T02:39:53.7321122+08:00[0m [32m INFO[0m ThreadId(10) [2mkoko::shell::媒体资产外壳[0m[2m:[0m 读取附件内容成功 [3musecase[0m[2m=[0m"读取附件内容" [3madapter[0m[2m=[0m"http" [3moutcome[0m[2m=[0m"succeeded" [3mrequest_kind[0m[2m=[0m"附件内容读取" [3mattachment_id[0m[2m=[0m"att-bdbf430c4928" [3msession_id[0m[2m=[0m"s-e7c98262c769"
[backend] [2m2026-04-19T02:39:53.7400194+08:00[0m [32m INFO[0m ThreadId(10) [2mkoko::shell::媒体资产外壳[0m[2m:[0m 读取附件内容成功 [3musecase[0m[2m=[0m"读取附件内容" [3madapter[0m[2m=[0m"http" [3moutcome[0m[2m=[0m"succeeded" [3mrequest_kind[0m[2m=[0m"附件内容读取" [3mattachment_id[0m[2m=[0m"att-528cc3c6d877" [3msession_id[0m[2m=[0m"s-e7c98262c769"
[backend] [2m2026-04-19T02:39:54.0049749+08:00[0m [32m INFO[0m ThreadId(12) [2mkoko::shell::媒体资产外壳[0m[2m:[0m 读取附件内容成功 [3musecase[0m[2m=[0m"读取附件内容" [3madapter[0m[2m=[0m"http" [3moutcome[0m[2m=[0m"succeeded" [3mrequest_kind[0m[2m=[0m"附件内容读取" [3mattachment_id[0m[2m=[0m"att-681e5b27b0c2" [3msession_id[0m[2m=[0m"s-e7c98262c769"
[backend] [2m2026-04-19T02:39:54.007403+08:00[0m [32m INFO[0m ThreadId(12) [2mkoko::shell::媒体资产外壳[0m[2m:[0m 读取附件内容成功 [3musecase[0m[2m=[0m"读取附件内容" [3madapter[0m[2m=[0m"http" [3moutcome[0m[2m=[0m"succeeded" [3mrequest_kind[0m[2m=[0m"附件内容读取" [3mattachment_id[0m[2m=[0m"att-2d964b96c071" [3msession_id[0m[2m=[0m"s-e7c98262c769"
[backend] [2m2026-04-19T02:39:54.0400979+08:00[0m [32m INFO[0m ThreadId(12) [2mkoko::shell::媒体资产外壳[0m[2m:[0m 读取附件内容成功 [3musecase[0m[2m=[0m"读取附件内容" [3madapter[0m[2m=[0m"http" [3moutcome[0m[2m=[0m"succeeded" [3mrequest_kind[0m[2m=[0m"附件内容读取" [3mattachment_id[0m[2m=[0m"att-8d44cbfede62" [3msession_id[0m[2m=[0m"s-e7c98262c769"
[backend] [2m2026-04-19T02:39:57.2949882+08:00[0m [32m INFO[0m ThreadId(10) [2mkoko::shell::实时外壳[0m[2m:[0m realtime 连接已正常断开 [3musecase[0m[2m=[0m"实时连接断开" [3madapter[0m[2m=[0m"socketioxide" [3moutcome[0m[2m=[0m"dropped" [3msession_id[0m[2m=[0m"s-e7c98262c769" [3mdisconnect_reason[0m[2m=[0mclient has manually disconnected the socket from the namespace
[backend] [2m2026-04-19T02:39:57.8278019+08:00[0m [32m INFO[0m ThreadId(10) [2mkoko::shell::房间外壳[0m[2m:[0m HTTP 请求已受理 [3musecase[0m[2m=[0m"引导匿名身份" [3madapter[0m[2m=[0m"http" [3moutcome[0m[2m=[0m"accepted" [3mrequest_kind[0m[2m=[0m"匿名身份引导"
[backend] [2m2026-04-19T02:39:57.8318356+08:00[0m [32m INFO[0m ThreadId(05) [2mkoko::shell::房间外壳[0m[2m:[0m 引导匿名身份成功 [3musecase[0m[2m=[0m"引导匿名身份" [3madapter[0m[2m=[0m"http" [3moutcome[0m[2m=[0m"succeeded" [3mrequest_kind[0m[2m=[0m"匿名身份引导" [3msession_id[0m[2m=[0m"s-e7c98262c769"
[backend] [2m2026-04-19T02:39:57.9161486+08:00[0m [32m INFO[0m ThreadId(10) [2mkoko::shell::房间外壳[0m[2m:[0m HTTP 请求已受理 [3musecase[0m[2m=[0m"加载房间快照" [3madapter[0m[2m=[0m"http" [3moutcome[0m[2m=[0m"accepted" [3mrequest_kind[0m[2m=[0m"房间快照查询" [3mroom_id[0m[2m=[0m"r-3cdfd560046a" [3msession_id[0m[2m=[0m"s-e7c98262c769"
[backend] [2m2026-04-19T02:39:57.9620087+08:00[0m [32m INFO[0m ThreadId(10) [2mkoko::shell::房间外壳[0m[2m:[0m 加载房间快照成功 [3musecase[0m[2m=[0m"加载房间快照" [3madapter[0m[2m=[0m"http" [3moutcome[0m[2m=[0m"succeeded" [3mrequest_kind[0m[2m=[0m"房间快照查询" [3mroom_id[0m[2m=[0m"r-3cdfd560046a" [3msession_id[0m[2m=[0m"s-e7c98262c769" [3mevent_position[0m[2m=[0m22
[backend] [2m2026-04-19T02:39:58.0901608+08:00[0m [32m INFO[0m ThreadId(05) [2mkoko::shell::实时外壳[0m[2m:[0m realtime 连接认证已受理 [3musecase[0m[2m=[0m"实时连接认证" [3madapter[0m[2m=[0m"socketioxide" [3moutcome[0m[2m=[0m"accepted" [3msession_id[0m[2m=[0m"s-e7c98262c769"
[backend] [2m2026-04-19T02:39:58.0917819+08:00[0m [32m INFO[0m ThreadId(11) [2mkoko::shell::实时外壳[0m[2m:[0m realtime 连接认证成功 [3musecase[0m[2m=[0m"实时连接认证" [3madapter[0m[2m=[0m"socketioxide" [3moutcome[0m[2m=[0m"succeeded" [3msession_id[0m[2m=[0m"s-e7c98262c769"
[backend] [2m2026-04-19T02:39:58.1713957+08:00[0m [32m INFO[0m ThreadId(10) [2mkoko::shell::实时外壳[0m[2m:[0m realtime 订阅请求已受理 [3musecase[0m[2m=[0m"订阅房间事件流" [3madapter[0m[2m=[0m"socketioxide" [3moutcome[0m[2m=[0m"accepted" [3mroom_id[0m[2m=[0m"r-3cdfd560046a" [3msession_id[0m[2m=[0m"s-e7c98262c769" [3mfrom[0m[2m=[0m22
[backend] [2m2026-04-19T02:39:58.1722622+08:00[0m [32m INFO[0m ThreadId(05) [2mkoko::shell::实时外壳[0m[2m:[0m realtime 订阅请求已受理 [3musecase[0m[2m=[0m"订阅房间事件流" [3madapter[0m[2m=[0m"socketioxide" [3moutcome[0m[2m=[0m"accepted" [3mroom_id[0m[2m=[0m"r-3cdfd560046a" [3msession_id[0m[2m=[0m"s-e7c98262c769" [3mfrom[0m[2m=[0m22
[backend] [2m2026-04-19T02:39:58.1774829+08:00[0m [32m INFO[0m ThreadId(05) [2mkoko::shell::媒体资产外壳[0m[2m:[0m HTTP 请求已受理 [3musecase[0m[2m=[0m"读取附件内容" [3madapter[0m[2m=[0m"http" [3moutcome[0m[2m=[0m"accepted" [3mrequest_kind[0m[2m=[0m"附件内容读取" [3mattachment_id[0m[2m=[0m"att-961d957a1877" [3msession_id[0m[2m=[0m"s-e7c98262c769"
[backend] [2m2026-04-19T02:39:58.1809326+08:00[0m [32m INFO[0m ThreadId(05) [2mkoko::shell::媒体资产外壳[0m[2m:[0m HTTP 请求已受理 [3musecase[0m[2m=[0m"读取附件内容" [3madapter[0m[2m=[0m"http" [3moutcome[0m[2m=[0m"accepted" [3mrequest_kind[0m[2m=[0m"附件内容读取" [3mattachment_id[0m[2m=[0m"att-8d44cbfede62" [3msession_id[0m[2m=[0m"s-e7c98262c769"
[backend] [2m2026-04-19T02:39:58.1811029+08:00[0m [32m INFO[0m ThreadId(10) [2mkoko::shell::媒体资产外壳[0m[2m:[0m HTTP 请求已受理 [3musecase[0m[2m=[0m"读取附件内容" [3madapter[0m[2m=[0m"http" [3moutcome[0m[2m=[0m"accepted" [3mrequest_kind[0m[2m=[0m"附件内容读取" [3mattachment_id[0m[2m=[0m"att-681e5b27b0c2" [3msession_id[0m[2m=[0m"s-e7c98262c769"
[backend] [2m2026-04-19T02:39:58.182836+08:00[0m [32m INFO[0m ThreadId(05) [2mkoko::shell::媒体资产外壳[0m[2m:[0m HTTP 请求已受理 [3musecase[0m[2m=[0m"读取附件内容" [3madapter[0m[2m=[0m"http" [3moutcome[0m[2m=[0m"accepted" [3mrequest_kind[0m[2m=[0m"附件内容读取" [3mattachment_id[0m[2m=[0m"att-2d964b96c071" [3msession_id[0m[2m=[0m"s-e7c98262c769"
[backend] [2m2026-04-19T02:39:58.1831333+08:00[0m [32m INFO[0m ThreadId(12) [2mkoko::shell::媒体资产外壳[0m[2m:[0m HTTP 请求已受理 [3musecase[0m[2m=[0m"读取附件内容" [3madapter[0m[2m=[0m"http" [3moutcome[0m[2m=[0m"accepted" [3mrequest_kind[0m[2m=[0m"附件内容读取" [3mattachment_id[0m[2m=[0m"att-ac7a1188a600" [3msession_id[0m[2m=[0m"s-e7c98262c769"
[backend] [2m2026-04-19T02:39:58.1918247+08:00[0m [32m INFO[0m ThreadId(10) [2mkoko::shell::实时外壳[0m[2m:[0m 订阅房间事件流成功 [3musecase[0m[2m=[0m"订阅房间事件流" [3madapter[0m[2m=[0m"socketioxide" [3moutcome[0m[2m=[0m"succeeded" [3mroom_id[0m[2m=[0m"r-3cdfd560046a" [3msession_id[0m[2m=[0m"s-e7c98262c769" [3mfrom[0m[2m=[0m22 [3mevent_position[0m[2m=[0m22
[backend] [2m2026-04-19T02:39:58.1951737+08:00[0m [32m INFO[0m ThreadId(11) [2mkoko::shell::媒体资产外壳[0m[2m:[0m 读取附件内容成功 [3musecase[0m[2m=[0m"读取附件内容" [3madapter[0m[2m=[0m"http" [3moutcome[0m[2m=[0m"succeeded" [3mrequest_kind[0m[2m=[0m"附件内容读取" [3mattachment_id[0m[2m=[0m"att-8d44cbfede62" [3msession_id[0m[2m=[0m"s-e7c98262c769"
[backend] [2m2026-04-19T02:39:58.2098894+08:00[0m [32m INFO[0m ThreadId(11) [2mkoko::shell::媒体资产外壳[0m[2m:[0m 读取附件内容成功 [3musecase[0m[2m=[0m"读取附件内容" [3madapter[0m[2m=[0m"http" [3moutcome[0m[2m=[0m"succeeded" [3mrequest_kind[0m[2m=[0m"附件内容读取" [3mattachment_id[0m[2m=[0m"att-961d957a1877" [3msession_id[0m[2m=[0m"s-e7c98262c769"
[backend] [2m2026-04-19T02:39:58.223258+08:00[0m [32m INFO[0m ThreadId(05) [2mkoko::shell::媒体资产外壳[0m[2m:[0m HTTP 请求已受理 [3musecase[0m[2m=[0m"读取附件内容" [3madapter[0m[2m=[0m"http" [3moutcome[0m[2m=[0m"accepted" [3mrequest_kind[0m[2m=[0m"附件内容读取" [3mattachment_id[0m[2m=[0m"att-88e3fb0cd3fa" [3msession_id[0m[2m=[0m"s-e7c98262c769"
[backend] [2m2026-04-19T02:39:58.2315055+08:00[0m [32m INFO[0m ThreadId(05) [2mkoko::shell::媒体资产外壳[0m[2m:[0m HTTP 请求已受理 [3musecase[0m[2m=[0m"读取附件内容" [3madapter[0m[2m=[0m"http" [3moutcome[0m[2m=[0m"accepted" [3mrequest_kind[0m[2m=[0m"附件内容读取" [3mattachment_id[0m[2m=[0m"att-98d8a14f0c2c" [3msession_id[0m[2m=[0m"s-e7c98262c769"
[backend] [2m2026-04-19T02:39:58.2468718+08:00[0m [32m INFO[0m ThreadId(10) [2mkoko::shell::媒体资产外壳[0m[2m:[0m HTTP 请求已受理 [3musecase[0m[2m=[0m"读取附件内容" [3madapter[0m[2m=[0m"http" [3moutcome[0m[2m=[0m"accepted" [3mrequest_kind[0m[2m=[0m"附件内容读取" [3mattachment_id[0m[2m=[0m"att-528cc3c6d877" [3msession_id[0m[2m=[0m"s-e7c98262c769"
[backend] [2m2026-04-19T02:39:58.2483602+08:00[0m [32m INFO[0m ThreadId(12) [2mkoko::shell::媒体资产外壳[0m[2m:[0m 读取附件内容成功 [3musecase[0m[2m=[0m"读取附件内容" [3madapter[0m[2m=[0m"http" [3moutcome[0m[2m=[0m"succeeded" [3mrequest_kind[0m[2m=[0m"附件内容读取" [3mattachment_id[0m[2m=[0m"att-98d8a14f0c2c" [3msession_id[0m[2m=[0m"s-e7c98262c769"
[backend] [2m2026-04-19T02:39:58.2521945+08:00[0m [32m INFO[0m ThreadId(12) [2mkoko::shell::媒体资产外壳[0m[2m:[0m 读取附件内容成功 [3musecase[0m[2m=[0m"读取附件内容" [3madapter[0m[2m=[0m"http" [3moutcome[0m[2m=[0m"succeeded" [3mrequest_kind[0m[2m=[0m"附件内容读取" [3mattachment_id[0m[2m=[0m"att-88e3fb0cd3fa" [3msession_id[0m[2m=[0m"s-e7c98262c769"
[backend] [2m2026-04-19T02:39:58.2590508+08:00[0m [32m INFO[0m ThreadId(12) [2mkoko::shell::媒体资产外壳[0m[2m:[0m 读取附件内容成功 [3musecase[0m[2m=[0m"读取附件内容" [3madapter[0m[2m=[0m"http" [3moutcome[0m[2m=[0m"succeeded" [3mrequest_kind[0m[2m=[0m"附件内容读取" [3mattachment_id[0m[2m=[0m"att-528cc3c6d877" [3msession_id[0m[2m=[0m"s-e7c98262c769"
[backend] [2m2026-04-19T02:39:58.2658879+08:00[0m [32m INFO[0m ThreadId(06) [2mkoko::shell::媒体资产外壳[0m[2m:[0m HTTP 请求已受理 [3musecase[0m[2m=[0m"读取附件内容" [3madapter[0m[2m=[0m"http" [3moutcome[0m[2m=[0m"accepted" [3mrequest_kind[0m[2m=[0m"附件内容读取" [3mattachment_id[0m[2m=[0m"att-bdbf430c4928" [3msession_id[0m[2m=[0m"s-e7c98262c769"
[backend] [2m2026-04-19T02:39:58.2803953+08:00[0m [32m INFO[0m ThreadId(06) [2mkoko::shell::媒体资产外壳[0m[2m:[0m 读取附件内容成功 [3musecase[0m[2m=[0m"读取附件内容" [3madapter[0m[2m=[0m"http" [3moutcome[0m[2m=[0m"succeeded" [3mrequest_kind[0m[2m=[0m"附件内容读取" [3mattachment_id[0m[2m=[0m"att-bdbf430c4928" [3msession_id[0m[2m=[0m"s-e7c98262c769"
[backend] [2m2026-04-19T02:39:58.6051534+08:00[0m [32m INFO[0m ThreadId(10) [2mkoko::shell::实时外壳[0m[2m:[0m 订阅房间事件流成功 [3musecase[0m[2m=[0m"订阅房间事件流" [3madapter[0m[2m=[0m"socketioxide" [3moutcome[0m[2m=[0m"succeeded" [3mroom_id[0m[2m=[0m"r-3cdfd560046a" [3msession_id[0m[2m=[0m"s-e7c98262c769" [3mfrom[0m[2m=[0m22 [3mevent_position[0m[2m=[0m22
[backend] [2m2026-04-19T02:39:58.7164891+08:00[0m [32m INFO[0m ThreadId(12) [2mkoko::shell::媒体资产外壳[0m[2m:[0m 读取附件内容成功 [3musecase[0m[2m=[0m"读取附件内容" [3madapter[0m[2m=[0m"http" [3moutcome[0m[2m=[0m"succeeded" [3mrequest_kind[0m[2m=[0m"附件内容读取" [3mattachment_id[0m[2m=[0m"att-681e5b27b0c2" [3msession_id[0m[2m=[0m"s-e7c98262c769"
[backend] [2m2026-04-19T02:39:58.7201667+08:00[0m [32m INFO[0m ThreadId(12) [2mkoko::shell::媒体资产外壳[0m[2m:[0m 读取附件内容成功 [3musecase[0m[2m=[0m"读取附件内容" [3madapter[0m[2m=[0m"http" [3moutcome[0m[2m=[0m"succeeded" [3mrequest_kind[0m[2m=[0m"附件内容读取" [3mattachment_id[0m[2m=[0m"att-2d964b96c071" [3msession_id[0m[2m=[0m"s-e7c98262c769"
[backend] [2m2026-04-19T02:39:58.7526681+08:00[0m [32m INFO[0m ThreadId(10) [2mkoko::shell::媒体资产外壳[0m[2m:[0m 读取附件内容成功 [3musecase[0m[2m=[0m"读取附件内容" [3madapter[0m[2m=[0m"http" [3moutcome[0m[2m=[0m"succeeded" [3mrequest_kind[0m[2m=[0m"附件内容读取" [3mattachment_id[0m[2m=[0m"att-ac7a1188a600" [3msession_id[0m[2m=[0m"s-e7c98262c769"
[backend] [2m2026-04-19T02:39:59.5975031+08:00[0m [32m INFO[0m ThreadId(05) [2mkoko::shell::媒体资产外壳[0m[2m:[0m HTTP 请求已受理 [3musecase[0m[2m=[0m"读取附件内容" [3madapter[0m[2m=[0m"http" [3moutcome[0m[2m=[0m"accepted" [3mrequest_kind[0m[2m=[0m"附件内容读取" [3mattachment_id[0m[2m=[0m"att-bdbf430c4928" [3msession_id[0m[2m=[0m"s-e7c98262c769"
[backend] [2m2026-04-19T02:39:59.8221605+08:00[0m [32m INFO[0m ThreadId(12) [2mkoko::shell::媒体资产外壳[0m[2m:[0m 读取附件内容成功 [3musecase[0m[2m=[0m"读取附件内容" [3madapter[0m[2m=[0m"http" [3moutcome[0m[2m=[0m"succeeded" [3mrequest_kind[0m[2m=[0m"附件内容读取" [3mattachment_id[0m[2m=[0m"att-bdbf430c4928" [3msession_id[0m[2m=[0m"s-e7c98262c769"
[backend] [2m2026-04-19T02:39:59.9422248+08:00[0m [32m INFO[0m ThreadId(10) [2mkoko::shell::媒体资产外壳[0m[2m:[0m HTTP 请求已受理 [3musecase[0m[2m=[0m"读取附件内容" [3madapter[0m[2m=[0m"http" [3moutcome[0m[2m=[0m"accepted" [3mrequest_kind[0m[2m=[0m"附件内容读取" [3mattachment_id[0m[2m=[0m"att-bdbf430c4928" [3msession_id[0m[2m=[0m"s-e7c98262c769"
[backend] [2m2026-04-19T02:39:59.9674882+08:00[0m [32m INFO[0m ThreadId(05) [2mkoko::shell::媒体资产外壳[0m[2m:[0m 读取附件内容成功 [3musecase[0m[2m=[0m"读取附件内容" [3madapter[0m[2m=[0m"http" [3moutcome[0m[2m=[0m"succeeded" [3mrequest_kind[0m[2m=[0m"附件内容读取" [3mattachment_id[0m[2m=[0m"att-bdbf430c4928" [3msession_id[0m[2m=[0m"s-e7c98262c769"
[backend] [2m2026-04-19T02:40:02.2005538+08:00[0m [32m INFO[0m ThreadId(10) [2mkoko::shell::媒体资产外壳[0m[2m:[0m HTTP 请求已受理 [3musecase[0m[2m=[0m"读取附件内容" [3madapter[0m[2m=[0m"http" [3moutcome[0m[2m=[0m"accepted" [3mrequest_kind[0m[2m=[0m"附件内容读取" [3mattachment_id[0m[2m=[0m"att-bdbf430c4928" [3msession_id[0m[2m=[0m"s-e7c98262c769"
[backend] [2m2026-04-19T02:40:02.3711545+08:00[0m [32m INFO[0m ThreadId(05) [2mkoko::shell::媒体资产外壳[0m[2m:[0m 读取附件内容成功 [3musecase[0m[2m=[0m"读取附件内容" [3madapter[0m[2m=[0m"http" [3moutcome[0m[2m=[0m"succeeded" [3mrequest_kind[0m[2m=[0m"附件内容读取" [3mattachment_id[0m[2m=[0m"att-bdbf430c4928" [3msession_id[0m[2m=[0m"s-e7c98262c769"
[backend] [2m2026-04-19T02:40:19.4764275+08:00[0m [32m INFO[0m ThreadId(12) [2mkoko::shell::媒体资产外壳[0m[2m:[0m HTTP 请求已受理 [3musecase[0m[2m=[0m"读取附件内容" [3madapter[0m[2m=[0m"http" [3moutcome[0m[2m=[0m"accepted" [3mrequest_kind[0m[2m=[0m"附件内容读取" [3mattachment_id[0m[2m=[0m"att-88e3fb0cd3fa" [3msession_id[0m[2m=[0m"s-ed8ae5f1ff1a"
[backend] [2m2026-04-19T02:40:19.4975272+08:00[0m [32m INFO[0m ThreadId(12) [2mkoko::shell::实时外壳[0m[2m:[0m realtime 连接已正常断开 [3musecase[0m[2m=[0m"实时连接断开" [3madapter[0m[2m=[0m"socketioxide" [3moutcome[0m[2m=[0m"dropped" [3msession_id[0m[2m=[0m"s-ed8ae5f1ff1a" [3mdisconnect_reason[0m[2m=[0mclient has manually disconnected the socket from the namespace
[backend] [2m2026-04-19T02:40:19.5057746+08:00[0m [32m INFO[0m ThreadId(10) [2mkoko::shell::媒体资产外壳[0m[2m:[0m 读取附件内容成功 [3musecase[0m[2m=[0m"读取附件内容" [3madapter[0m[2m=[0m"http" [3moutcome[0m[2m=[0m"succeeded" [3mrequest_kind[0m[2m=[0m"附件内容读取" [3mattachment_id[0m[2m=[0m"att-88e3fb0cd3fa" [3msession_id[0m[2m=[0m"s-ed8ae5f1ff1a"
[backend] [2m2026-04-19T02:40:19.5107276+08:00[0m [32m INFO[0m ThreadId(05) [2mkoko::shell::媒体资产外壳[0m[2m:[0m HTTP 请求已受理 [3musecase[0m[2m=[0m"读取附件内容" [3madapter[0m[2m=[0m"http" [3moutcome[0m[2m=[0m"accepted" [3mrequest_kind[0m[2m=[0m"附件内容读取" [3mattachment_id[0m[2m=[0m"att-88e3fb0cd3fa" [3msession_id[0m[2m=[0m"s-ed8ae5f1ff1a"
[backend] [2m2026-04-19T02:40:19.5221743+08:00[0m [32m INFO[0m ThreadId(12) [2mkoko::shell::媒体资产外壳[0m[2m:[0m 读取附件内容成功 [3musecase[0m[2m=[0m"读取附件内容" [3madapter[0m[2m=[0m"http" [3moutcome[0m[2m=[0m"succeeded" [3mrequest_kind[0m[2m=[0m"附件内容读取" [3mattachment_id[0m[2m=[0m"att-88e3fb0cd3fa" [3msession_id[0m[2m=[0m"s-ed8ae5f1ff1a"
[backend] [2m2026-04-19T02:40:19.5303193+08:00[0m [32m INFO[0m ThreadId(05) [2mkoko::shell::媒体资产外壳[0m[2m:[0m HTTP 请求已受理 [3musecase[0m[2m=[0m"读取附件内容" [3madapter[0m[2m=[0m"http" [3moutcome[0m[2m=[0m"accepted" [3mrequest_kind[0m[2m=[0m"附件内容读取" [3mattachment_id[0m[2m=[0m"att-88e3fb0cd3fa" [3msession_id[0m[2m=[0m"s-ed8ae5f1ff1a"
[backend] [2m2026-04-19T02:40:19.5445852+08:00[0m [32m INFO[0m ThreadId(05) [2mkoko::shell::媒体资产外壳[0m[2m:[0m 读取附件内容成功 [3musecase[0m[2m=[0m"读取附件内容" [3madapter[0m[2m=[0m"http" [3moutcome[0m[2m=[0m"succeeded" [3mrequest_kind[0m[2m=[0m"附件内容读取" [3mattachment_id[0m[2m=[0m"att-88e3fb0cd3fa" [3msession_id[0m[2m=[0m"s-ed8ae5f1ff1a"
[backend] [2m2026-04-19T02:40:19.5492339+08:00[0m [32m INFO[0m ThreadId(10) [2mkoko::shell::媒体资产外壳[0m[2m:[0m HTTP 请求已受理 [3musecase[0m[2m=[0m"读取附件内容" [3madapter[0m[2m=[0m"http" [3moutcome[0m[2m=[0m"accepted" [3mrequest_kind[0m[2m=[0m"附件内容读取" [3mattachment_id[0m[2m=[0m"att-88e3fb0cd3fa" [3msession_id[0m[2m=[0m"s-ed8ae5f1ff1a"
[backend] [2m2026-04-19T02:40:19.561359+08:00[0m [32m INFO[0m ThreadId(05) [2mkoko::shell::媒体资产外壳[0m[2m:[0m 读取附件内容成功 [3musecase[0m[2m=[0m"读取附件内容" [3madapter[0m[2m=[0m"http" [3moutcome[0m[2m=[0m"succeeded" [3mrequest_kind[0m[2m=[0m"附件内容读取" [3mattachment_id[0m[2m=[0m"att-88e3fb0cd3fa" [3msession_id[0m[2m=[0m"s-ed8ae5f1ff1a"
[backend] [2m2026-04-19T02:40:19.8550198+08:00[0m [32m INFO[0m ThreadId(06) [2mkoko::shell::房间外壳[0m[2m:[0m HTTP 请求已受理 [3musecase[0m[2m=[0m"引导匿名身份" [3madapter[0m[2m=[0m"http" [3moutcome[0m[2m=[0m"accepted" [3mrequest_kind[0m[2m=[0m"匿名身份引导"
[backend] [2m2026-04-19T02:40:19.8574188+08:00[0m [32m INFO[0m ThreadId(10) [2mkoko::shell::房间外壳[0m[2m:[0m 引导匿名身份成功 [3musecase[0m[2m=[0m"引导匿名身份" [3madapter[0m[2m=[0m"http" [3moutcome[0m[2m=[0m"succeeded" [3mrequest_kind[0m[2m=[0m"匿名身份引导" [3msession_id[0m[2m=[0m"s-ed8ae5f1ff1a"
[backend] [2m2026-04-19T02:40:19.9402568+08:00[0m [32m INFO[0m ThreadId(06) [2mkoko::shell::房间外壳[0m[2m:[0m HTTP 请求已受理 [3musecase[0m[2m=[0m"加载房间快照" [3madapter[0m[2m=[0m"http" [3moutcome[0m[2m=[0m"accepted" [3mrequest_kind[0m[2m=[0m"房间快照查询" [3mroom_id[0m[2m=[0m"r-3cdfd560046a" [3msession_id[0m[2m=[0m"s-ed8ae5f1ff1a"
[backend] [2m2026-04-19T02:40:19.966679+08:00[0m [32m INFO[0m ThreadId(06) [2mkoko::shell::房间外壳[0m[2m:[0m 加载房间快照成功 [3musecase[0m[2m=[0m"加载房间快照" [3madapter[0m[2m=[0m"http" [3moutcome[0m[2m=[0m"succeeded" [3mrequest_kind[0m[2m=[0m"房间快照查询" [3mroom_id[0m[2m=[0m"r-3cdfd560046a" [3msession_id[0m[2m=[0m"s-ed8ae5f1ff1a" [3mevent_position[0m[2m=[0m22
[backend] [2m2026-04-19T02:40:19.9715851+08:00[0m [32m INFO[0m ThreadId(05) [2mkoko::shell::实时外壳[0m[2m:[0m realtime 连接认证已受理 [3musecase[0m[2m=[0m"实时连接认证" [3madapter[0m[2m=[0m"socketioxide" [3moutcome[0m[2m=[0m"accepted" [3msession_id[0m[2m=[0m"s-ed8ae5f1ff1a"
[backend] [2m2026-04-19T02:40:19.9734818+08:00[0m [32m INFO[0m ThreadId(05) [2mkoko::shell::实时外壳[0m[2m:[0m realtime 连接认证成功 [3musecase[0m[2m=[0m"实时连接认证" [3madapter[0m[2m=[0m"socketioxide" [3moutcome[0m[2m=[0m"succeeded" [3msession_id[0m[2m=[0m"s-ed8ae5f1ff1a"
[backend] [2m2026-04-19T02:40:19.9775805+08:00[0m [32m INFO[0m ThreadId(05) [2mkoko::shell::实时外壳[0m[2m:[0m realtime 订阅请求已受理 [3musecase[0m[2m=[0m"订阅房间事件流" [3madapter[0m[2m=[0m"socketioxide" [3moutcome[0m[2m=[0m"accepted" [3mroom_id[0m[2m=[0m"r-3cdfd560046a" [3msession_id[0m[2m=[0m"s-ed8ae5f1ff1a" [3mfrom[0m[2m=[0m0
[backend] [2m2026-04-19T02:40:19.988373+08:00[0m [32m INFO[0m ThreadId(05) [2mkoko::shell::实时外壳[0m[2m:[0m realtime 订阅请求已受理 [3musecase[0m[2m=[0m"订阅房间事件流" [3madapter[0m[2m=[0m"socketioxide" [3moutcome[0m[2m=[0m"accepted" [3mroom_id[0m[2m=[0m"r-3cdfd560046a" [3msession_id[0m[2m=[0m"s-ed8ae5f1ff1a" [3mfrom[0m[2m=[0m22
[backend] [2m2026-04-19T02:40:19.9971398+08:00[0m [32m INFO[0m ThreadId(11) [2mkoko::shell::实时外壳[0m[2m:[0m 订阅房间事件流成功 [3musecase[0m[2m=[0m"订阅房间事件流" [3madapter[0m[2m=[0m"socketioxide" [3moutcome[0m[2m=[0m"succeeded" [3mroom_id[0m[2m=[0m"r-3cdfd560046a" [3msession_id[0m[2m=[0m"s-ed8ae5f1ff1a" [3mfrom[0m[2m=[0m0 [3mevent_position[0m[2m=[0m22
[backend] [2m2026-04-19T02:40:19.9996417+08:00[0m [32m INFO[0m ThreadId(05) [2mkoko::shell::实时外壳[0m[2m:[0m 订阅房间事件流成功 [3musecase[0m[2m=[0m"订阅房间事件流" [3madapter[0m[2m=[0m"socketioxide" [3moutcome[0m[2m=[0m"succeeded" [3mroom_id[0m[2m=[0m"r-3cdfd560046a" [3msession_id[0m[2m=[0m"s-ed8ae5f1ff1a" [3mfrom[0m[2m=[0m22 [3mevent_position[0m[2m=[0m22
[backend] [2m2026-04-19T02:40:20.0432031+08:00[0m [32m INFO[0m ThreadId(11) [2mkoko::shell::媒体资产外壳[0m[2m:[0m HTTP 请求已受理 [3musecase[0m[2m=[0m"读取附件内容" [3madapter[0m[2m=[0m"http" [3moutcome[0m[2m=[0m"accepted" [3mrequest_kind[0m[2m=[0m"附件内容读取" [3mattachment_id[0m[2m=[0m"att-961d957a1877" [3msession_id[0m[2m=[0m"s-ed8ae5f1ff1a"
[backend] [2m2026-04-19T02:40:20.0434732+08:00[0m [32m INFO[0m ThreadId(05) [2mkoko::shell::媒体资产外壳[0m[2m:[0m HTTP 请求已受理 [3musecase[0m[2m=[0m"读取附件内容" [3madapter[0m[2m=[0m"http" [3moutcome[0m[2m=[0m"accepted" [3mrequest_kind[0m[2m=[0m"附件内容读取" [3mattachment_id[0m[2m=[0m"att-8d44cbfede62" [3msession_id[0m[2m=[0m"s-ed8ae5f1ff1a"
[backend] [2m2026-04-19T02:40:20.0463298+08:00[0m [32m INFO[0m ThreadId(05) [2mkoko::shell::媒体资产外壳[0m[2m:[0m HTTP 请求已受理 [3musecase[0m[2m=[0m"读取附件内容" [3madapter[0m[2m=[0m"http" [3moutcome[0m[2m=[0m"accepted" [3mrequest_kind[0m[2m=[0m"附件内容读取" [3mattachment_id[0m[2m=[0m"att-2d964b96c071" [3msession_id[0m[2m=[0m"s-ed8ae5f1ff1a"
[backend] [2m2026-04-19T02:40:20.0553951+08:00[0m [32m INFO[0m ThreadId(11) [2mkoko::shell::媒体资产外壳[0m[2m:[0m 读取附件内容成功 [3musecase[0m[2m=[0m"读取附件内容" [3madapter[0m[2m=[0m"http" [3moutcome[0m[2m=[0m"succeeded" [3mrequest_kind[0m[2m=[0m"附件内容读取" [3mattachment_id[0m[2m=[0m"att-8d44cbfede62" [3msession_id[0m[2m=[0m"s-ed8ae5f1ff1a"
[backend] [2m2026-04-19T02:40:20.0556617+08:00[0m [32m INFO[0m ThreadId(05) [2mkoko::shell::媒体资产外壳[0m[2m:[0m HTTP 请求已受理 [3musecase[0m[2m=[0m"读取附件内容" [3madapter[0m[2m=[0m"http" [3moutcome[0m[2m=[0m"accepted" [3mrequest_kind[0m[2m=[0m"附件内容读取" [3mattachment_id[0m[2m=[0m"att-681e5b27b0c2" [3msession_id[0m[2m=[0m"s-ed8ae5f1ff1a"
[backend] [2m2026-04-19T02:40:20.0573293+08:00[0m [32m INFO[0m ThreadId(12) [2mkoko::shell::媒体资产外壳[0m[2m:[0m 读取附件内容成功 [3musecase[0m[2m=[0m"读取附件内容" [3madapter[0m[2m=[0m"http" [3moutcome[0m[2m=[0m"succeeded" [3mrequest_kind[0m[2m=[0m"附件内容读取" [3mattachment_id[0m[2m=[0m"att-2d964b96c071" [3msession_id[0m[2m=[0m"s-ed8ae5f1ff1a"
[backend] [2m2026-04-19T02:40:20.0660553+08:00[0m [32m INFO[0m ThreadId(05) [2mkoko::shell::媒体资产外壳[0m[2m:[0m HTTP 请求已受理 [3musecase[0m[2m=[0m"读取附件内容" [3madapter[0m[2m=[0m"http" [3moutcome[0m[2m=[0m"accepted" [3mrequest_kind[0m[2m=[0m"附件内容读取" [3mattachment_id[0m[2m=[0m"att-ac7a1188a600" [3msession_id[0m[2m=[0m"s-ed8ae5f1ff1a"
[backend] [2m2026-04-19T02:40:20.0684548+08:00[0m [32m INFO[0m ThreadId(05) [2mkoko::shell::媒体资产外壳[0m[2m:[0m HTTP 请求已受理 [3musecase[0m[2m=[0m"读取附件内容" [3madapter[0m[2m=[0m"http" [3moutcome[0m[2m=[0m"accepted" [3mrequest_kind[0m[2m=[0m"附件内容读取" [3mattachment_id[0m[2m=[0m"att-3a48c8f47757" [3msession_id[0m[2m=[0m"s-ed8ae5f1ff1a"
[backend] [2m2026-04-19T02:40:20.0691599+08:00[0m [32m INFO[0m ThreadId(10) [2mkoko::shell::媒体资产外壳[0m[2m:[0m 读取附件内容成功 [3musecase[0m[2m=[0m"读取附件内容" [3madapter[0m[2m=[0m"http" [3moutcome[0m[2m=[0m"succeeded" [3mrequest_kind[0m[2m=[0m"附件内容读取" [3mattachment_id[0m[2m=[0m"att-961d957a1877" [3msession_id[0m[2m=[0m"s-ed8ae5f1ff1a"
[backend] [2m2026-04-19T02:40:20.0823085+08:00[0m [32m INFO[0m ThreadId(11) [2mkoko::shell::媒体资产外壳[0m[2m:[0m 读取附件内容成功 [3musecase[0m[2m=[0m"读取附件内容" [3madapter[0m[2m=[0m"http" [3moutcome[0m[2m=[0m"succeeded" [3mrequest_kind[0m[2m=[0m"附件内容读取" [3mattachment_id[0m[2m=[0m"att-681e5b27b0c2" [3msession_id[0m[2m=[0m"s-ed8ae5f1ff1a"
[backend] [2m2026-04-19T02:40:20.0872495+08:00[0m [32m INFO[0m ThreadId(11) [2mkoko::shell::媒体资产外壳[0m[2m:[0m 读取附件内容成功 [3musecase[0m[2m=[0m"读取附件内容" [3madapter[0m[2m=[0m"http" [3moutcome[0m[2m=[0m"succeeded" [3mrequest_kind[0m[2m=[0m"附件内容读取" [3mattachment_id[0m[2m=[0m"att-3a48c8f47757" [3msession_id[0m[2m=[0m"s-ed8ae5f1ff1a"
[backend] [2m2026-04-19T02:40:20.0916867+08:00[0m [32m INFO[0m ThreadId(11) [2mkoko::shell::媒体资产外壳[0m[2m:[0m 读取附件内容成功 [3musecase[0m[2m=[0m"读取附件内容" [3madapter[0m[2m=[0m"http" [3moutcome[0m[2m=[0m"succeeded" [3mrequest_kind[0m[2m=[0m"附件内容读取" [3mattachment_id[0m[2m=[0m"att-ac7a1188a600" [3msession_id[0m[2m=[0m"s-ed8ae5f1ff1a"
[backend] [2m2026-04-19T02:40:20.1146054+08:00[0m [32m INFO[0m ThreadId(05) [2mkoko::shell::媒体资产外壳[0m[2m:[0m HTTP 请求已受理 [3musecase[0m[2m=[0m"读取附件内容" [3madapter[0m[2m=[0m"http" [3moutcome[0m[2m=[0m"accepted" [3mrequest_kind[0m[2m=[0m"附件内容读取" [3mattachment_id[0m[2m=[0m"att-792bea97c0bd" [3msession_id[0m[2m=[0m"s-ed8ae5f1ff1a"
[backend] [2m2026-04-19T02:40:20.1352243+08:00[0m [32m INFO[0m ThreadId(10) [2mkoko::shell::媒体资产外壳[0m[2m:[0m 读取附件内容成功 [3musecase[0m[2m=[0m"读取附件内容" [3madapter[0m[2m=[0m"http" [3moutcome[0m[2m=[0m"succeeded" [3mrequest_kind[0m[2m=[0m"附件内容读取" [3mattachment_id[0m[2m=[0m"att-792bea97c0bd" [3msession_id[0m[2m=[0m"s-ed8ae5f1ff1a"
[backend] [2m2026-04-19T02:40:20.1393581+08:00[0m [32m INFO[0m ThreadId(05) [2mkoko::shell::媒体资产外壳[0m[2m:[0m HTTP 请求已受理 [3musecase[0m[2m=[0m"读取附件内容" [3madapter[0m[2m=[0m"http" [3moutcome[0m[2m=[0m"accepted" [3mrequest_kind[0m[2m=[0m"附件内容读取" [3mattachment_id[0m[2m=[0m"att-ea250b02f4f3" [3msession_id[0m[2m=[0m"s-ed8ae5f1ff1a"
[backend] [2m2026-04-19T02:40:20.1406305+08:00[0m [32m INFO[0m ThreadId(05) [2mkoko::shell::媒体资产外壳[0m[2m:[0m HTTP 请求已受理 [3musecase[0m[2m=[0m"读取附件内容" [3madapter[0m[2m=[0m"http" [3moutcome[0m[2m=[0m"accepted" [3mrequest_kind[0m[2m=[0m"附件内容读取" [3mattachment_id[0m[2m=[0m"att-d1739ba9773f" [3msession_id[0m[2m=[0m"s-ed8ae5f1ff1a"
[backend] [2m2026-04-19T02:40:20.1509005+08:00[0m [32m INFO[0m ThreadId(11) [2mkoko::shell::媒体资产外壳[0m[2m:[0m HTTP 请求已受理 [3musecase[0m[2m=[0m"读取附件内容" [3madapter[0m[2m=[0m"http" [3moutcome[0m[2m=[0m"accepted" [3mrequest_kind[0m[2m=[0m"附件内容读取" [3mattachment_id[0m[2m=[0m"att-88e3fb0cd3fa" [3msession_id[0m[2m=[0m"s-ed8ae5f1ff1a"
[backend] [2m2026-04-19T02:40:20.15539+08:00[0m [32m INFO[0m ThreadId(05) [2mkoko::shell::媒体资产外壳[0m[2m:[0m HTTP 请求已受理 [3musecase[0m[2m=[0m"读取附件内容" [3madapter[0m[2m=[0m"http" [3moutcome[0m[2m=[0m"accepted" [3mrequest_kind[0m[2m=[0m"附件内容读取" [3mattachment_id[0m[2m=[0m"att-6727d0dfb7aa" [3msession_id[0m[2m=[0m"s-ed8ae5f1ff1a"
[backend] [2m2026-04-19T02:40:20.1567587+08:00[0m [32m INFO[0m ThreadId(05) [2mkoko::shell::媒体资产外壳[0m[2m:[0m 读取附件内容成功 [3musecase[0m[2m=[0m"读取附件内容" [3madapter[0m[2m=[0m"http" [3moutcome[0m[2m=[0m"succeeded" [3mrequest_kind[0m[2m=[0m"附件内容读取" [3mattachment_id[0m[2m=[0m"att-ea250b02f4f3" [3msession_id[0m[2m=[0m"s-ed8ae5f1ff1a"
[backend] [2m2026-04-19T02:40:20.1572879+08:00[0m [32m INFO[0m ThreadId(11) [2mkoko::shell::媒体资产外壳[0m[2m:[0m 读取附件内容成功 [3musecase[0m[2m=[0m"读取附件内容" [3madapter[0m[2m=[0m"http" [3moutcome[0m[2m=[0m"succeeded" [3mrequest_kind[0m[2m=[0m"附件内容读取" [3mattachment_id[0m[2m=[0m"att-d1739ba9773f" [3msession_id[0m[2m=[0m"s-ed8ae5f1ff1a"
[backend] [2m2026-04-19T02:40:20.1577127+08:00[0m [32m INFO[0m ThreadId(10) [2mkoko::shell::媒体资产外壳[0m[2m:[0m HTTP 请求已受理 [3musecase[0m[2m=[0m"读取附件内容" [3madapter[0m[2m=[0m"http" [3moutcome[0m[2m=[0m"accepted" [3mrequest_kind[0m[2m=[0m"附件内容读取" [3mattachment_id[0m[2m=[0m"att-fb643f1210f6" [3msession_id[0m[2m=[0m"s-ed8ae5f1ff1a"
[backend] [2m2026-04-19T02:40:20.173732+08:00[0m [32m INFO[0m ThreadId(10) [2mkoko::shell::媒体资产外壳[0m[2m:[0m 读取附件内容成功 [3musecase[0m[2m=[0m"读取附件内容" [3madapter[0m[2m=[0m"http" [3moutcome[0m[2m=[0m"succeeded" [3mrequest_kind[0m[2m=[0m"附件内容读取" [3mattachment_id[0m[2m=[0m"att-88e3fb0cd3fa" [3msession_id[0m[2m=[0m"s-ed8ae5f1ff1a"
[backend] [2m2026-04-19T02:40:20.1742695+08:00[0m [32m INFO[0m ThreadId(05) [2mkoko::shell::媒体资产外壳[0m[2m:[0m HTTP 请求已受理 [3musecase[0m[2m=[0m"读取附件内容" [3madapter[0m[2m=[0m"http" [3moutcome[0m[2m=[0m"accepted" [3mrequest_kind[0m[2m=[0m"附件内容读取" [3mattachment_id[0m[2m=[0m"att-98d8a14f0c2c" [3msession_id[0m[2m=[0m"s-ed8ae5f1ff1a"
[backend] [2m2026-04-19T02:40:20.1766245+08:00[0m [32m INFO[0m ThreadId(05) [2mkoko::shell::媒体资产外壳[0m[2m:[0m 读取附件内容成功 [3musecase[0m[2m=[0m"读取附件内容" [3madapter[0m[2m=[0m"http" [3moutcome[0m[2m=[0m"succeeded" [3mrequest_kind[0m[2m=[0m"附件内容读取" [3mattachment_id[0m[2m=[0m"att-6727d0dfb7aa" [3msession_id[0m[2m=[0m"s-ed8ae5f1ff1a"
[backend] [2m2026-04-19T02:40:20.1766243+08:00[0m [32m INFO[0m ThreadId(10) [2mkoko::shell::媒体资产外壳[0m[2m:[0m 读取附件内容成功 [3musecase[0m[2m=[0m"读取附件内容" [3madapter[0m[2m=[0m"http" [3moutcome[0m[2m=[0m"succeeded" [3mrequest_kind[0m[2m=[0m"附件内容读取" [3mattachment_id[0m[2m=[0m"att-fb643f1210f6" [3msession_id[0m[2m=[0m"s-ed8ae5f1ff1a"
[backend] [2m2026-04-19T02:40:20.1905224+08:00[0m [32m INFO[0m ThreadId(12) [2mkoko::shell::媒体资产外壳[0m[2m:[0m HTTP 请求已受理 [3musecase[0m[2m=[0m"读取附件内容" [3madapter[0m[2m=[0m"http" [3moutcome[0m[2m=[0m"accepted" [3mrequest_kind[0m[2m=[0m"附件内容读取" [3mattachment_id[0m[2m=[0m"att-528cc3c6d877" [3msession_id[0m[2m=[0m"s-ed8ae5f1ff1a"
[backend] [2m2026-04-19T02:40:20.1910264+08:00[0m [32m INFO[0m ThreadId(05) [2mkoko::shell::媒体资产外壳[0m[2m:[0m 读取附件内容成功 [3musecase[0m[2m=[0m"读取附件内容" [3madapter[0m[2m=[0m"http" [3moutcome[0m[2m=[0m"succeeded" [3mrequest_kind[0m[2m=[0m"附件内容读取" [3mattachment_id[0m[2m=[0m"att-98d8a14f0c2c" [3msession_id[0m[2m=[0m"s-ed8ae5f1ff1a"
[backend] [2m2026-04-19T02:40:20.2030207+08:00[0m [32m INFO[0m ThreadId(10) [2mkoko::shell::媒体资产外壳[0m[2m:[0m HTTP 请求已受理 [3musecase[0m[2m=[0m"读取附件内容" [3madapter[0m[2m=[0m"http" [3moutcome[0m[2m=[0m"accepted" [3mrequest_kind[0m[2m=[0m"附件内容读取" [3mattachment_id[0m[2m=[0m"att-bdbf430c4928" [3msession_id[0m[2m=[0m"s-ed8ae5f1ff1a"
[backend] [2m2026-04-19T02:40:20.2084313+08:00[0m [32m INFO[0m ThreadId(11) [2mkoko::shell::媒体资产外壳[0m[2m:[0m 读取附件内容成功 [3musecase[0m[2m=[0m"读取附件内容" [3madapter[0m[2m=[0m"http" [3moutcome[0m[2m=[0m"succeeded" [3mrequest_kind[0m[2m=[0m"附件内容读取" [3mattachment_id[0m[2m=[0m"att-528cc3c6d877" [3msession_id[0m[2m=[0m"s-ed8ae5f1ff1a"
[backend] [2m2026-04-19T02:40:20.2127175+08:00[0m [32m INFO[0m ThreadId(05) [2mkoko::shell::媒体资产外壳[0m[2m:[0m 读取附件内容成功 [3musecase[0m[2m=[0m"读取附件内容" [3madapter[0m[2m=[0m"http" [3moutcome[0m[2m=[0m"succeeded" [3mrequest_kind[0m[2m=[0m"附件内容读取" [3mattachment_id[0m[2m=[0m"att-bdbf430c4928" [3msession_id[0m[2m=[0m"s-ed8ae5f1ff1a"
[backend] [2m2026-04-19T02:40:21.9085315+08:00[0m [32m INFO[0m ThreadId(10) [2mkoko::shell::媒体资产外壳[0m[2m:[0m HTTP 请求已受理 [3musecase[0m[2m=[0m"读取附件内容" [3madapter[0m[2m=[0m"http" [3moutcome[0m[2m=[0m"accepted" [3mrequest_kind[0m[2m=[0m"附件内容读取" [3mattachment_id[0m[2m=[0m"att-bdbf430c4928" [3msession_id[0m[2m=[0m"s-e7c98262c769"
[backend] [2m2026-04-19T02:40:22.0492172+08:00[0m [32m INFO[0m ThreadId(11) [2mkoko::shell::媒体资产外壳[0m[2m:[0m 读取附件内容成功 [3musecase[0m[2m=[0m"读取附件内容" [3madapter[0m[2m=[0m"http" [3moutcome[0m[2m=[0m"succeeded" [3mrequest_kind[0m[2m=[0m"附件内容读取" [3mattachment_id[0m[2m=[0m"att-bdbf430c4928" [3msession_id[0m[2m=[0m"s-e7c98262c769"
[backend] [2m2026-04-19T02:40:25.475143+08:00[0m [32m INFO[0m ThreadId(11) [2mkoko::shell::媒体资产外壳[0m[2m:[0m HTTP 请求已受理 [3musecase[0m[2m=[0m"读取附件内容" [3madapter[0m[2m=[0m"http" [3moutcome[0m[2m=[0m"accepted" [3mrequest_kind[0m[2m=[0m"附件内容读取" [3mattachment_id[0m[2m=[0m"att-56d8fca2bd57" [3msession_id[0m[2m=[0m"s-ed8ae5f1ff1a"
[backend] [2m2026-04-19T02:40:25.4765177+08:00[0m [32m INFO[0m ThreadId(11) [2mkoko::shell::媒体资产外壳[0m[2m:[0m HTTP 请求已受理 [3musecase[0m[2m=[0m"读取附件内容" [3madapter[0m[2m=[0m"http" [3moutcome[0m[2m=[0m"accepted" [3mrequest_kind[0m[2m=[0m"附件内容读取" [3mattachment_id[0m[2m=[0m"att-4b3bc2558118" [3msession_id[0m[2m=[0m"s-ed8ae5f1ff1a"
[backend] [2m2026-04-19T02:40:25.476688+08:00[0m [32m INFO[0m ThreadId(05) [2mkoko::shell::媒体资产外壳[0m[2m:[0m HTTP 请求已受理 [3musecase[0m[2m=[0m"读取附件内容" [3madapter[0m[2m=[0m"http" [3moutcome[0m[2m=[0m"accepted" [3mrequest_kind[0m[2m=[0m"附件内容读取" [3mattachment_id[0m[2m=[0m"att-8aedf734e191" [3msession_id[0m[2m=[0m"s-ed8ae5f1ff1a"
[backend] [2m2026-04-19T02:40:25.4784764+08:00[0m [32m INFO[0m ThreadId(11) [2mkoko::shell::媒体资产外壳[0m[2m:[0m HTTP 请求已受理 [3musecase[0m[2m=[0m"读取附件内容" [3madapter[0m[2m=[0m"http" [3moutcome[0m[2m=[0m"accepted" [3mrequest_kind[0m[2m=[0m"附件内容读取" [3mattachment_id[0m[2m=[0m"att-69182d17260b" [3msession_id[0m[2m=[0m"s-ed8ae5f1ff1a"
[backend] [2m2026-04-19T02:40:25.4875699+08:00[0m [32m INFO[0m ThreadId(11) [2mkoko::shell::媒体资产外壳[0m[2m:[0m 读取附件内容成功 [3musecase[0m[2m=[0m"读取附件内容" [3madapter[0m[2m=[0m"http" [3moutcome[0m[2m=[0m"succeeded" [3mrequest_kind[0m[2m=[0m"附件内容读取" [3mattachment_id[0m[2m=[0m"att-4b3bc2558118" [3msession_id[0m[2m=[0m"s-ed8ae5f1ff1a"
[backend] [2m2026-04-19T02:40:25.4905897+08:00[0m [32m INFO[0m ThreadId(11) [2mkoko::shell::媒体资产外壳[0m[2m:[0m 读取附件内容成功 [3musecase[0m[2m=[0m"读取附件内容" [3madapter[0m[2m=[0m"http" [3moutcome[0m[2m=[0m"succeeded" [3mrequest_kind[0m[2m=[0m"附件内容读取" [3mattachment_id[0m[2m=[0m"att-56d8fca2bd57" [3msession_id[0m[2m=[0m"s-ed8ae5f1ff1a"
[backend] [2m2026-04-19T02:40:25.4913925+08:00[0m [32m INFO[0m ThreadId(12) [2mkoko::shell::媒体资产外壳[0m[2m:[0m 读取附件内容成功 [3musecase[0m[2m=[0m"读取附件内容" [3madapter[0m[2m=[0m"http" [3moutcome[0m[2m=[0m"succeeded" [3mrequest_kind[0m[2m=[0m"附件内容读取" [3mattachment_id[0m[2m=[0m"att-8aedf734e191" [3msession_id[0m[2m=[0m"s-ed8ae5f1ff1a"
[backend] [2m2026-04-19T02:40:25.4950444+08:00[0m [32m INFO[0m ThreadId(12) [2mkoko::shell::媒体资产外壳[0m[2m:[0m 读取附件内容成功 [3musecase[0m[2m=[0m"读取附件内容" [3madapter[0m[2m=[0m"http" [3moutcome[0m[2m=[0m"succeeded" [3mrequest_kind[0m[2m=[0m"附件内容读取" [3mattachment_id[0m[2m=[0m"att-69182d17260b" [3msession_id[0m[2m=[0m"s-ed8ae5f1ff1a"
[backend] [2m2026-04-19T02:40:36.0445224+08:00[0m [32m INFO[0m ThreadId(12) [2mkoko::shell::媒体资产外壳[0m[2m:[0m HTTP 请求已受理 [3musecase[0m[2m=[0m"读取附件内容" [3madapter[0m[2m=[0m"http" [3moutcome[0m[2m=[0m"accepted" [3mrequest_kind[0m[2m=[0m"附件内容读取" [3mattachment_id[0m[2m=[0m"att-fb643f1210f6" [3msession_id[0m[2m=[0m"s-e7c98262c769"
[backend] [2m2026-04-19T02:40:36.0524193+08:00[0m [32m INFO[0m ThreadId(05) [2mkoko::shell::媒体资产外壳[0m[2m:[0m 读取附件内容成功 [3musecase[0m[2m=[0m"读取附件内容" [3madapter[0m[2m=[0m"http" [3moutcome[0m[2m=[0m"succeeded" [3mrequest_kind[0m[2m=[0m"附件内容读取" [3mattachment_id[0m[2m=[0m"att-fb643f1210f6" [3msession_id[0m[2m=[0m"s-e7c98262c769"
[backend] [2m2026-04-19T02:40:37.3304576+08:00[0m [32m INFO[0m ThreadId(11) [2mkoko::shell::媒体资产外壳[0m[2m:[0m HTTP 请求已受理 [3musecase[0m[2m=[0m"读取附件内容" [3madapter[0m[2m=[0m"http" [3moutcome[0m[2m=[0m"accepted" [3mrequest_kind[0m[2m=[0m"附件内容读取" [3mattachment_id[0m[2m=[0m"att-528cc3c6d877" [3msession_id[0m[2m=[0m"s-e7c98262c769"
[backend] [2m2026-04-19T02:40:37.3499125+08:00[0m [32m INFO[0m ThreadId(12) [2mkoko::shell::媒体资产外壳[0m[2m:[0m 读取附件内容成功 [3musecase[0m[2m=[0m"读取附件内容" [3madapter[0m[2m=[0m"http" [3moutcome[0m[2m=[0m"succeeded" [3mrequest_kind[0m[2m=[0m"附件内容读取" [3mattachment_id[0m[2m=[0m"att-528cc3c6d877" [3msession_id[0m[2m=[0m"s-e7c98262c769"
[backend] [2m2026-04-19T02:40:37.3643645+08:00[0m [32m INFO[0m ThreadId(11) [2mkoko::shell::媒体资产外壳[0m[2m:[0m HTTP 请求已受理 [3musecase[0m[2m=[0m"读取附件内容" [3madapter[0m[2m=[0m"http" [3moutcome[0m[2m=[0m"accepted" [3mrequest_kind[0m[2m=[0m"附件内容读取" [3mattachment_id[0m[2m=[0m"att-528cc3c6d877" [3msession_id[0m[2m=[0m"s-e7c98262c769"
[backend] [2m2026-04-19T02:40:37.3708237+08:00[0m [32m INFO[0m ThreadId(12) [2mkoko::shell::媒体资产外壳[0m[2m:[0m 读取附件内容成功 [3musecase[0m[2m=[0m"读取附件内容" [3madapter[0m[2m=[0m"http" [3moutcome[0m[2m=[0m"succeeded" [3mrequest_kind[0m[2m=[0m"附件内容读取" [3mattachment_id[0m[2m=[0m"att-528cc3c6d877" [3msession_id[0m[2m=[0m"s-e7c98262c769"
[backend] [2m2026-04-19T02:40:37.3938059+08:00[0m [32m INFO[0m ThreadId(11) [2mkoko::shell::媒体资产外壳[0m[2m:[0m HTTP 请求已受理 [3musecase[0m[2m=[0m"读取附件内容" [3madapter[0m[2m=[0m"http" [3moutcome[0m[2m=[0m"accepted" [3mrequest_kind[0m[2m=[0m"附件内容读取" [3mattachment_id[0m[2m=[0m"att-528cc3c6d877" [3msession_id[0m[2m=[0m"s-e7c98262c769"
[backend] [2m2026-04-19T02:40:37.4064568+08:00[0m [32m INFO[0m ThreadId(11) [2mkoko::shell::媒体资产外壳[0m[2m:[0m 读取附件内容成功 [3musecase[0m[2m=[0m"读取附件内容" [3madapter[0m[2m=[0m"http" [3moutcome[0m[2m=[0m"succeeded" [3mrequest_kind[0m[2m=[0m"附件内容读取" [3mattachment_id[0m[2m=[0m"att-528cc3c6d877" [3msession_id[0m[2m=[0m"s-e7c98262c769"
[backend] [2m2026-04-19T02:40:59.1849645+08:00[0m [32m INFO[0m ThreadId(12) [2mkoko::shell::媒体资产外壳[0m[2m:[0m HTTP 请求已受理 [3musecase[0m[2m=[0m"读取附件内容" [3madapter[0m[2m=[0m"http" [3moutcome[0m[2m=[0m"accepted" [3mrequest_kind[0m[2m=[0m"附件内容读取" [3mattachment_id[0m[2m=[0m"att-bdbf430c4928" [3msession_id[0m[2m=[0m"s-ed8ae5f1ff1a"
[backend] [2m2026-04-19T02:40:59.1916825+08:00[0m [32m INFO[0m ThreadId(12) [2mkoko::shell::媒体资产外壳[0m[2m:[0m 读取附件内容成功 [3musecase[0m[2m=[0m"读取附件内容" [3madapter[0m[2m=[0m"http" [3moutcome[0m[2m=[0m"succeeded" [3mrequest_kind[0m[2m=[0m"附件内容读取" [3mattachment_id[0m[2m=[0m"att-bdbf430c4928" [3msession_id[0m[2m=[0m"s-ed8ae5f1ff1a"
[backend] [2m2026-04-19T02:41:18.8928995+08:00[0m [32m INFO[0m ThreadId(05) [2mkoko::shell::媒体资产外壳[0m[2m:[0m HTTP 请求已受理 [3musecase[0m[2m=[0m"读取附件内容" [3madapter[0m[2m=[0m"http" [3moutcome[0m[2m=[0m"accepted" [3mrequest_kind[0m[2m=[0m"附件内容读取" [3mattachment_id[0m[2m=[0m"att-88e3fb0cd3fa" [3msession_id[0m[2m=[0m"s-b8640d691e68"
[backend] [2m2026-04-19T02:41:18.9056856+08:00[0m [32m INFO[0m ThreadId(12) [2mkoko::shell::媒体资产外壳[0m[2m:[0m 读取附件内容成功 [3musecase[0m[2m=[0m"读取附件内容" [3madapter[0m[2m=[0m"http" [3moutcome[0m[2m=[0m"succeeded" [3mrequest_kind[0m[2m=[0m"附件内容读取" [3mattachment_id[0m[2m=[0m"att-88e3fb0cd3fa" [3msession_id[0m[2m=[0m"s-b8640d691e68"
[backend] [2m2026-04-19T02:41:19.7979874+08:00[0m [32m INFO[0m ThreadId(05) [2mkoko::shell::实时外壳[0m[2m:[0m realtime 连接认证已受理 [3musecase[0m[2m=[0m"实时连接认证" [3madapter[0m[2m=[0m"socketioxide" [3moutcome[0m[2m=[0m"accepted" [3msession_id[0m[2m=[0m"s-b8640d691e68"
[backend] [2m2026-04-19T02:41:19.8006835+08:00[0m [32m INFO[0m ThreadId(12) [2mkoko::shell::实时外壳[0m[2m:[0m realtime 连接认证成功 [3musecase[0m[2m=[0m"实时连接认证" [3madapter[0m[2m=[0m"socketioxide" [3moutcome[0m[2m=[0m"succeeded" [3msession_id[0m[2m=[0m"s-b8640d691e68"
[backend] [2m2026-04-19T02:41:19.8034879+08:00[0m [32m INFO[0m ThreadId(06) [2mkoko::shell::实时外壳[0m[2m:[0m realtime 订阅请求已受理 [3musecase[0m[2m=[0m"订阅房间事件流" [3madapter[0m[2m=[0m"socketioxide" [3moutcome[0m[2m=[0m"accepted" [3mroom_id[0m[2m=[0m"r-3cdfd560046a" [3msession_id[0m[2m=[0m"s-b8640d691e68" [3mfrom[0m[2m=[0m18
[backend] [2m2026-04-19T02:41:19.8039176+08:00[0m [32m INFO[0m ThreadId(11) [2mkoko::shell::实时外壳[0m[2m:[0m realtime 订阅请求已受理 [3musecase[0m[2m=[0m"订阅房间事件流" [3madapter[0m[2m=[0m"socketioxide" [3moutcome[0m[2m=[0m"accepted" [3mroom_id[0m[2m=[0m"r-3cdfd560046a" [3msession_id[0m[2m=[0m"s-b8640d691e68" [3mfrom[0m[2m=[0m19
[backend] [2m2026-04-19T02:41:19.8040975+08:00[0m [32m INFO[0m ThreadId(05) [2mkoko::shell::实时外壳[0m[2m:[0m realtime 订阅请求已受理 [3musecase[0m[2m=[0m"订阅房间事件流" [3madapter[0m[2m=[0m"socketioxide" [3moutcome[0m[2m=[0m"accepted" [3mroom_id[0m[2m=[0m"r-3cdfd560046a" [3msession_id[0m[2m=[0m"s-b8640d691e68" [3mfrom[0m[2m=[0m18
[backend] [2m2026-04-19T02:41:19.8290001+08:00[0m [32m INFO[0m ThreadId(12) [2mkoko::shell::实时外壳[0m[2m:[0m 订阅房间事件流成功 [3musecase[0m[2m=[0m"订阅房间事件流" [3madapter[0m[2m=[0m"socketioxide" [3moutcome[0m[2m=[0m"succeeded" [3mroom_id[0m[2m=[0m"r-3cdfd560046a" [3msession_id[0m[2m=[0m"s-b8640d691e68" [3mfrom[0m[2m=[0m18 [3mevent_position[0m[2m=[0m22
[backend] [2m2026-04-19T02:41:19.8294233+08:00[0m [32m INFO[0m ThreadId(08) [2mkoko::shell::实时外壳[0m[2m:[0m 订阅房间事件流成功 [3musecase[0m[2m=[0m"订阅房间事件流" [3madapter[0m[2m=[0m"socketioxide" [3moutcome[0m[2m=[0m"succeeded" [3mroom_id[0m[2m=[0m"r-3cdfd560046a" [3msession_id[0m[2m=[0m"s-b8640d691e68" [3mfrom[0m[2m=[0m19 [3mevent_position[0m[2m=[0m22
[backend] [2m2026-04-19T02:41:19.8317453+08:00[0m [32m INFO[0m ThreadId(05) [2mkoko::shell::实时外壳[0m[2m:[0m 订阅房间事件流成功 [3musecase[0m[2m=[0m"订阅房间事件流" [3madapter[0m[2m=[0m"socketioxide" [3moutcome[0m[2m=[0m"succeeded" [3mroom_id[0m[2m=[0m"r-3cdfd560046a" [3msession_id[0m[2m=[0m"s-b8640d691e68" [3mfrom[0m[2m=[0m18 [3mevent_position[0m[2m=[0m22
[backend] [2m2026-04-19T02:41:19.8897713+08:00[0m [32m INFO[0m ThreadId(08) [2mkoko::shell::媒体资产外壳[0m[2m:[0m HTTP 请求已受理 [3musecase[0m[2m=[0m"读取附件内容" [3madapter[0m[2m=[0m"http" [3moutcome[0m[2m=[0m"accepted" [3mrequest_kind[0m[2m=[0m"附件内容读取" [3mattachment_id[0m[2m=[0m"att-98d8a14f0c2c" [3msession_id[0m[2m=[0m"s-b8640d691e68"
[backend] [2m2026-04-19T02:41:19.8920789+08:00[0m [32m INFO[0m ThreadId(08) [2mkoko::shell::媒体资产外壳[0m[2m:[0m HTTP 请求已受理 [3musecase[0m[2m=[0m"读取附件内容" [3madapter[0m[2m=[0m"http" [3moutcome[0m[2m=[0m"accepted" [3mrequest_kind[0m[2m=[0m"附件内容读取" [3mattachment_id[0m[2m=[0m"att-528cc3c6d877" [3msession_id[0m[2m=[0m"s-b8640d691e68"
[backend] [2m2026-04-19T02:41:19.8963631+08:00[0m [32m INFO[0m ThreadId(05) [2mkoko::shell::媒体资产外壳[0m[2m:[0m HTTP 请求已受理 [3musecase[0m[2m=[0m"读取附件内容" [3madapter[0m[2m=[0m"http" [3moutcome[0m[2m=[0m"accepted" [3mrequest_kind[0m[2m=[0m"附件内容读取" [3mattachment_id[0m[2m=[0m"att-bdbf430c4928" [3msession_id[0m[2m=[0m"s-b8640d691e68"
[backend] [2m2026-04-19T02:41:19.9042133+08:00[0m [32m INFO[0m ThreadId(10) [2mkoko::shell::媒体资产外壳[0m[2m:[0m 读取附件内容成功 [3musecase[0m[2m=[0m"读取附件内容" [3madapter[0m[2m=[0m"http" [3moutcome[0m[2m=[0m"succeeded" [3mrequest_kind[0m[2m=[0m"附件内容读取" [3mattachment_id[0m[2m=[0m"att-528cc3c6d877" [3msession_id[0m[2m=[0m"s-b8640d691e68"
[backend] [2m2026-04-19T02:41:19.9044226+08:00[0m [32m INFO[0m ThreadId(12) [2mkoko::shell::媒体资产外壳[0m[2m:[0m 读取附件内容成功 [3musecase[0m[2m=[0m"读取附件内容" [3madapter[0m[2m=[0m"http" [3moutcome[0m[2m=[0m"succeeded" [3mrequest_kind[0m[2m=[0m"附件内容读取" [3mattachment_id[0m[2m=[0m"att-98d8a14f0c2c" [3msession_id[0m[2m=[0m"s-b8640d691e68"
[backend] [2m2026-04-19T02:41:19.9100698+08:00[0m [32m INFO[0m ThreadId(10) [2mkoko::shell::媒体资产外壳[0m[2m:[0m 读取附件内容成功 [3musecase[0m[2m=[0m"读取附件内容" [3madapter[0m[2m=[0m"http" [3moutcome[0m[2m=[0m"succeeded" [3mrequest_kind[0m[2m=[0m"附件内容读取" [3mattachment_id[0m[2m=[0m"att-bdbf430c4928" [3msession_id[0m[2m=[0m"s-b8640d691e68"
[backend] [2m2026-04-19T02:41:20.2739502+08:00[0m [32m INFO[0m ThreadId(08) [2mkoko::shell::房间外壳[0m[2m:[0m HTTP 请求已受理 [3musecase[0m[2m=[0m"推进房间阅读位置" [3madapter[0m[2m=[0m"http" [3moutcome[0m[2m=[0m"accepted" [3mrequest_kind[0m[2m=[0m"房间阅读位置推进" [3mroom_id[0m[2m=[0m"r-3cdfd560046a" [3msession_id[0m[2m=[0m"s-b8640d691e68" [3mevent_position[0m[2m=[0m21
[backend] [2m2026-04-19T02:41:20.2802751+08:00[0m [32m INFO[0m ThreadId(08) [2mkoko::shell::房间外壳[0m[2m:[0m 推进房间阅读位置成功 [3musecase[0m[2m=[0m"推进房间阅读位置" [3madapter[0m[2m=[0m"http" [3moutcome[0m[2m=[0m"succeeded" [3mrequest_kind[0m[2m=[0m"房间阅读位置推进" [3mroom_id[0m[2m=[0m"r-3cdfd560046a" [3msession_id[0m[2m=[0m"s-b8640d691e68" [3mevent_position[0m[2m=[0m21
[backend] [2m2026-04-19T02:41:21.6532966+08:00[0m [32m INFO[0m ThreadId(12) [2mkoko::shell::房间外壳[0m[2m:[0m HTTP 请求已受理 [3musecase[0m[2m=[0m"推进房间阅读位置" [3madapter[0m[2m=[0m"http" [3moutcome[0m[2m=[0m"accepted" [3mrequest_kind[0m[2m=[0m"房间阅读位置推进" [3mroom_id[0m[2m=[0m"r-3cdfd560046a" [3msession_id[0m[2m=[0m"s-b8640d691e68" [3mevent_position[0m[2m=[0m22
[backend] [2m2026-04-19T02:41:21.659842+08:00[0m [32m INFO[0m ThreadId(08) [2mkoko::shell::房间外壳[0m[2m:[0m 推进房间阅读位置成功 [3musecase[0m[2m=[0m"推进房间阅读位置" [3madapter[0m[2m=[0m"http" [3moutcome[0m[2m=[0m"succeeded" [3mrequest_kind[0m[2m=[0m"房间阅读位置推进" [3mroom_id[0m[2m=[0m"r-3cdfd560046a" [3msession_id[0m[2m=[0m"s-b8640d691e68" [3mevent_position[0m[2m=[0m22
[backend] [2m2026-04-19T02:41:24.19853+08:00[0m [32m INFO[0m ThreadId(05) [2mkoko::shell::实时外壳[0m[2m:[0m realtime 连接已正常断开 [3musecase[0m[2m=[0m"实时连接断开" [3madapter[0m[2m=[0m"socketioxide" [3moutcome[0m[2m=[0m"dropped" [3msession_id[0m[2m=[0m"s-b8640d691e68" [3mdisconnect_reason[0m[2m=[0mclient has manually disconnected the socket from the namespace
[backend] [2m2026-04-19T02:41:24.6795942+08:00[0m [32m INFO[0m ThreadId(08) [2mkoko::shell::房间外壳[0m[2m:[0m HTTP 请求已受理 [3musecase[0m[2m=[0m"引导匿名身份" [3madapter[0m[2m=[0m"http" [3moutcome[0m[2m=[0m"accepted" [3mrequest_kind[0m[2m=[0m"匿名身份引导"
[backend] [2m2026-04-19T02:41:24.6855009+08:00[0m [32m INFO[0m ThreadId(08) [2mkoko::shell::房间外壳[0m[2m:[0m 引导匿名身份成功 [3musecase[0m[2m=[0m"引导匿名身份" [3madapter[0m[2m=[0m"http" [3moutcome[0m[2m=[0m"succeeded" [3mrequest_kind[0m[2m=[0m"匿名身份引导" [3msession_id[0m[2m=[0m"s-b8640d691e68"
[backend] [2m2026-04-19T02:41:24.7837328+08:00[0m [32m INFO[0m ThreadId(05) [2mkoko::shell::房间外壳[0m[2m:[0m HTTP 请求已受理 [3musecase[0m[2m=[0m"加载房间快照" [3madapter[0m[2m=[0m"http" [3moutcome[0m[2m=[0m"accepted" [3mrequest_kind[0m[2m=[0m"房间快照查询" [3mroom_id[0m[2m=[0m"r-3cdfd560046a" [3msession_id[0m[2m=[0m"s-b8640d691e68"
[backend] [2m2026-04-19T02:41:24.7955363+08:00[0m [32m INFO[0m ThreadId(05) [2mkoko::shell::实时外壳[0m[2m:[0m realtime 连接认证已受理 [3musecase[0m[2m=[0m"实时连接认证" [3madapter[0m[2m=[0m"socketioxide" [3moutcome[0m[2m=[0m"accepted" [3msession_id[0m[2m=[0m"s-b8640d691e68"
[backend] [2m2026-04-19T02:41:24.8110517+08:00[0m [32m INFO[0m ThreadId(08) [2mkoko::shell::实时外壳[0m[2m:[0m realtime 连接认证成功 [3musecase[0m[2m=[0m"实时连接认证" [3madapter[0m[2m=[0m"socketioxide" [3moutcome[0m[2m=[0m"succeeded" [3msession_id[0m[2m=[0m"s-b8640d691e68"
[backend] [2m2026-04-19T02:41:24.8236965+08:00[0m [32m INFO[0m ThreadId(08) [2mkoko::shell::实时外壳[0m[2m:[0m realtime 订阅请求已受理 [3musecase[0m[2m=[0m"订阅房间事件流" [3madapter[0m[2m=[0m"socketioxide" [3moutcome[0m[2m=[0m"accepted" [3mroom_id[0m[2m=[0m"r-3cdfd560046a" [3msession_id[0m[2m=[0m"s-b8640d691e68" [3mfrom[0m[2m=[0m0
[backend] [2m2026-04-19T02:41:24.8282112+08:00[0m [32m INFO[0m ThreadId(10) [2mkoko::shell::房间外壳[0m[2m:[0m 加载房间快照成功 [3musecase[0m[2m=[0m"加载房间快照" [3madapter[0m[2m=[0m"http" [3moutcome[0m[2m=[0m"succeeded" [3mrequest_kind[0m[2m=[0m"房间快照查询" [3mroom_id[0m[2m=[0m"r-3cdfd560046a" [3msession_id[0m[2m=[0m"s-b8640d691e68" [3mevent_position[0m[2m=[0m22
[backend] [2m2026-04-19T02:41:24.8606239+08:00[0m [32m INFO[0m ThreadId(12) [2mkoko::shell::实时外壳[0m[2m:[0m 订阅房间事件流成功 [3musecase[0m[2m=[0m"订阅房间事件流" [3madapter[0m[2m=[0m"socketioxide" [3moutcome[0m[2m=[0m"succeeded" [3mroom_id[0m[2m=[0m"r-3cdfd560046a" [3msession_id[0m[2m=[0m"s-b8640d691e68" [3mfrom[0m[2m=[0m0 [3mevent_position[0m[2m=[0m22
[backend] [2m2026-04-19T02:41:24.8649353+08:00[0m [32m INFO[0m ThreadId(08) [2mkoko::shell::实时外壳[0m[2m:[0m realtime 订阅请求已受理 [3musecase[0m[2m=[0m"订阅房间事件流" [3madapter[0m[2m=[0m"socketioxide" [3moutcome[0m[2m=[0m"accepted" [3mroom_id[0m[2m=[0m"r-3cdfd560046a" [3msession_id[0m[2m=[0m"s-b8640d691e68" [3mfrom[0m[2m=[0m22
[backend] [2m2026-04-19T02:41:24.8830793+08:00[0m [32m INFO[0m ThreadId(08) [2mkoko::shell::实时外壳[0m[2m:[0m 订阅房间事件流成功 [3musecase[0m[2m=[0m"订阅房间事件流" [3madapter[0m[2m=[0m"socketioxide" [3moutcome[0m[2m=[0m"succeeded" [3mroom_id[0m[2m=[0m"r-3cdfd560046a" [3msession_id[0m[2m=[0m"s-b8640d691e68" [3mfrom[0m[2m=[0m22 [3mevent_position[0m[2m=[0m22
[backend] [2m2026-04-19T02:41:24.9417293+08:00[0m [32m INFO[0m ThreadId(12) [2mkoko::shell::媒体资产外壳[0m[2m:[0m HTTP 请求已受理 [3musecase[0m[2m=[0m"读取附件内容" [3madapter[0m[2m=[0m"http" [3moutcome[0m[2m=[0m"accepted" [3mrequest_kind[0m[2m=[0m"附件内容读取" [3mattachment_id[0m[2m=[0m"att-961d957a1877" [3msession_id[0m[2m=[0m"s-b8640d691e68"
[backend] [2m2026-04-19T02:41:24.9453206+08:00[0m [32m INFO[0m ThreadId(12) [2mkoko::shell::媒体资产外壳[0m[2m:[0m HTTP 请求已受理 [3musecase[0m[2m=[0m"读取附件内容" [3madapter[0m[2m=[0m"http" [3moutcome[0m[2m=[0m"accepted" [3mrequest_kind[0m[2m=[0m"附件内容读取" [3mattachment_id[0m[2m=[0m"att-2d964b96c071" [3msession_id[0m[2m=[0m"s-b8640d691e68"
[backend] [2m2026-04-19T02:41:24.945371+08:00[0m [32m INFO[0m ThreadId(10) [2mkoko::shell::媒体资产外壳[0m[2m:[0m HTTP 请求已受理 [3musecase[0m[2m=[0m"读取附件内容" [3madapter[0m[2m=[0m"http" [3moutcome[0m[2m=[0m"accepted" [3mrequest_kind[0m[2m=[0m"附件内容读取" [3mattachment_id[0m[2m=[0m"att-8d44cbfede62" [3msession_id[0m[2m=[0m"s-b8640d691e68"
[backend] [2m2026-04-19T02:41:24.9512548+08:00[0m [32m INFO[0m ThreadId(08) [2mkoko::shell::媒体资产外壳[0m[2m:[0m HTTP 请求已受理 [3musecase[0m[2m=[0m"读取附件内容" [3madapter[0m[2m=[0m"http" [3moutcome[0m[2m=[0m"accepted" [3mrequest_kind[0m[2m=[0m"附件内容读取" [3mattachment_id[0m[2m=[0m"att-681e5b27b0c2" [3msession_id[0m[2m=[0m"s-b8640d691e68"
[backend] [2m2026-04-19T02:41:24.9538726+08:00[0m [32m INFO[0m ThreadId(10) [2mkoko::shell::媒体资产外壳[0m[2m:[0m HTTP 请求已受理 [3musecase[0m[2m=[0m"读取附件内容" [3madapter[0m[2m=[0m"http" [3moutcome[0m[2m=[0m"accepted" [3mrequest_kind[0m[2m=[0m"附件内容读取" [3mattachment_id[0m[2m=[0m"att-ac7a1188a600" [3msession_id[0m[2m=[0m"s-b8640d691e68"
[backend] [2m2026-04-19T02:41:24.9651602+08:00[0m [32m INFO[0m ThreadId(08) [2mkoko::shell::媒体资产外壳[0m[2m:[0m 读取附件内容成功 [3musecase[0m[2m=[0m"读取附件内容" [3madapter[0m[2m=[0m"http" [3moutcome[0m[2m=[0m"succeeded" [3mrequest_kind[0m[2m=[0m"附件内容读取" [3mattachment_id[0m[2m=[0m"att-8d44cbfede62" [3msession_id[0m[2m=[0m"s-b8640d691e68"
[backend] [2m2026-04-19T02:41:24.966973+08:00[0m [32m INFO[0m ThreadId(10) [2mkoko::shell::媒体资产外壳[0m[2m:[0m 读取附件内容成功 [3musecase[0m[2m=[0m"读取附件内容" [3madapter[0m[2m=[0m"http" [3moutcome[0m[2m=[0m"succeeded" [3mrequest_kind[0m[2m=[0m"附件内容读取" [3mattachment_id[0m[2m=[0m"att-2d964b96c071" [3msession_id[0m[2m=[0m"s-b8640d691e68"
[backend] [2m2026-04-19T02:41:24.9672721+08:00[0m [32m INFO[0m ThreadId(05) [2mkoko::shell::媒体资产外壳[0m[2m:[0m HTTP 请求已受理 [3musecase[0m[2m=[0m"读取附件内容" [3madapter[0m[2m=[0m"http" [3moutcome[0m[2m=[0m"accepted" [3mrequest_kind[0m[2m=[0m"附件内容读取" [3mattachment_id[0m[2m=[0m"att-98d8a14f0c2c" [3msession_id[0m[2m=[0m"s-b8640d691e68"
[backend] [2m2026-04-19T02:41:24.9709442+08:00[0m [32m INFO[0m ThreadId(08) [2mkoko::shell::媒体资产外壳[0m[2m:[0m 读取附件内容成功 [3musecase[0m[2m=[0m"读取附件内容" [3madapter[0m[2m=[0m"http" [3moutcome[0m[2m=[0m"succeeded" [3mrequest_kind[0m[2m=[0m"附件内容读取" [3mattachment_id[0m[2m=[0m"att-681e5b27b0c2" [3msession_id[0m[2m=[0m"s-b8640d691e68"
[backend] [2m2026-04-19T02:41:24.9787325+08:00[0m [32m INFO[0m ThreadId(08) [2mkoko::shell::媒体资产外壳[0m[2m:[0m 读取附件内容成功 [3musecase[0m[2m=[0m"读取附件内容" [3madapter[0m[2m=[0m"http" [3moutcome[0m[2m=[0m"succeeded" [3mrequest_kind[0m[2m=[0m"附件内容读取" [3mattachment_id[0m[2m=[0m"att-ac7a1188a600" [3msession_id[0m[2m=[0m"s-b8640d691e68"
[backend] [2m2026-04-19T02:41:24.9788155+08:00[0m [32m INFO[0m ThreadId(10) [2mkoko::shell::媒体资产外壳[0m[2m:[0m 读取附件内容成功 [3musecase[0m[2m=[0m"读取附件内容" [3madapter[0m[2m=[0m"http" [3moutcome[0m[2m=[0m"succeeded" [3mrequest_kind[0m[2m=[0m"附件内容读取" [3mattachment_id[0m[2m=[0m"att-961d957a1877" [3msession_id[0m[2m=[0m"s-b8640d691e68"
[backend] [2m2026-04-19T02:41:24.979895+08:00[0m [32m INFO[0m ThreadId(06) [2mkoko::shell::媒体资产外壳[0m[2m:[0m 读取附件内容成功 [3musecase[0m[2m=[0m"读取附件内容" [3madapter[0m[2m=[0m"http" [3moutcome[0m[2m=[0m"succeeded" [3mrequest_kind[0m[2m=[0m"附件内容读取" [3mattachment_id[0m[2m=[0m"att-98d8a14f0c2c" [3msession_id[0m[2m=[0m"s-b8640d691e68"
[backend] [2m2026-04-19T02:41:25.0298288+08:00[0m [32m INFO[0m ThreadId(05) [2mkoko::shell::媒体资产外壳[0m[2m:[0m HTTP 请求已受理 [3musecase[0m[2m=[0m"读取附件内容" [3madapter[0m[2m=[0m"http" [3moutcome[0m[2m=[0m"accepted" [3mrequest_kind[0m[2m=[0m"附件内容读取" [3mattachment_id[0m[2m=[0m"att-528cc3c6d877" [3msession_id[0m[2m=[0m"s-b8640d691e68"
[backend] [2m2026-04-19T02:41:25.0314199+08:00[0m [32m INFO[0m ThreadId(05) [2mkoko::shell::媒体资产外壳[0m[2m:[0m HTTP 请求已受理 [3musecase[0m[2m=[0m"读取附件内容" [3madapter[0m[2m=[0m"http" [3moutcome[0m[2m=[0m"accepted" [3mrequest_kind[0m[2m=[0m"附件内容读取" [3mattachment_id[0m[2m=[0m"att-bdbf430c4928" [3msession_id[0m[2m=[0m"s-b8640d691e68"
[backend] [2m2026-04-19T02:41:25.0454625+08:00[0m [32m INFO[0m ThreadId(10) [2mkoko::shell::媒体资产外壳[0m[2m:[0m 读取附件内容成功 [3musecase[0m[2m=[0m"读取附件内容" [3madapter[0m[2m=[0m"http" [3moutcome[0m[2m=[0m"succeeded" [3mrequest_kind[0m[2m=[0m"附件内容读取" [3mattachment_id[0m[2m=[0m"att-528cc3c6d877" [3msession_id[0m[2m=[0m"s-b8640d691e68"
[backend] [2m2026-04-19T02:41:25.0459373+08:00[0m [32m INFO[0m ThreadId(05) [2mkoko::shell::媒体资产外壳[0m[2m:[0m 读取附件内容成功 [3musecase[0m[2m=[0m"读取附件内容" [3madapter[0m[2m=[0m"http" [3moutcome[0m[2m=[0m"succeeded" [3mrequest_kind[0m[2m=[0m"附件内容读取" [3mattachment_id[0m[2m=[0m"att-bdbf430c4928" [3msession_id[0m[2m=[0m"s-b8640d691e68"
[backend] [2m2026-04-19T02:41:27.7594715+08:00[0m [32m INFO[0m ThreadId(05) [2mkoko::shell::实时外壳[0m[2m:[0m realtime 连接已正常断开 [3musecase[0m[2m=[0m"实时连接断开" [3madapter[0m[2m=[0m"socketioxide" [3moutcome[0m[2m=[0m"dropped" [3msession_id[0m[2m=[0m"s-b8640d691e68" [3mdisconnect_reason[0m[2m=[0mclient has manually disconnected the socket from the namespace
[backend] [2m2026-04-19T02:41:28.0424962+08:00[0m [32m INFO[0m ThreadId(10) [2mkoko::shell::房间外壳[0m[2m:[0m HTTP 请求已受理 [3musecase[0m[2m=[0m"引导匿名身份" [3madapter[0m[2m=[0m"http" [3moutcome[0m[2m=[0m"accepted" [3mrequest_kind[0m[2m=[0m"匿名身份引导"
[backend] [2m2026-04-19T02:41:28.046679+08:00[0m [32m INFO[0m ThreadId(10) [2mkoko::shell::房间外壳[0m[2m:[0m 引导匿名身份成功 [3musecase[0m[2m=[0m"引导匿名身份" [3madapter[0m[2m=[0m"http" [3moutcome[0m[2m=[0m"succeeded" [3mrequest_kind[0m[2m=[0m"匿名身份引导" [3msession_id[0m[2m=[0m"s-b8640d691e68"
[backend] [2m2026-04-19T02:41:28.0972244+08:00[0m [32m INFO[0m ThreadId(08) [2mkoko::shell::房间外壳[0m[2m:[0m HTTP 请求已受理 [3musecase[0m[2m=[0m"加载房间快照" [3madapter[0m[2m=[0m"http" [3moutcome[0m[2m=[0m"accepted" [3mrequest_kind[0m[2m=[0m"房间快照查询" [3mroom_id[0m[2m=[0m"r-3cdfd560046a" [3msession_id[0m[2m=[0m"s-b8640d691e68"
[backend] [2m2026-04-19T02:41:28.1037894+08:00[0m [32m INFO[0m ThreadId(10) [2mkoko::shell::实时外壳[0m[2m:[0m realtime 连接认证已受理 [3musecase[0m[2m=[0m"实时连接认证" [3madapter[0m[2m=[0m"socketioxide" [3moutcome[0m[2m=[0m"accepted" [3msession_id[0m[2m=[0m"s-b8640d691e68"
[backend] [2m2026-04-19T02:41:28.1057268+08:00[0m [32m INFO[0m ThreadId(06) [2mkoko::shell::实时外壳[0m[2m:[0m realtime 连接认证成功 [3musecase[0m[2m=[0m"实时连接认证" [3madapter[0m[2m=[0m"socketioxide" [3moutcome[0m[2m=[0m"succeeded" [3msession_id[0m[2m=[0m"s-b8640d691e68"
[backend] [2m2026-04-19T02:41:28.1082376+08:00[0m [32m INFO[0m ThreadId(06) [2mkoko::shell::实时外壳[0m[2m:[0m realtime 订阅请求已受理 [3musecase[0m[2m=[0m"订阅房间事件流" [3madapter[0m[2m=[0m"socketioxide" [3moutcome[0m[2m=[0m"accepted" [3mroom_id[0m[2m=[0m"r-3cdfd560046a" [3msession_id[0m[2m=[0m"s-b8640d691e68" [3mfrom[0m[2m=[0m0
[backend] [2m2026-04-19T02:41:28.1471669+08:00[0m [32m INFO[0m ThreadId(05) [2mkoko::shell::实时外壳[0m[2m:[0m 订阅房间事件流成功 [3musecase[0m[2m=[0m"订阅房间事件流" [3madapter[0m[2m=[0m"socketioxide" [3moutcome[0m[2m=[0m"succeeded" [3mroom_id[0m[2m=[0m"r-3cdfd560046a" [3msession_id[0m[2m=[0m"s-b8640d691e68" [3mfrom[0m[2m=[0m0 [3mevent_position[0m[2m=[0m22
[backend] [2m2026-04-19T02:41:28.1532424+08:00[0m [32m INFO[0m ThreadId(10) [2mkoko::shell::房间外壳[0m[2m:[0m 加载房间快照成功 [3musecase[0m[2m=[0m"加载房间快照" [3madapter[0m[2m=[0m"http" [3moutcome[0m[2m=[0m"succeeded" [3mrequest_kind[0m[2m=[0m"房间快照查询" [3mroom_id[0m[2m=[0m"r-3cdfd560046a" [3msession_id[0m[2m=[0m"s-b8640d691e68" [3mevent_position[0m[2m=[0m22
[backend] [2m2026-04-19T02:41:28.1875259+08:00[0m [32m INFO[0m ThreadId(05) [2mkoko::shell::实时外壳[0m[2m:[0m realtime 订阅请求已受理 [3musecase[0m[2m=[0m"订阅房间事件流" [3madapter[0m[2m=[0m"socketioxide" [3moutcome[0m[2m=[0m"accepted" [3mroom_id[0m[2m=[0m"r-3cdfd560046a" [3msession_id[0m[2m=[0m"s-b8640d691e68" [3mfrom[0m[2m=[0m22
[backend] [2m2026-04-19T02:41:28.1978578+08:00[0m [32m INFO[0m ThreadId(05) [2mkoko::shell::实时外壳[0m[2m:[0m 订阅房间事件流成功 [3musecase[0m[2m=[0m"订阅房间事件流" [3madapter[0m[2m=[0m"socketioxide" [3moutcome[0m[2m=[0m"succeeded" [3mroom_id[0m[2m=[0m"r-3cdfd560046a" [3msession_id[0m[2m=[0m"s-b8640d691e68" [3mfrom[0m[2m=[0m22 [3mevent_position[0m[2m=[0m22
[backend] [2m2026-04-19T02:41:28.2056707+08:00[0m [32m INFO[0m ThreadId(06) [2mkoko::shell::媒体资产外壳[0m[2m:[0m HTTP 请求已受理 [3musecase[0m[2m=[0m"读取附件内容" [3madapter[0m[2m=[0m"http" [3moutcome[0m[2m=[0m"accepted" [3mrequest_kind[0m[2m=[0m"附件内容读取" [3mattachment_id[0m[2m=[0m"att-961d957a1877" [3msession_id[0m[2m=[0m"s-b8640d691e68"
[backend] [2m2026-04-19T02:41:28.2094733+08:00[0m [32m INFO[0m ThreadId(06) [2mkoko::shell::媒体资产外壳[0m[2m:[0m HTTP 请求已受理 [3musecase[0m[2m=[0m"读取附件内容" [3madapter[0m[2m=[0m"http" [3moutcome[0m[2m=[0m"accepted" [3mrequest_kind[0m[2m=[0m"附件内容读取" [3mattachment_id[0m[2m=[0m"att-8d44cbfede62" [3msession_id[0m[2m=[0m"s-b8640d691e68"
[backend] [2m2026-04-19T02:41:28.210802+08:00[0m [32m INFO[0m ThreadId(06) [2mkoko::shell::媒体资产外壳[0m[2m:[0m HTTP 请求已受理 [3musecase[0m[2m=[0m"读取附件内容" [3madapter[0m[2m=[0m"http" [3moutcome[0m[2m=[0m"accepted" [3mrequest_kind[0m[2m=[0m"附件内容读取" [3mattachment_id[0m[2m=[0m"att-681e5b27b0c2" [3msession_id[0m[2m=[0m"s-b8640d691e68"
[backend] [2m2026-04-19T02:41:28.2110399+08:00[0m [32m INFO[0m ThreadId(05) [2mkoko::shell::媒体资产外壳[0m[2m:[0m HTTP 请求已受理 [3musecase[0m[2m=[0m"读取附件内容" [3madapter[0m[2m=[0m"http" [3moutcome[0m[2m=[0m"accepted" [3mrequest_kind[0m[2m=[0m"附件内容读取" [3mattachment_id[0m[2m=[0m"att-2d964b96c071" [3msession_id[0m[2m=[0m"s-b8640d691e68"
[backend] [2m2026-04-19T02:41:28.2177653+08:00[0m [32m INFO[0m ThreadId(06) [2mkoko::shell::媒体资产外壳[0m[2m:[0m HTTP 请求已受理 [3musecase[0m[2m=[0m"读取附件内容" [3madapter[0m[2m=[0m"http" [3moutcome[0m[2m=[0m"accepted" [3mrequest_kind[0m[2m=[0m"附件内容读取" [3mattachment_id[0m[2m=[0m"att-98d8a14f0c2c" [3msession_id[0m[2m=[0m"s-b8640d691e68"
[backend] [2m2026-04-19T02:41:28.2181945+08:00[0m [32m INFO[0m ThreadId(05) [2mkoko::shell::媒体资产外壳[0m[2m:[0m HTTP 请求已受理 [3musecase[0m[2m=[0m"读取附件内容" [3madapter[0m[2m=[0m"http" [3moutcome[0m[2m=[0m"accepted" [3mrequest_kind[0m[2m=[0m"附件内容读取" [3mattachment_id[0m[2m=[0m"att-528cc3c6d877" [3msession_id[0m[2m=[0m"s-b8640d691e68"
[backend] [2m2026-04-19T02:41:28.2204055+08:00[0m [32m INFO[0m ThreadId(12) [2mkoko::shell::媒体资产外壳[0m[2m:[0m 读取附件内容成功 [3musecase[0m[2m=[0m"读取附件内容" [3madapter[0m[2m=[0m"http" [3moutcome[0m[2m=[0m"succeeded" [3mrequest_kind[0m[2m=[0m"附件内容读取" [3mattachment_id[0m[2m=[0m"att-8d44cbfede62" [3msession_id[0m[2m=[0m"s-b8640d691e68"
[backend] [2m2026-04-19T02:41:28.2247032+08:00[0m [32m INFO[0m ThreadId(08) [2mkoko::shell::媒体资产外壳[0m[2m:[0m 读取附件内容成功 [3musecase[0m[2m=[0m"读取附件内容" [3madapter[0m[2m=[0m"http" [3moutcome[0m[2m=[0m"succeeded" [3mrequest_kind[0m[2m=[0m"附件内容读取" [3mattachment_id[0m[2m=[0m"att-2d964b96c071" [3msession_id[0m[2m=[0m"s-b8640d691e68"
[backend] [2m2026-04-19T02:41:28.225909+08:00[0m [32m INFO[0m ThreadId(06) [2mkoko::shell::媒体资产外壳[0m[2m:[0m 读取附件内容成功 [3musecase[0m[2m=[0m"读取附件内容" [3madapter[0m[2m=[0m"http" [3moutcome[0m[2m=[0m"succeeded" [3mrequest_kind[0m[2m=[0m"附件内容读取" [3mattachment_id[0m[2m=[0m"att-961d957a1877" [3msession_id[0m[2m=[0m"s-b8640d691e68"
[backend] [2m2026-04-19T02:41:28.2271177+08:00[0m [32m INFO[0m ThreadId(08) [2mkoko::shell::媒体资产外壳[0m[2m:[0m 读取附件内容成功 [3musecase[0m[2m=[0m"读取附件内容" [3madapter[0m[2m=[0m"http" [3moutcome[0m[2m=[0m"succeeded" [3mrequest_kind[0m[2m=[0m"附件内容读取" [3mattachment_id[0m[2m=[0m"att-681e5b27b0c2" [3msession_id[0m[2m=[0m"s-b8640d691e68"
[backend] [2m2026-04-19T02:41:28.2286286+08:00[0m [32m INFO[0m ThreadId(05) [2mkoko::shell::媒体资产外壳[0m[2m:[0m 读取附件内容成功 [3musecase[0m[2m=[0m"读取附件内容" [3madapter[0m[2m=[0m"http" [3moutcome[0m[2m=[0m"succeeded" [3mrequest_kind[0m[2m=[0m"附件内容读取" [3mattachment_id[0m[2m=[0m"att-98d8a14f0c2c" [3msession_id[0m[2m=[0m"s-b8640d691e68"
[backend] [2m2026-04-19T02:41:28.2343186+08:00[0m [32m INFO[0m ThreadId(05) [2mkoko::shell::媒体资产外壳[0m[2m:[0m 读取附件内容成功 [3musecase[0m[2m=[0m"读取附件内容" [3madapter[0m[2m=[0m"http" [3moutcome[0m[2m=[0m"succeeded" [3mrequest_kind[0m[2m=[0m"附件内容读取" [3mattachment_id[0m[2m=[0m"att-528cc3c6d877" [3msession_id[0m[2m=[0m"s-b8640d691e68"
[backend] [2m2026-04-19T02:41:28.2350256+08:00[0m [32m INFO[0m ThreadId(12) [2mkoko::shell::媒体资产外壳[0m[2m:[0m HTTP 请求已受理 [3musecase[0m[2m=[0m"读取附件内容" [3madapter[0m[2m=[0m"http" [3moutcome[0m[2m=[0m"accepted" [3mrequest_kind[0m[2m=[0m"附件内容读取" [3mattachment_id[0m[2m=[0m"att-bdbf430c4928" [3msession_id[0m[2m=[0m"s-b8640d691e68"
[backend] [2m2026-04-19T02:41:28.2557952+08:00[0m [32m INFO[0m ThreadId(06) [2mkoko::shell::媒体资产外壳[0m[2m:[0m 读取附件内容成功 [3musecase[0m[2m=[0m"读取附件内容" [3madapter[0m[2m=[0m"http" [3moutcome[0m[2m=[0m"succeeded" [3mrequest_kind[0m[2m=[0m"附件内容读取" [3mattachment_id[0m[2m=[0m"att-bdbf430c4928" [3msession_id[0m[2m=[0m"s-b8640d691e68"
[backend] [2m2026-04-19T02:41:37.3449166+08:00[0m [32m INFO[0m ThreadId(06) [2mkoko::shell::媒体资产外壳[0m[2m:[0m HTTP 请求已受理 [3musecase[0m[2m=[0m"读取附件内容" [3madapter[0m[2m=[0m"http" [3moutcome[0m[2m=[0m"accepted" [3mrequest_kind[0m[2m=[0m"附件内容读取" [3mattachment_id[0m[2m=[0m"att-bdbf430c4928" [3msession_id[0m[2m=[0m"s-b8640d691e68"
[backend] [2m2026-04-19T02:41:37.3635728+08:00[0m [32m INFO[0m ThreadId(06) [2mkoko::shell::媒体资产外壳[0m[2m:[0m HTTP 请求已受理 [3musecase[0m[2m=[0m"读取附件内容" [3madapter[0m[2m=[0m"http" [3moutcome[0m[2m=[0m"accepted" [3mrequest_kind[0m[2m=[0m"附件内容读取" [3mattachment_id[0m[2m=[0m"att-88e3fb0cd3fa" [3msession_id[0m[2m=[0m"s-b8640d691e68"
[backend] [2m2026-04-19T02:41:37.390748+08:00[0m [32m INFO[0m ThreadId(06) [2mkoko::shell::媒体资产外壳[0m[2m:[0m 读取附件内容成功 [3musecase[0m[2m=[0m"读取附件内容" [3madapter[0m[2m=[0m"http" [3moutcome[0m[2m=[0m"succeeded" [3mrequest_kind[0m[2m=[0m"附件内容读取" [3mattachment_id[0m[2m=[0m"att-88e3fb0cd3fa" [3msession_id[0m[2m=[0m"s-b8640d691e68"
[backend] [2m2026-04-19T02:41:37.5916871+08:00[0m [32m INFO[0m ThreadId(06) [2mkoko::shell::媒体资产外壳[0m[2m:[0m 读取附件内容成功 [3musecase[0m[2m=[0m"读取附件内容" [3madapter[0m[2m=[0m"http" [3moutcome[0m[2m=[0m"succeeded" [3mrequest_kind[0m[2m=[0m"附件内容读取" [3mattachment_id[0m[2m=[0m"att-bdbf430c4928" [3msession_id[0m[2m=[0m"s-b8640d691e68"
[backend] [2m2026-04-19T02:41:37.8979122+08:00[0m [32m INFO[0m ThreadId(12) [2mkoko::shell::媒体资产外壳[0m[2m:[0m HTTP 请求已受理 [3musecase[0m[2m=[0m"读取附件内容" [3madapter[0m[2m=[0m"http" [3moutcome[0m[2m=[0m"accepted" [3mrequest_kind[0m[2m=[0m"附件内容读取" [3mattachment_id[0m[2m=[0m"att-bdbf430c4928" [3msession_id[0m[2m=[0m"s-b8640d691e68"
[backend] [2m2026-04-19T02:41:38.106917+08:00[0m [32m INFO[0m ThreadId(06) [2mkoko::shell::媒体资产外壳[0m[2m:[0m 读取附件内容成功 [3musecase[0m[2m=[0m"读取附件内容" [3madapter[0m[2m=[0m"http" [3moutcome[0m[2m=[0m"succeeded" [3mrequest_kind[0m[2m=[0m"附件内容读取" [3mattachment_id[0m[2m=[0m"att-bdbf430c4928" [3msession_id[0m[2m=[0m"s-b8640d691e68"
[backend] [2m2026-04-19T02:41:38.1158475+08:00[0m [32m INFO[0m ThreadId(12) [2mkoko::shell::媒体资产外壳[0m[2m:[0m HTTP 请求已受理 [3musecase[0m[2m=[0m"读取附件内容" [3madapter[0m[2m=[0m"http" [3moutcome[0m[2m=[0m"accepted" [3mrequest_kind[0m[2m=[0m"附件内容读取" [3mattachment_id[0m[2m=[0m"att-bdbf430c4928" [3msession_id[0m[2m=[0m"s-b8640d691e68"
[backend] [2m2026-04-19T02:41:38.1263032+08:00[0m [32m INFO[0m ThreadId(06) [2mkoko::shell::媒体资产外壳[0m[2m:[0m 读取附件内容成功 [3musecase[0m[2m=[0m"读取附件内容" [3madapter[0m[2m=[0m"http" [3moutcome[0m[2m=[0m"succeeded" [3mrequest_kind[0m[2m=[0m"附件内容读取" [3mattachment_id[0m[2m=[0m"att-bdbf430c4928" [3msession_id[0m[2m=[0m"s-b8640d691e68"
[backend] [2m2026-04-19T02:41:38.1551321+08:00[0m [32m INFO[0m ThreadId(12) [2mkoko::shell::媒体资产外壳[0m[2m:[0m HTTP 请求已受理 [3musecase[0m[2m=[0m"读取附件内容" [3madapter[0m[2m=[0m"http" [3moutcome[0m[2m=[0m"accepted" [3mrequest_kind[0m[2m=[0m"附件内容读取" [3mattachment_id[0m[2m=[0m"att-bdbf430c4928" [3msession_id[0m[2m=[0m"s-b8640d691e68"
[backend] [2m2026-04-19T02:41:38.162399+08:00[0m [32m INFO[0m ThreadId(06) [2mkoko::shell::媒体资产外壳[0m[2m:[0m 读取附件内容成功 [3musecase[0m[2m=[0m"读取附件内容" [3madapter[0m[2m=[0m"http" [3moutcome[0m[2m=[0m"succeeded" [3mrequest_kind[0m[2m=[0m"附件内容读取" [3mattachment_id[0m[2m=[0m"att-bdbf430c4928" [3msession_id[0m[2m=[0m"s-b8640d691e68"
[backend] [2m2026-04-19T02:41:38.3172033+08:00[0m [32m INFO[0m ThreadId(05) [2mkoko::shell::媒体资产外壳[0m[2m:[0m HTTP 请求已受理 [3musecase[0m[2m=[0m"读取附件内容" [3madapter[0m[2m=[0m"http" [3moutcome[0m[2m=[0m"accepted" [3mrequest_kind[0m[2m=[0m"附件内容读取" [3mattachment_id[0m[2m=[0m"att-bdbf430c4928" [3msession_id[0m[2m=[0m"s-b8640d691e68"
[backend] [2m2026-04-19T02:41:38.4417654+08:00[0m [32m INFO[0m ThreadId(12) [2mkoko::shell::媒体资产外壳[0m[2m:[0m 读取附件内容成功 [3musecase[0m[2m=[0m"读取附件内容" [3madapter[0m[2m=[0m"http" [3moutcome[0m[2m=[0m"succeeded" [3mrequest_kind[0m[2m=[0m"附件内容读取" [3mattachment_id[0m[2m=[0m"att-bdbf430c4928" [3msession_id[0m[2m=[0m"s-b8640d691e68"
[backend] [2m2026-04-19T02:41:44.4729665+08:00[0m [32m INFO[0m ThreadId(12) [2mkoko::shell::媒体资产外壳[0m[2m:[0m HTTP 请求已受理 [3musecase[0m[2m=[0m"读取附件内容" [3madapter[0m[2m=[0m"http" [3moutcome[0m[2m=[0m"accepted" [3mrequest_kind[0m[2m=[0m"附件内容读取" [3mattachment_id[0m[2m=[0m"att-bdbf430c4928" [3msession_id[0m[2m=[0m"s-b8640d691e68"
[backend] [2m2026-04-19T02:41:44.6265712+08:00[0m [32m INFO[0m ThreadId(12) [2mkoko::shell::媒体资产外壳[0m[2m:[0m 读取附件内容成功 [3musecase[0m[2m=[0m"读取附件内容" [3madapter[0m[2m=[0m"http" [3moutcome[0m[2m=[0m"succeeded" [3mrequest_kind[0m[2m=[0m"附件内容读取" [3mattachment_id[0m[2m=[0m"att-bdbf430c4928" [3msession_id[0m[2m=[0m"s-b8640d691e68"
[backend] [2m2026-04-19T02:42:20.6199363+08:00[0m [32m INFO[0m ThreadId(06) [2mkoko::shell::媒体资产外壳[0m[2m:[0m HTTP 请求已受理 [3musecase[0m[2m=[0m"读取附件内容" [3madapter[0m[2m=[0m"http" [3moutcome[0m[2m=[0m"accepted" [3mrequest_kind[0m[2m=[0m"附件内容读取" [3mattachment_id[0m[2m=[0m"att-bdbf430c4928" [3msession_id[0m[2m=[0m"s-ed8ae5f1ff1a"
[backend] [2m2026-04-19T02:42:20.6511217+08:00[0m [32m INFO[0m ThreadId(06) [2mkoko::shell::媒体资产外壳[0m[2m:[0m 读取附件内容成功 [3musecase[0m[2m=[0m"读取附件内容" [3madapter[0m[2m=[0m"http" [3moutcome[0m[2m=[0m"succeeded" [3mrequest_kind[0m[2m=[0m"附件内容读取" [3mattachment_id[0m[2m=[0m"att-bdbf430c4928" [3msession_id[0m[2m=[0m"s-ed8ae5f1ff1a"
[typecheck] 02:44:12 - File change detected. Starting incremental compilation...
[typecheck] app-sw.ts(97,23): error TS2339: Property 'claim' does not exist on type '可匹配客户端集合'.
[typecheck] 02:44:13 - Found 1 error. Watching for file changes.
[typecheck] 02:47:01 - File change detected. Starting incremental compilation...
[build] [koko-build] manifest updated: js=/dist/app-LATDV64F.js css=/dist/app-TVFJWQ53.css
[typecheck] app-sw.ts(97,23): error TS2339: Property 'claim' does not exist on type '可匹配客户端集合'.
[typecheck] 媒体/资产协作分发运行时.ts(631,3): error TS2322: Type '{ attachmentId: string; swarmId: string; torrentInfoHash: string; contentHash: string; sourcePromise: Promise<null>; eagerCompleting: boolean; locallyComplete: false; hint: null; ... 4 more ...; consumerBindings: Map<...>; }' is not assignable to type '底层协作分发会话'.
[typecheck]   Property 'terminalError' is missing in type '{ attachmentId: string; swarmId: string; torrentInfoHash: string; contentHash: string; sourcePromise: Promise<null>; eagerCompleting: boolean; locallyComplete: false; hint: null; ... 4 more ...; consumerBindings: Map<...>; }' but required in type 'Omit<协作分发底层会话, "consumerBindings">'.
[typecheck] 媒体/资产协作分发运行时.ts(646,50): error TS2345: Argument of type '底层协作分发会话 | undefined' is not assignable to parameter of type '底层协作分发会话'.
[typecheck]   Type 'undefined' is not assignable to type '底层协作分发会话'.
[typecheck]     Type 'undefined' is not assignable to type 'Omit<协作分发底层会话, "consumerBindings">'.
[typecheck] 媒体/资产协作分发运行时.ts(650,14): error TS18048: 'session' is possibly 'undefined'.
[typecheck] 媒体/资产协作分发运行时.ts(651,22): error TS18048: 'session' is possibly 'undefined'.
[typecheck] 媒体/资产协作分发运行时.ts(652,18): error TS18048: 'session' is possibly 'undefined'.
[typecheck] 媒体/资产协作分发运行时.ts(656,7): error TS18048: 'session' is possibly 'undefined'.
[typecheck] 媒体/资产协作分发运行时.ts(659,16): error TS18048: 'session' is possibly 'undefined'.
[typecheck] 媒体/资产协作分发运行时.ts(662,14): error TS2345: Argument of type '底层协作分发会话 | undefined' is not assignable to parameter of type '协作分发底层会话'.
[typecheck]   Type 'undefined' is not assignable to type '协作分发底层会话'.
[typecheck] 媒体/资产协作分发运行时.ts(665,3): error TS18048: 'session' is possibly 'undefined'.
[typecheck] 媒体/资产协作分发运行时.ts(668,5): error TS18048: 'session' is possibly 'undefined'.
[typecheck] 媒体/资产协作分发运行时.ts(669,27): error TS18048: 'session' is possibly 'undefined'.
[typecheck] 媒体/资产协作分发运行时.ts(670,18): error TS2345: Argument of type '底层协作分发会话 | undefined' is not assignable to parameter of type '协作分发底层会话'.
[typecheck]   Type 'undefined' is not assignable to type '协作分发底层会话'.
[typecheck] 媒体/资产协作分发运行时.ts(673,25): error TS2345: Argument of type '底层协作分发会话 | undefined' is not assignable to parameter of type '底层协作分发会话'.
[typecheck]   Type 'undefined' is not assignable to type '底层协作分发会话'.
[typecheck]     Type 'undefined' is not assignable to type 'Omit<协作分发底层会话, "consumerBindings">'.
[typecheck] 媒体/资产协作分发运行时.ts(675,5): error TS18048: 'session' is possibly 'undefined'.
[typecheck] 媒体/资产协作分发运行时.ts(676,9): error TS18048: 'session' is possibly 'undefined'.
[typecheck] 媒体/资产协作分发运行时.ts(680,27): error TS18048: 'session' is possibly 'undefined'.
[typecheck] 媒体/资产协作分发运行时.ts(681,18): error TS2345: Argument of type '底层协作分发会话 | undefined' is not assignable to parameter of type '协作分发底层会话'.
[typecheck]   Type 'undefined' is not assignable to type '协作分发底层会话'.
[typecheck] 媒体/资产协作分发运行时.ts(688,16): error TS2345: Argument of type '底层协作分发会话 | undefined' is not assignable to parameter of type '协作分发底层会话'.
[typecheck]   Type 'undefined' is not assignable to type '协作分发底层会话'.
[typecheck] 媒体/资产协作分发运行时.ts(701,3): error TS2322: Type '底层协作分发会话 | undefined' is not assignable to type '底层协作分发会话 | null'.
[typecheck]   Type 'undefined' is not assignable to type '底层协作分发会话 | null'.
[typecheck] 02:47:08 - Found 20 errors. Watching for file changes.
[typecheck] 02:47:18 - File change detected. Starting incremental compilation...
[build] [koko-build] manifest updated: js=/dist/app-BR3G7GLP.js css=/dist/app-TVFJWQ53.css
[typecheck] app-sw.ts(97,23): error TS2339: Property 'claim' does not exist on type '可匹配客户端集合'.
[typecheck] 媒体/资产协作分发运行时.ts(631,3): error TS2322: Type '{ attachmentId: string; swarmId: string; torrentInfoHash: string; contentHash: string; sourcePromise: Promise<null>; eagerCompleting: boolean; locallyComplete: false; hint: null; ... 4 more ...; consumerBindings: Map<...>; }' is not assignable to type '底层协作分发会话'.
[typecheck]   Property 'terminalError' is missing in type '{ attachmentId: string; swarmId: string; torrentInfoHash: string; contentHash: string; sourcePromise: Promise<null>; eagerCompleting: boolean; locallyComplete: false; hint: null; ... 4 more ...; consumerBindings: Map<...>; }' but required in type 'Omit<协作分发底层会话, "consumerBindings">'.
[typecheck] 媒体/资产协作分发运行时.ts(646,50): error TS2345: Argument of type '底层协作分发会话 | undefined' is not assignable to parameter of type '底层协作分发会话'.
[typecheck]   Type 'undefined' is not assignable to type '底层协作分发会话'.
[typecheck]     Type 'undefined' is not assignable to type 'Omit<协作分发底层会话, "consumerBindings">'.
[typecheck] 媒体/资产协作分发运行时.ts(650,14): error TS18048: 'session' is possibly 'undefined'.
[typecheck] 媒体/资产协作分发运行时.ts(651,22): error TS18048: 'session' is possibly 'undefined'.
[typecheck] 媒体/资产协作分发运行时.ts(652,18): error TS18048: 'session' is possibly 'undefined'.
[typecheck] 媒体/资产协作分发运行时.ts(656,7): error TS18048: 'session' is possibly 'undefined'.
[typecheck] 媒体/资产协作分发运行时.ts(659,16): error TS18048: 'session' is possibly 'undefined'.
[typecheck] 媒体/资产协作分发运行时.ts(662,14): error TS2345: Argument of type '底层协作分发会话 | undefined' is not assignable to parameter of type '协作分发底层会话'.
[typecheck]   Type 'undefined' is not assignable to type '协作分发底层会话'.
[typecheck] 媒体/资产协作分发运行时.ts(665,3): error TS18048: 'session' is possibly 'undefined'.
[typecheck] 媒体/资产协作分发运行时.ts(668,5): error TS18048: 'session' is possibly 'undefined'.
[typecheck] 媒体/资产协作分发运行时.ts(669,27): error TS18048: 'session' is possibly 'undefined'.
[typecheck] 媒体/资产协作分发运行时.ts(670,18): error TS2345: Argument of type '底层协作分发会话 | undefined' is not assignable to parameter of type '协作分发底层会话'.
[typecheck]   Type 'undefined' is not assignable to type '协作分发底层会话'.
[typecheck] 媒体/资产协作分发运行时.ts(673,25): error TS2345: Argument of type '底层协作分发会话 | undefined' is not assignable to parameter of type '底层协作分发会话'.
[typecheck]   Type 'undefined' is not assignable to type '底层协作分发会话'.
[typecheck]     Type 'undefined' is not assignable to type 'Omit<协作分发底层会话, "consumerBindings">'.
[typecheck] 媒体/资产协作分发运行时.ts(675,5): error TS18048: 'session' is possibly 'undefined'.
[typecheck] 媒体/资产协作分发运行时.ts(676,9): error TS18048: 'session' is possibly 'undefined'.
[typecheck] 媒体/资产协作分发运行时.ts(680,27): error TS18048: 'session' is possibly 'undefined'.
[typecheck] 媒体/资产协作分发运行时.ts(681,18): error TS2345: Argument of type '底层协作分发会话 | undefined' is not assignable to parameter of type '协作分发底层会话'.
[typecheck]   Type 'undefined' is not assignable to type '协作分发底层会话'.
[typecheck] 媒体/资产协作分发运行时.ts(688,16): error TS2345: Argument of type '底层协作分发会话 | undefined' is not assignable to parameter of type '协作分发底层会话'.
[typecheck]   Type 'undefined' is not assignable to type '协作分发底层会话'.
[typecheck] 媒体/资产协作分发运行时.ts(701,3): error TS2322: Type '底层协作分发会话 | undefined' is not assignable to type '底层协作分发会话 | null'.
[typecheck]   Type 'undefined' is not assignable to type '底层协作分发会话 | null'.
[typecheck] 02:47:23 - Found 20 errors. Watching for file changes.
[backend] [2m2026-04-19T02:47:38.1226875+08:00[0m [33m WARN[0m ThreadId(06) [2mkoko::shell::实时外壳[0m[2m:[0m realtime 连接异常断开 [3musecase[0m[2m=[0m"实时连接断开" [3madapter[0m[2m=[0m"socketioxide" [3moutcome[0m[2m=[0m"failed" [3msession_id[0m[2m=[0m"s-b8640d691e68" [3mdisconnect_reason[0m[2m=[0mclient did not send a PONG packet in time [3merror_code[0m[2m=[0m"socket_disconnect_abnormal"
[typecheck] 02:47:47 - File change detected. Starting incremental compilation...
[build] [koko-build] manifest updated: js=/dist/app-7OJX6ZJT.js css=/dist/app-TVFJWQ53.css
[typecheck] app-sw.ts(97,23): error TS2339: Property 'claim' does not exist on type '可匹配客户端集合'.
[typecheck] 02:47:51 - Found 1 error. Watching for file changes.
[typecheck] 02:47:52 - File change detected. Starting incremental compilation...
[typecheck] app-sw.ts(97,23): error TS2339: Property 'claim' does not exist on type '可匹配客户端集合'.
[typecheck] 02:47:52 - Found 1 error. Watching for file changes.
[typecheck] 02:47:54 - File change detected. Starting incremental compilation...
[typecheck] app-sw.ts(97,23): error TS2339: Property 'claim' does not exist on type '可匹配客户端集合'.
[typecheck] 02:47:54 - Found 1 error. Watching for file changes.
[typecheck] 02:48:06 - File change detected. Starting incremental compilation...
[typecheck] app-sw.ts(97,23): error TS2339: Property 'claim' does not exist on type '可匹配客户端集合'.
[typecheck] 02:48:07 - Found 1 error. Watching for file changes.
[typecheck] 02:48:32 - File change detected. Starting incremental compilation...
[typecheck] app-sw.ts(97,23): error TS2339: Property 'claim' does not exist on type '可匹配客户端集合'.
[typecheck] 02:48:32 - Found 1 error. Watching for file changes.
[typecheck] 02:48:44 - File change detected. Starting incremental compilation...
[typecheck] app-sw.ts(97,23): error TS2339: Property 'claim' does not exist on type '可匹配客户端集合'.
[typecheck] 02:48:44 - Found 1 error. Watching for file changes.
[typecheck] 02:48:45 - File change detected. Starting incremental compilation...
[typecheck] app-sw.ts(97,23): error TS2339: Property 'claim' does not exist on type '可匹配客户端集合'.
[typecheck] 02:48:45 - Found 1 error. Watching for file changes.
[typecheck] 02:48:46 - File change detected. Starting incremental compilation...
[typecheck] app-sw.ts(97,23): error TS2339: Property 'claim' does not exist on type '可匹配客户端集合'.
[typecheck] 02:48:46 - Found 1 error. Watching for file changes.
[typecheck] 02:49:00 - File change detected. Starting incremental compilation...
[typecheck] app-sw.ts(97,23): error TS2339: Property 'claim' does not exist on type '可匹配客户端集合'.
[typecheck] 02:49:03 - Found 1 error. Watching for file changes.
[build] [koko-build] app shell precache injected: files=3
[typecheck] 02:49:13 - File change detected. Starting incremental compilation...
[typecheck] 02:49:13 - Found 0 errors. Watching for file changes.
[backend] [2m2026-04-19T02:50:00.514025+08:00[0m [32m INFO[0m ThreadId(05) [2mkoko::shell::实时外壳[0m[2m:[0m realtime 连接已正常断开 [3musecase[0m[2m=[0m"实时连接断开" [3madapter[0m[2m=[0m"socketioxide" [3moutcome[0m[2m=[0m"dropped" [3msession_id[0m[2m=[0m"s-ed8ae5f1ff1a" [3mdisconnect_reason[0m[2m=[0mclient has manually disconnected the socket from the namespace
[backend] [2m2026-04-19T02:50:00.5270836+08:00[0m [32m INFO[0m ThreadId(05) [2mkoko::shell::媒体资产外壳[0m[2m:[0m HTTP 请求已受理 [3musecase[0m[2m=[0m"读取附件内容" [3madapter[0m[2m=[0m"http" [3moutcome[0m[2m=[0m"accepted" [3mrequest_kind[0m[2m=[0m"附件内容读取" [3mattachment_id[0m[2m=[0m"att-bdbf430c4928" [3msession_id[0m[2m=[0m"s-ed8ae5f1ff1a"
[backend] [2m2026-04-19T02:50:00.5385669+08:00[0m [32m INFO[0m ThreadId(06) [2mkoko::shell::媒体资产外壳[0m[2m:[0m 读取附件内容成功 [3musecase[0m[2m=[0m"读取附件内容" [3madapter[0m[2m=[0m"http" [3moutcome[0m[2m=[0m"succeeded" [3mrequest_kind[0m[2m=[0m"附件内容读取" [3mattachment_id[0m[2m=[0m"att-bdbf430c4928" [3msession_id[0m[2m=[0m"s-ed8ae5f1ff1a"
[backend] [2m2026-04-19T02:50:00.5448353+08:00[0m [32m INFO[0m ThreadId(12) [2mkoko::shell::媒体资产外壳[0m[2m:[0m HTTP 请求已受理 [3musecase[0m[2m=[0m"读取附件内容" [3madapter[0m[2m=[0m"http" [3moutcome[0m[2m=[0m"accepted" [3mrequest_kind[0m[2m=[0m"附件内容读取" [3mattachment_id[0m[2m=[0m"att-bdbf430c4928" [3msession_id[0m[2m=[0m"s-ed8ae5f1ff1a"
[backend] [2m2026-04-19T02:50:00.557513+08:00[0m [32m INFO[0m ThreadId(05) [2mkoko::shell::媒体资产外壳[0m[2m:[0m 读取附件内容成功 [3musecase[0m[2m=[0m"读取附件内容" [3madapter[0m[2m=[0m"http" [3moutcome[0m[2m=[0m"succeeded" [3mrequest_kind[0m[2m=[0m"附件内容读取" [3mattachment_id[0m[2m=[0m"att-bdbf430c4928" [3msession_id[0m[2m=[0m"s-ed8ae5f1ff1a"
[backend] [2m2026-04-19T02:50:00.5649226+08:00[0m [32m INFO[0m ThreadId(06) [2mkoko::shell::媒体资产外壳[0m[2m:[0m HTTP 请求已受理 [3musecase[0m[2m=[0m"读取附件内容" [3madapter[0m[2m=[0m"http" [3moutcome[0m[2m=[0m"accepted" [3mrequest_kind[0m[2m=[0m"附件内容读取" [3mattachment_id[0m[2m=[0m"att-bdbf430c4928" [3msession_id[0m[2m=[0m"s-ed8ae5f1ff1a"
[backend] [2m2026-04-19T02:50:00.5783529+08:00[0m [32m INFO[0m ThreadId(12) [2mkoko::shell::媒体资产外壳[0m[2m:[0m 读取附件内容成功 [3musecase[0m[2m=[0m"读取附件内容" [3madapter[0m[2m=[0m"http" [3moutcome[0m[2m=[0m"succeeded" [3mrequest_kind[0m[2m=[0m"附件内容读取" [3mattachment_id[0m[2m=[0m"att-bdbf430c4928" [3msession_id[0m[2m=[0m"s-ed8ae5f1ff1a"
[backend] [2m2026-04-19T02:50:00.8972851+08:00[0m [32m INFO[0m ThreadId(05) [2mkoko::shell::房间外壳[0m[2m:[0m HTTP 请求已受理 [3musecase[0m[2m=[0m"引导匿名身份" [3madapter[0m[2m=[0m"http" [3moutcome[0m[2m=[0m"accepted" [3mrequest_kind[0m[2m=[0m"匿名身份引导"
[backend] [2m2026-04-19T02:50:00.9001967+08:00[0m [32m INFO[0m ThreadId(05) [2mkoko::shell::房间外壳[0m[2m:[0m 引导匿名身份成功 [3musecase[0m[2m=[0m"引导匿名身份" [3madapter[0m[2m=[0m"http" [3moutcome[0m[2m=[0m"succeeded" [3mrequest_kind[0m[2m=[0m"匿名身份引导" [3msession_id[0m[2m=[0m"s-ed8ae5f1ff1a"
[backend] [2m2026-04-19T02:50:00.9609183+08:00[0m [32m INFO[0m ThreadId(08) [2mkoko::shell::房间外壳[0m[2m:[0m HTTP 请求已受理 [3musecase[0m[2m=[0m"加载房间快照" [3madapter[0m[2m=[0m"http" [3moutcome[0m[2m=[0m"accepted" [3mrequest_kind[0m[2m=[0m"房间快照查询" [3mroom_id[0m[2m=[0m"r-3cdfd560046a" [3msession_id[0m[2m=[0m"s-ed8ae5f1ff1a"
[backend] [2m2026-04-19T02:50:00.9931773+08:00[0m [32m INFO[0m ThreadId(06) [2mkoko::shell::房间外壳[0m[2m:[0m 加载房间快照成功 [3musecase[0m[2m=[0m"加载房间快照" [3madapter[0m[2m=[0m"http" [3moutcome[0m[2m=[0m"succeeded" [3mrequest_kind[0m[2m=[0m"房间快照查询" [3mroom_id[0m[2m=[0m"r-3cdfd560046a" [3msession_id[0m[2m=[0m"s-ed8ae5f1ff1a" [3mevent_position[0m[2m=[0m22
[backend] [2m2026-04-19T02:50:01.0003675+08:00[0m [32m INFO[0m ThreadId(12) [2mkoko::shell::实时外壳[0m[2m:[0m realtime 连接认证已受理 [3musecase[0m[2m=[0m"实时连接认证" [3madapter[0m[2m=[0m"socketioxide" [3moutcome[0m[2m=[0m"accepted" [3msession_id[0m[2m=[0m"s-ed8ae5f1ff1a"
[backend] [2m2026-04-19T02:50:01.0033165+08:00[0m [32m INFO[0m ThreadId(12) [2mkoko::shell::实时外壳[0m[2m:[0m realtime 连接认证成功 [3musecase[0m[2m=[0m"实时连接认证" [3madapter[0m[2m=[0m"socketioxide" [3moutcome[0m[2m=[0m"succeeded" [3msession_id[0m[2m=[0m"s-ed8ae5f1ff1a"
[backend] [2m2026-04-19T02:50:01.0087086+08:00[0m [32m INFO[0m ThreadId(06) [2mkoko::shell::实时外壳[0m[2m:[0m realtime 订阅请求已受理 [3musecase[0m[2m=[0m"订阅房间事件流" [3madapter[0m[2m=[0m"socketioxide" [3moutcome[0m[2m=[0m"accepted" [3mroom_id[0m[2m=[0m"r-3cdfd560046a" [3msession_id[0m[2m=[0m"s-ed8ae5f1ff1a" [3mfrom[0m[2m=[0m0
[backend] [2m2026-04-19T02:50:01.0191867+08:00[0m [32m INFO[0m ThreadId(06) [2mkoko::shell::实时外壳[0m[2m:[0m realtime 订阅请求已受理 [3musecase[0m[2m=[0m"订阅房间事件流" [3madapter[0m[2m=[0m"socketioxide" [3moutcome[0m[2m=[0m"accepted" [3mroom_id[0m[2m=[0m"r-3cdfd560046a" [3msession_id[0m[2m=[0m"s-ed8ae5f1ff1a" [3mfrom[0m[2m=[0m22
[backend] [2m2026-04-19T02:50:01.0266145+08:00[0m [32m INFO[0m ThreadId(12) [2mkoko::shell::实时外壳[0m[2m:[0m 订阅房间事件流成功 [3musecase[0m[2m=[0m"订阅房间事件流" [3madapter[0m[2m=[0m"socketioxide" [3moutcome[0m[2m=[0m"succeeded" [3mroom_id[0m[2m=[0m"r-3cdfd560046a" [3msession_id[0m[2m=[0m"s-ed8ae5f1ff1a" [3mfrom[0m[2m=[0m0 [3mevent_position[0m[2m=[0m22
[backend] [2m2026-04-19T02:50:01.0273699+08:00[0m [32m INFO[0m ThreadId(05) [2mkoko::shell::实时外壳[0m[2m:[0m 订阅房间事件流成功 [3musecase[0m[2m=[0m"订阅房间事件流" [3madapter[0m[2m=[0m"socketioxide" [3moutcome[0m[2m=[0m"succeeded" [3mroom_id[0m[2m=[0m"r-3cdfd560046a" [3msession_id[0m[2m=[0m"s-ed8ae5f1ff1a" [3mfrom[0m[2m=[0m22 [3mevent_position[0m[2m=[0m22
[backend] [2m2026-04-19T02:50:01.0975698+08:00[0m [32m INFO[0m ThreadId(10) [2mkoko::shell::媒体资产外壳[0m[2m:[0m HTTP 请求已受理 [3musecase[0m[2m=[0m"读取附件内容" [3madapter[0m[2m=[0m"http" [3moutcome[0m[2m=[0m"accepted" [3mrequest_kind[0m[2m=[0m"附件内容读取" [3mattachment_id[0m[2m=[0m"att-961d957a1877" [3msession_id[0m[2m=[0m"s-ed8ae5f1ff1a"
[backend] [2m2026-04-19T02:50:01.1042001+08:00[0m [32m INFO[0m ThreadId(12) [2mkoko::shell::媒体资产外壳[0m[2m:[0m HTTP 请求已受理 [3musecase[0m[2m=[0m"读取附件内容" [3madapter[0m[2m=[0m"http" [3moutcome[0m[2m=[0m"accepted" [3mrequest_kind[0m[2m=[0m"附件内容读取" [3mattachment_id[0m[2m=[0m"att-8d44cbfede62" [3msession_id[0m[2m=[0m"s-ed8ae5f1ff1a"
[backend] [2m2026-04-19T02:50:01.1136938+08:00[0m [32m INFO[0m ThreadId(12) [2mkoko::shell::媒体资产外壳[0m[2m:[0m HTTP 请求已受理 [3musecase[0m[2m=[0m"读取附件内容" [3madapter[0m[2m=[0m"http" [3moutcome[0m[2m=[0m"accepted" [3mrequest_kind[0m[2m=[0m"附件内容读取" [3mattachment_id[0m[2m=[0m"att-2d964b96c071" [3msession_id[0m[2m=[0m"s-ed8ae5f1ff1a"
[backend] [2m2026-04-19T02:50:01.1141458+08:00[0m [32m INFO[0m ThreadId(06) [2mkoko::shell::媒体资产外壳[0m[2m:[0m HTTP 请求已受理 [3musecase[0m[2m=[0m"读取附件内容" [3madapter[0m[2m=[0m"http" [3moutcome[0m[2m=[0m"accepted" [3mrequest_kind[0m[2m=[0m"附件内容读取" [3mattachment_id[0m[2m=[0m"att-681e5b27b0c2" [3msession_id[0m[2m=[0m"s-ed8ae5f1ff1a"
[backend] [2m2026-04-19T02:50:01.1150923+08:00[0m [32m INFO[0m ThreadId(10) [2mkoko::shell::媒体资产外壳[0m[2m:[0m HTTP 请求已受理 [3musecase[0m[2m=[0m"读取附件内容" [3madapter[0m[2m=[0m"http" [3moutcome[0m[2m=[0m"accepted" [3mrequest_kind[0m[2m=[0m"附件内容读取" [3mattachment_id[0m[2m=[0m"att-ac7a1188a600" [3msession_id[0m[2m=[0m"s-ed8ae5f1ff1a"
[backend] [2m2026-04-19T02:50:01.1150924+08:00[0m [32m INFO[0m ThreadId(12) [2mkoko::shell::媒体资产外壳[0m[2m:[0m HTTP 请求已受理 [3musecase[0m[2m=[0m"读取附件内容" [3madapter[0m[2m=[0m"http" [3moutcome[0m[2m=[0m"accepted" [3mrequest_kind[0m[2m=[0m"附件内容读取" [3mattachment_id[0m[2m=[0m"att-3a48c8f47757" [3msession_id[0m[2m=[0m"s-ed8ae5f1ff1a"
[backend] [2m2026-04-19T02:50:01.1177625+08:00[0m [32m INFO[0m ThreadId(12) [2mkoko::shell::媒体资产外壳[0m[2m:[0m 读取附件内容成功 [3musecase[0m[2m=[0m"读取附件内容" [3madapter[0m[2m=[0m"http" [3moutcome[0m[2m=[0m"succeeded" [3mrequest_kind[0m[2m=[0m"附件内容读取" [3mattachment_id[0m[2m=[0m"att-961d957a1877" [3msession_id[0m[2m=[0m"s-ed8ae5f1ff1a"
[backend] [2m2026-04-19T02:50:01.117849+08:00[0m [32m INFO[0m ThreadId(10) [2mkoko::shell::媒体资产外壳[0m[2m:[0m 读取附件内容成功 [3musecase[0m[2m=[0m"读取附件内容" [3madapter[0m[2m=[0m"http" [3moutcome[0m[2m=[0m"succeeded" [3mrequest_kind[0m[2m=[0m"附件内容读取" [3mattachment_id[0m[2m=[0m"att-8d44cbfede62" [3msession_id[0m[2m=[0m"s-ed8ae5f1ff1a"
[backend] [2m2026-04-19T02:50:01.1384062+08:00[0m [32m INFO[0m ThreadId(10) [2mkoko::shell::媒体资产外壳[0m[2m:[0m 读取附件内容成功 [3musecase[0m[2m=[0m"读取附件内容" [3madapter[0m[2m=[0m"http" [3moutcome[0m[2m=[0m"succeeded" [3mrequest_kind[0m[2m=[0m"附件内容读取" [3mattachment_id[0m[2m=[0m"att-681e5b27b0c2" [3msession_id[0m[2m=[0m"s-ed8ae5f1ff1a"
[backend] [2m2026-04-19T02:50:01.1539625+08:00[0m [32m INFO[0m ThreadId(10) [2mkoko::shell::媒体资产外壳[0m[2m:[0m 读取附件内容成功 [3musecase[0m[2m=[0m"读取附件内容" [3madapter[0m[2m=[0m"http" [3moutcome[0m[2m=[0m"succeeded" [3mrequest_kind[0m[2m=[0m"附件内容读取" [3mattachment_id[0m[2m=[0m"att-2d964b96c071" [3msession_id[0m[2m=[0m"s-ed8ae5f1ff1a"
[backend] [2m2026-04-19T02:50:01.1553715+08:00[0m [32m INFO[0m ThreadId(06) [2mkoko::shell::媒体资产外壳[0m[2m:[0m 读取附件内容成功 [3musecase[0m[2m=[0m"读取附件内容" [3madapter[0m[2m=[0m"http" [3moutcome[0m[2m=[0m"succeeded" [3mrequest_kind[0m[2m=[0m"附件内容读取" [3mattachment_id[0m[2m=[0m"att-ac7a1188a600" [3msession_id[0m[2m=[0m"s-ed8ae5f1ff1a"
[backend] [2m2026-04-19T02:50:01.1593283+08:00[0m [32m INFO[0m ThreadId(06) [2mkoko::shell::媒体资产外壳[0m[2m:[0m 读取附件内容成功 [3musecase[0m[2m=[0m"读取附件内容" [3madapter[0m[2m=[0m"http" [3moutcome[0m[2m=[0m"succeeded" [3mrequest_kind[0m[2m=[0m"附件内容读取" [3mattachment_id[0m[2m=[0m"att-3a48c8f47757" [3msession_id[0m[2m=[0m"s-ed8ae5f1ff1a"
[backend] [2m2026-04-19T02:50:01.1838698+08:00[0m [32m INFO[0m ThreadId(10) [2mkoko::shell::媒体资产外壳[0m[2m:[0m HTTP 请求已受理 [3musecase[0m[2m=[0m"读取附件内容" [3madapter[0m[2m=[0m"http" [3moutcome[0m[2m=[0m"accepted" [3mrequest_kind[0m[2m=[0m"附件内容读取" [3mattachment_id[0m[2m=[0m"att-792bea97c0bd" [3msession_id[0m[2m=[0m"s-ed8ae5f1ff1a"
[backend] [2m2026-04-19T02:50:01.1916584+08:00[0m [32m INFO[0m ThreadId(10) [2mkoko::shell::媒体资产外壳[0m[2m:[0m HTTP 请求已受理 [3musecase[0m[2m=[0m"读取附件内容" [3madapter[0m[2m=[0m"http" [3moutcome[0m[2m=[0m"accepted" [3mrequest_kind[0m[2m=[0m"附件内容读取" [3mattachment_id[0m[2m=[0m"att-ea250b02f4f3" [3msession_id[0m[2m=[0m"s-ed8ae5f1ff1a"
[backend] [2m2026-04-19T02:50:01.197586+08:00[0m [32m INFO[0m ThreadId(12) [2mkoko::shell::媒体资产外壳[0m[2m:[0m 读取附件内容成功 [3musecase[0m[2m=[0m"读取附件内容" [3madapter[0m[2m=[0m"http" [3moutcome[0m[2m=[0m"succeeded" [3mrequest_kind[0m[2m=[0m"附件内容读取" [3mattachment_id[0m[2m=[0m"att-792bea97c0bd" [3msession_id[0m[2m=[0m"s-ed8ae5f1ff1a"
[backend] [2m2026-04-19T02:50:01.20607+08:00[0m [32m INFO[0m ThreadId(06) [2mkoko::shell::媒体资产外壳[0m[2m:[0m 读取附件内容成功 [3musecase[0m[2m=[0m"读取附件内容" [3madapter[0m[2m=[0m"http" [3moutcome[0m[2m=[0m"succeeded" [3mrequest_kind[0m[2m=[0m"附件内容读取" [3mattachment_id[0m[2m=[0m"att-ea250b02f4f3" [3msession_id[0m[2m=[0m"s-ed8ae5f1ff1a"
[backend] [2m2026-04-19T02:50:01.2077227+08:00[0m [32m INFO[0m ThreadId(12) [2mkoko::shell::媒体资产外壳[0m[2m:[0m HTTP 请求已受理 [3musecase[0m[2m=[0m"读取附件内容" [3madapter[0m[2m=[0m"http" [3moutcome[0m[2m=[0m"accepted" [3mrequest_kind[0m[2m=[0m"附件内容读取" [3mattachment_id[0m[2m=[0m"att-d1739ba9773f" [3msession_id[0m[2m=[0m"s-ed8ae5f1ff1a"
[backend] [2m2026-04-19T02:50:01.2084153+08:00[0m [32m INFO[0m ThreadId(06) [2mkoko::shell::媒体资产外壳[0m[2m:[0m HTTP 请求已受理 [3musecase[0m[2m=[0m"读取附件内容" [3madapter[0m[2m=[0m"http" [3moutcome[0m[2m=[0m"accepted" [3mrequest_kind[0m[2m=[0m"附件内容读取" [3mattachment_id[0m[2m=[0m"att-6727d0dfb7aa" [3msession_id[0m[2m=[0m"s-ed8ae5f1ff1a"
[backend] [2m2026-04-19T02:50:01.2089843+08:00[0m [32m INFO[0m ThreadId(12) [2mkoko::shell::媒体资产外壳[0m[2m:[0m HTTP 请求已受理 [3musecase[0m[2m=[0m"读取附件内容" [3madapter[0m[2m=[0m"http" [3moutcome[0m[2m=[0m"accepted" [3mrequest_kind[0m[2m=[0m"附件内容读取" [3mattachment_id[0m[2m=[0m"att-fb643f1210f6" [3msession_id[0m[2m=[0m"s-ed8ae5f1ff1a"
[backend] [2m2026-04-19T02:50:01.2185588+08:00[0m [32m INFO[0m ThreadId(12) [2mkoko::shell::媒体资产外壳[0m[2m:[0m HTTP 请求已受理 [3musecase[0m[2m=[0m"读取附件内容" [3madapter[0m[2m=[0m"http" [3moutcome[0m[2m=[0m"accepted" [3mrequest_kind[0m[2m=[0m"附件内容读取" [3mattachment_id[0m[2m=[0m"att-88e3fb0cd3fa" [3msession_id[0m[2m=[0m"s-ed8ae5f1ff1a"
[backend] [2m2026-04-19T02:50:01.2209091+08:00[0m [32m INFO[0m ThreadId(12) [2mkoko::shell::媒体资产外壳[0m[2m:[0m 读取附件内容成功 [3musecase[0m[2m=[0m"读取附件内容" [3madapter[0m[2m=[0m"http" [3moutcome[0m[2m=[0m"succeeded" [3mrequest_kind[0m[2m=[0m"附件内容读取" [3mattachment_id[0m[2m=[0m"att-fb643f1210f6" [3msession_id[0m[2m=[0m"s-ed8ae5f1ff1a"
[backend] [2m2026-04-19T02:50:01.22216+08:00[0m [32m INFO[0m ThreadId(06) [2mkoko::shell::媒体资产外壳[0m[2m:[0m 读取附件内容成功 [3musecase[0m[2m=[0m"读取附件内容" [3madapter[0m[2m=[0m"http" [3moutcome[0m[2m=[0m"succeeded" [3mrequest_kind[0m[2m=[0m"附件内容读取" [3mattachment_id[0m[2m=[0m"att-d1739ba9773f" [3msession_id[0m[2m=[0m"s-ed8ae5f1ff1a"
[backend] [2m2026-04-19T02:50:01.2239973+08:00[0m [32m INFO[0m ThreadId(10) [2mkoko::shell::媒体资产外壳[0m[2m:[0m 读取附件内容成功 [3musecase[0m[2m=[0m"读取附件内容" [3madapter[0m[2m=[0m"http" [3moutcome[0m[2m=[0m"succeeded" [3mrequest_kind[0m[2m=[0m"附件内容读取" [3mattachment_id[0m[2m=[0m"att-6727d0dfb7aa" [3msession_id[0m[2m=[0m"s-ed8ae5f1ff1a"
[backend] [2m2026-04-19T02:50:01.2350749+08:00[0m [32m INFO[0m ThreadId(10) [2mkoko::shell::媒体资产外壳[0m[2m:[0m 读取附件内容成功 [3musecase[0m[2m=[0m"读取附件内容" [3madapter[0m[2m=[0m"http" [3moutcome[0m[2m=[0m"succeeded" [3mrequest_kind[0m[2m=[0m"附件内容读取" [3mattachment_id[0m[2m=[0m"att-88e3fb0cd3fa" [3msession_id[0m[2m=[0m"s-ed8ae5f1ff1a"
[backend] [2m2026-04-19T02:50:01.2388398+08:00[0m [32m INFO[0m ThreadId(06) [2mkoko::shell::媒体资产外壳[0m[2m:[0m HTTP 请求已受理 [3musecase[0m[2m=[0m"读取附件内容" [3madapter[0m[2m=[0m"http" [3moutcome[0m[2m=[0m"accepted" [3mrequest_kind[0m[2m=[0m"附件内容读取" [3mattachment_id[0m[2m=[0m"att-98d8a14f0c2c" [3msession_id[0m[2m=[0m"s-ed8ae5f1ff1a"
[backend] [2m2026-04-19T02:50:01.2498812+08:00[0m [32m INFO[0m ThreadId(06) [2mkoko::shell::媒体资产外壳[0m[2m:[0m 读取附件内容成功 [3musecase[0m[2m=[0m"读取附件内容" [3madapter[0m[2m=[0m"http" [3moutcome[0m[2m=[0m"succeeded" [3mrequest_kind[0m[2m=[0m"附件内容读取" [3mattachment_id[0m[2m=[0m"att-98d8a14f0c2c" [3msession_id[0m[2m=[0m"s-ed8ae5f1ff1a"
[backend] [2m2026-04-19T02:50:01.2524021+08:00[0m [32m INFO[0m ThreadId(12) [2mkoko::shell::媒体资产外壳[0m[2m:[0m HTTP 请求已受理 [3musecase[0m[2m=[0m"读取附件内容" [3madapter[0m[2m=[0m"http" [3moutcome[0m[2m=[0m"accepted" [3mrequest_kind[0m[2m=[0m"附件内容读取" [3mattachment_id[0m[2m=[0m"att-528cc3c6d877" [3msession_id[0m[2m=[0m"s-ed8ae5f1ff1a"
[backend] [2m2026-04-19T02:50:01.2630847+08:00[0m [32m INFO[0m ThreadId(06) [2mkoko::shell::媒体资产外壳[0m[2m:[0m HTTP 请求已受理 [3musecase[0m[2m=[0m"读取附件内容" [3madapter[0m[2m=[0m"http" [3moutcome[0m[2m=[0m"accepted" [3mrequest_kind[0m[2m=[0m"附件内容读取" [3mattachment_id[0m[2m=[0m"att-bdbf430c4928" [3msession_id[0m[2m=[0m"s-ed8ae5f1ff1a"
[backend] [2m2026-04-19T02:50:01.2658891+08:00[0m [32m INFO[0m ThreadId(10) [2mkoko::shell::媒体资产外壳[0m[2m:[0m 读取附件内容成功 [3musecase[0m[2m=[0m"读取附件内容" [3madapter[0m[2m=[0m"http" [3moutcome[0m[2m=[0m"succeeded" [3mrequest_kind[0m[2m=[0m"附件内容读取" [3mattachment_id[0m[2m=[0m"att-528cc3c6d877" [3msession_id[0m[2m=[0m"s-ed8ae5f1ff1a"
[backend] [2m2026-04-19T02:50:01.2720249+08:00[0m [32m INFO[0m ThreadId(06) [2mkoko::shell::媒体资产外壳[0m[2m:[0m 读取附件内容成功 [3musecase[0m[2m=[0m"读取附件内容" [3madapter[0m[2m=[0m"http" [3moutcome[0m[2m=[0m"succeeded" [3mrequest_kind[0m[2m=[0m"附件内容读取" [3mattachment_id[0m[2m=[0m"att-bdbf430c4928" [3msession_id[0m[2m=[0m"s-ed8ae5f1ff1a"
[backend] [2m2026-04-19T02:50:03.646408+08:00[0m [32m INFO[0m ThreadId(10) [2mkoko::shell::媒体资产外壳[0m[2m:[0m HTTP 请求已受理 [3musecase[0m[2m=[0m"读取附件内容" [3madapter[0m[2m=[0m"http" [3moutcome[0m[2m=[0m"accepted" [3mrequest_kind[0m[2m=[0m"附件内容读取" [3mattachment_id[0m[2m=[0m"att-bdbf430c4928" [3msession_id[0m[2m=[0m"s-ed8ae5f1ff1a"
[backend] [2m2026-04-19T02:50:03.6571604+08:00[0m [32m INFO[0m ThreadId(12) [2mkoko::shell::媒体资产外壳[0m[2m:[0m 读取附件内容成功 [3musecase[0m[2m=[0m"读取附件内容" [3madapter[0m[2m=[0m"http" [3moutcome[0m[2m=[0m"succeeded" [3mrequest_kind[0m[2m=[0m"附件内容读取" [3mattachment_id[0m[2m=[0m"att-bdbf430c4928" [3msession_id[0m[2m=[0m"s-ed8ae5f1ff1a"
[backend] [2m2026-04-19T02:50:15.5998554+08:00[0m [32m INFO[0m ThreadId(06) [2mkoko::shell::媒体上传外壳[0m[2m:[0m 媒体上传占位已创建 [3musecase[0m[2m=[0m"准备媒体上传" [3madapter[0m[2m=[0m"http" [3moutcome[0m[2m=[0m"succeeded" [3mrequest_kind[0m[2m=[0m"媒体上传 prepare" [3msession_id[0m[2m=[0m"s-ed8ae5f1ff1a" [3mattachment_id[0m[2m=[0m"att-fac5794f284f" [3mupload_session_id[0m[2m=[0m"upl-0fbcc746bc3e404da1624a68f77f23db" [3mattachment_kind[0m[2m=[0m"video" [3mfile_name[0m[2m=[0m"VID_20230816_104033_002.mp4" [3mbyte_size[0m[2m=[0m986783
[backend] [2m2026-04-19T02:50:15.7658055+08:00[0m [32m INFO[0m ThreadId(10) [2mkoko::shell::tus_hook外壳[0m[2m:[0m Tus post-finish 已登记上传回执 [3madapter[0m[2m=[0m"tus_hook" [3mhook[0m[2m=[0m"post-finish" [3mattachment_id[0m[2m=[0m"att-fac5794f284f" [3mupload_session_id[0m[2m=[0m"upl-0fbcc746bc3e404da1624a68f77f23db" [3mupload_id[0m[2m=[0m"86dd81a76457c2c12c202d33f6472a8f" [3mrequest_id[0m[2m=[0m"1b932a8a-e419-4a2f-b6c0-2e95d3282222" [3mtransport_role[0m[2m=[0m"single" [3mstorage_locator[0m[2m=[0m"E:\\koko\\data\\tus\\86dd81a76457c2c12c202d33f6472a8f"
[backend] [2m2026-04-19T02:50:15.7696637+08:00[0m [32m INFO[0m ThreadId(12) [2mkoko::shell::媒体上传外壳[0m[2m:[0m 媒体上传 complete 重活开始 [3musecase[0m[2m=[0m"完成媒体上传" [3mphase[0m[2m=[0m"complete_heavy_work_enter" [3mattachment_id[0m[2m=[0m"att-fac5794f284f" [3mkind[0m[2m=[0m"video" [3mbyte_size[0m[2m=[0m986783 [3mmedia_complete_max_concurrency[0m[2m=[0m4
[backend] [2m2026-04-19T02:50:15.8129314+08:00[0m [32m INFO[0m ThreadId(12) [2mkoko::shell::媒体上传外壳[0m[2m:[0m 媒体上传 complete 阶段耗时 [3musecase[0m[2m=[0m"完成媒体上传" [3mphase[0m[2m=[0m"complete_heavy_work_stage" [3mattachment_id[0m[2m=[0m"att-fac5794f284f" [3mkind[0m[2m=[0m"video" [3mbyte_size[0m[2m=[0m986783 [3mstage[0m[2m=[0m"parse_video" [3mduration_ms[0m[2m=[0m42
[tusd] 2026/04/19 02:50:15.690568 level=INFO event=RequestIncoming method=POST path="" requestId=1b932a8a-e419-4a2f-b6c0-2e95d3282222
[tusd] 2026/04/19 02:50:15.695373 level=DEBUG event=HookInvocationStart type=pre-create id=""
[tusd] 2026/04/19 02:50:15.729685 level=DEBUG event=HookInvocationFinish type=pre-create id=""
[tusd] 2026/04/19 02:50:15.732360 level=INFO event=UploadCreated method=POST path="" requestId=1b932a8a-e419-4a2f-b6c0-2e95d3282222 id=86dd81a76457c2c12c202d33f6472a8f size=986783 url=http://127.0.0.1:1081/files/86dd81a76457c2c12c202d33f6472a8f
[tusd] 2026/04/19 02:50:15.736715 level=INFO event=ChunkWriteStart method=POST path="" requestId=1b932a8a-e419-4a2f-b6c0-2e95d3282222 id=86dd81a76457c2c12c202d33f6472a8f maxSize=986783 offset=0
[tusd] 2026/04/19 02:50:15.743863 level=INFO event=ChunkWriteComplete method=POST path="" requestId=1b932a8a-e419-4a2f-b6c0-2e95d3282222 id=86dd81a76457c2c12c202d33f6472a8f bytesWritten=986783
[tusd] 2026/04/19 02:50:15.744428 level=INFO event=UploadFinished method=POST path="" requestId=1b932a8a-e419-4a2f-b6c0-2e95d3282222 id=86dd81a76457c2c12c202d33f6472a8f size=986783
[tusd] 2026/04/19 02:50:15.744988 level=INFO event=ResponseOutgoing method=POST path="" requestId=1b932a8a-e419-4a2f-b6c0-2e95d3282222 id=86dd81a76457c2c12c202d33f6472a8f status=201 body=""
[tusd] 2026/04/19 02:50:15.744988 level=DEBUG event=HookInvocationStart type=post-finish id=86dd81a76457c2c12c202d33f6472a8f
[tusd] 2026/04/19 02:50:15.766408 level=DEBUG event=HookInvocationFinish type=post-finish id=86dd81a76457c2c12c202d33f6472a8f
[backend] [2m2026-04-19T02:50:18.5518833+08:00[0m [32m INFO[0m ThreadId(12) [2mkoko::shell::媒体上传外壳[0m[2m:[0m 媒体上传 complete 阶段耗时 [3musecase[0m[2m=[0m"完成媒体上传" [3mphase[0m[2m=[0m"complete_heavy_work_stage" [3mattachment_id[0m[2m=[0m"att-fac5794f284f" [3mkind[0m[2m=[0m"video" [3mbyte_size[0m[2m=[0m986783 [3mstage[0m[2m=[0m"package_streaming_assets" [3mduration_ms[0m[2m=[0m2738
[backend] [2m2026-04-19T02:50:18.5959844+08:00[0m [32m INFO[0m ThreadId(12) [2mkoko::shell::媒体上传外壳[0m[2m:[0m 媒体上传 complete 阶段耗时 [3musecase[0m[2m=[0m"完成媒体上传" [3mphase[0m[2m=[0m"complete_heavy_work_stage" [3mattachment_id[0m[2m=[0m"att-fac5794f284f" [3mkind[0m[2m=[0m"video" [3mbyte_size[0m[2m=[0m986783 [3mstage[0m[2m=[0m"build_distribution_request" [3mduration_ms[0m[2m=[0m43
[backend] [2m2026-04-19T02:50:18.6537331+08:00[0m [32m INFO[0m ThreadId(12) [2mkoko::shell::媒体上传外壳[0m[2m:[0m 媒体上传 complete 阶段耗时 [3musecase[0m[2m=[0m"完成媒体上传" [3mphase[0m[2m=[0m"complete_heavy_work_stage" [3mattachment_id[0m[2m=[0m"att-fac5794f284f" [3mkind[0m[2m=[0m"video" [3mbyte_size[0m[2m=[0m986783 [3mstage[0m[2m=[0m"generate_torrent" [3mduration_ms[0m[2m=[0m57
[backend] [2m2026-04-19T02:50:18.6735315+08:00[0m [32m INFO[0m ThreadId(06) [2mkoko::shell::媒体上传外壳[0m[2m:[0m 媒体上传 complete 阶段耗时 [3musecase[0m[2m=[0m"完成媒体上传" [3mphase[0m[2m=[0m"complete_heavy_work_stage" [3mattachment_id[0m[2m=[0m"att-fac5794f284f" [3mkind[0m[2m=[0m"video" [3mbyte_size[0m[2m=[0m986783 [3mstage[0m[2m=[0m"upload_streaming_assets" [3mduration_ms[0m[2m=[0m19
[backend] [2m2026-04-19T02:50:18.6886541+08:00[0m [32m INFO[0m ThreadId(12) [2mkoko::shell::媒体上传外壳[0m[2m:[0m 媒体上传 complete 阶段耗时 [3musecase[0m[2m=[0m"完成媒体上传" [3mphase[0m[2m=[0m"complete_heavy_work_stage" [3mattachment_id[0m[2m=[0m"att-fac5794f284f" [3mkind[0m[2m=[0m"video" [3mbyte_size[0m[2m=[0m986783 [3mstage[0m[2m=[0m"write_authoritative_snapshot" [3mduration_ms[0m[2m=[0m14
[backend] [2m2026-04-19T02:50:18.6899471+08:00[0m [32m INFO[0m ThreadId(12) [2mkoko::shell::媒体上传外壳[0m[2m:[0m 媒体上传 complete 阶段耗时 [3musecase[0m[2m=[0m"完成媒体上传" [3mphase[0m[2m=[0m"complete_heavy_work_stage" [3mattachment_id[0m[2m=[0m"att-fac5794f284f" [3mkind[0m[2m=[0m"video" [3mbyte_size[0m[2m=[0m986783 [3mstage[0m[2m=[0m"delete_upload_temp_file" [3mduration_ms[0m[2m=[0m0
[backend] [2m2026-04-19T02:50:18.6914407+08:00[0m [32m INFO[0m ThreadId(08) [2mkoko::shell::媒体上传外壳[0m[2m:[0m 媒体上传 complete 阶段耗时 [3musecase[0m[2m=[0m"完成媒体上传" [3mphase[0m[2m=[0m"complete_heavy_work_stage" [3mattachment_id[0m[2m=[0m"att-fac5794f284f" [3mkind[0m[2m=[0m"video" [3mbyte_size[0m[2m=[0m986783 [3mstage[0m[2m=[0m"retire_original_upload_source" [3mduration_ms[0m[2m=[0m1
[backend] [2m2026-04-19T02:50:18.6923338+08:00[0m [32m INFO[0m ThreadId(08) [2mkoko::shell::媒体上传外壳[0m[2m:[0m 媒体上传 complete 重活完成 [3musecase[0m[2m=[0m"完成媒体上传" [3mphase[0m[2m=[0m"complete_heavy_work_exit" [3mattachment_id[0m[2m=[0m"att-fac5794f284f" [3mkind[0m[2m=[0m"video" [3mbyte_size[0m[2m=[0m986783 [3mduration_ms[0m[2m=[0m2923
[backend] [2m2026-04-19T02:50:29.7391865+08:00[0m [32m INFO[0m ThreadId(08) [2mkoko::shell::实时外壳[0m[2m:[0m realtime 创建消息请求已受理 [3musecase[0m[2m=[0m"创建消息" [3madapter[0m[2m=[0m"socketioxide" [3moutcome[0m[2m=[0m"accepted" [3mroom_id[0m[2m=[0m"r-3cdfd560046a" [3msession_id[0m[2m=[0m"s-ed8ae5f1ff1a" [3mclient_message_id[0m[2m=[0m"9e514c68-da45-406d-a8eb-c736880b9f07"
[backend] [2m2026-04-19T02:50:29.7573259+08:00[0m [32m INFO[0m ThreadId(05) [2mkoko::shell::实时外壳[0m[2m:[0m 创建消息成功 [3musecase[0m[2m=[0m"创建消息" [3madapter[0m[2m=[0m"socketioxide" [3moutcome[0m[2m=[0m"succeeded" [3mroom_id[0m[2m=[0m"r-3cdfd560046a" [3msession_id[0m[2m=[0m"s-ed8ae5f1ff1a" [3mclient_message_id[0m[2m=[0m"9e514c68-da45-406d-a8eb-c736880b9f07" [3mevent_position[0m[2m=[0m23
[backend] [2m2026-04-19T02:50:29.7816529+08:00[0m [32m INFO[0m ThreadId(06) [2mkoko::shell::媒体资产外壳[0m[2m:[0m HTTP 请求已受理 [3musecase[0m[2m=[0m"读取附件内容" [3madapter[0m[2m=[0m"http" [3moutcome[0m[2m=[0m"accepted" [3mrequest_kind[0m[2m=[0m"附件内容读取" [3mattachment_id[0m[2m=[0m"att-fac5794f284f" [3msession_id[0m[2m=[0m"s-ed8ae5f1ff1a"
[backend] [2m2026-04-19T02:50:29.7928424+08:00[0m [32m INFO[0m ThreadId(06) [2mkoko::shell::媒体资产外壳[0m[2m:[0m 读取附件内容成功 [3musecase[0m[2m=[0m"读取附件内容" [3madapter[0m[2m=[0m"http" [3moutcome[0m[2m=[0m"succeeded" [3mrequest_kind[0m[2m=[0m"附件内容读取" [3mattachment_id[0m[2m=[0m"att-fac5794f284f" [3msession_id[0m[2m=[0m"s-ed8ae5f1ff1a"
[backend] [2m2026-04-19T02:50:29.8003372+08:00[0m [32m INFO[0m ThreadId(08) [2mkoko::shell::媒体资产外壳[0m[2m:[0m HTTP 请求已受理 [3musecase[0m[2m=[0m"读取附件内容" [3madapter[0m[2m=[0m"http" [3moutcome[0m[2m=[0m"accepted" [3mrequest_kind[0m[2m=[0m"附件内容读取" [3mattachment_id[0m[2m=[0m"att-fac5794f284f" [3msession_id[0m[2m=[0m"s-ed8ae5f1ff1a"
[backend] [2m2026-04-19T02:50:29.8088777+08:00[0m [32m INFO[0m ThreadId(06) [2mkoko::shell::媒体资产外壳[0m[2m:[0m 读取附件内容成功 [3musecase[0m[2m=[0m"读取附件内容" [3madapter[0m[2m=[0m"http" [3moutcome[0m[2m=[0m"succeeded" [3mrequest_kind[0m[2m=[0m"附件内容读取" [3mattachment_id[0m[2m=[0m"att-fac5794f284f" [3msession_id[0m[2m=[0m"s-ed8ae5f1ff1a"
[backend] [2m2026-04-19T02:50:30.1928347+08:00[0m [32m INFO[0m ThreadId(06) [2mkoko::shell::房间外壳[0m[2m:[0m HTTP 请求已受理 [3musecase[0m[2m=[0m"推进房间阅读位置" [3madapter[0m[2m=[0m"http" [3moutcome[0m[2m=[0m"accepted" [3mrequest_kind[0m[2m=[0m"房间阅读位置推进" [3mroom_id[0m[2m=[0m"r-3cdfd560046a" [3msession_id[0m[2m=[0m"s-ed8ae5f1ff1a" [3mevent_position[0m[2m=[0m23
[backend] [2m2026-04-19T02:50:30.2028071+08:00[0m [32m INFO[0m ThreadId(08) [2mkoko::shell::房间外壳[0m[2m:[0m 推进房间阅读位置成功 [3musecase[0m[2m=[0m"推进房间阅读位置" [3madapter[0m[2m=[0m"http" [3moutcome[0m[2m=[0m"succeeded" [3mrequest_kind[0m[2m=[0m"房间阅读位置推进" [3mroom_id[0m[2m=[0m"r-3cdfd560046a" [3msession_id[0m[2m=[0m"s-ed8ae5f1ff1a" [3mevent_position[0m[2m=[0m23
[backend] [2m2026-04-19T02:50:30.2084778+08:00[0m [32m INFO[0m ThreadId(12) [2mkoko::shell::房间外壳[0m[2m:[0m HTTP 请求已受理 [3musecase[0m[2m=[0m"推进房间阅读位置" [3madapter[0m[2m=[0m"http" [3moutcome[0m[2m=[0m"accepted" [3mrequest_kind[0m[2m=[0m"房间阅读位置推进" [3mroom_id[0m[2m=[0m"r-3cdfd560046a" [3msession_id[0m[2m=[0m"s-ed8ae5f1ff1a" [3mevent_position[0m[2m=[0m23
[backend] [2m2026-04-19T02:50:30.2170938+08:00[0m [32m INFO[0m ThreadId(12) [2mkoko::shell::房间外壳[0m[2m:[0m 推进房间阅读位置成功 [3musecase[0m[2m=[0m"推进房间阅读位置" [3madapter[0m[2m=[0m"http" [3moutcome[0m[2m=[0m"succeeded" [3mrequest_kind[0m[2m=[0m"房间阅读位置推进" [3mroom_id[0m[2m=[0m"r-3cdfd560046a" [3msession_id[0m[2m=[0m"s-ed8ae5f1ff1a" [3mevent_position[0m[2m=[0m23
[backend] [2m2026-04-19T02:50:30.4484187+08:00[0m [32m INFO[0m ThreadId(12) [2mkoko::shell::房间外壳[0m[2m:[0m HTTP 请求已受理 [3musecase[0m[2m=[0m"推进房间阅读位置" [3madapter[0m[2m=[0m"http" [3moutcome[0m[2m=[0m"accepted" [3mrequest_kind[0m[2m=[0m"房间阅读位置推进" [3mroom_id[0m[2m=[0m"r-3cdfd560046a" [3msession_id[0m[2m=[0m"s-e7c98262c769" [3mevent_position[0m[2m=[0m23
[backend] [2m2026-04-19T02:50:30.4550892+08:00[0m [32m INFO[0m ThreadId(12) [2mkoko::shell::房间外壳[0m[2m:[0m 推进房间阅读位置成功 [3musecase[0m[2m=[0m"推进房间阅读位置" [3madapter[0m[2m=[0m"http" [3moutcome[0m[2m=[0m"succeeded" [3mrequest_kind[0m[2m=[0m"房间阅读位置推进" [3mroom_id[0m[2m=[0m"r-3cdfd560046a" [3msession_id[0m[2m=[0m"s-e7c98262c769" [3mevent_position[0m[2m=[0m23
[backend] [2m2026-04-19T02:50:53.1867008+08:00[0m [32m INFO[0m ThreadId(06) [2mkoko::shell::媒体上传外壳[0m[2m:[0m 媒体上传占位已创建 [3musecase[0m[2m=[0m"准备媒体上传" [3madapter[0m[2m=[0m"http" [3moutcome[0m[2m=[0m"succeeded" [3mrequest_kind[0m[2m=[0m"媒体上传 prepare" [3msession_id[0m[2m=[0m"s-ed8ae5f1ff1a" [3mattachment_id[0m[2m=[0m"att-9ffa539f6803" [3mupload_session_id[0m[2m=[0m"upl-cef42675cf5d4c68b08ec642d0fb8b30" [3mattachment_kind[0m[2m=[0m"video" [3mfile_name[0m[2m=[0m"VID_20230816_103957_431.mp4" [3mbyte_size[0m[2m=[0m921021
[backend] [2m2026-04-19T02:50:53.2483977+08:00[0m [32m INFO[0m ThreadId(08) [2mkoko::shell::tus_hook外壳[0m[2m:[0m Tus post-finish 已登记上传回执 [3madapter[0m[2m=[0m"tus_hook" [3mhook[0m[2m=[0m"post-finish" [3mattachment_id[0m[2m=[0m"att-9ffa539f6803" [3mupload_session_id[0m[2m=[0m"upl-cef42675cf5d4c68b08ec642d0fb8b30" [3mupload_id[0m[2m=[0m"2b8f89e23c9504795106fa54fdddcba2" [3mrequest_id[0m[2m=[0m"762a4ddf-28a1-468e-a209-47a5fb38282a" [3mtransport_role[0m[2m=[0m"single" [3mstorage_locator[0m[2m=[0m"E:\\koko\\data\\tus\\2b8f89e23c9504795106fa54fdddcba2"
[backend] [2m2026-04-19T02:50:53.2520861+08:00[0m [32m INFO[0m ThreadId(06) [2mkoko::shell::媒体上传外壳[0m[2m:[0m 媒体上传 complete 重活开始 [3musecase[0m[2m=[0m"完成媒体上传" [3mphase[0m[2m=[0m"complete_heavy_work_enter" [3mattachment_id[0m[2m=[0m"att-9ffa539f6803" [3mkind[0m[2m=[0m"video" [3mbyte_size[0m[2m=[0m921021 [3mmedia_complete_max_concurrency[0m[2m=[0m4
[backend] [2m2026-04-19T02:50:53.2558897+08:00[0m [32m INFO[0m ThreadId(06) [2mkoko::shell::媒体上传外壳[0m[2m:[0m 媒体上传 complete 阶段耗时 [3musecase[0m[2m=[0m"完成媒体上传" [3mphase[0m[2m=[0m"complete_heavy_work_stage" [3mattachment_id[0m[2m=[0m"att-9ffa539f6803" [3mkind[0m[2m=[0m"video" [3mbyte_size[0m[2m=[0m921021 [3mstage[0m[2m=[0m"parse_video" [3mduration_ms[0m[2m=[0m3
[tusd] 2026/04/19 02:50:53.204558 level=INFO event=RequestIncoming method=POST path="" requestId=762a4ddf-28a1-468e-a209-47a5fb38282a
[tusd] 2026/04/19 02:50:53.205248 level=DEBUG event=HookInvocationStart type=pre-create id=""
[tusd] 2026/04/19 02:50:53.216020 level=DEBUG event=HookInvocationFinish type=pre-create id=""
[tusd] 2026/04/19 02:50:53.218789 level=INFO event=UploadCreated method=POST path="" requestId=762a4ddf-28a1-468e-a209-47a5fb38282a id=2b8f89e23c9504795106fa54fdddcba2 size=921021 url=http://127.0.0.1:1081/files/2b8f89e23c9504795106fa54fdddcba2
[tusd] 2026/04/19 02:50:53.220393 level=INFO event=ChunkWriteStart method=POST path="" requestId=762a4ddf-28a1-468e-a209-47a5fb38282a id=2b8f89e23c9504795106fa54fdddcba2 maxSize=921021 offset=0
[tusd] 2026/04/19 02:50:53.230057 level=INFO event=ChunkWriteComplete method=POST path="" requestId=762a4ddf-28a1-468e-a209-47a5fb38282a id=2b8f89e23c9504795106fa54fdddcba2 bytesWritten=921021
[tusd] 2026/04/19 02:50:53.230604 level=INFO event=UploadFinished method=POST path="" requestId=762a4ddf-28a1-468e-a209-47a5fb38282a id=2b8f89e23c9504795106fa54fdddcba2 size=921021
[tusd] 2026/04/19 02:50:53.231141 level=INFO event=ResponseOutgoing method=POST path="" requestId=762a4ddf-28a1-468e-a209-47a5fb38282a id=2b8f89e23c9504795106fa54fdddcba2 status=201 body=""
[tusd] 2026/04/19 02:50:53.231141 level=DEBUG event=HookInvocationStart type=post-finish id=2b8f89e23c9504795106fa54fdddcba2
[tusd] 2026/04/19 02:50:53.249211 level=DEBUG event=HookInvocationFinish type=post-finish id=2b8f89e23c9504795106fa54fdddcba2
[backend] [2m2026-04-19T02:50:53.8479203+08:00[0m [32m INFO[0m ThreadId(12) [2mkoko::shell::媒体上传外壳[0m[2m:[0m 媒体上传 complete 阶段耗时 [3musecase[0m[2m=[0m"完成媒体上传" [3mphase[0m[2m=[0m"complete_heavy_work_stage" [3mattachment_id[0m[2m=[0m"att-9ffa539f6803" [3mkind[0m[2m=[0m"video" [3mbyte_size[0m[2m=[0m921021 [3mstage[0m[2m=[0m"package_streaming_assets" [3mduration_ms[0m[2m=[0m591
[backend] [2m2026-04-19T02:50:53.8866262+08:00[0m [32m INFO[0m ThreadId(12) [2mkoko::shell::媒体上传外壳[0m[2m:[0m 媒体上传 complete 阶段耗时 [3musecase[0m[2m=[0m"完成媒体上传" [3mphase[0m[2m=[0m"complete_heavy_work_stage" [3mattachment_id[0m[2m=[0m"att-9ffa539f6803" [3mkind[0m[2m=[0m"video" [3mbyte_size[0m[2m=[0m921021 [3mstage[0m[2m=[0m"build_distribution_request" [3mduration_ms[0m[2m=[0m38
[backend] [2m2026-04-19T02:50:53.9375035+08:00[0m [32m INFO[0m ThreadId(12) [2mkoko::shell::媒体上传外壳[0m[2m:[0m 媒体上传 complete 阶段耗时 [3musecase[0m[2m=[0m"完成媒体上传" [3mphase[0m[2m=[0m"complete_heavy_work_stage" [3mattachment_id[0m[2m=[0m"att-9ffa539f6803" [3mkind[0m[2m=[0m"video" [3mbyte_size[0m[2m=[0m921021 [3mstage[0m[2m=[0m"generate_torrent" [3mduration_ms[0m[2m=[0m50
[backend] [2m2026-04-19T02:50:53.9574215+08:00[0m [32m INFO[0m ThreadId(10) [2mkoko::shell::媒体上传外壳[0m[2m:[0m 媒体上传 complete 阶段耗时 [3musecase[0m[2m=[0m"完成媒体上传" [3mphase[0m[2m=[0m"complete_heavy_work_stage" [3mattachment_id[0m[2m=[0m"att-9ffa539f6803" [3mkind[0m[2m=[0m"video" [3mbyte_size[0m[2m=[0m921021 [3mstage[0m[2m=[0m"upload_streaming_assets" [3mduration_ms[0m[2m=[0m19
[backend] [2m2026-04-19T02:50:53.9719732+08:00[0m [32m INFO[0m ThreadId(08) [2mkoko::shell::媒体上传外壳[0m[2m:[0m 媒体上传 complete 阶段耗时 [3musecase[0m[2m=[0m"完成媒体上传" [3mphase[0m[2m=[0m"complete_heavy_work_stage" [3mattachment_id[0m[2m=[0m"att-9ffa539f6803" [3mkind[0m[2m=[0m"video" [3mbyte_size[0m[2m=[0m921021 [3mstage[0m[2m=[0m"write_authoritative_snapshot" [3mduration_ms[0m[2m=[0m14
[backend] [2m2026-04-19T02:50:53.9728929+08:00[0m [32m INFO[0m ThreadId(08) [2mkoko::shell::媒体上传外壳[0m[2m:[0m 媒体上传 complete 阶段耗时 [3musecase[0m[2m=[0m"完成媒体上传" [3mphase[0m[2m=[0m"complete_heavy_work_stage" [3mattachment_id[0m[2m=[0m"att-9ffa539f6803" [3mkind[0m[2m=[0m"video" [3mbyte_size[0m[2m=[0m921021 [3mstage[0m[2m=[0m"delete_upload_temp_file" [3mduration_ms[0m[2m=[0m0
[backend] [2m2026-04-19T02:50:53.9748356+08:00[0m [32m INFO[0m ThreadId(12) [2mkoko::shell::媒体上传外壳[0m[2m:[0m 媒体上传 complete 阶段耗时 [3musecase[0m[2m=[0m"完成媒体上传" [3mphase[0m[2m=[0m"complete_heavy_work_stage" [3mattachment_id[0m[2m=[0m"att-9ffa539f6803" [3mkind[0m[2m=[0m"video" [3mbyte_size[0m[2m=[0m921021 [3mstage[0m[2m=[0m"retire_original_upload_source" [3mduration_ms[0m[2m=[0m1
[backend] [2m2026-04-19T02:50:53.975504+08:00[0m [32m INFO[0m ThreadId(12) [2mkoko::shell::媒体上传外壳[0m[2m:[0m 媒体上传 complete 重活完成 [3musecase[0m[2m=[0m"完成媒体上传" [3mphase[0m[2m=[0m"complete_heavy_work_exit" [3mattachment_id[0m[2m=[0m"att-9ffa539f6803" [3mkind[0m[2m=[0m"video" [3mbyte_size[0m[2m=[0m921021 [3mduration_ms[0m[2m=[0m723
[backend] [2m2026-04-19T02:51:04.2670004+08:00[0m [32m INFO[0m ThreadId(12) [2mkoko::shell::实时外壳[0m[2m:[0m realtime 创建消息请求已受理 [3musecase[0m[2m=[0m"创建消息" [3madapter[0m[2m=[0m"socketioxide" [3moutcome[0m[2m=[0m"accepted" [3mroom_id[0m[2m=[0m"r-3cdfd560046a" [3msession_id[0m[2m=[0m"s-ed8ae5f1ff1a" [3mclient_message_id[0m[2m=[0m"7afd6df8-88c9-4a43-99b8-24fb457f7ce5"
[backend] [2m2026-04-19T02:51:04.2811014+08:00[0m [32m INFO[0m ThreadId(08) [2mkoko::shell::实时外壳[0m[2m:[0m 创建消息成功 [3musecase[0m[2m=[0m"创建消息" [3madapter[0m[2m=[0m"socketioxide" [3moutcome[0m[2m=[0m"succeeded" [3mroom_id[0m[2m=[0m"r-3cdfd560046a" [3msession_id[0m[2m=[0m"s-ed8ae5f1ff1a" [3mclient_message_id[0m[2m=[0m"7afd6df8-88c9-4a43-99b8-24fb457f7ce5" [3mevent_position[0m[2m=[0m24
[backend] [2m2026-04-19T02:51:04.299881+08:00[0m [32m INFO[0m ThreadId(05) [2mkoko::shell::媒体资产外壳[0m[2m:[0m HTTP 请求已受理 [3musecase[0m[2m=[0m"读取附件内容" [3madapter[0m[2m=[0m"http" [3moutcome[0m[2m=[0m"accepted" [3mrequest_kind[0m[2m=[0m"附件内容读取" [3mattachment_id[0m[2m=[0m"att-9ffa539f6803" [3msession_id[0m[2m=[0m"s-ed8ae5f1ff1a"
[backend] [2m2026-04-19T02:51:04.3099011+08:00[0m [32m INFO[0m ThreadId(05) [2mkoko::shell::媒体资产外壳[0m[2m:[0m 读取附件内容成功 [3musecase[0m[2m=[0m"读取附件内容" [3madapter[0m[2m=[0m"http" [3moutcome[0m[2m=[0m"succeeded" [3mrequest_kind[0m[2m=[0m"附件内容读取" [3mattachment_id[0m[2m=[0m"att-9ffa539f6803" [3msession_id[0m[2m=[0m"s-ed8ae5f1ff1a"
[backend] [2m2026-04-19T02:51:04.3132485+08:00[0m [32m INFO[0m ThreadId(06) [2mkoko::shell::媒体资产外壳[0m[2m:[0m HTTP 请求已受理 [3musecase[0m[2m=[0m"读取附件内容" [3madapter[0m[2m=[0m"http" [3moutcome[0m[2m=[0m"accepted" [3mrequest_kind[0m[2m=[0m"附件内容读取" [3mattachment_id[0m[2m=[0m"att-9ffa539f6803" [3msession_id[0m[2m=[0m"s-ed8ae5f1ff1a"
[backend] [2m2026-04-19T02:51:04.3233894+08:00[0m [32m INFO[0m ThreadId(05) [2mkoko::shell::媒体资产外壳[0m[2m:[0m 读取附件内容成功 [3musecase[0m[2m=[0m"读取附件内容" [3madapter[0m[2m=[0m"http" [3moutcome[0m[2m=[0m"succeeded" [3mrequest_kind[0m[2m=[0m"附件内容读取" [3mattachment_id[0m[2m=[0m"att-9ffa539f6803" [3msession_id[0m[2m=[0m"s-ed8ae5f1ff1a"
[backend] [2m2026-04-19T02:51:04.7409661+08:00[0m [32m INFO[0m ThreadId(10) [2mkoko::shell::房间外壳[0m[2m:[0m HTTP 请求已受理 [3musecase[0m[2m=[0m"推进房间阅读位置" [3madapter[0m[2m=[0m"http" [3moutcome[0m[2m=[0m"accepted" [3mrequest_kind[0m[2m=[0m"房间阅读位置推进" [3mroom_id[0m[2m=[0m"r-3cdfd560046a" [3msession_id[0m[2m=[0m"s-ed8ae5f1ff1a" [3mevent_position[0m[2m=[0m24
[backend] [2m2026-04-19T02:51:04.7423525+08:00[0m [32m INFO[0m ThreadId(05) [2mkoko::shell::房间外壳[0m[2m:[0m HTTP 请求已受理 [3musecase[0m[2m=[0m"推进房间阅读位置" [3madapter[0m[2m=[0m"http" [3moutcome[0m[2m=[0m"accepted" [3mrequest_kind[0m[2m=[0m"房间阅读位置推进" [3mroom_id[0m[2m=[0m"r-3cdfd560046a" [3msession_id[0m[2m=[0m"s-ed8ae5f1ff1a" [3mevent_position[0m[2m=[0m24
[backend] [2m2026-04-19T02:51:04.7501472+08:00[0m [32m INFO[0m ThreadId(10) [2mkoko::shell::房间外壳[0m[2m:[0m 推进房间阅读位置成功 [3musecase[0m[2m=[0m"推进房间阅读位置" [3madapter[0m[2m=[0m"http" [3moutcome[0m[2m=[0m"succeeded" [3mrequest_kind[0m[2m=[0m"房间阅读位置推进" [3mroom_id[0m[2m=[0m"r-3cdfd560046a" [3msession_id[0m[2m=[0m"s-ed8ae5f1ff1a" [3mevent_position[0m[2m=[0m24
[backend] [2m2026-04-19T02:51:04.7516858+08:00[0m [32m INFO[0m ThreadId(06) [2mkoko::shell::房间外壳[0m[2m:[0m 推进房间阅读位置成功 [3musecase[0m[2m=[0m"推进房间阅读位置" [3madapter[0m[2m=[0m"http" [3moutcome[0m[2m=[0m"succeeded" [3mrequest_kind[0m[2m=[0m"房间阅读位置推进" [3mroom_id[0m[2m=[0m"r-3cdfd560046a" [3msession_id[0m[2m=[0m"s-ed8ae5f1ff1a" [3mevent_position[0m[2m=[0m24
[backend] [2m2026-04-19T02:51:05.4555643+08:00[0m [32m INFO[0m ThreadId(10) [2mkoko::shell::房间外壳[0m[2m:[0m HTTP 请求已受理 [3musecase[0m[2m=[0m"推进房间阅读位置" [3madapter[0m[2m=[0m"http" [3moutcome[0m[2m=[0m"accepted" [3mrequest_kind[0m[2m=[0m"房间阅读位置推进" [3mroom_id[0m[2m=[0m"r-3cdfd560046a" [3msession_id[0m[2m=[0m"s-e7c98262c769" [3mevent_position[0m[2m=[0m24
[backend] [2m2026-04-19T02:51:05.4675112+08:00[0m [32m INFO[0m ThreadId(06) [2mkoko::shell::房间外壳[0m[2m:[0m 推进房间阅读位置成功 [3musecase[0m[2m=[0m"推进房间阅读位置" [3madapter[0m[2m=[0m"http" [3moutcome[0m[2m=[0m"succeeded" [3mrequest_kind[0m[2m=[0m"房间阅读位置推进" [3mroom_id[0m[2m=[0m"r-3cdfd560046a" [3msession_id[0m[2m=[0m"s-e7c98262c769" [3mevent_position[0m[2m=[0m24
[backend] [2m2026-04-19T02:54:51.8844615+08:00[0m [32m INFO[0m ThreadId(12) [2mkoko::shell::媒体资产外壳[0m[2m:[0m HTTP 请求已受理 [3musecase[0m[2m=[0m"读取附件内容" [3madapter[0m[2m=[0m"http" [3moutcome[0m[2m=[0m"accepted" [3mrequest_kind[0m[2m=[0m"附件内容读取" [3mattachment_id[0m[2m=[0m"att-961d957a1877" [3msession_id[0m[2m=[0m"s-ed8ae5f1ff1a"
[backend] [2m2026-04-19T02:54:51.8928688+08:00[0m [32m INFO[0m ThreadId(10) [2mkoko::shell::媒体资产外壳[0m[2m:[0m 读取附件内容成功 [3musecase[0m[2m=[0m"读取附件内容" [3madapter[0m[2m=[0m"http" [3moutcome[0m[2m=[0m"succeeded" [3mrequest_kind[0m[2m=[0m"附件内容读取" [3mattachment_id[0m[2m=[0m"att-961d957a1877" [3msession_id[0m[2m=[0m"s-ed8ae5f1ff1a"
[backend] [2m2026-04-19T02:54:51.9069985+08:00[0m [32m INFO[0m ThreadId(05) [2mkoko::shell::媒体资产外壳[0m[2m:[0m HTTP 请求已受理 [3musecase[0m[2m=[0m"读取附件内容" [3madapter[0m[2m=[0m"http" [3moutcome[0m[2m=[0m"accepted" [3mrequest_kind[0m[2m=[0m"附件内容读取" [3mattachment_id[0m[2m=[0m"att-961d957a1877" [3msession_id[0m[2m=[0m"s-ed8ae5f1ff1a"
[backend] [2m2026-04-19T02:54:51.9082136+08:00[0m [32m INFO[0m ThreadId(05) [2mkoko::shell::媒体资产外壳[0m[2m:[0m HTTP 请求已受理 [3musecase[0m[2m=[0m"读取附件内容" [3madapter[0m[2m=[0m"http" [3moutcome[0m[2m=[0m"accepted" [3mrequest_kind[0m[2m=[0m"附件内容读取" [3mattachment_id[0m[2m=[0m"att-961d957a1877" [3msession_id[0m[2m=[0m"s-ed8ae5f1ff1a"
[backend] [2m2026-04-19T02:54:51.9253262+08:00[0m [32m INFO[0m ThreadId(10) [2mkoko::shell::媒体资产外壳[0m[2m:[0m 读取附件内容成功 [3musecase[0m[2m=[0m"读取附件内容" [3madapter[0m[2m=[0m"http" [3moutcome[0m[2m=[0m"succeeded" [3mrequest_kind[0m[2m=[0m"附件内容读取" [3mattachment_id[0m[2m=[0m"att-961d957a1877" [3msession_id[0m[2m=[0m"s-ed8ae5f1ff1a"
[backend] [2m2026-04-19T02:54:51.9253264+08:00[0m [32m INFO[0m ThreadId(08) [2mkoko::shell::媒体资产外壳[0m[2m:[0m 读取附件内容成功 [3musecase[0m[2m=[0m"读取附件内容" [3madapter[0m[2m=[0m"http" [3moutcome[0m[2m=[0m"succeeded" [3mrequest_kind[0m[2m=[0m"附件内容读取" [3mattachment_id[0m[2m=[0m"att-961d957a1877" [3msession_id[0m[2m=[0m"s-ed8ae5f1ff1a"
[backend] [2m2026-04-19T02:54:53.2999381+08:00[0m [32m INFO[0m ThreadId(12) [2mkoko::shell::媒体资产外壳[0m[2m:[0m HTTP 请求已受理 [3musecase[0m[2m=[0m"读取附件内容" [3madapter[0m[2m=[0m"http" [3moutcome[0m[2m=[0m"accepted" [3mrequest_kind[0m[2m=[0m"附件内容读取" [3mattachment_id[0m[2m=[0m"att-961d957a1877" [3msession_id[0m[2m=[0m"s-ed8ae5f1ff1a"
[backend] [2m2026-04-19T02:54:53.311784+08:00[0m [32m INFO[0m ThreadId(12) [2mkoko::shell::媒体资产外壳[0m[2m:[0m 读取附件内容成功 [3musecase[0m[2m=[0m"读取附件内容" [3madapter[0m[2m=[0m"http" [3moutcome[0m[2m=[0m"succeeded" [3mrequest_kind[0m[2m=[0m"附件内容读取" [3mattachment_id[0m[2m=[0m"att-961d957a1877" [3msession_id[0m[2m=[0m"s-ed8ae5f1ff1a"
[backend] [2m2026-04-19T02:54:53.4085077+08:00[0m [32m INFO[0m ThreadId(08) [2mkoko::shell::媒体资产外壳[0m[2m:[0m HTTP 请求已受理 [3musecase[0m[2m=[0m"读取附件内容" [3madapter[0m[2m=[0m"http" [3moutcome[0m[2m=[0m"accepted" [3mrequest_kind[0m[2m=[0m"附件内容读取" [3mattachment_id[0m[2m=[0m"att-961d957a1877" [3msession_id[0m[2m=[0m"s-ed8ae5f1ff1a"
[backend] [2m2026-04-19T02:54:53.4240736+08:00[0m [32m INFO[0m ThreadId(10) [2mkoko::shell::媒体资产外壳[0m[2m:[0m 读取附件内容成功 [3musecase[0m[2m=[0m"读取附件内容" [3madapter[0m[2m=[0m"http" [3moutcome[0m[2m=[0m"succeeded" [3mrequest_kind[0m[2m=[0m"附件内容读取" [3mattachment_id[0m[2m=[0m"att-961d957a1877" [3msession_id[0m[2m=[0m"s-ed8ae5f1ff1a"
[backend] [2m2026-04-19T03:09:00.2972847+08:00[0m [33m WARN[0m ThreadId(06) [2mkoko::shell::实时外壳[0m[2m:[0m realtime 连接异常断开 [3musecase[0m[2m=[0m"实时连接断开" [3madapter[0m[2m=[0m"socketioxide" [3moutcome[0m[2m=[0m"failed" [3msession_id[0m[2m=[0m"s-ed8ae5f1ff1a" [3mdisconnect_reason[0m[2m=[0mThe connection was abruptly closed [3merror_code[0m[2m=[0m"socket_disconnect_abnormal"
[backend] [2m2026-04-19T03:09:00.2984148+08:00[0m [33m WARN[0m ThreadId(06) [2mkoko::shell::实时外壳[0m[2m:[0m realtime 连接异常断开 [3musecase[0m[2m=[0m"实时连接断开" [3madapter[0m[2m=[0m"socketioxide" [3moutcome[0m[2m=[0m"failed" [3msession_id[0m[2m=[0m"s-ed8ae5f1ff1a" [3mdisconnect_reason[0m[2m=[0mThe connection was abruptly closed [3merror_code[0m[2m=[0m"socket_disconnect_abnormal"
[backend] [2m2026-04-19T03:09:00.4496774+08:00[0m [33m WARN[0m ThreadId(06) [2mkoko::shell::实时外壳[0m[2m:[0m realtime 连接异常断开 [3musecase[0m[2m=[0m"实时连接断开" [3madapter[0m[2m=[0m"socketioxide" [3moutcome[0m[2m=[0m"failed" [3msession_id[0m[2m=[0m"s-e7c98262c769" [3mdisconnect_reason[0m[2m=[0mThe connection was abruptly closed [3merror_code[0m[2m=[0m"socket_disconnect_abnormal"
[backend] [2m2026-04-19T03:12:41.6251111+08:00[0m [32m INFO[0m ThreadId(10) [2mkoko::shell::房间外壳[0m[2m:[0m HTTP 请求已受理 [3musecase[0m[2m=[0m"引导匿名身份" [3madapter[0m[2m=[0m"http" [3moutcome[0m[2m=[0m"accepted" [3mrequest_kind[0m[2m=[0m"匿名身份引导"
[backend] [2m2026-04-19T03:12:41.8719765+08:00[0m [32m INFO[0m ThreadId(12) [2mkoko::shell::房间外壳[0m[2m:[0m 引导匿名身份成功 [3musecase[0m[2m=[0m"引导匿名身份" [3madapter[0m[2m=[0m"http" [3moutcome[0m[2m=[0m"succeeded" [3mrequest_kind[0m[2m=[0m"匿名身份引导" [3msession_id[0m[2m=[0m"s-eb3783c5424e"
[backend] [2m2026-04-19T03:12:41.8880142+08:00[0m [32m INFO[0m ThreadId(06) [2mkoko::shell::实时外壳[0m[2m:[0m realtime 连接认证已受理 [3musecase[0m[2m=[0m"实时连接认证" [3madapter[0m[2m=[0m"socketioxide" [3moutcome[0m[2m=[0m"accepted" [3msession_id[0m[2m=[0m"s-eb3783c5424e"
[backend] [2m2026-04-19T03:12:41.8903075+08:00[0m [32m INFO[0m ThreadId(08) [2mkoko::shell::实时外壳[0m[2m:[0m realtime 连接认证成功 [3musecase[0m[2m=[0m"实时连接认证" [3madapter[0m[2m=[0m"socketioxide" [3moutcome[0m[2m=[0m"succeeded" [3msession_id[0m[2m=[0m"s-eb3783c5424e"
[backend] [2m2026-04-19T03:13:00.5999396+08:00[0m [32m INFO[0m ThreadId(08) [2mkoko::shell::房间外壳[0m[2m:[0m HTTP 请求已受理 [3musecase[0m[2m=[0m"按短码进房或建房" [3madapter[0m[2m=[0m"http" [3moutcome[0m[2m=[0m"accepted" [3mrequest_kind[0m[2m=[0m"短码进房或建房" [3msession_id[0m[2m=[0m"s-eb3783c5424e"
[backend] [2m2026-04-19T03:13:00.6407172+08:00[0m [32m INFO[0m ThreadId(08) [2mkoko::shell::房间外壳[0m[2m:[0m 按短码进房或建房成功 [3musecase[0m[2m=[0m"按短码进房或建房" [3madapter[0m[2m=[0m"http" [3moutcome[0m[2m=[0m"succeeded" [3mrequest_kind[0m[2m=[0m"短码进房或建房" [3msession_id[0m[2m=[0m"s-eb3783c5424e" [3mroom_id[0m[2m=[0m"r-3cdfd560046a" [3mevent_position[0m[2m=[0m24
[backend] [2m2026-04-19T03:13:00.6494147+08:00[0m [32m INFO[0m ThreadId(08) [2mkoko::shell::实时外壳[0m[2m:[0m realtime 订阅请求已受理 [3musecase[0m[2m=[0m"订阅房间事件流" [3madapter[0m[2m=[0m"socketioxide" [3moutcome[0m[2m=[0m"accepted" [3mroom_id[0m[2m=[0m"r-3cdfd560046a" [3msession_id[0m[2m=[0m"s-eb3783c5424e" [3mfrom[0m[2m=[0m24
[backend] [2m2026-04-19T03:13:00.6581841+08:00[0m [32m INFO[0m ThreadId(06) [2mkoko::shell::实时外壳[0m[2m:[0m 订阅房间事件流成功 [3musecase[0m[2m=[0m"订阅房间事件流" [3madapter[0m[2m=[0m"socketioxide" [3moutcome[0m[2m=[0m"succeeded" [3mroom_id[0m[2m=[0m"r-3cdfd560046a" [3msession_id[0m[2m=[0m"s-eb3783c5424e" [3mfrom[0m[2m=[0m24 [3mevent_position[0m[2m=[0m24
[backend] [2m2026-04-19T03:13:00.7570439+08:00[0m [32m INFO[0m ThreadId(08) [2mkoko::shell::媒体资产外壳[0m[2m:[0m HTTP 请求已受理 [3musecase[0m[2m=[0m"读取附件内容" [3madapter[0m[2m=[0m"http" [3moutcome[0m[2m=[0m"accepted" [3mrequest_kind[0m[2m=[0m"附件内容读取" [3mattachment_id[0m[2m=[0m"att-961d957a1877" [3msession_id[0m[2m=[0m"s-eb3783c5424e"
[backend] [2m2026-04-19T03:13:00.7583412+08:00[0m [32m INFO[0m ThreadId(08) [2mkoko::shell::媒体资产外壳[0m[2m:[0m HTTP 请求已受理 [3musecase[0m[2m=[0m"读取附件内容" [3madapter[0m[2m=[0m"http" [3moutcome[0m[2m=[0m"accepted" [3mrequest_kind[0m[2m=[0m"附件内容读取" [3mattachment_id[0m[2m=[0m"att-8d44cbfede62" [3msession_id[0m[2m=[0m"s-eb3783c5424e"
[backend] [2m2026-04-19T03:13:00.7603862+08:00[0m [32m INFO[0m ThreadId(08) [2mkoko::shell::媒体资产外壳[0m[2m:[0m HTTP 请求已受理 [3musecase[0m[2m=[0m"读取附件内容" [3madapter[0m[2m=[0m"http" [3moutcome[0m[2m=[0m"accepted" [3mrequest_kind[0m[2m=[0m"附件内容读取" [3mattachment_id[0m[2m=[0m"att-2d964b96c071" [3msession_id[0m[2m=[0m"s-eb3783c5424e"
[backend] [2m2026-04-19T03:13:00.7607174+08:00[0m [32m INFO[0m ThreadId(12) [2mkoko::shell::媒体资产外壳[0m[2m:[0m HTTP 请求已受理 [3musecase[0m[2m=[0m"读取附件内容" [3madapter[0m[2m=[0m"http" [3moutcome[0m[2m=[0m"accepted" [3mrequest_kind[0m[2m=[0m"附件内容读取" [3mattachment_id[0m[2m=[0m"att-681e5b27b0c2" [3msession_id[0m[2m=[0m"s-eb3783c5424e"
[backend] [2m2026-04-19T03:13:00.7684127+08:00[0m [32m INFO[0m ThreadId(06) [2mkoko::shell::媒体资产外壳[0m[2m:[0m HTTP 请求已受理 [3musecase[0m[2m=[0m"读取附件内容" [3madapter[0m[2m=[0m"http" [3moutcome[0m[2m=[0m"accepted" [3mrequest_kind[0m[2m=[0m"附件内容读取" [3mattachment_id[0m[2m=[0m"att-ac7a1188a600" [3msession_id[0m[2m=[0m"s-eb3783c5424e"
[backend] [2m2026-04-19T03:13:00.770257+08:00[0m [32m INFO[0m ThreadId(06) [2mkoko::shell::媒体资产外壳[0m[2m:[0m HTTP 请求已受理 [3musecase[0m[2m=[0m"读取附件内容" [3madapter[0m[2m=[0m"http" [3moutcome[0m[2m=[0m"accepted" [3mrequest_kind[0m[2m=[0m"附件内容读取" [3mattachment_id[0m[2m=[0m"att-3a48c8f47757" [3msession_id[0m[2m=[0m"s-eb3783c5424e"
[backend] [2m2026-04-19T03:13:00.8127769+08:00[0m [32m INFO[0m ThreadId(12) [2mkoko::shell::媒体资产外壳[0m[2m:[0m 读取附件内容成功 [3musecase[0m[2m=[0m"读取附件内容" [3madapter[0m[2m=[0m"http" [3moutcome[0m[2m=[0m"succeeded" [3mrequest_kind[0m[2m=[0m"附件内容读取" [3mattachment_id[0m[2m=[0m"att-681e5b27b0c2" [3msession_id[0m[2m=[0m"s-eb3783c5424e"
[backend] [2m2026-04-19T03:13:00.8423004+08:00[0m [32m INFO[0m ThreadId(06) [2mkoko::shell::媒体资产外壳[0m[2m:[0m HTTP 请求已受理 [3musecase[0m[2m=[0m"读取附件内容" [3madapter[0m[2m=[0m"http" [3moutcome[0m[2m=[0m"accepted" [3mrequest_kind[0m[2m=[0m"附件内容读取" [3mattachment_id[0m[2m=[0m"att-792bea97c0bd" [3msession_id[0m[2m=[0m"s-eb3783c5424e"
[backend] [2m2026-04-19T03:13:00.8909908+08:00[0m [32m INFO[0m ThreadId(12) [2mkoko::shell::媒体资产外壳[0m[2m:[0m 读取附件内容成功 [3musecase[0m[2m=[0m"读取附件内容" [3madapter[0m[2m=[0m"http" [3moutcome[0m[2m=[0m"succeeded" [3mrequest_kind[0m[2m=[0m"附件内容读取" [3mattachment_id[0m[2m=[0m"att-792bea97c0bd" [3msession_id[0m[2m=[0m"s-eb3783c5424e"
[backend] [2m2026-04-19T03:13:00.9221028+08:00[0m [32m INFO[0m ThreadId(12) [2mkoko::shell::媒体资产外壳[0m[2m:[0m HTTP 请求已受理 [3musecase[0m[2m=[0m"读取附件内容" [3madapter[0m[2m=[0m"http" [3moutcome[0m[2m=[0m"accepted" [3mrequest_kind[0m[2m=[0m"附件内容读取" [3mattachment_id[0m[2m=[0m"att-ea250b02f4f3" [3msession_id[0m[2m=[0m"s-eb3783c5424e"
[backend] [2m2026-04-19T03:13:00.9427886+08:00[0m [32m INFO[0m ThreadId(12) [2mkoko::shell::媒体资产外壳[0m[2m:[0m 读取附件内容成功 [3musecase[0m[2m=[0m"读取附件内容" [3madapter[0m[2m=[0m"http" [3moutcome[0m[2m=[0m"succeeded" [3mrequest_kind[0m[2m=[0m"附件内容读取" [3mattachment_id[0m[2m=[0m"att-ea250b02f4f3" [3msession_id[0m[2m=[0m"s-eb3783c5424e"
[backend] [2m2026-04-19T03:13:01.0179429+08:00[0m [32m INFO[0m ThreadId(06) [2mkoko::shell::媒体资产外壳[0m[2m:[0m HTTP 请求已受理 [3musecase[0m[2m=[0m"读取附件内容" [3madapter[0m[2m=[0m"http" [3moutcome[0m[2m=[0m"accepted" [3mrequest_kind[0m[2m=[0m"附件内容读取" [3mattachment_id[0m[2m=[0m"att-fb643f1210f6" [3msession_id[0m[2m=[0m"s-eb3783c5424e"
[backend] [2m2026-04-19T03:13:01.0329283+08:00[0m [32m INFO[0m ThreadId(06) [2mkoko::shell::媒体资产外壳[0m[2m:[0m 读取附件内容成功 [3musecase[0m[2m=[0m"读取附件内容" [3madapter[0m[2m=[0m"http" [3moutcome[0m[2m=[0m"succeeded" [3mrequest_kind[0m[2m=[0m"附件内容读取" [3mattachment_id[0m[2m=[0m"att-fb643f1210f6" [3msession_id[0m[2m=[0m"s-eb3783c5424e"
[backend] [2m2026-04-19T03:13:01.0627752+08:00[0m [32m INFO[0m ThreadId(08) [2mkoko::shell::媒体资产外壳[0m[2m:[0m HTTP 请求已受理 [3musecase[0m[2m=[0m"读取附件内容" [3madapter[0m[2m=[0m"http" [3moutcome[0m[2m=[0m"accepted" [3mrequest_kind[0m[2m=[0m"附件内容读取" [3mattachment_id[0m[2m=[0m"att-88e3fb0cd3fa" [3msession_id[0m[2m=[0m"s-eb3783c5424e"
[backend] [2m2026-04-19T03:13:01.0868391+08:00[0m [32m INFO[0m ThreadId(08) [2mkoko::shell::媒体资产外壳[0m[2m:[0m 读取附件内容成功 [3musecase[0m[2m=[0m"读取附件内容" [3madapter[0m[2m=[0m"http" [3moutcome[0m[2m=[0m"succeeded" [3mrequest_kind[0m[2m=[0m"附件内容读取" [3mattachment_id[0m[2m=[0m"att-88e3fb0cd3fa" [3msession_id[0m[2m=[0m"s-eb3783c5424e"
[backend] [2m2026-04-19T03:13:01.1320157+08:00[0m [32m INFO[0m ThreadId(12) [2mkoko::shell::媒体资产外壳[0m[2m:[0m HTTP 请求已受理 [3musecase[0m[2m=[0m"读取附件内容" [3madapter[0m[2m=[0m"http" [3moutcome[0m[2m=[0m"accepted" [3mrequest_kind[0m[2m=[0m"附件内容读取" [3mattachment_id[0m[2m=[0m"att-98d8a14f0c2c" [3msession_id[0m[2m=[0m"s-eb3783c5424e"
[backend] [2m2026-04-19T03:13:01.1652074+08:00[0m [32m INFO[0m ThreadId(12) [2mkoko::shell::媒体资产外壳[0m[2m:[0m 读取附件内容成功 [3musecase[0m[2m=[0m"读取附件内容" [3madapter[0m[2m=[0m"http" [3moutcome[0m[2m=[0m"succeeded" [3mrequest_kind[0m[2m=[0m"附件内容读取" [3mattachment_id[0m[2m=[0m"att-98d8a14f0c2c" [3msession_id[0m[2m=[0m"s-eb3783c5424e"
[backend] [2m2026-04-19T03:13:01.1952271+08:00[0m [32m INFO[0m ThreadId(12) [2mkoko::shell::房间外壳[0m[2m:[0m HTTP 请求已受理 [3musecase[0m[2m=[0m"推进房间阅读位置" [3madapter[0m[2m=[0m"http" [3moutcome[0m[2m=[0m"accepted" [3mrequest_kind[0m[2m=[0m"房间阅读位置推进" [3mroom_id[0m[2m=[0m"r-3cdfd560046a" [3msession_id[0m[2m=[0m"s-eb3783c5424e" [3mevent_position[0m[2m=[0m24
[backend] [2m2026-04-19T03:13:01.2066236+08:00[0m [32m INFO[0m ThreadId(12) [2mkoko::shell::房间外壳[0m[2m:[0m 推进房间阅读位置成功 [3musecase[0m[2m=[0m"推进房间阅读位置" [3madapter[0m[2m=[0m"http" [3moutcome[0m[2m=[0m"succeeded" [3mrequest_kind[0m[2m=[0m"房间阅读位置推进" [3mroom_id[0m[2m=[0m"r-3cdfd560046a" [3msession_id[0m[2m=[0m"s-eb3783c5424e" [3mevent_position[0m[2m=[0m24
[backend] [2m2026-04-19T03:13:01.2109219+08:00[0m [32m INFO[0m ThreadId(06) [2mkoko::shell::媒体资产外壳[0m[2m:[0m HTTP 请求已受理 [3musecase[0m[2m=[0m"读取附件内容" [3madapter[0m[2m=[0m"http" [3moutcome[0m[2m=[0m"accepted" [3mrequest_kind[0m[2m=[0m"附件内容读取" [3mattachment_id[0m[2m=[0m"att-528cc3c6d877" [3msession_id[0m[2m=[0m"s-eb3783c5424e"
[backend] [2m2026-04-19T03:13:01.21601+08:00[0m [32m INFO[0m ThreadId(12) [2mkoko::shell::媒体资产外壳[0m[2m:[0m 读取附件内容成功 [3musecase[0m[2m=[0m"读取附件内容" [3madapter[0m[2m=[0m"http" [3moutcome[0m[2m=[0m"succeeded" [3mrequest_kind[0m[2m=[0m"附件内容读取" [3mattachment_id[0m[2m=[0m"att-8d44cbfede62" [3msession_id[0m[2m=[0m"s-eb3783c5424e"
[backend] [2m2026-04-19T03:13:01.220288+08:00[0m [32m INFO[0m ThreadId(08) [2mkoko::shell::媒体资产外壳[0m[2m:[0m 读取附件内容成功 [3musecase[0m[2m=[0m"读取附件内容" [3madapter[0m[2m=[0m"http" [3moutcome[0m[2m=[0m"succeeded" [3mrequest_kind[0m[2m=[0m"附件内容读取" [3mattachment_id[0m[2m=[0m"att-2d964b96c071" [3msession_id[0m[2m=[0m"s-eb3783c5424e"
[backend] [2m2026-04-19T03:13:01.224119+08:00[0m [32m INFO[0m ThreadId(06) [2mkoko::shell::媒体资产外壳[0m[2m:[0m HTTP 请求已受理 [3musecase[0m[2m=[0m"读取附件内容" [3madapter[0m[2m=[0m"http" [3moutcome[0m[2m=[0m"accepted" [3mrequest_kind[0m[2m=[0m"附件内容读取" [3mattachment_id[0m[2m=[0m"att-bdbf430c4928" [3msession_id[0m[2m=[0m"s-eb3783c5424e"
[backend] [2m2026-04-19T03:13:01.2278275+08:00[0m [32m INFO[0m ThreadId(06) [2mkoko::shell::媒体资产外壳[0m[2m:[0m 读取附件内容成功 [3musecase[0m[2m=[0m"读取附件内容" [3madapter[0m[2m=[0m"http" [3moutcome[0m[2m=[0m"succeeded" [3mrequest_kind[0m[2m=[0m"附件内容读取" [3mattachment_id[0m[2m=[0m"att-961d957a1877" [3msession_id[0m[2m=[0m"s-eb3783c5424e"
[backend] [2m2026-04-19T03:13:01.2420889+08:00[0m [32m INFO[0m ThreadId(12) [2mkoko::shell::媒体资产外壳[0m[2m:[0m 读取附件内容成功 [3musecase[0m[2m=[0m"读取附件内容" [3madapter[0m[2m=[0m"http" [3moutcome[0m[2m=[0m"succeeded" [3mrequest_kind[0m[2m=[0m"附件内容读取" [3mattachment_id[0m[2m=[0m"att-528cc3c6d877" [3msession_id[0m[2m=[0m"s-eb3783c5424e"
[backend] [2m2026-04-19T03:13:01.2477202+08:00[0m [32m INFO[0m ThreadId(12) [2mkoko::shell::媒体资产外壳[0m[2m:[0m 读取附件内容成功 [3musecase[0m[2m=[0m"读取附件内容" [3madapter[0m[2m=[0m"http" [3moutcome[0m[2m=[0m"succeeded" [3mrequest_kind[0m[2m=[0m"附件内容读取" [3mattachment_id[0m[2m=[0m"att-bdbf430c4928" [3msession_id[0m[2m=[0m"s-eb3783c5424e"
[backend] [2m2026-04-19T03:13:01.2489082+08:00[0m [32m INFO[0m ThreadId(10) [2mkoko::shell::媒体资产外壳[0m[2m:[0m HTTP 请求已受理 [3musecase[0m[2m=[0m"读取附件内容" [3madapter[0m[2m=[0m"http" [3moutcome[0m[2m=[0m"accepted" [3mrequest_kind[0m[2m=[0m"附件内容读取" [3mattachment_id[0m[2m=[0m"att-fac5794f284f" [3msession_id[0m[2m=[0m"s-eb3783c5424e"
[backend] [2m2026-04-19T03:13:01.2514584+08:00[0m [32m INFO[0m ThreadId(06) [2mkoko::shell::媒体资产外壳[0m[2m:[0m 读取附件内容成功 [3musecase[0m[2m=[0m"读取附件内容" [3madapter[0m[2m=[0m"http" [3moutcome[0m[2m=[0m"succeeded" [3mrequest_kind[0m[2m=[0m"附件内容读取" [3mattachment_id[0m[2m=[0m"att-ac7a1188a600" [3msession_id[0m[2m=[0m"s-eb3783c5424e"
[backend] [2m2026-04-19T03:13:01.2536017+08:00[0m [32m INFO[0m ThreadId(08) [2mkoko::shell::媒体资产外壳[0m[2m:[0m HTTP 请求已受理 [3musecase[0m[2m=[0m"读取附件内容" [3madapter[0m[2m=[0m"http" [3moutcome[0m[2m=[0m"accepted" [3mrequest_kind[0m[2m=[0m"附件内容读取" [3mattachment_id[0m[2m=[0m"att-9ffa539f6803" [3msession_id[0m[2m=[0m"s-eb3783c5424e"
[backend] [2m2026-04-19T03:13:01.2688854+08:00[0m [32m INFO[0m ThreadId(12) [2mkoko::shell::媒体资产外壳[0m[2m:[0m 读取附件内容成功 [3musecase[0m[2m=[0m"读取附件内容" [3madapter[0m[2m=[0m"http" [3moutcome[0m[2m=[0m"succeeded" [3mrequest_kind[0m[2m=[0m"附件内容读取" [3mattachment_id[0m[2m=[0m"att-9ffa539f6803" [3msession_id[0m[2m=[0m"s-eb3783c5424e"
[backend] [2m2026-04-19T03:13:01.2738886+08:00[0m [32m INFO[0m ThreadId(06) [2mkoko::shell::媒体资产外壳[0m[2m:[0m 读取附件内容成功 [3musecase[0m[2m=[0m"读取附件内容" [3madapter[0m[2m=[0m"http" [3moutcome[0m[2m=[0m"succeeded" [3mrequest_kind[0m[2m=[0m"附件内容读取" [3mattachment_id[0m[2m=[0m"att-fac5794f284f" [3msession_id[0m[2m=[0m"s-eb3783c5424e"
[backend] [2m2026-04-19T03:13:01.2746876+08:00[0m [32m INFO[0m ThreadId(08) [2mkoko::shell::媒体资产外壳[0m[2m:[0m 读取附件内容成功 [3musecase[0m[2m=[0m"读取附件内容" [3madapter[0m[2m=[0m"http" [3moutcome[0m[2m=[0m"succeeded" [3mrequest_kind[0m[2m=[0m"附件内容读取" [3mattachment_id[0m[2m=[0m"att-3a48c8f47757" [3msession_id[0m[2m=[0m"s-eb3783c5424e"
[backend] [2m2026-04-19T03:13:01.8487855+08:00[0m [32m INFO[0m ThreadId(12) [2mkoko::shell::媒体资产外壳[0m[2m:[0m HTTP 请求已受理 [3musecase[0m[2m=[0m"读取附件内容" [3madapter[0m[2m=[0m"http" [3moutcome[0m[2m=[0m"accepted" [3mrequest_kind[0m[2m=[0m"附件内容读取" [3mattachment_id[0m[2m=[0m"att-9ffa539f6803" [3msession_id[0m[2m=[0m"s-eb3783c5424e"
[backend] [2m2026-04-19T03:13:01.8718124+08:00[0m [32m INFO[0m ThreadId(08) [2mkoko::shell::媒体资产外壳[0m[2m:[0m 读取附件内容成功 [3musecase[0m[2m=[0m"读取附件内容" [3madapter[0m[2m=[0m"http" [3moutcome[0m[2m=[0m"succeeded" [3mrequest_kind[0m[2m=[0m"附件内容读取" [3mattachment_id[0m[2m=[0m"att-9ffa539f6803" [3msession_id[0m[2m=[0m"s-eb3783c5424e"
[backend] [2m2026-04-19T03:13:01.9061423+08:00[0m [32m INFO[0m ThreadId(06) [2mkoko::shell::媒体资产外壳[0m[2m:[0m HTTP 请求已受理 [3musecase[0m[2m=[0m"读取附件内容" [3madapter[0m[2m=[0m"http" [3moutcome[0m[2m=[0m"accepted" [3mrequest_kind[0m[2m=[0m"附件内容读取" [3mattachment_id[0m[2m=[0m"att-9ffa539f6803" [3msession_id[0m[2m=[0m"s-eb3783c5424e"
[backend] [2m2026-04-19T03:13:01.9280986+08:00[0m [32m INFO[0m ThreadId(06) [2mkoko::shell::媒体资产外壳[0m[2m:[0m 读取附件内容成功 [3musecase[0m[2m=[0m"读取附件内容" [3madapter[0m[2m=[0m"http" [3moutcome[0m[2m=[0m"succeeded" [3mrequest_kind[0m[2m=[0m"附件内容读取" [3mattachment_id[0m[2m=[0m"att-9ffa539f6803" [3msession_id[0m[2m=[0m"s-eb3783c5424e"
[backend] [2m2026-04-19T03:13:11.4267626+08:00[0m [32m INFO[0m ThreadId(12) [2mkoko::shell::媒体上传外壳[0m[2m:[0m 媒体上传占位已创建 [3musecase[0m[2m=[0m"准备媒体上传" [3madapter[0m[2m=[0m"http" [3moutcome[0m[2m=[0m"succeeded" [3mrequest_kind[0m[2m=[0m"媒体上传 prepare" [3msession_id[0m[2m=[0m"s-eb3783c5424e" [3mattachment_id[0m[2m=[0m"att-2ae1eb710ca9" [3mupload_session_id[0m[2m=[0m"upl-e07be44874fa43609d127cceed9df7a5" [3mattachment_kind[0m[2m=[0m"video" [3mfile_name[0m[2m=[0m"VID_20230816_104033_002.mp4" [3mbyte_size[0m[2m=[0m986783
[backend] [2m2026-04-19T03:13:11.5552309+08:00[0m [32m INFO[0m ThreadId(06) [2mkoko::shell::tus_hook外壳[0m[2m:[0m Tus post-finish 已登记上传回执 [3madapter[0m[2m=[0m"tus_hook" [3mhook[0m[2m=[0m"post-finish" [3mattachment_id[0m[2m=[0m"att-2ae1eb710ca9" [3mupload_session_id[0m[2m=[0m"upl-e07be44874fa43609d127cceed9df7a5" [3mupload_id[0m[2m=[0m"c3b650b00cd17632908597f363f7a0b5" [3mrequest_id[0m[2m=[0m"f07085b5-0842-41b4-bc73-6dcea5683cb8" [3mtransport_role[0m[2m=[0m"single" [3mstorage_locator[0m[2m=[0m"E:\\koko\\data\\tus\\c3b650b00cd17632908597f363f7a0b5"
[backend] [2m2026-04-19T03:13:11.5698107+08:00[0m [32m INFO[0m ThreadId(12) [2mkoko::shell::媒体上传外壳[0m[2m:[0m 媒体上传 complete 重活开始 [3musecase[0m[2m=[0m"完成媒体上传" [3mphase[0m[2m=[0m"complete_heavy_work_enter" [3mattachment_id[0m[2m=[0m"att-2ae1eb710ca9" [3mkind[0m[2m=[0m"video" [3mbyte_size[0m[2m=[0m986783 [3mmedia_complete_max_concurrency[0m[2m=[0m4
[backend] [2m2026-04-19T03:13:11.5718436+08:00[0m [32m INFO[0m ThreadId(12) [2mkoko::shell::媒体上传外壳[0m[2m:[0m 媒体上传 complete 阶段耗时 [3musecase[0m[2m=[0m"完成媒体上传" [3mphase[0m[2m=[0m"complete_heavy_work_stage" [3mattachment_id[0m[2m=[0m"att-2ae1eb710ca9" [3mkind[0m[2m=[0m"video" [3mbyte_size[0m[2m=[0m986783 [3mstage[0m[2m=[0m"parse_video" [3mduration_ms[0m[2m=[0m1
[tusd] 2026/04/19 03:13:11.494091 level=INFO event=RequestIncoming method=OPTIONS path="" requestId=""
[tusd] 2026/04/19 03:13:11.494728 level=INFO event=ResponseOutgoing method=OPTIONS path="" requestId="" status=200 body=""
[tusd] 2026/04/19 03:13:11.497905 level=INFO event=RequestIncoming method=POST path="" requestId=f07085b5-0842-41b4-bc73-6dcea5683cb8
[tusd] 2026/04/19 03:13:11.498923 level=DEBUG event=HookInvocationStart type=pre-create id=""
[tusd] 2026/04/19 03:13:11.511797 level=DEBUG event=HookInvocationFinish type=pre-create id=""
[tusd] 2026/04/19 03:13:11.513414 level=INFO event=UploadCreated method=POST path="" requestId=f07085b5-0842-41b4-bc73-6dcea5683cb8 id=c3b650b00cd17632908597f363f7a0b5 size=986783 url=http://127.0.0.1:1081/files/c3b650b00cd17632908597f363f7a0b5
[tusd] 2026/04/19 03:13:11.518372 level=INFO event=ChunkWriteStart method=POST path="" requestId=f07085b5-0842-41b4-bc73-6dcea5683cb8 id=c3b650b00cd17632908597f363f7a0b5 maxSize=986783 offset=0
[tusd] 2026/04/19 03:13:11.538472 level=INFO event=ChunkWriteComplete method=POST path="" requestId=f07085b5-0842-41b4-bc73-6dcea5683cb8 id=c3b650b00cd17632908597f363f7a0b5 bytesWritten=986783
[tusd] 2026/04/19 03:13:11.539173 level=INFO event=UploadFinished method=POST path="" requestId=f07085b5-0842-41b4-bc73-6dcea5683cb8 id=c3b650b00cd17632908597f363f7a0b5 size=986783
[tusd] 2026/04/19 03:13:11.539703 level=INFO event=ResponseOutgoing method=POST path="" requestId=f07085b5-0842-41b4-bc73-6dcea5683cb8 id=c3b650b00cd17632908597f363f7a0b5 status=201 body=""
[tusd] 2026/04/19 03:13:11.539703 level=DEBUG event=HookInvocationStart type=post-finish id=c3b650b00cd17632908597f363f7a0b5
[tusd] 2026/04/19 03:13:11.556821 level=DEBUG event=HookInvocationFinish type=post-finish id=c3b650b00cd17632908597f363f7a0b5
[backend] [2m2026-04-19T03:13:12.1389989+08:00[0m [32m INFO[0m ThreadId(12) [2mkoko::shell::媒体上传外壳[0m[2m:[0m 媒体上传 complete 阶段耗时 [3musecase[0m[2m=[0m"完成媒体上传" [3mphase[0m[2m=[0m"complete_heavy_work_stage" [3mattachment_id[0m[2m=[0m"att-2ae1eb710ca9" [3mkind[0m[2m=[0m"video" [3mbyte_size[0m[2m=[0m986783 [3mstage[0m[2m=[0m"package_streaming_assets" [3mduration_ms[0m[2m=[0m566
[backend] [2m2026-04-19T03:13:12.1828355+08:00[0m [32m INFO[0m ThreadId(12) [2mkoko::shell::媒体上传外壳[0m[2m:[0m 媒体上传 complete 阶段耗时 [3musecase[0m[2m=[0m"完成媒体上传" [3mphase[0m[2m=[0m"complete_heavy_work_stage" [3mattachment_id[0m[2m=[0m"att-2ae1eb710ca9" [3mkind[0m[2m=[0m"video" [3mbyte_size[0m[2m=[0m986783 [3mstage[0m[2m=[0m"build_distribution_request" [3mduration_ms[0m[2m=[0m42
[backend] [2m2026-04-19T03:13:12.2418807+08:00[0m [32m INFO[0m ThreadId(12) [2mkoko::shell::媒体上传外壳[0m[2m:[0m 媒体上传 complete 阶段耗时 [3musecase[0m[2m=[0m"完成媒体上传" [3mphase[0m[2m=[0m"complete_heavy_work_stage" [3mattachment_id[0m[2m=[0m"att-2ae1eb710ca9" [3mkind[0m[2m=[0m"video" [3mbyte_size[0m[2m=[0m986783 [3mstage[0m[2m=[0m"generate_torrent" [3mduration_ms[0m[2m=[0m58
[backend] [2m2026-04-19T03:13:12.2592266+08:00[0m [32m INFO[0m ThreadId(12) [2mkoko::shell::媒体上传外壳[0m[2m:[0m 媒体上传 complete 阶段耗时 [3musecase[0m[2m=[0m"完成媒体上传" [3mphase[0m[2m=[0m"complete_heavy_work_stage" [3mattachment_id[0m[2m=[0m"att-2ae1eb710ca9" [3mkind[0m[2m=[0m"video" [3mbyte_size[0m[2m=[0m986783 [3mstage[0m[2m=[0m"upload_streaming_assets" [3mduration_ms[0m[2m=[0m16
[backend] [2m2026-04-19T03:13:12.2755558+08:00[0m [32m INFO[0m ThreadId(05) [2mkoko::shell::媒体上传外壳[0m[2m:[0m 媒体上传 complete 阶段耗时 [3musecase[0m[2m=[0m"完成媒体上传" [3mphase[0m[2m=[0m"complete_heavy_work_stage" [3mattachment_id[0m[2m=[0m"att-2ae1eb710ca9" [3mkind[0m[2m=[0m"video" [3mbyte_size[0m[2m=[0m986783 [3mstage[0m[2m=[0m"write_authoritative_snapshot" [3mduration_ms[0m[2m=[0m15
[backend] [2m2026-04-19T03:13:12.2765624+08:00[0m [32m INFO[0m ThreadId(05) [2mkoko::shell::媒体上传外壳[0m[2m:[0m 媒体上传 complete 阶段耗时 [3musecase[0m[2m=[0m"完成媒体上传" [3mphase[0m[2m=[0m"complete_heavy_work_stage" [3mattachment_id[0m[2m=[0m"att-2ae1eb710ca9" [3mkind[0m[2m=[0m"video" [3mbyte_size[0m[2m=[0m986783 [3mstage[0m[2m=[0m"delete_upload_temp_file" [3mduration_ms[0m[2m=[0m0
[backend] [2m2026-04-19T03:13:12.2783656+08:00[0m [32m INFO[0m ThreadId(06) [2mkoko::shell::媒体上传外壳[0m[2m:[0m 媒体上传 complete 阶段耗时 [3musecase[0m[2m=[0m"完成媒体上传" [3mphase[0m[2m=[0m"complete_heavy_work_stage" [3mattachment_id[0m[2m=[0m"att-2ae1eb710ca9" [3mkind[0m[2m=[0m"video" [3mbyte_size[0m[2m=[0m986783 [3mstage[0m[2m=[0m"retire_original_upload_source" [3mduration_ms[0m[2m=[0m1
[backend] [2m2026-04-19T03:13:12.2789815+08:00[0m [32m INFO[0m ThreadId(06) [2mkoko::shell::媒体上传外壳[0m[2m:[0m 媒体上传 complete 重活完成 [3musecase[0m[2m=[0m"完成媒体上传" [3mphase[0m[2m=[0m"complete_heavy_work_exit" [3mattachment_id[0m[2m=[0m"att-2ae1eb710ca9" [3mkind[0m[2m=[0m"video" [3mbyte_size[0m[2m=[0m986783 [3mduration_ms[0m[2m=[0m709
[backend] [2m2026-04-19T03:13:36.3124806+08:00[0m [32m INFO[0m ThreadId(11) [2mkoko::shell::实时外壳[0m[2m:[0m realtime 创建消息请求已受理 [3musecase[0m[2m=[0m"创建消息" [3madapter[0m[2m=[0m"socketioxide" [3moutcome[0m[2m=[0m"accepted" [3mroom_id[0m[2m=[0m"r-3cdfd560046a" [3msession_id[0m[2m=[0m"s-eb3783c5424e" [3mclient_message_id[0m[2m=[0m"2707f6d0-1a30-4835-b917-45083d8b2708"
[backend] [2m2026-04-19T03:13:36.3317786+08:00[0m [32m INFO[0m ThreadId(06) [2mkoko::shell::实时外壳[0m[2m:[0m 创建消息成功 [3musecase[0m[2m=[0m"创建消息" [3madapter[0m[2m=[0m"socketioxide" [3moutcome[0m[2m=[0m"succeeded" [3mroom_id[0m[2m=[0m"r-3cdfd560046a" [3msession_id[0m[2m=[0m"s-eb3783c5424e" [3mclient_message_id[0m[2m=[0m"2707f6d0-1a30-4835-b917-45083d8b2708" [3mevent_position[0m[2m=[0m25
[backend] [2m2026-04-19T03:13:36.349246+08:00[0m [32m INFO[0m ThreadId(05) [2mkoko::shell::媒体资产外壳[0m[2m:[0m HTTP 请求已受理 [3musecase[0m[2m=[0m"读取附件内容" [3madapter[0m[2m=[0m"http" [3moutcome[0m[2m=[0m"accepted" [3mrequest_kind[0m[2m=[0m"附件内容读取" [3mattachment_id[0m[2m=[0m"att-2ae1eb710ca9" [3msession_id[0m[2m=[0m"s-eb3783c5424e"
[backend] [2m2026-04-19T03:13:36.3645202+08:00[0m [32m INFO[0m ThreadId(05) [2mkoko::shell::媒体资产外壳[0m[2m:[0m 读取附件内容成功 [3musecase[0m[2m=[0m"读取附件内容" [3madapter[0m[2m=[0m"http" [3moutcome[0m[2m=[0m"succeeded" [3mrequest_kind[0m[2m=[0m"附件内容读取" [3mattachment_id[0m[2m=[0m"att-2ae1eb710ca9" [3msession_id[0m[2m=[0m"s-eb3783c5424e"
[backend] [2m2026-04-19T03:13:36.5645363+08:00[0m [32m INFO[0m ThreadId(10) [2mkoko::shell::媒体资产外壳[0m[2m:[0m HTTP 请求已受理 [3musecase[0m[2m=[0m"读取附件内容" [3madapter[0m[2m=[0m"http" [3moutcome[0m[2m=[0m"accepted" [3mrequest_kind[0m[2m=[0m"附件内容读取" [3mattachment_id[0m[2m=[0m"att-2ae1eb710ca9" [3msession_id[0m[2m=[0m"s-eb3783c5424e"
[backend] [2m2026-04-19T03:13:36.5777666+08:00[0m [32m INFO[0m ThreadId(10) [2mkoko::shell::媒体资产外壳[0m[2m:[0m 读取附件内容成功 [3musecase[0m[2m=[0m"读取附件内容" [3madapter[0m[2m=[0m"http" [3moutcome[0m[2m=[0m"succeeded" [3mrequest_kind[0m[2m=[0m"附件内容读取" [3mattachment_id[0m[2m=[0m"att-2ae1eb710ca9" [3msession_id[0m[2m=[0m"s-eb3783c5424e"
[backend] [2m2026-04-19T03:13:36.6344925+08:00[0m [32m INFO[0m ThreadId(05) [2mkoko::shell::媒体资产外壳[0m[2m:[0m HTTP 请求已受理 [3musecase[0m[2m=[0m"读取附件内容" [3madapter[0m[2m=[0m"http" [3moutcome[0m[2m=[0m"accepted" [3mrequest_kind[0m[2m=[0m"附件内容读取" [3mattachment_id[0m[2m=[0m"att-2ae1eb710ca9" [3msession_id[0m[2m=[0m"s-eb3783c5424e"
[backend] [2m2026-04-19T03:13:36.6454466+08:00[0m [32m INFO[0m ThreadId(10) [2mkoko::shell::媒体资产外壳[0m[2m:[0m 读取附件内容成功 [3musecase[0m[2m=[0m"读取附件内容" [3madapter[0m[2m=[0m"http" [3moutcome[0m[2m=[0m"succeeded" [3mrequest_kind[0m[2m=[0m"附件内容读取" [3mattachment_id[0m[2m=[0m"att-2ae1eb710ca9" [3msession_id[0m[2m=[0m"s-eb3783c5424e"
[backend] [2m2026-04-19T03:13:36.7561012+08:00[0m [32m INFO[0m ThreadId(06) [2mkoko::shell::房间外壳[0m[2m:[0m HTTP 请求已受理 [3musecase[0m[2m=[0m"推进房间阅读位置" [3madapter[0m[2m=[0m"http" [3moutcome[0m[2m=[0m"accepted" [3mrequest_kind[0m[2m=[0m"房间阅读位置推进" [3mroom_id[0m[2m=[0m"r-3cdfd560046a" [3msession_id[0m[2m=[0m"s-eb3783c5424e" [3mevent_position[0m[2m=[0m25
[backend] [2m2026-04-19T03:13:36.7649484+08:00[0m [32m INFO[0m ThreadId(06) [2mkoko::shell::房间外壳[0m[2m:[0m 推进房间阅读位置成功 [3musecase[0m[2m=[0m"推进房间阅读位置" [3madapter[0m[2m=[0m"http" [3moutcome[0m[2m=[0m"succeeded" [3mrequest_kind[0m[2m=[0m"房间阅读位置推进" [3mroom_id[0m[2m=[0m"r-3cdfd560046a" [3msession_id[0m[2m=[0m"s-eb3783c5424e" [3mevent_position[0m[2m=[0m25
[backend] [2m2026-04-19T03:13:43.0921806+08:00[0m [32m INFO[0m ThreadId(06) [2mkoko::shell::媒体上传外壳[0m[2m:[0m 媒体上传占位已创建 [3musecase[0m[2m=[0m"准备媒体上传" [3madapter[0m[2m=[0m"http" [3moutcome[0m[2m=[0m"succeeded" [3mrequest_kind[0m[2m=[0m"媒体上传 prepare" [3msession_id[0m[2m=[0m"s-eb3783c5424e" [3mattachment_id[0m[2m=[0m"att-cd5a0edf2c3f" [3mupload_session_id[0m[2m=[0m"upl-7fedd54bdd8648fa98ee3061a25cfe68" [3mattachment_kind[0m[2m=[0m"video" [3mfile_name[0m[2m=[0m"VID_20230816_103957_431.mp4" [3mbyte_size[0m[2m=[0m921021
[backend] [2m2026-04-19T03:13:43.1726883+08:00[0m [32m INFO[0m ThreadId(10) [2mkoko::shell::tus_hook外壳[0m[2m:[0m Tus post-finish 已登记上传回执 [3madapter[0m[2m=[0m"tus_hook" [3mhook[0m[2m=[0m"post-finish" [3mattachment_id[0m[2m=[0m"att-cd5a0edf2c3f" [3mupload_session_id[0m[2m=[0m"upl-7fedd54bdd8648fa98ee3061a25cfe68" [3mupload_id[0m[2m=[0m"595fe6bb51b71717be6f8a4dada444c6" [3mrequest_id[0m[2m=[0m"b91bbfde-baeb-4655-b7b5-52bee7b3d19b" [3mtransport_role[0m[2m=[0m"single" [3mstorage_locator[0m[2m=[0m"E:\\koko\\data\\tus\\595fe6bb51b71717be6f8a4dada444c6"
[backend] [2m2026-04-19T03:13:43.1737704+08:00[0m [32m INFO[0m ThreadId(05) [2mkoko::shell::媒体上传外壳[0m[2m:[0m 媒体上传 complete 重活开始 [3musecase[0m[2m=[0m"完成媒体上传" [3mphase[0m[2m=[0m"complete_heavy_work_enter" [3mattachment_id[0m[2m=[0m"att-cd5a0edf2c3f" [3mkind[0m[2m=[0m"video" [3mbyte_size[0m[2m=[0m921021 [3mmedia_complete_max_concurrency[0m[2m=[0m4
[tusd] 2026/04/19 03:13:43.114838 level=INFO event=RequestIncoming method=POST path="" requestId=b91bbfde-baeb-4655-b7b5-52bee7b3d19b
[tusd] 2026/04/19 03:13:43.115357 level=DEBUG event=HookInvocationStart type=pre-create id=""
[tusd] 2026/04/19 03:13:43.127257 level=DEBUG event=HookInvocationFinish type=pre-create id=""
[tusd] 2026/04/19 03:13:43.131111 level=INFO event=UploadCreated method=POST path="" requestId=b91bbfde-baeb-4655-b7b5-52bee7b3d19b id=595fe6bb51b71717be6f8a4dada444c6 size=921021 url=http://127.0.0.1:1081/files/595fe6bb51b71717be6f8a4dada444c6
[tusd] 2026/04/19 03:13:43.136893 level=INFO event=ChunkWriteStart method=POST path="" requestId=b91bbfde-baeb-4655-b7b5-52bee7b3d19b id=595fe6bb51b71717be6f8a4dada444c6 maxSize=921021 offset=0
[tusd] 2026/04/19 03:13:43.154739 level=INFO event=ChunkWriteComplete method=POST path="" requestId=b91bbfde-baeb-4655-b7b5-52bee7b3d19b id=595fe6bb51b71717be6f8a4dada444c6 bytesWritten=921021
[tusd] 2026/04/19 03:13:43.155436 level=INFO event=UploadFinished method=POST path="" requestId=b91bbfde-baeb-4655-b7b5-52bee7b3d19b id=595fe6bb51b71717be6f8a4dada444c6 size=921021
[tusd] 2026/04/19 03:13:43.156009 level=INFO event=ResponseOutgoing method=POST path="" requestId=b91bbfde-baeb-4655-b7b5-52bee7b3d19b id=595fe6bb51b71717be6f8a4dada444c6 status=201 body=""
[tusd] 2026/04/19 03:13:43.156009 level=DEBUG event=HookInvocationStart type=post-finish id=595fe6bb51b71717be6f8a4dada444c6
[tusd] 2026/04/19 03:13:43.173655 level=DEBUG event=HookInvocationFinish type=post-finish id=595fe6bb51b71717be6f8a4dada444c6
[backend] [2m2026-04-19T03:13:43.1816691+08:00[0m [32m INFO[0m ThreadId(05) [2mkoko::shell::媒体上传外壳[0m[2m:[0m 媒体上传 complete 阶段耗时 [3musecase[0m[2m=[0m"完成媒体上传" [3mphase[0m[2m=[0m"complete_heavy_work_stage" [3mattachment_id[0m[2m=[0m"att-cd5a0edf2c3f" [3mkind[0m[2m=[0m"video" [3mbyte_size[0m[2m=[0m921021 [3mstage[0m[2m=[0m"parse_video" [3mduration_ms[0m[2m=[0m7
[backend] [2m2026-04-19T03:13:43.8583871+08:00[0m [32m INFO[0m ThreadId(05) [2mkoko::shell::媒体上传外壳[0m[2m:[0m 媒体上传 complete 阶段耗时 [3musecase[0m[2m=[0m"完成媒体上传" [3mphase[0m[2m=[0m"complete_heavy_work_stage" [3mattachment_id[0m[2m=[0m"att-cd5a0edf2c3f" [3mkind[0m[2m=[0m"video" [3mbyte_size[0m[2m=[0m921021 [3mstage[0m[2m=[0m"package_streaming_assets" [3mduration_ms[0m[2m=[0m676
[backend] [2m2026-04-19T03:13:43.9014914+08:00[0m [32m INFO[0m ThreadId(05) [2mkoko::shell::媒体上传外壳[0m[2m:[0m 媒体上传 complete 阶段耗时 [3musecase[0m[2m=[0m"完成媒体上传" [3mphase[0m[2m=[0m"complete_heavy_work_stage" [3mattachment_id[0m[2m=[0m"att-cd5a0edf2c3f" [3mkind[0m[2m=[0m"video" [3mbyte_size[0m[2m=[0m921021 [3mstage[0m[2m=[0m"build_distribution_request" [3mduration_ms[0m[2m=[0m42
[backend] [2m2026-04-19T03:13:43.9589674+08:00[0m [32m INFO[0m ThreadId(05) [2mkoko::shell::媒体上传外壳[0m[2m:[0m 媒体上传 complete 阶段耗时 [3musecase[0m[2m=[0m"完成媒体上传" [3mphase[0m[2m=[0m"complete_heavy_work_stage" [3mattachment_id[0m[2m=[0m"att-cd5a0edf2c3f" [3mkind[0m[2m=[0m"video" [3mbyte_size[0m[2m=[0m921021 [3mstage[0m[2m=[0m"generate_torrent" [3mduration_ms[0m[2m=[0m56
[backend] [2m2026-04-19T03:13:43.9799676+08:00[0m [32m INFO[0m ThreadId(06) [2mkoko::shell::媒体上传外壳[0m[2m:[0m 媒体上传 complete 阶段耗时 [3musecase[0m[2m=[0m"完成媒体上传" [3mphase[0m[2m=[0m"complete_heavy_work_stage" [3mattachment_id[0m[2m=[0m"att-cd5a0edf2c3f" [3mkind[0m[2m=[0m"video" [3mbyte_size[0m[2m=[0m921021 [3mstage[0m[2m=[0m"upload_streaming_assets" [3mduration_ms[0m[2m=[0m20
[backend] [2m2026-04-19T03:13:43.9919359+08:00[0m [32m INFO[0m ThreadId(06) [2mkoko::shell::媒体上传外壳[0m[2m:[0m 媒体上传 complete 阶段耗时 [3musecase[0m[2m=[0m"完成媒体上传" [3mphase[0m[2m=[0m"complete_heavy_work_stage" [3mattachment_id[0m[2m=[0m"att-cd5a0edf2c3f" [3mkind[0m[2m=[0m"video" [3mbyte_size[0m[2m=[0m921021 [3mstage[0m[2m=[0m"write_authoritative_snapshot" [3mduration_ms[0m[2m=[0m11
[backend] [2m2026-04-19T03:13:43.9930823+08:00[0m [32m INFO[0m ThreadId(06) [2mkoko::shell::媒体上传外壳[0m[2m:[0m 媒体上传 complete 阶段耗时 [3musecase[0m[2m=[0m"完成媒体上传" [3mphase[0m[2m=[0m"complete_heavy_work_stage" [3mattachment_id[0m[2m=[0m"att-cd5a0edf2c3f" [3mkind[0m[2m=[0m"video" [3mbyte_size[0m[2m=[0m921021 [3mstage[0m[2m=[0m"delete_upload_temp_file" [3mduration_ms[0m[2m=[0m0
[backend] [2m2026-04-19T03:13:43.9958715+08:00[0m [32m INFO[0m ThreadId(11) [2mkoko::shell::媒体上传外壳[0m[2m:[0m 媒体上传 complete 阶段耗时 [3musecase[0m[2m=[0m"完成媒体上传" [3mphase[0m[2m=[0m"complete_heavy_work_stage" [3mattachment_id[0m[2m=[0m"att-cd5a0edf2c3f" [3mkind[0m[2m=[0m"video" [3mbyte_size[0m[2m=[0m921021 [3mstage[0m[2m=[0m"retire_original_upload_source" [3mduration_ms[0m[2m=[0m2
[backend] [2m2026-04-19T03:13:43.9967129+08:00[0m [32m INFO[0m ThreadId(11) [2mkoko::shell::媒体上传外壳[0m[2m:[0m 媒体上传 complete 重活完成 [3musecase[0m[2m=[0m"完成媒体上传" [3mphase[0m[2m=[0m"complete_heavy_work_exit" [3mattachment_id[0m[2m=[0m"att-cd5a0edf2c3f" [3mkind[0m[2m=[0m"video" [3mbyte_size[0m[2m=[0m921021 [3mduration_ms[0m[2m=[0m822
[backend] [2m2026-04-19T03:13:48.7785327+08:00[0m [32m INFO[0m ThreadId(06) [2mkoko::shell::实时外壳[0m[2m:[0m realtime 创建消息请求已受理 [3musecase[0m[2m=[0m"创建消息" [3madapter[0m[2m=[0m"socketioxide" [3moutcome[0m[2m=[0m"accepted" [3mroom_id[0m[2m=[0m"r-3cdfd560046a" [3msession_id[0m[2m=[0m"s-eb3783c5424e" [3mclient_message_id[0m[2m=[0m"6604c6e0-221c-4035-8aa8-f7033c87c275"
[backend] [2m2026-04-19T03:13:48.7939101+08:00[0m [32m INFO[0m ThreadId(11) [2mkoko::shell::实时外壳[0m[2m:[0m 创建消息成功 [3musecase[0m[2m=[0m"创建消息" [3madapter[0m[2m=[0m"socketioxide" [3moutcome[0m[2m=[0m"succeeded" [3mroom_id[0m[2m=[0m"r-3cdfd560046a" [3msession_id[0m[2m=[0m"s-eb3783c5424e" [3mclient_message_id[0m[2m=[0m"6604c6e0-221c-4035-8aa8-f7033c87c275" [3mevent_position[0m[2m=[0m26
[backend] [2m2026-04-19T03:13:48.813901+08:00[0m [32m INFO[0m ThreadId(05) [2mkoko::shell::媒体资产外壳[0m[2m:[0m HTTP 请求已受理 [3musecase[0m[2m=[0m"读取附件内容" [3madapter[0m[2m=[0m"http" [3moutcome[0m[2m=[0m"accepted" [3mrequest_kind[0m[2m=[0m"附件内容读取" [3mattachment_id[0m[2m=[0m"att-cd5a0edf2c3f" [3msession_id[0m[2m=[0m"s-eb3783c5424e"
[backend] [2m2026-04-19T03:13:48.8276886+08:00[0m [32m INFO[0m ThreadId(05) [2mkoko::shell::媒体资产外壳[0m[2m:[0m 读取附件内容成功 [3musecase[0m[2m=[0m"读取附件内容" [3madapter[0m[2m=[0m"http" [3moutcome[0m[2m=[0m"succeeded" [3mrequest_kind[0m[2m=[0m"附件内容读取" [3mattachment_id[0m[2m=[0m"att-cd5a0edf2c3f" [3msession_id[0m[2m=[0m"s-eb3783c5424e"
[backend] [2m2026-04-19T03:13:49.2073014+08:00[0m [32m INFO[0m ThreadId(11) [2mkoko::shell::房间外壳[0m[2m:[0m HTTP 请求已受理 [3musecase[0m[2m=[0m"推进房间阅读位置" [3madapter[0m[2m=[0m"http" [3moutcome[0m[2m=[0m"accepted" [3mrequest_kind[0m[2m=[0m"房间阅读位置推进" [3mroom_id[0m[2m=[0m"r-3cdfd560046a" [3msession_id[0m[2m=[0m"s-eb3783c5424e" [3mevent_position[0m[2m=[0m26
[backend] [2m2026-04-19T03:13:49.2154148+08:00[0m [32m INFO[0m ThreadId(05) [2mkoko::shell::房间外壳[0m[2m:[0m 推进房间阅读位置成功 [3musecase[0m[2m=[0m"推进房间阅读位置" [3madapter[0m[2m=[0m"http" [3moutcome[0m[2m=[0m"succeeded" [3mrequest_kind[0m[2m=[0m"房间阅读位置推进" [3mroom_id[0m[2m=[0m"r-3cdfd560046a" [3msession_id[0m[2m=[0m"s-eb3783c5424e" [3mevent_position[0m[2m=[0m26
[typecheck] 03:16:00 - File change detected. Starting incremental compilation...
[typecheck] 03:16:00 - Found 0 errors. Watching for file changes.
[backend] [2m2026-04-19T03:18:44.4648108+08:00[0m [32m INFO[0m ThreadId(10) [2mkoko::shell::实时外壳[0m[2m:[0m realtime 连接已正常断开 [3musecase[0m[2m=[0m"实时连接断开" [3madapter[0m[2m=[0m"socketioxide" [3moutcome[0m[2m=[0m"dropped" [3msession_id[0m[2m=[0m"s-eb3783c5424e" [3mdisconnect_reason[0m[2m=[0mclient has manually disconnected the socket from the namespace
[backend] [2m2026-04-19T03:18:44.7913685+08:00[0m [32m INFO[0m ThreadId(06) [2mkoko::shell::房间外壳[0m[2m:[0m HTTP 请求已受理 [3musecase[0m[2m=[0m"引导匿名身份" [3madapter[0m[2m=[0m"http" [3moutcome[0m[2m=[0m"accepted" [3mrequest_kind[0m[2m=[0m"匿名身份引导"
[backend] [2m2026-04-19T03:18:44.7944171+08:00[0m [32m INFO[0m ThreadId(05) [2mkoko::shell::房间外壳[0m[2m:[0m 引导匿名身份成功 [3musecase[0m[2m=[0m"引导匿名身份" [3madapter[0m[2m=[0m"http" [3moutcome[0m[2m=[0m"succeeded" [3mrequest_kind[0m[2m=[0m"匿名身份引导" [3msession_id[0m[2m=[0m"s-eb3783c5424e"
[backend] [2m2026-04-19T03:18:44.8399482+08:00[0m [32m INFO[0m ThreadId(10) [2mkoko::shell::房间外壳[0m[2m:[0m HTTP 请求已受理 [3musecase[0m[2m=[0m"加载房间快照" [3madapter[0m[2m=[0m"http" [3moutcome[0m[2m=[0m"accepted" [3mrequest_kind[0m[2m=[0m"房间快照查询" [3mroom_id[0m[2m=[0m"r-3cdfd560046a" [3msession_id[0m[2m=[0m"s-eb3783c5424e"
[backend] [2m2026-04-19T03:18:44.867313+08:00[0m [32m INFO[0m ThreadId(08) [2mkoko::shell::实时外壳[0m[2m:[0m realtime 连接认证已受理 [3musecase[0m[2m=[0m"实时连接认证" [3madapter[0m[2m=[0m"socketioxide" [3moutcome[0m[2m=[0m"accepted" [3msession_id[0m[2m=[0m"s-eb3783c5424e"
[backend] [2m2026-04-19T03:18:44.8694337+08:00[0m [32m INFO[0m ThreadId(06) [2mkoko::shell::实时外壳[0m[2m:[0m realtime 连接认证成功 [3musecase[0m[2m=[0m"实时连接认证" [3madapter[0m[2m=[0m"socketioxide" [3moutcome[0m[2m=[0m"succeeded" [3msession_id[0m[2m=[0m"s-eb3783c5424e"
[backend] [2m2026-04-19T03:18:44.8742378+08:00[0m [32m INFO[0m ThreadId(05) [2mkoko::shell::实时外壳[0m[2m:[0m realtime 订阅请求已受理 [3musecase[0m[2m=[0m"订阅房间事件流" [3madapter[0m[2m=[0m"socketioxide" [3moutcome[0m[2m=[0m"accepted" [3mroom_id[0m[2m=[0m"r-3cdfd560046a" [3msession_id[0m[2m=[0m"s-eb3783c5424e" [3mfrom[0m[2m=[0m0
[backend] [2m2026-04-19T03:18:44.8890225+08:00[0m [32m INFO[0m ThreadId(06) [2mkoko::shell::房间外壳[0m[2m:[0m 加载房间快照成功 [3musecase[0m[2m=[0m"加载房间快照" [3madapter[0m[2m=[0m"http" [3moutcome[0m[2m=[0m"succeeded" [3mrequest_kind[0m[2m=[0m"房间快照查询" [3mroom_id[0m[2m=[0m"r-3cdfd560046a" [3msession_id[0m[2m=[0m"s-eb3783c5424e" [3mevent_position[0m[2m=[0m26
[backend] [2m2026-04-19T03:18:44.8934206+08:00[0m [32m INFO[0m ThreadId(05) [2mkoko::shell::实时外壳[0m[2m:[0m 订阅房间事件流成功 [3musecase[0m[2m=[0m"订阅房间事件流" [3madapter[0m[2m=[0m"socketioxide" [3moutcome[0m[2m=[0m"succeeded" [3mroom_id[0m[2m=[0m"r-3cdfd560046a" [3msession_id[0m[2m=[0m"s-eb3783c5424e" [3mfrom[0m[2m=[0m0 [3mevent_position[0m[2m=[0m26
[backend] [2m2026-04-19T03:18:44.9522375+08:00[0m [32m INFO[0m ThreadId(11) [2mkoko::shell::媒体资产外壳[0m[2m:[0m HTTP 请求已受理 [3musecase[0m[2m=[0m"读取附件内容" [3madapter[0m[2m=[0m"http" [3moutcome[0m[2m=[0m"accepted" [3mrequest_kind[0m[2m=[0m"附件内容读取" [3mattachment_id[0m[2m=[0m"att-961d957a1877" [3msession_id[0m[2m=[0m"s-eb3783c5424e"
[backend] [2m2026-04-19T03:18:44.956297+08:00[0m [32m INFO[0m ThreadId(11) [2mkoko::shell::媒体资产外壳[0m[2m:[0m HTTP 请求已受理 [3musecase[0m[2m=[0m"读取附件内容" [3madapter[0m[2m=[0m"http" [3moutcome[0m[2m=[0m"accepted" [3mrequest_kind[0m[2m=[0m"附件内容读取" [3mattachment_id[0m[2m=[0m"att-8d44cbfede62" [3msession_id[0m[2m=[0m"s-eb3783c5424e"
[backend] [2m2026-04-19T03:18:44.9582673+08:00[0m [32m INFO[0m ThreadId(06) [2mkoko::shell::媒体资产外壳[0m[2m:[0m HTTP 请求已受理 [3musecase[0m[2m=[0m"读取附件内容" [3madapter[0m[2m=[0m"http" [3moutcome[0m[2m=[0m"accepted" [3mrequest_kind[0m[2m=[0m"附件内容读取" [3mattachment_id[0m[2m=[0m"att-681e5b27b0c2" [3msession_id[0m[2m=[0m"s-eb3783c5424e"
[backend] [2m2026-04-19T03:18:44.9587384+08:00[0m [32m INFO[0m ThreadId(05) [2mkoko::shell::媒体资产外壳[0m[2m:[0m HTTP 请求已受理 [3musecase[0m[2m=[0m"读取附件内容" [3madapter[0m[2m=[0m"http" [3moutcome[0m[2m=[0m"accepted" [3mrequest_kind[0m[2m=[0m"附件内容读取" [3mattachment_id[0m[2m=[0m"att-2d964b96c071" [3msession_id[0m[2m=[0m"s-eb3783c5424e"
[backend] [2m2026-04-19T03:18:44.9580121+08:00[0m [32m INFO[0m ThreadId(08) [2mkoko::shell::实时外壳[0m[2m:[0m realtime 订阅请求已受理 [3musecase[0m[2m=[0m"订阅房间事件流" [3madapter[0m[2m=[0m"socketioxide" [3moutcome[0m[2m=[0m"accepted" [3mroom_id[0m[2m=[0m"r-3cdfd560046a" [3msession_id[0m[2m=[0m"s-eb3783c5424e" [3mfrom[0m[2m=[0m26
[backend] [2m2026-04-19T03:18:44.9625228+08:00[0m [32m INFO[0m ThreadId(12) [2mkoko::shell::媒体资产外壳[0m[2m:[0m HTTP 请求已受理 [3musecase[0m[2m=[0m"读取附件内容" [3madapter[0m[2m=[0m"http" [3moutcome[0m[2m=[0m"accepted" [3mrequest_kind[0m[2m=[0m"附件内容读取" [3mattachment_id[0m[2m=[0m"att-ac7a1188a600" [3msession_id[0m[2m=[0m"s-eb3783c5424e"
[backend] [2m2026-04-19T03:18:44.9711971+08:00[0m [32m INFO[0m ThreadId(06) [2mkoko::shell::媒体资产外壳[0m[2m:[0m HTTP 请求已受理 [3musecase[0m[2m=[0m"读取附件内容" [3madapter[0m[2m=[0m"http" [3moutcome[0m[2m=[0m"accepted" [3mrequest_kind[0m[2m=[0m"附件内容读取" [3mattachment_id[0m[2m=[0m"att-3a48c8f47757" [3msession_id[0m[2m=[0m"s-eb3783c5424e"
[backend] [2m2026-04-19T03:18:44.9732238+08:00[0m [32m INFO[0m ThreadId(12) [2mkoko::shell::媒体资产外壳[0m[2m:[0m 读取附件内容成功 [3musecase[0m[2m=[0m"读取附件内容" [3madapter[0m[2m=[0m"http" [3moutcome[0m[2m=[0m"succeeded" [3mrequest_kind[0m[2m=[0m"附件内容读取" [3mattachment_id[0m[2m=[0m"att-8d44cbfede62" [3msession_id[0m[2m=[0m"s-eb3783c5424e"
[backend] [2m2026-04-19T03:18:44.9759953+08:00[0m [32m INFO[0m ThreadId(12) [2mkoko::shell::媒体资产外壳[0m[2m:[0m 读取附件内容成功 [3musecase[0m[2m=[0m"读取附件内容" [3madapter[0m[2m=[0m"http" [3moutcome[0m[2m=[0m"succeeded" [3mrequest_kind[0m[2m=[0m"附件内容读取" [3mattachment_id[0m[2m=[0m"att-961d957a1877" [3msession_id[0m[2m=[0m"s-eb3783c5424e"
[backend] [2m2026-04-19T03:18:44.9694733+08:00[0m [32m INFO[0m ThreadId(08) [2mkoko::shell::实时外壳[0m[2m:[0m 订阅房间事件流成功 [3musecase[0m[2m=[0m"订阅房间事件流" [3madapter[0m[2m=[0m"socketioxide" [3moutcome[0m[2m=[0m"succeeded" [3mroom_id[0m[2m=[0m"r-3cdfd560046a" [3msession_id[0m[2m=[0m"s-eb3783c5424e" [3mfrom[0m[2m=[0m26 [3mevent_position[0m[2m=[0m26
[backend] [2m2026-04-19T03:18:44.9776141+08:00[0m [32m INFO[0m ThreadId(06) [2mkoko::shell::媒体资产外壳[0m[2m:[0m 读取附件内容成功 [3musecase[0m[2m=[0m"读取附件内容" [3madapter[0m[2m=[0m"http" [3moutcome[0m[2m=[0m"succeeded" [3mrequest_kind[0m[2m=[0m"附件内容读取" [3mattachment_id[0m[2m=[0m"att-2d964b96c071" [3msession_id[0m[2m=[0m"s-eb3783c5424e"
[backend] [2m2026-04-19T03:18:44.9817399+08:00[0m [32m INFO[0m ThreadId(11) [2mkoko::shell::媒体资产外壳[0m[2m:[0m HTTP 请求已受理 [3musecase[0m[2m=[0m"读取附件内容" [3madapter[0m[2m=[0m"http" [3moutcome[0m[2m=[0m"accepted" [3mrequest_kind[0m[2m=[0m"附件内容读取" [3mattachment_id[0m[2m=[0m"att-792bea97c0bd" [3msession_id[0m[2m=[0m"s-eb3783c5424e"
[backend] [2m2026-04-19T03:18:44.9873952+08:00[0m [32m INFO[0m ThreadId(06) [2mkoko::shell::媒体资产外壳[0m[2m:[0m HTTP 请求已受理 [3musecase[0m[2m=[0m"读取附件内容" [3madapter[0m[2m=[0m"http" [3moutcome[0m[2m=[0m"accepted" [3mrequest_kind[0m[2m=[0m"附件内容读取" [3mattachment_id[0m[2m=[0m"att-ea250b02f4f3" [3msession_id[0m[2m=[0m"s-eb3783c5424e"
[backend] [2m2026-04-19T03:18:44.9919148+08:00[0m [32m INFO[0m ThreadId(08) [2mkoko::shell::媒体资产外壳[0m[2m:[0m HTTP 请求已受理 [3musecase[0m[2m=[0m"读取附件内容" [3madapter[0m[2m=[0m"http" [3moutcome[0m[2m=[0m"accepted" [3mrequest_kind[0m[2m=[0m"附件内容读取" [3mattachment_id[0m[2m=[0m"att-cd5a0edf2c3f" [3msession_id[0m[2m=[0m"s-eb3783c5424e"
[backend] [2m2026-04-19T03:18:44.9933137+08:00[0m [32m INFO[0m ThreadId(12) [2mkoko::shell::媒体资产外壳[0m[2m:[0m 读取附件内容成功 [3musecase[0m[2m=[0m"读取附件内容" [3madapter[0m[2m=[0m"http" [3moutcome[0m[2m=[0m"succeeded" [3mrequest_kind[0m[2m=[0m"附件内容读取" [3mattachment_id[0m[2m=[0m"att-ac7a1188a600" [3msession_id[0m[2m=[0m"s-eb3783c5424e"
[backend] [2m2026-04-19T03:18:45.0005061+08:00[0m [32m INFO[0m ThreadId(12) [2mkoko::shell::媒体资产外壳[0m[2m:[0m 读取附件内容成功 [3musecase[0m[2m=[0m"读取附件内容" [3madapter[0m[2m=[0m"http" [3moutcome[0m[2m=[0m"succeeded" [3mrequest_kind[0m[2m=[0m"附件内容读取" [3mattachment_id[0m[2m=[0m"att-792bea97c0bd" [3msession_id[0m[2m=[0m"s-eb3783c5424e"
[backend] [2m2026-04-19T03:18:45.0067566+08:00[0m [32m INFO[0m ThreadId(12) [2mkoko::shell::媒体资产外壳[0m[2m:[0m 读取附件内容成功 [3musecase[0m[2m=[0m"读取附件内容" [3madapter[0m[2m=[0m"http" [3moutcome[0m[2m=[0m"succeeded" [3mrequest_kind[0m[2m=[0m"附件内容读取" [3mattachment_id[0m[2m=[0m"att-681e5b27b0c2" [3msession_id[0m[2m=[0m"s-eb3783c5424e"
[backend] [2m2026-04-19T03:18:45.0147492+08:00[0m [32m INFO[0m ThreadId(08) [2mkoko::shell::媒体资产外壳[0m[2m:[0m 读取附件内容成功 [3musecase[0m[2m=[0m"读取附件内容" [3madapter[0m[2m=[0m"http" [3moutcome[0m[2m=[0m"succeeded" [3mrequest_kind[0m[2m=[0m"附件内容读取" [3mattachment_id[0m[2m=[0m"att-3a48c8f47757" [3msession_id[0m[2m=[0m"s-eb3783c5424e"
[backend] [2m2026-04-19T03:18:45.0235348+08:00[0m [32m INFO[0m ThreadId(11) [2mkoko::shell::媒体资产外壳[0m[2m:[0m HTTP 请求已受理 [3musecase[0m[2m=[0m"读取附件内容" [3madapter[0m[2m=[0m"http" [3moutcome[0m[2m=[0m"accepted" [3mrequest_kind[0m[2m=[0m"附件内容读取" [3mattachment_id[0m[2m=[0m"att-98d8a14f0c2c" [3msession_id[0m[2m=[0m"s-eb3783c5424e"
[backend] [2m2026-04-19T03:18:45.0247678+08:00[0m [32m INFO[0m ThreadId(11) [2mkoko::shell::媒体资产外壳[0m[2m:[0m HTTP 请求已受理 [3musecase[0m[2m=[0m"读取附件内容" [3madapter[0m[2m=[0m"http" [3moutcome[0m[2m=[0m"accepted" [3mrequest_kind[0m[2m=[0m"附件内容读取" [3mattachment_id[0m[2m=[0m"att-528cc3c6d877" [3msession_id[0m[2m=[0m"s-eb3783c5424e"
[backend] [2m2026-04-19T03:18:45.0283528+08:00[0m [32m INFO[0m ThreadId(12) [2mkoko::shell::媒体资产外壳[0m[2m:[0m HTTP 请求已受理 [3musecase[0m[2m=[0m"读取附件内容" [3madapter[0m[2m=[0m"http" [3moutcome[0m[2m=[0m"accepted" [3mrequest_kind[0m[2m=[0m"附件内容读取" [3mattachment_id[0m[2m=[0m"att-bdbf430c4928" [3msession_id[0m[2m=[0m"s-eb3783c5424e"
[backend] [2m2026-04-19T03:18:45.038222+08:00[0m [32m INFO[0m ThreadId(08) [2mkoko::shell::媒体资产外壳[0m[2m:[0m 读取附件内容成功 [3musecase[0m[2m=[0m"读取附件内容" [3madapter[0m[2m=[0m"http" [3moutcome[0m[2m=[0m"succeeded" [3mrequest_kind[0m[2m=[0m"附件内容读取" [3mattachment_id[0m[2m=[0m"att-528cc3c6d877" [3msession_id[0m[2m=[0m"s-eb3783c5424e"
[backend] [2m2026-04-19T03:18:45.0417157+08:00[0m [32m INFO[0m ThreadId(11) [2mkoko::shell::媒体资产外壳[0m[2m:[0m HTTP 请求已受理 [3musecase[0m[2m=[0m"读取附件内容" [3madapter[0m[2m=[0m"http" [3moutcome[0m[2m=[0m"accepted" [3mrequest_kind[0m[2m=[0m"附件内容读取" [3mattachment_id[0m[2m=[0m"att-fac5794f284f" [3msession_id[0m[2m=[0m"s-eb3783c5424e"
[backend] [2m2026-04-19T03:18:45.0433733+08:00[0m [32m INFO[0m ThreadId(11) [2mkoko::shell::媒体资产外壳[0m[2m:[0m 读取附件内容成功 [3musecase[0m[2m=[0m"读取附件内容" [3madapter[0m[2m=[0m"http" [3moutcome[0m[2m=[0m"succeeded" [3mrequest_kind[0m[2m=[0m"附件内容读取" [3mattachment_id[0m[2m=[0m"att-cd5a0edf2c3f" [3msession_id[0m[2m=[0m"s-eb3783c5424e"
[backend] [2m2026-04-19T03:18:45.0544762+08:00[0m [32m INFO[0m ThreadId(06) [2mkoko::shell::媒体资产外壳[0m[2m:[0m 读取附件内容成功 [3musecase[0m[2m=[0m"读取附件内容" [3madapter[0m[2m=[0m"http" [3moutcome[0m[2m=[0m"succeeded" [3mrequest_kind[0m[2m=[0m"附件内容读取" [3mattachment_id[0m[2m=[0m"att-ea250b02f4f3" [3msession_id[0m[2m=[0m"s-eb3783c5424e"
[backend] [2m2026-04-19T03:18:45.0571734+08:00[0m [32m INFO[0m ThreadId(08) [2mkoko::shell::媒体资产外壳[0m[2m:[0m HTTP 请求已受理 [3musecase[0m[2m=[0m"读取附件内容" [3madapter[0m[2m=[0m"http" [3moutcome[0m[2m=[0m"accepted" [3mrequest_kind[0m[2m=[0m"附件内容读取" [3mattachment_id[0m[2m=[0m"att-9ffa539f6803" [3msession_id[0m[2m=[0m"s-eb3783c5424e"
[backend] [2m2026-04-19T03:18:45.0619272+08:00[0m [32m INFO[0m ThreadId(08) [2mkoko::shell::媒体资产外壳[0m[2m:[0m 读取附件内容成功 [3musecase[0m[2m=[0m"读取附件内容" [3madapter[0m[2m=[0m"http" [3moutcome[0m[2m=[0m"succeeded" [3mrequest_kind[0m[2m=[0m"附件内容读取" [3mattachment_id[0m[2m=[0m"att-98d8a14f0c2c" [3msession_id[0m[2m=[0m"s-eb3783c5424e"
[backend] [2m2026-04-19T03:18:45.0698394+08:00[0m [32m INFO[0m ThreadId(12) [2mkoko::shell::媒体资产外壳[0m[2m:[0m HTTP 请求已受理 [3musecase[0m[2m=[0m"读取附件内容" [3madapter[0m[2m=[0m"http" [3moutcome[0m[2m=[0m"accepted" [3mrequest_kind[0m[2m=[0m"附件内容读取" [3mattachment_id[0m[2m=[0m"att-2ae1eb710ca9" [3msession_id[0m[2m=[0m"s-eb3783c5424e"
[backend] [2m2026-04-19T03:18:45.080828+08:00[0m [32m INFO[0m ThreadId(11) [2mkoko::shell::媒体资产外壳[0m[2m:[0m 读取附件内容成功 [3musecase[0m[2m=[0m"读取附件内容" [3madapter[0m[2m=[0m"http" [3moutcome[0m[2m=[0m"succeeded" [3mrequest_kind[0m[2m=[0m"附件内容读取" [3mattachment_id[0m[2m=[0m"att-fac5794f284f" [3msession_id[0m[2m=[0m"s-eb3783c5424e"
[backend] [2m2026-04-19T03:18:45.094383+08:00[0m [32m INFO[0m ThreadId(12) [2mkoko::shell::媒体资产外壳[0m[2m:[0m 读取附件内容成功 [3musecase[0m[2m=[0m"读取附件内容" [3madapter[0m[2m=[0m"http" [3moutcome[0m[2m=[0m"succeeded" [3mrequest_kind[0m[2m=[0m"附件内容读取" [3mattachment_id[0m[2m=[0m"att-9ffa539f6803" [3msession_id[0m[2m=[0m"s-eb3783c5424e"
[backend] [2m2026-04-19T03:18:45.0946407+08:00[0m [32m INFO[0m ThreadId(08) [2mkoko::shell::媒体资产外壳[0m[2m:[0m 读取附件内容成功 [3musecase[0m[2m=[0m"读取附件内容" [3madapter[0m[2m=[0m"http" [3moutcome[0m[2m=[0m"succeeded" [3mrequest_kind[0m[2m=[0m"附件内容读取" [3mattachment_id[0m[2m=[0m"att-bdbf430c4928" [3msession_id[0m[2m=[0m"s-eb3783c5424e"
[backend] [2m2026-04-19T03:18:45.0970528+08:00[0m [32m INFO[0m ThreadId(05) [2mkoko::shell::媒体资产外壳[0m[2m:[0m 读取附件内容成功 [3musecase[0m[2m=[0m"读取附件内容" [3madapter[0m[2m=[0m"http" [3moutcome[0m[2m=[0m"succeeded" [3mrequest_kind[0m[2m=[0m"附件内容读取" [3mattachment_id[0m[2m=[0m"att-2ae1eb710ca9" [3msession_id[0m[2m=[0m"s-eb3783c5424e"
[backend] [2m2026-04-19T03:19:21.5610325+08:00[0m [32m INFO[0m ThreadId(12) [2mkoko::shell::实时外壳[0m[2m:[0m realtime 连接已正常断开 [3musecase[0m[2m=[0m"实时连接断开" [3madapter[0m[2m=[0m"socketioxide" [3moutcome[0m[2m=[0m"dropped" [3msession_id[0m[2m=[0m"s-eb3783c5424e" [3mdisconnect_reason[0m[2m=[0mclient has manually disconnected the socket from the namespace
[backend] [2m2026-04-19T03:19:21.8003119+08:00[0m [32m INFO[0m ThreadId(12) [2mkoko::shell::房间外壳[0m[2m:[0m HTTP 请求已受理 [3musecase[0m[2m=[0m"引导匿名身份" [3madapter[0m[2m=[0m"http" [3moutcome[0m[2m=[0m"accepted" [3mrequest_kind[0m[2m=[0m"匿名身份引导"
[backend] [2m2026-04-19T03:19:21.8029006+08:00[0m [32m INFO[0m ThreadId(11) [2mkoko::shell::房间外壳[0m[2m:[0m 引导匿名身份成功 [3musecase[0m[2m=[0m"引导匿名身份" [3madapter[0m[2m=[0m"http" [3moutcome[0m[2m=[0m"succeeded" [3mrequest_kind[0m[2m=[0m"匿名身份引导" [3msession_id[0m[2m=[0m"s-eb3783c5424e"
[backend] [2m2026-04-19T03:19:21.8511394+08:00[0m [32m INFO[0m ThreadId(08) [2mkoko::shell::房间外壳[0m[2m:[0m HTTP 请求已受理 [3musecase[0m[2m=[0m"加载房间快照" [3madapter[0m[2m=[0m"http" [3moutcome[0m[2m=[0m"accepted" [3mrequest_kind[0m[2m=[0m"房间快照查询" [3mroom_id[0m[2m=[0m"r-3cdfd560046a" [3msession_id[0m[2m=[0m"s-eb3783c5424e"
[backend] [2m2026-04-19T03:19:21.8757651+08:00[0m [32m INFO[0m ThreadId(08) [2mkoko::shell::房间外壳[0m[2m:[0m 加载房间快照成功 [3musecase[0m[2m=[0m"加载房间快照" [3madapter[0m[2m=[0m"http" [3moutcome[0m[2m=[0m"succeeded" [3mrequest_kind[0m[2m=[0m"房间快照查询" [3mroom_id[0m[2m=[0m"r-3cdfd560046a" [3msession_id[0m[2m=[0m"s-eb3783c5424e" [3mevent_position[0m[2m=[0m26
[backend] [2m2026-04-19T03:19:21.8815642+08:00[0m [32m INFO[0m ThreadId(12) [2mkoko::shell::实时外壳[0m[2m:[0m realtime 连接认证已受理 [3musecase[0m[2m=[0m"实时连接认证" [3madapter[0m[2m=[0m"socketioxide" [3moutcome[0m[2m=[0m"accepted" [3msession_id[0m[2m=[0m"s-eb3783c5424e"
[backend] [2m2026-04-19T03:19:21.8837026+08:00[0m [32m INFO[0m ThreadId(06) [2mkoko::shell::实时外壳[0m[2m:[0m realtime 连接认证成功 [3musecase[0m[2m=[0m"实时连接认证" [3madapter[0m[2m=[0m"socketioxide" [3moutcome[0m[2m=[0m"succeeded" [3msession_id[0m[2m=[0m"s-eb3783c5424e"
[backend] [2m2026-04-19T03:19:21.8874819+08:00[0m [32m INFO[0m ThreadId(12) [2mkoko::shell::实时外壳[0m[2m:[0m realtime 订阅请求已受理 [3musecase[0m[2m=[0m"订阅房间事件流" [3madapter[0m[2m=[0m"socketioxide" [3moutcome[0m[2m=[0m"accepted" [3mroom_id[0m[2m=[0m"r-3cdfd560046a" [3msession_id[0m[2m=[0m"s-eb3783c5424e" [3mfrom[0m[2m=[0m0
[backend] [2m2026-04-19T03:19:21.89261+08:00[0m [32m INFO[0m ThreadId(12) [2mkoko::shell::实时外壳[0m[2m:[0m realtime 订阅请求已受理 [3musecase[0m[2m=[0m"订阅房间事件流" [3madapter[0m[2m=[0m"socketioxide" [3moutcome[0m[2m=[0m"accepted" [3mroom_id[0m[2m=[0m"r-3cdfd560046a" [3msession_id[0m[2m=[0m"s-eb3783c5424e" [3mfrom[0m[2m=[0m26
[backend] [2m2026-04-19T03:19:21.9016691+08:00[0m [32m INFO[0m ThreadId(06) [2mkoko::shell::实时外壳[0m[2m:[0m 订阅房间事件流成功 [3musecase[0m[2m=[0m"订阅房间事件流" [3madapter[0m[2m=[0m"socketioxide" [3moutcome[0m[2m=[0m"succeeded" [3mroom_id[0m[2m=[0m"r-3cdfd560046a" [3msession_id[0m[2m=[0m"s-eb3783c5424e" [3mfrom[0m[2m=[0m0 [3mevent_position[0m[2m=[0m26
[backend] [2m2026-04-19T03:19:21.9035838+08:00[0m [32m INFO[0m ThreadId(08) [2mkoko::shell::实时外壳[0m[2m:[0m 订阅房间事件流成功 [3musecase[0m[2m=[0m"订阅房间事件流" [3madapter[0m[2m=[0m"socketioxide" [3moutcome[0m[2m=[0m"succeeded" [3mroom_id[0m[2m=[0m"r-3cdfd560046a" [3msession_id[0m[2m=[0m"s-eb3783c5424e" [3mfrom[0m[2m=[0m26 [3mevent_position[0m[2m=[0m26
[backend] [2m2026-04-19T03:19:21.9511958+08:00[0m [32m INFO[0m ThreadId(11) [2mkoko::shell::媒体资产外壳[0m[2m:[0m HTTP 请求已受理 [3musecase[0m[2m=[0m"读取附件内容" [3madapter[0m[2m=[0m"http" [3moutcome[0m[2m=[0m"accepted" [3mrequest_kind[0m[2m=[0m"附件内容读取" [3mattachment_id[0m[2m=[0m"att-961d957a1877" [3msession_id[0m[2m=[0m"s-eb3783c5424e"
[backend] [2m2026-04-19T03:19:21.9542788+08:00[0m [32m INFO[0m ThreadId(11) [2mkoko::shell::媒体资产外壳[0m[2m:[0m HTTP 请求已受理 [3musecase[0m[2m=[0m"读取附件内容" [3madapter[0m[2m=[0m"http" [3moutcome[0m[2m=[0m"accepted" [3mrequest_kind[0m[2m=[0m"附件内容读取" [3mattachment_id[0m[2m=[0m"att-3a48c8f47757" [3msession_id[0m[2m=[0m"s-eb3783c5424e"
[backend] [2m2026-04-19T03:19:21.9542787+08:00[0m [32m INFO[0m ThreadId(12) [2mkoko::shell::媒体资产外壳[0m[2m:[0m HTTP 请求已受理 [3musecase[0m[2m=[0m"读取附件内容" [3madapter[0m[2m=[0m"http" [3moutcome[0m[2m=[0m"accepted" [3mrequest_kind[0m[2m=[0m"附件内容读取" [3mattachment_id[0m[2m=[0m"att-2d964b96c071" [3msession_id[0m[2m=[0m"s-eb3783c5424e"
[backend] [2m2026-04-19T03:19:21.9542988+08:00[0m [32m INFO[0m ThreadId(06) [2mkoko::shell::媒体资产外壳[0m[2m:[0m HTTP 请求已受理 [3musecase[0m[2m=[0m"读取附件内容" [3madapter[0m[2m=[0m"http" [3moutcome[0m[2m=[0m"accepted" [3mrequest_kind[0m[2m=[0m"附件内容读取" [3mattachment_id[0m[2m=[0m"att-8d44cbfede62" [3msession_id[0m[2m=[0m"s-eb3783c5424e"
[backend] [2m2026-04-19T03:19:21.95515+08:00[0m [32m INFO[0m ThreadId(11) [2mkoko::shell::媒体资产外壳[0m[2m:[0m HTTP 请求已受理 [3musecase[0m[2m=[0m"读取附件内容" [3madapter[0m[2m=[0m"http" [3moutcome[0m[2m=[0m"accepted" [3mrequest_kind[0m[2m=[0m"附件内容读取" [3mattachment_id[0m[2m=[0m"att-ac7a1188a600" [3msession_id[0m[2m=[0m"s-eb3783c5424e"
[backend] [2m2026-04-19T03:19:21.9565419+08:00[0m [32m INFO[0m ThreadId(08) [2mkoko::shell::媒体资产外壳[0m[2m:[0m HTTP 请求已受理 [3musecase[0m[2m=[0m"读取附件内容" [3madapter[0m[2m=[0m"http" [3moutcome[0m[2m=[0m"accepted" [3mrequest_kind[0m[2m=[0m"附件内容读取" [3mattachment_id[0m[2m=[0m"att-681e5b27b0c2" [3msession_id[0m[2m=[0m"s-eb3783c5424e"
[backend] [2m2026-04-19T03:19:21.968402+08:00[0m [32m INFO[0m ThreadId(11) [2mkoko::shell::媒体资产外壳[0m[2m:[0m 读取附件内容成功 [3musecase[0m[2m=[0m"读取附件内容" [3madapter[0m[2m=[0m"http" [3moutcome[0m[2m=[0m"succeeded" [3mrequest_kind[0m[2m=[0m"附件内容读取" [3mattachment_id[0m[2m=[0m"att-2d964b96c071" [3msession_id[0m[2m=[0m"s-eb3783c5424e"
[backend] [2m2026-04-19T03:19:21.9694126+08:00[0m [32m INFO[0m ThreadId(06) [2mkoko::shell::媒体资产外壳[0m[2m:[0m 读取附件内容成功 [3musecase[0m[2m=[0m"读取附件内容" [3madapter[0m[2m=[0m"http" [3moutcome[0m[2m=[0m"succeeded" [3mrequest_kind[0m[2m=[0m"附件内容读取" [3mattachment_id[0m[2m=[0m"att-961d957a1877" [3msession_id[0m[2m=[0m"s-eb3783c5424e"
[backend] [2m2026-04-19T03:19:21.9710752+08:00[0m [32m INFO[0m ThreadId(05) [2mkoko::shell::媒体资产外壳[0m[2m:[0m 读取附件内容成功 [3musecase[0m[2m=[0m"读取附件内容" [3madapter[0m[2m=[0m"http" [3moutcome[0m[2m=[0m"succeeded" [3mrequest_kind[0m[2m=[0m"附件内容读取" [3mattachment_id[0m[2m=[0m"att-3a48c8f47757" [3msession_id[0m[2m=[0m"s-eb3783c5424e"
[backend] [2m2026-04-19T03:19:21.9712211+08:00[0m [32m INFO[0m ThreadId(08) [2mkoko::shell::媒体资产外壳[0m[2m:[0m 读取附件内容成功 [3musecase[0m[2m=[0m"读取附件内容" [3madapter[0m[2m=[0m"http" [3moutcome[0m[2m=[0m"succeeded" [3mrequest_kind[0m[2m=[0m"附件内容读取" [3mattachment_id[0m[2m=[0m"att-ac7a1188a600" [3msession_id[0m[2m=[0m"s-eb3783c5424e"
[backend] [2m2026-04-19T03:19:21.9724497+08:00[0m [32m INFO[0m ThreadId(06) [2mkoko::shell::媒体资产外壳[0m[2m:[0m 读取附件内容成功 [3musecase[0m[2m=[0m"读取附件内容" [3madapter[0m[2m=[0m"http" [3moutcome[0m[2m=[0m"succeeded" [3mrequest_kind[0m[2m=[0m"附件内容读取" [3mattachment_id[0m[2m=[0m"att-8d44cbfede62" [3msession_id[0m[2m=[0m"s-eb3783c5424e"
[backend] [2m2026-04-19T03:19:21.9729529+08:00[0m [32m INFO[0m ThreadId(12) [2mkoko::shell::媒体资产外壳[0m[2m:[0m 读取附件内容成功 [3musecase[0m[2m=[0m"读取附件内容" [3madapter[0m[2m=[0m"http" [3moutcome[0m[2m=[0m"succeeded" [3mrequest_kind[0m[2m=[0m"附件内容读取" [3mattachment_id[0m[2m=[0m"att-681e5b27b0c2" [3msession_id[0m[2m=[0m"s-eb3783c5424e"
[backend] [2m2026-04-19T03:19:22.0034936+08:00[0m [32m INFO[0m ThreadId(11) [2mkoko::shell::媒体资产外壳[0m[2m:[0m HTTP 请求已受理 [3musecase[0m[2m=[0m"读取附件内容" [3madapter[0m[2m=[0m"http" [3moutcome[0m[2m=[0m"accepted" [3mrequest_kind[0m[2m=[0m"附件内容读取" [3mattachment_id[0m[2m=[0m"att-792bea97c0bd" [3msession_id[0m[2m=[0m"s-eb3783c5424e"
[backend] [2m2026-04-19T03:19:22.0088391+08:00[0m [32m INFO[0m ThreadId(11) [2mkoko::shell::媒体资产外壳[0m[2m:[0m HTTP 请求已受理 [3musecase[0m[2m=[0m"读取附件内容" [3madapter[0m[2m=[0m"http" [3moutcome[0m[2m=[0m"accepted" [3mrequest_kind[0m[2m=[0m"附件内容读取" [3mattachment_id[0m[2m=[0m"att-ea250b02f4f3" [3msession_id[0m[2m=[0m"s-eb3783c5424e"
[backend] [2m2026-04-19T03:19:22.0094857+08:00[0m [32m INFO[0m ThreadId(05) [2mkoko::shell::媒体资产外壳[0m[2m:[0m HTTP 请求已受理 [3musecase[0m[2m=[0m"读取附件内容" [3madapter[0m[2m=[0m"http" [3moutcome[0m[2m=[0m"accepted" [3mrequest_kind[0m[2m=[0m"附件内容读取" [3mattachment_id[0m[2m=[0m"att-528cc3c6d877" [3msession_id[0m[2m=[0m"s-eb3783c5424e"
[backend] [2m2026-04-19T03:19:22.0094857+08:00[0m [32m INFO[0m ThreadId(08) [2mkoko::shell::媒体资产外壳[0m[2m:[0m HTTP 请求已受理 [3musecase[0m[2m=[0m"读取附件内容" [3madapter[0m[2m=[0m"http" [3moutcome[0m[2m=[0m"accepted" [3mrequest_kind[0m[2m=[0m"附件内容读取" [3mattachment_id[0m[2m=[0m"att-98d8a14f0c2c" [3msession_id[0m[2m=[0m"s-eb3783c5424e"
[backend] [2m2026-04-19T03:19:22.0190385+08:00[0m [32m INFO[0m ThreadId(12) [2mkoko::shell::媒体资产外壳[0m[2m:[0m HTTP 请求已受理 [3musecase[0m[2m=[0m"读取附件内容" [3madapter[0m[2m=[0m"http" [3moutcome[0m[2m=[0m"accepted" [3mrequest_kind[0m[2m=[0m"附件内容读取" [3mattachment_id[0m[2m=[0m"att-fac5794f284f" [3msession_id[0m[2m=[0m"s-eb3783c5424e"
[backend] [2m2026-04-19T03:19:22.0191121+08:00[0m [32m INFO[0m ThreadId(11) [2mkoko::shell::媒体资产外壳[0m[2m:[0m HTTP 请求已受理 [3musecase[0m[2m=[0m"读取附件内容" [3madapter[0m[2m=[0m"http" [3moutcome[0m[2m=[0m"accepted" [3mrequest_kind[0m[2m=[0m"附件内容读取" [3mattachment_id[0m[2m=[0m"att-bdbf430c4928" [3msession_id[0m[2m=[0m"s-eb3783c5424e"
[backend] [2m2026-04-19T03:19:22.0194482+08:00[0m [32m INFO[0m ThreadId(08) [2mkoko::shell::媒体资产外壳[0m[2m:[0m 读取附件内容成功 [3musecase[0m[2m=[0m"读取附件内容" [3madapter[0m[2m=[0m"http" [3moutcome[0m[2m=[0m"succeeded" [3mrequest_kind[0m[2m=[0m"附件内容读取" [3mattachment_id[0m[2m=[0m"att-792bea97c0bd" [3msession_id[0m[2m=[0m"s-eb3783c5424e"
[backend] [2m2026-04-19T03:19:22.0213911+08:00[0m [32m INFO[0m ThreadId(08) [2mkoko::shell::媒体资产外壳[0m[2m:[0m 读取附件内容成功 [3musecase[0m[2m=[0m"读取附件内容" [3madapter[0m[2m=[0m"http" [3moutcome[0m[2m=[0m"succeeded" [3mrequest_kind[0m[2m=[0m"附件内容读取" [3mattachment_id[0m[2m=[0m"att-98d8a14f0c2c" [3msession_id[0m[2m=[0m"s-eb3783c5424e"
[backend] [2m2026-04-19T03:19:22.0221789+08:00[0m [32m INFO[0m ThreadId(06) [2mkoko::shell::媒体资产外壳[0m[2m:[0m 读取附件内容成功 [3musecase[0m[2m=[0m"读取附件内容" [3madapter[0m[2m=[0m"http" [3moutcome[0m[2m=[0m"succeeded" [3mrequest_kind[0m[2m=[0m"附件内容读取" [3mattachment_id[0m[2m=[0m"att-ea250b02f4f3" [3msession_id[0m[2m=[0m"s-eb3783c5424e"
[backend] [2m2026-04-19T03:19:22.0267815+08:00[0m [32m INFO[0m ThreadId(05) [2mkoko::shell::媒体资产外壳[0m[2m:[0m 读取附件内容成功 [3musecase[0m[2m=[0m"读取附件内容" [3madapter[0m[2m=[0m"http" [3moutcome[0m[2m=[0m"succeeded" [3mrequest_kind[0m[2m=[0m"附件内容读取" [3mattachment_id[0m[2m=[0m"att-528cc3c6d877" [3msession_id[0m[2m=[0m"s-eb3783c5424e"
[backend] [2m2026-04-19T03:19:22.0308877+08:00[0m [32m INFO[0m ThreadId(05) [2mkoko::shell::媒体资产外壳[0m[2m:[0m 读取附件内容成功 [3musecase[0m[2m=[0m"读取附件内容" [3madapter[0m[2m=[0m"http" [3moutcome[0m[2m=[0m"succeeded" [3mrequest_kind[0m[2m=[0m"附件内容读取" [3mattachment_id[0m[2m=[0m"att-bdbf430c4928" [3msession_id[0m[2m=[0m"s-eb3783c5424e"
[backend] [2m2026-04-19T03:19:22.0329316+08:00[0m [32m INFO[0m ThreadId(12) [2mkoko::shell::媒体资产外壳[0m[2m:[0m 读取附件内容成功 [3musecase[0m[2m=[0m"读取附件内容" [3madapter[0m[2m=[0m"http" [3moutcome[0m[2m=[0m"succeeded" [3mrequest_kind[0m[2m=[0m"附件内容读取" [3mattachment_id[0m[2m=[0m"att-fac5794f284f" [3msession_id[0m[2m=[0m"s-eb3783c5424e"
[backend] [2m2026-04-19T03:19:22.0485566+08:00[0m [32m INFO[0m ThreadId(11) [2mkoko::shell::媒体资产外壳[0m[2m:[0m HTTP 请求已受理 [3musecase[0m[2m=[0m"读取附件内容" [3madapter[0m[2m=[0m"http" [3moutcome[0m[2m=[0m"accepted" [3mrequest_kind[0m[2m=[0m"附件内容读取" [3mattachment_id[0m[2m=[0m"att-9ffa539f6803" [3msession_id[0m[2m=[0m"s-eb3783c5424e"
[backend] [2m2026-04-19T03:19:22.0499877+08:00[0m [32m INFO[0m ThreadId(11) [2mkoko::shell::媒体资产外壳[0m[2m:[0m HTTP 请求已受理 [3musecase[0m[2m=[0m"读取附件内容" [3madapter[0m[2m=[0m"http" [3moutcome[0m[2m=[0m"accepted" [3mrequest_kind[0m[2m=[0m"附件内容读取" [3mattachment_id[0m[2m=[0m"att-cd5a0edf2c3f" [3msession_id[0m[2m=[0m"s-eb3783c5424e"
[backend] [2m2026-04-19T03:19:22.0499878+08:00[0m [32m INFO[0m ThreadId(12) [2mkoko::shell::媒体资产外壳[0m[2m:[0m HTTP 请求已受理 [3musecase[0m[2m=[0m"读取附件内容" [3madapter[0m[2m=[0m"http" [3moutcome[0m[2m=[0m"accepted" [3mrequest_kind[0m[2m=[0m"附件内容读取" [3mattachment_id[0m[2m=[0m"att-2ae1eb710ca9" [3msession_id[0m[2m=[0m"s-eb3783c5424e"
[backend] [2m2026-04-19T03:19:22.0601448+08:00[0m [32m INFO[0m ThreadId(08) [2mkoko::shell::媒体资产外壳[0m[2m:[0m 读取附件内容成功 [3musecase[0m[2m=[0m"读取附件内容" [3madapter[0m[2m=[0m"http" [3moutcome[0m[2m=[0m"succeeded" [3mrequest_kind[0m[2m=[0m"附件内容读取" [3mattachment_id[0m[2m=[0m"att-2ae1eb710ca9" [3msession_id[0m[2m=[0m"s-eb3783c5424e"
[backend] [2m2026-04-19T03:19:22.0622462+08:00[0m [32m INFO[0m ThreadId(11) [2mkoko::shell::媒体资产外壳[0m[2m:[0m 读取附件内容成功 [3musecase[0m[2m=[0m"读取附件内容" [3madapter[0m[2m=[0m"http" [3moutcome[0m[2m=[0m"succeeded" [3mrequest_kind[0m[2m=[0m"附件内容读取" [3mattachment_id[0m[2m=[0m"att-9ffa539f6803" [3msession_id[0m[2m=[0m"s-eb3783c5424e"
[backend] [2m2026-04-19T03:19:22.0639108+08:00[0m [32m INFO[0m ThreadId(05) [2mkoko::shell::媒体资产外壳[0m[2m:[0m 读取附件内容成功 [3musecase[0m[2m=[0m"读取附件内容" [3madapter[0m[2m=[0m"http" [3moutcome[0m[2m=[0m"succeeded" [3mrequest_kind[0m[2m=[0m"附件内容读取" [3mattachment_id[0m[2m=[0m"att-cd5a0edf2c3f" [3msession_id[0m[2m=[0m"s-eb3783c5424e"
[backend] [2m2026-04-19T03:19:36.274431+08:00[0m [32m INFO[0m ThreadId(08) [2mkoko::shell::实时外壳[0m[2m:[0m realtime 连接已正常断开 [3musecase[0m[2m=[0m"实时连接断开" [3madapter[0m[2m=[0m"socketioxide" [3moutcome[0m[2m=[0m"dropped" [3msession_id[0m[2m=[0m"s-eb3783c5424e" [3mdisconnect_reason[0m[2m=[0mclient has manually disconnected the socket from the namespace
[backend] [2m2026-04-19T03:19:36.4948576+08:00[0m [32m INFO[0m ThreadId(08) [2mkoko::shell::房间外壳[0m[2m:[0m HTTP 请求已受理 [3musecase[0m[2m=[0m"引导匿名身份" [3madapter[0m[2m=[0m"http" [3moutcome[0m[2m=[0m"accepted" [3mrequest_kind[0m[2m=[0m"匿名身份引导"
[backend] [2m2026-04-19T03:19:36.4977772+08:00[0m [32m INFO[0m ThreadId(05) [2mkoko::shell::房间外壳[0m[2m:[0m 引导匿名身份成功 [3musecase[0m[2m=[0m"引导匿名身份" [3madapter[0m[2m=[0m"http" [3moutcome[0m[2m=[0m"succeeded" [3mrequest_kind[0m[2m=[0m"匿名身份引导" [3msession_id[0m[2m=[0m"s-eb3783c5424e"
[backend] [2m2026-04-19T03:19:36.5712853+08:00[0m [32m INFO[0m ThreadId(08) [2mkoko::shell::房间外壳[0m[2m:[0m HTTP 请求已受理 [3musecase[0m[2m=[0m"加载房间快照" [3madapter[0m[2m=[0m"http" [3moutcome[0m[2m=[0m"accepted" [3mrequest_kind[0m[2m=[0m"房间快照查询" [3mroom_id[0m[2m=[0m"r-3cdfd560046a" [3msession_id[0m[2m=[0m"s-eb3783c5424e"
[backend] [2m2026-04-19T03:19:36.5877692+08:00[0m [32m INFO[0m ThreadId(05) [2mkoko::shell::房间外壳[0m[2m:[0m 加载房间快照成功 [3musecase[0m[2m=[0m"加载房间快照" [3madapter[0m[2m=[0m"http" [3moutcome[0m[2m=[0m"succeeded" [3mrequest_kind[0m[2m=[0m"房间快照查询" [3mroom_id[0m[2m=[0m"r-3cdfd560046a" [3msession_id[0m[2m=[0m"s-eb3783c5424e" [3mevent_position[0m[2m=[0m26
[backend] [2m2026-04-19T03:19:36.5919041+08:00[0m [32m INFO[0m ThreadId(11) [2mkoko::shell::实时外壳[0m[2m:[0m realtime 连接认证已受理 [3musecase[0m[2m=[0m"实时连接认证" [3madapter[0m[2m=[0m"socketioxide" [3moutcome[0m[2m=[0m"accepted" [3msession_id[0m[2m=[0m"s-eb3783c5424e"
[backend] [2m2026-04-19T03:19:36.5954892+08:00[0m [32m INFO[0m ThreadId(06) [2mkoko::shell::实时外壳[0m[2m:[0m realtime 连接认证成功 [3musecase[0m[2m=[0m"实时连接认证" [3madapter[0m[2m=[0m"socketioxide" [3moutcome[0m[2m=[0m"succeeded" [3msession_id[0m[2m=[0m"s-eb3783c5424e"
[backend] [2m2026-04-19T03:19:36.6011954+08:00[0m [32m INFO[0m ThreadId(08) [2mkoko::shell::实时外壳[0m[2m:[0m realtime 订阅请求已受理 [3musecase[0m[2m=[0m"订阅房间事件流" [3madapter[0m[2m=[0m"socketioxide" [3moutcome[0m[2m=[0m"accepted" [3mroom_id[0m[2m=[0m"r-3cdfd560046a" [3msession_id[0m[2m=[0m"s-eb3783c5424e" [3mfrom[0m[2m=[0m0
[backend] [2m2026-04-19T03:19:36.6094231+08:00[0m [32m INFO[0m ThreadId(08) [2mkoko::shell::实时外壳[0m[2m:[0m realtime 订阅请求已受理 [3musecase[0m[2m=[0m"订阅房间事件流" [3madapter[0m[2m=[0m"socketioxide" [3moutcome[0m[2m=[0m"accepted" [3mroom_id[0m[2m=[0m"r-3cdfd560046a" [3msession_id[0m[2m=[0m"s-eb3783c5424e" [3mfrom[0m[2m=[0m26
[backend] [2m2026-04-19T03:19:36.619412+08:00[0m [32m INFO[0m ThreadId(11) [2mkoko::shell::实时外壳[0m[2m:[0m 订阅房间事件流成功 [3musecase[0m[2m=[0m"订阅房间事件流" [3madapter[0m[2m=[0m"socketioxide" [3moutcome[0m[2m=[0m"succeeded" [3mroom_id[0m[2m=[0m"r-3cdfd560046a" [3msession_id[0m[2m=[0m"s-eb3783c5424e" [3mfrom[0m[2m=[0m26 [3mevent_position[0m[2m=[0m26
[backend] [2m2026-04-19T03:19:36.6238632+08:00[0m [32m INFO[0m ThreadId(05) [2mkoko::shell::实时外壳[0m[2m:[0m 订阅房间事件流成功 [3musecase[0m[2m=[0m"订阅房间事件流" [3madapter[0m[2m=[0m"socketioxide" [3moutcome[0m[2m=[0m"succeeded" [3mroom_id[0m[2m=[0m"r-3cdfd560046a" [3msession_id[0m[2m=[0m"s-eb3783c5424e" [3mfrom[0m[2m=[0m0 [3mevent_position[0m[2m=[0m26
[backend] [2m2026-04-19T03:19:36.6645125+08:00[0m [32m INFO[0m ThreadId(06) [2mkoko::shell::媒体资产外壳[0m[2m:[0m HTTP 请求已受理 [3musecase[0m[2m=[0m"读取附件内容" [3madapter[0m[2m=[0m"http" [3moutcome[0m[2m=[0m"accepted" [3mrequest_kind[0m[2m=[0m"附件内容读取" [3mattachment_id[0m[2m=[0m"att-961d957a1877" [3msession_id[0m[2m=[0m"s-eb3783c5424e"
[backend] [2m2026-04-19T03:19:36.6648591+08:00[0m [32m INFO[0m ThreadId(08) [2mkoko::shell::媒体资产外壳[0m[2m:[0m HTTP 请求已受理 [3musecase[0m[2m=[0m"读取附件内容" [3madapter[0m[2m=[0m"http" [3moutcome[0m[2m=[0m"accepted" [3mrequest_kind[0m[2m=[0m"附件内容读取" [3mattachment_id[0m[2m=[0m"att-8d44cbfede62" [3msession_id[0m[2m=[0m"s-eb3783c5424e"
[backend] [2m2026-04-19T03:19:36.6692788+08:00[0m [32m INFO[0m ThreadId(06) [2mkoko::shell::媒体资产外壳[0m[2m:[0m HTTP 请求已受理 [3musecase[0m[2m=[0m"读取附件内容" [3madapter[0m[2m=[0m"http" [3moutcome[0m[2m=[0m"accepted" [3mrequest_kind[0m[2m=[0m"附件内容读取" [3mattachment_id[0m[2m=[0m"att-2d964b96c071" [3msession_id[0m[2m=[0m"s-eb3783c5424e"
[backend] [2m2026-04-19T03:19:36.669492+08:00[0m [32m INFO[0m ThreadId(08) [2mkoko::shell::媒体资产外壳[0m[2m:[0m HTTP 请求已受理 [3musecase[0m[2m=[0m"读取附件内容" [3madapter[0m[2m=[0m"http" [3moutcome[0m[2m=[0m"accepted" [3mrequest_kind[0m[2m=[0m"附件内容读取" [3mattachment_id[0m[2m=[0m"att-681e5b27b0c2" [3msession_id[0m[2m=[0m"s-eb3783c5424e"
[backend] [2m2026-04-19T03:19:36.6701777+08:00[0m [32m INFO[0m ThreadId(05) [2mkoko::shell::媒体资产外壳[0m[2m:[0m HTTP 请求已受理 [3musecase[0m[2m=[0m"读取附件内容" [3madapter[0m[2m=[0m"http" [3moutcome[0m[2m=[0m"accepted" [3mrequest_kind[0m[2m=[0m"附件内容读取" [3mattachment_id[0m[2m=[0m"att-3a48c8f47757" [3msession_id[0m[2m=[0m"s-eb3783c5424e"
[backend] [2m2026-04-19T03:19:36.6706179+08:00[0m [32m INFO[0m ThreadId(11) [2mkoko::shell::媒体资产外壳[0m[2m:[0m HTTP 请求已受理 [3musecase[0m[2m=[0m"读取附件内容" [3madapter[0m[2m=[0m"http" [3moutcome[0m[2m=[0m"accepted" [3mrequest_kind[0m[2m=[0m"附件内容读取" [3mattachment_id[0m[2m=[0m"att-ac7a1188a600" [3msession_id[0m[2m=[0m"s-eb3783c5424e"
[backend] [2m2026-04-19T03:19:36.6776886+08:00[0m [32m INFO[0m ThreadId(05) [2mkoko::shell::媒体资产外壳[0m[2m:[0m 读取附件内容成功 [3musecase[0m[2m=[0m"读取附件内容" [3madapter[0m[2m=[0m"http" [3moutcome[0m[2m=[0m"succeeded" [3mrequest_kind[0m[2m=[0m"附件内容读取" [3mattachment_id[0m[2m=[0m"att-961d957a1877" [3msession_id[0m[2m=[0m"s-eb3783c5424e"
[backend] [2m2026-04-19T03:19:36.6791748+08:00[0m [32m INFO[0m ThreadId(11) [2mkoko::shell::媒体资产外壳[0m[2m:[0m 读取附件内容成功 [3musecase[0m[2m=[0m"读取附件内容" [3madapter[0m[2m=[0m"http" [3moutcome[0m[2m=[0m"succeeded" [3mrequest_kind[0m[2m=[0m"附件内容读取" [3mattachment_id[0m[2m=[0m"att-2d964b96c071" [3msession_id[0m[2m=[0m"s-eb3783c5424e"
[backend] [2m2026-04-19T03:19:36.6794094+08:00[0m [32m INFO[0m ThreadId(08) [2mkoko::shell::媒体资产外壳[0m[2m:[0m 读取附件内容成功 [3musecase[0m[2m=[0m"读取附件内容" [3madapter[0m[2m=[0m"http" [3moutcome[0m[2m=[0m"succeeded" [3mrequest_kind[0m[2m=[0m"附件内容读取" [3mattachment_id[0m[2m=[0m"att-681e5b27b0c2" [3msession_id[0m[2m=[0m"s-eb3783c5424e"
[backend] [2m2026-04-19T03:19:36.6806699+08:00[0m [32m INFO[0m ThreadId(05) [2mkoko::shell::媒体资产外壳[0m[2m:[0m 读取附件内容成功 [3musecase[0m[2m=[0m"读取附件内容" [3madapter[0m[2m=[0m"http" [3moutcome[0m[2m=[0m"succeeded" [3mrequest_kind[0m[2m=[0m"附件内容读取" [3mattachment_id[0m[2m=[0m"att-8d44cbfede62" [3msession_id[0m[2m=[0m"s-eb3783c5424e"
[backend] [2m2026-04-19T03:19:36.681977+08:00[0m [32m INFO[0m ThreadId(08) [2mkoko::shell::媒体资产外壳[0m[2m:[0m 读取附件内容成功 [3musecase[0m[2m=[0m"读取附件内容" [3madapter[0m[2m=[0m"http" [3moutcome[0m[2m=[0m"succeeded" [3mrequest_kind[0m[2m=[0m"附件内容读取" [3mattachment_id[0m[2m=[0m"att-ac7a1188a600" [3msession_id[0m[2m=[0m"s-eb3783c5424e"
[backend] [2m2026-04-19T03:19:36.6833213+08:00[0m [32m INFO[0m ThreadId(05) [2mkoko::shell::媒体资产外壳[0m[2m:[0m 读取附件内容成功 [3musecase[0m[2m=[0m"读取附件内容" [3madapter[0m[2m=[0m"http" [3moutcome[0m[2m=[0m"succeeded" [3mrequest_kind[0m[2m=[0m"附件内容读取" [3mattachment_id[0m[2m=[0m"att-3a48c8f47757" [3msession_id[0m[2m=[0m"s-eb3783c5424e"
[backend] [2m2026-04-19T03:19:36.7030562+08:00[0m [32m INFO[0m ThreadId(12) [2mkoko::shell::媒体资产外壳[0m[2m:[0m HTTP 请求已受理 [3musecase[0m[2m=[0m"读取附件内容" [3madapter[0m[2m=[0m"http" [3moutcome[0m[2m=[0m"accepted" [3mrequest_kind[0m[2m=[0m"附件内容读取" [3mattachment_id[0m[2m=[0m"att-792bea97c0bd" [3msession_id[0m[2m=[0m"s-eb3783c5424e"
[backend] [2m2026-04-19T03:19:36.7045174+08:00[0m [32m INFO[0m ThreadId(12) [2mkoko::shell::媒体资产外壳[0m[2m:[0m HTTP 请求已受理 [3musecase[0m[2m=[0m"读取附件内容" [3madapter[0m[2m=[0m"http" [3moutcome[0m[2m=[0m"accepted" [3mrequest_kind[0m[2m=[0m"附件内容读取" [3mattachment_id[0m[2m=[0m"att-ea250b02f4f3" [3msession_id[0m[2m=[0m"s-eb3783c5424e"
[backend] [2m2026-04-19T03:19:36.7130068+08:00[0m [32m INFO[0m ThreadId(11) [2mkoko::shell::媒体资产外壳[0m[2m:[0m 读取附件内容成功 [3musecase[0m[2m=[0m"读取附件内容" [3madapter[0m[2m=[0m"http" [3moutcome[0m[2m=[0m"succeeded" [3mrequest_kind[0m[2m=[0m"附件内容读取" [3mattachment_id[0m[2m=[0m"att-792bea97c0bd" [3msession_id[0m[2m=[0m"s-eb3783c5424e"
[backend] [2m2026-04-19T03:19:36.7130019+08:00[0m [32m INFO[0m ThreadId(08) [2mkoko::shell::媒体资产外壳[0m[2m:[0m 读取附件内容成功 [3musecase[0m[2m=[0m"读取附件内容" [3madapter[0m[2m=[0m"http" [3moutcome[0m[2m=[0m"succeeded" [3mrequest_kind[0m[2m=[0m"附件内容读取" [3mattachment_id[0m[2m=[0m"att-ea250b02f4f3" [3msession_id[0m[2m=[0m"s-eb3783c5424e"
[backend] [2m2026-04-19T03:19:36.7159174+08:00[0m [32m INFO[0m ThreadId(05) [2mkoko::shell::媒体资产外壳[0m[2m:[0m HTTP 请求已受理 [3musecase[0m[2m=[0m"读取附件内容" [3madapter[0m[2m=[0m"http" [3moutcome[0m[2m=[0m"accepted" [3mrequest_kind[0m[2m=[0m"附件内容读取" [3mattachment_id[0m[2m=[0m"att-98d8a14f0c2c" [3msession_id[0m[2m=[0m"s-eb3783c5424e"
[backend] [2m2026-04-19T03:19:36.7159169+08:00[0m [32m INFO[0m ThreadId(11) [2mkoko::shell::媒体资产外壳[0m[2m:[0m HTTP 请求已受理 [3musecase[0m[2m=[0m"读取附件内容" [3madapter[0m[2m=[0m"http" [3moutcome[0m[2m=[0m"accepted" [3mrequest_kind[0m[2m=[0m"附件内容读取" [3mattachment_id[0m[2m=[0m"att-528cc3c6d877" [3msession_id[0m[2m=[0m"s-eb3783c5424e"
[backend] [2m2026-04-19T03:19:36.7183369+08:00[0m [32m INFO[0m ThreadId(08) [2mkoko::shell::媒体资产外壳[0m[2m:[0m HTTP 请求已受理 [3musecase[0m[2m=[0m"读取附件内容" [3madapter[0m[2m=[0m"http" [3moutcome[0m[2m=[0m"accepted" [3mrequest_kind[0m[2m=[0m"附件内容读取" [3mattachment_id[0m[2m=[0m"att-bdbf430c4928" [3msession_id[0m[2m=[0m"s-eb3783c5424e"
[backend] [2m2026-04-19T03:19:36.7198783+08:00[0m [32m INFO[0m ThreadId(05) [2mkoko::shell::媒体资产外壳[0m[2m:[0m HTTP 请求已受理 [3musecase[0m[2m=[0m"读取附件内容" [3madapter[0m[2m=[0m"http" [3moutcome[0m[2m=[0m"accepted" [3mrequest_kind[0m[2m=[0m"附件内容读取" [3mattachment_id[0m[2m=[0m"att-fac5794f284f" [3msession_id[0m[2m=[0m"s-eb3783c5424e"
[backend] [2m2026-04-19T03:19:36.7292359+08:00[0m [32m INFO[0m ThreadId(08) [2mkoko::shell::媒体资产外壳[0m[2m:[0m 读取附件内容成功 [3musecase[0m[2m=[0m"读取附件内容" [3madapter[0m[2m=[0m"http" [3moutcome[0m[2m=[0m"succeeded" [3mrequest_kind[0m[2m=[0m"附件内容读取" [3mattachment_id[0m[2m=[0m"att-98d8a14f0c2c" [3msession_id[0m[2m=[0m"s-eb3783c5424e"
[backend] [2m2026-04-19T03:19:36.7300873+08:00[0m [32m INFO[0m ThreadId(05) [2mkoko::shell::媒体资产外壳[0m[2m:[0m HTTP 请求已受理 [3musecase[0m[2m=[0m"读取附件内容" [3madapter[0m[2m=[0m"http" [3moutcome[0m[2m=[0m"accepted" [3mrequest_kind[0m[2m=[0m"附件内容读取" [3mattachment_id[0m[2m=[0m"att-9ffa539f6803" [3msession_id[0m[2m=[0m"s-eb3783c5424e"
[backend] [2m2026-04-19T03:19:36.7308881+08:00[0m [32m INFO[0m ThreadId(05) [2mkoko::shell::媒体资产外壳[0m[2m:[0m 读取附件内容成功 [3musecase[0m[2m=[0m"读取附件内容" [3madapter[0m[2m=[0m"http" [3moutcome[0m[2m=[0m"succeeded" [3mrequest_kind[0m[2m=[0m"附件内容读取" [3mattachment_id[0m[2m=[0m"att-528cc3c6d877" [3msession_id[0m[2m=[0m"s-eb3783c5424e"
[backend] [2m2026-04-19T03:19:36.7319746+08:00[0m [32m INFO[0m ThreadId(11) [2mkoko::shell::媒体资产外壳[0m[2m:[0m HTTP 请求已受理 [3musecase[0m[2m=[0m"读取附件内容" [3madapter[0m[2m=[0m"http" [3moutcome[0m[2m=[0m"accepted" [3mrequest_kind[0m[2m=[0m"附件内容读取" [3mattachment_id[0m[2m=[0m"att-2ae1eb710ca9" [3msession_id[0m[2m=[0m"s-eb3783c5424e"
[backend] [2m2026-04-19T03:19:36.7348998+08:00[0m [32m INFO[0m ThreadId(05) [2mkoko::shell::媒体资产外壳[0m[2m:[0m 读取附件内容成功 [3musecase[0m[2m=[0m"读取附件内容" [3madapter[0m[2m=[0m"http" [3moutcome[0m[2m=[0m"succeeded" [3mrequest_kind[0m[2m=[0m"附件内容读取" [3mattachment_id[0m[2m=[0m"att-fac5794f284f" [3msession_id[0m[2m=[0m"s-eb3783c5424e"
[backend] [2m2026-04-19T03:19:36.7398193+08:00[0m [32m INFO[0m ThreadId(05) [2mkoko::shell::媒体资产外壳[0m[2m:[0m 读取附件内容成功 [3musecase[0m[2m=[0m"读取附件内容" [3madapter[0m[2m=[0m"http" [3moutcome[0m[2m=[0m"succeeded" [3mrequest_kind[0m[2m=[0m"附件内容读取" [3mattachment_id[0m[2m=[0m"att-bdbf430c4928" [3msession_id[0m[2m=[0m"s-eb3783c5424e"
[backend] [2m2026-04-19T03:19:36.7451879+08:00[0m [32m INFO[0m ThreadId(11) [2mkoko::shell::媒体资产外壳[0m[2m:[0m 读取附件内容成功 [3musecase[0m[2m=[0m"读取附件内容" [3madapter[0m[2m=[0m"http" [3moutcome[0m[2m=[0m"succeeded" [3mrequest_kind[0m[2m=[0m"附件内容读取" [3mattachment_id[0m[2m=[0m"att-2ae1eb710ca9" [3msession_id[0m[2m=[0m"s-eb3783c5424e"
[backend] [2m2026-04-19T03:19:36.7459113+08:00[0m [32m INFO[0m ThreadId(05) [2mkoko::shell::媒体资产外壳[0m[2m:[0m 读取附件内容成功 [3musecase[0m[2m=[0m"读取附件内容" [3madapter[0m[2m=[0m"http" [3moutcome[0m[2m=[0m"succeeded" [3mrequest_kind[0m[2m=[0m"附件内容读取" [3mattachment_id[0m[2m=[0m"att-9ffa539f6803" [3msession_id[0m[2m=[0m"s-eb3783c5424e"
[backend] [2m2026-04-19T03:19:36.7512888+08:00[0m [32m INFO[0m ThreadId(08) [2mkoko::shell::媒体资产外壳[0m[2m:[0m HTTP 请求已受理 [3musecase[0m[2m=[0m"读取附件内容" [3madapter[0m[2m=[0m"http" [3moutcome[0m[2m=[0m"accepted" [3mrequest_kind[0m[2m=[0m"附件内容读取" [3mattachment_id[0m[2m=[0m"att-cd5a0edf2c3f" [3msession_id[0m[2m=[0m"s-eb3783c5424e"
[backend] [2m2026-04-19T03:19:36.7598732+08:00[0m [32m INFO[0m ThreadId(11) [2mkoko::shell::媒体资产外壳[0m[2m:[0m 读取附件内容成功 [3musecase[0m[2m=[0m"读取附件内容" [3madapter[0m[2m=[0m"http" [3moutcome[0m[2m=[0m"succeeded" [3mrequest_kind[0m[2m=[0m"附件内容读取" [3mattachment_id[0m[2m=[0m"att-cd5a0edf2c3f" [3msession_id[0m[2m=[0m"s-eb3783c5424e"
[typecheck] 08:33:07 - File change detected. Starting incremental compilation...
[typecheck] 08:33:09 - Found 0 errors. Watching for file changes.
[typecheck] 08:33:59 - File change detected. Starting incremental compilation...
[typecheck] 08:34:01 - Found 0 errors. Watching for file changes.
[typecheck] 08:34:10 - File change detected. Starting incremental compilation...
[build] [koko-build] manifest updated: js=/dist/app-34L7EMU7.js css=/dist/app-TVFJWQ53.css
[typecheck] 08:34:16 - Found 0 errors. Watching for file changes.
[typecheck] 08:34:29 - File change detected. Starting incremental compilation...
[backend] [2m2026-04-19T08:34:32.0052743+08:00[0m [32m INFO[0m ThreadId(06) [2mkoko::shell::媒体资产外壳[0m[2m:[0m HTTP 请求已受理 [3musecase[0m[2m=[0m"读取附件内容" [3madapter[0m[2m=[0m"http" [3moutcome[0m[2m=[0m"accepted" [3mrequest_kind[0m[2m=[0m"附件内容读取" [3mattachment_id[0m[2m=[0m"att-9f398d404b99" [3msession_id[0m[2m=[0m"s-9cd0c844736a"
[backend] [2m2026-04-19T08:34:32.004699+08:00[0m [32m INFO[0m ThreadId(11) [2mkoko::shell::媒体资产外壳[0m[2m:[0m HTTP 请求已受理 [3musecase[0m[2m=[0m"读取附件内容" [3madapter[0m[2m=[0m"http" [3moutcome[0m[2m=[0m"accepted" [3mrequest_kind[0m[2m=[0m"附件内容读取" [3mattachment_id[0m[2m=[0m"att-4a2fb5a5c8af" [3msession_id[0m[2m=[0m"s-9cd0c844736a"
[backend] [2m2026-04-19T08:34:32.031952+08:00[0m [33m WARN[0m ThreadId(11) [2mkoko::shell::媒体资产外壳[0m[2m:[0m 读取附件内容被拒绝 [3musecase[0m[2m=[0m"读取附件内容" [3madapter[0m[2m=[0m"http" [3moutcome[0m[2m=[0m"rejected" [3mrequest_kind[0m[2m=[0m"附件内容读取" [3mattachment_id[0m[2m=[0m"att-4a2fb5a5c8af" [3msession_id[0m[2m=[0m"s-9cd0c844736a" [3merror_code[0m[2m=[0m"invalid_session"
[backend] [2m2026-04-19T08:34:32.0319812+08:00[0m [33m WARN[0m ThreadId(05) [2mkoko::shell::媒体资产外壳[0m[2m:[0m 读取附件内容被拒绝 [3musecase[0m[2m=[0m"读取附件内容" [3madapter[0m[2m=[0m"http" [3moutcome[0m[2m=[0m"rejected" [3mrequest_kind[0m[2m=[0m"附件内容读取" [3mattachment_id[0m[2m=[0m"att-9f398d404b99" [3msession_id[0m[2m=[0m"s-9cd0c844736a" [3merror_code[0m[2m=[0m"invalid_session"
[backend] [2m2026-04-19T08:34:32.7022992+08:00[0m [32m INFO[0m ThreadId(05) [2mkoko::shell::实时外壳[0m[2m:[0m realtime 连接认证已受理 [3musecase[0m[2m=[0m"实时连接认证" [3madapter[0m[2m=[0m"socketioxide" [3moutcome[0m[2m=[0m"accepted" [3msession_id[0m[2m=[0m"s-9cd0c844736a"
[backend] [2m2026-04-19T08:34:32.7050739+08:00[0m [32m INFO[0m ThreadId(11) [2mkoko::shell::实时外壳[0m[2m:[0m realtime 连接认证被拒绝 [3musecase[0m[2m=[0m"实时连接认证" [3madapter[0m[2m=[0m"socketioxide" [3moutcome[0m[2m=[0m"rejected" [3msession_id[0m[2m=[0m"s-9cd0c844736a" [3merror_code[0m[2m=[0m"invalid_session"
[backend] [2m2026-04-19T08:34:32.7237252+08:00[0m [32m INFO[0m ThreadId(11) [2mkoko::shell::房间外壳[0m[2m:[0m HTTP 请求已受理 [3musecase[0m[2m=[0m"引导匿名身份" [3madapter[0m[2m=[0m"http" [3moutcome[0m[2m=[0m"accepted" [3mrequest_kind[0m[2m=[0m"匿名身份引导"
[backend] [2m2026-04-19T08:34:32.8155114+08:00[0m [32m INFO[0m ThreadId(11) [2mkoko::shell::房间外壳[0m[2m:[0m 引导匿名身份成功 [3musecase[0m[2m=[0m"引导匿名身份" [3madapter[0m[2m=[0m"http" [3moutcome[0m[2m=[0m"succeeded" [3mrequest_kind[0m[2m=[0m"匿名身份引导" [3msession_id[0m[2m=[0m"s-97d378630852"
[backend] [2m2026-04-19T08:34:32.8360643+08:00[0m [32m INFO[0m ThreadId(06) [2mkoko::shell::房间外壳[0m[2m:[0m HTTP 请求已受理 [3musecase[0m[2m=[0m"加载房间快照" [3madapter[0m[2m=[0m"http" [3moutcome[0m[2m=[0m"accepted" [3mrequest_kind[0m[2m=[0m"房间快照查询" [3mroom_id[0m[2m=[0m"r-4dc8a5042e45" [3msession_id[0m[2m=[0m"s-97d378630852"
[backend] [2m2026-04-19T08:34:32.8469761+08:00[0m [32m INFO[0m ThreadId(08) [2mkoko::shell::媒体资产外壳[0m[2m:[0m HTTP 请求已受理 [3musecase[0m[2m=[0m"读取附件内容" [3madapter[0m[2m=[0m"http" [3moutcome[0m[2m=[0m"accepted" [3mrequest_kind[0m[2m=[0m"附件内容读取" [3mattachment_id[0m[2m=[0m"att-9f398d404b99" [3msession_id[0m[2m=[0m"s-97d378630852"
[backend] [2m2026-04-19T08:34:32.85002+08:00[0m [32m INFO[0m ThreadId(06) [2mkoko::shell::实时外壳[0m[2m:[0m realtime 连接认证已受理 [3musecase[0m[2m=[0m"实时连接认证" [3madapter[0m[2m=[0m"socketioxide" [3moutcome[0m[2m=[0m"accepted" [3msession_id[0m[2m=[0m"s-97d378630852"
[backend] [2m2026-04-19T08:34:32.8526349+08:00[0m [33m WARN[0m ThreadId(05) [2mkoko::shell::媒体资产外壳[0m[2m:[0m 读取附件内容被拒绝 [3musecase[0m[2m=[0m"读取附件内容" [3madapter[0m[2m=[0m"http" [3moutcome[0m[2m=[0m"rejected" [3mrequest_kind[0m[2m=[0m"附件内容读取" [3mattachment_id[0m[2m=[0m"att-9f398d404b99" [3msession_id[0m[2m=[0m"s-97d378630852" [3merror_code[0m[2m=[0m"attachment_not_found"
[backend] [2m2026-04-19T08:34:32.8557874+08:00[0m [32m INFO[0m ThreadId(05) [2mkoko::shell::房间外壳[0m[2m:[0m 加载房间快照被拒绝 [3musecase[0m[2m=[0m"加载房间快照" [3madapter[0m[2m=[0m"http" [3moutcome[0m[2m=[0m"rejected" [3mrequest_kind[0m[2m=[0m"房间快照查询" [3mroom_id[0m[2m=[0m"r-4dc8a5042e45" [3msession_id[0m[2m=[0m"s-97d378630852" [3merror_code[0m[2m=[0m"room_not_found"
[backend] [2m2026-04-19T08:34:33.1408657+08:00[0m [32m INFO[0m ThreadId(08) [2mkoko::shell::实时外壳[0m[2m:[0m realtime 连接认证成功 [3musecase[0m[2m=[0m"实时连接认证" [3madapter[0m[2m=[0m"socketioxide" [3moutcome[0m[2m=[0m"succeeded" [3msession_id[0m[2m=[0m"s-97d378630852"
[backend] [2m2026-04-19T08:34:33.1621919+08:00[0m [32m INFO[0m ThreadId(06) [2mkoko::shell::实时外壳[0m[2m:[0m realtime 订阅请求已受理 [3musecase[0m[2m=[0m"订阅房间事件流" [3madapter[0m[2m=[0m"socketioxide" [3moutcome[0m[2m=[0m"accepted" [3mroom_id[0m[2m=[0m"r-4dc8a5042e45" [3msession_id[0m[2m=[0m"s-97d378630852" [3mfrom[0m[2m=[0m3
[backend] [2m2026-04-19T08:34:33.1643366+08:00[0m [32m INFO[0m ThreadId(05) [2mkoko::shell::实时外壳[0m[2m:[0m 订阅房间事件流被拒绝 [3musecase[0m[2m=[0m"订阅房间事件流" [3madapter[0m[2m=[0m"socketioxide" [3moutcome[0m[2m=[0m"rejected" [3mroom_id[0m[2m=[0m"r-4dc8a5042e45" [3msession_id[0m[2m=[0m"s-97d378630852" [3mfrom[0m[2m=[0m3 [3merror_code[0m[2m=[0m"room_not_found"
[backend] [2m2026-04-19T08:34:33.1742745+08:00[0m [32m INFO[0m ThreadId(06) [2mkoko::shell::实时外壳[0m[2m:[0m realtime 连接已正常断开 [3musecase[0m[2m=[0m"实时连接断开" [3madapter[0m[2m=[0m"socketioxide" [3moutcome[0m[2m=[0m"dropped" [3msession_id[0m[2m=[0m"s-97d378630852" [3mdisconnect_reason[0m[2m=[0mclient has manually disconnected the socket from the namespace
[typecheck] 08:34:34 - Found 0 errors. Watching for file changes.
[backend] [2m2026-04-19T08:34:35.0333895+08:00[0m [32m INFO[0m ThreadId(08) [2mkoko::shell::房间外壳[0m[2m:[0m HTTP 请求已受理 [3musecase[0m[2m=[0m"引导匿名身份" [3madapter[0m[2m=[0m"http" [3moutcome[0m[2m=[0m"accepted" [3mrequest_kind[0m[2m=[0m"匿名身份引导"
[backend] [2m2026-04-19T08:34:35.0520143+08:00[0m [32m INFO[0m ThreadId(08) [2mkoko::shell::房间外壳[0m[2m:[0m 引导匿名身份成功 [3musecase[0m[2m=[0m"引导匿名身份" [3madapter[0m[2m=[0m"http" [3moutcome[0m[2m=[0m"succeeded" [3mrequest_kind[0m[2m=[0m"匿名身份引导" [3msession_id[0m[2m=[0m"s-97d378630852"
[backend] [2m2026-04-19T08:34:35.1442815+08:00[0m [32m INFO[0m ThreadId(06) [2mkoko::shell::实时外壳[0m[2m:[0m realtime 连接认证已受理 [3musecase[0m[2m=[0m"实时连接认证" [3madapter[0m[2m=[0m"socketioxide" [3moutcome[0m[2m=[0m"accepted" [3msession_id[0m[2m=[0m"s-97d378630852"
[backend] [2m2026-04-19T08:34:35.1459152+08:00[0m [32m INFO[0m ThreadId(06) [2mkoko::shell::实时外壳[0m[2m:[0m realtime 连接认证成功 [3musecase[0m[2m=[0m"实时连接认证" [3madapter[0m[2m=[0m"socketioxide" [3moutcome[0m[2m=[0m"succeeded" [3msession_id[0m[2m=[0m"s-97d378630852"
[backend] [2m2026-04-19T08:34:41.5236741+08:00[0m [32m INFO[0m ThreadId(08) [2mkoko::shell::房间外壳[0m[2m:[0m HTTP 请求已受理 [3musecase[0m[2m=[0m"按短码进房或建房" [3madapter[0m[2m=[0m"http" [3moutcome[0m[2m=[0m"accepted" [3mrequest_kind[0m[2m=[0m"短码进房或建房" [3msession_id[0m[2m=[0m"s-97d378630852"
[backend] [2m2026-04-19T08:34:41.7392875+08:00[0m [32m INFO[0m ThreadId(08) [2mkoko::shell::房间外壳[0m[2m:[0m 按短码进房或建房成功 [3musecase[0m[2m=[0m"按短码进房或建房" [3madapter[0m[2m=[0m"http" [3moutcome[0m[2m=[0m"succeeded" [3mrequest_kind[0m[2m=[0m"短码进房或建房" [3msession_id[0m[2m=[0m"s-97d378630852" [3mroom_id[0m[2m=[0m"r-3cdfd560046a" [3mevent_position[0m[2m=[0m26
[backend] [2m2026-04-19T08:34:41.8207731+08:00[0m [32m INFO[0m ThreadId(05) [2mkoko::shell::实时外壳[0m[2m:[0m realtime 订阅请求已受理 [3musecase[0m[2m=[0m"订阅房间事件流" [3madapter[0m[2m=[0m"socketioxide" [3moutcome[0m[2m=[0m"accepted" [3mroom_id[0m[2m=[0m"r-3cdfd560046a" [3msession_id[0m[2m=[0m"s-97d378630852" [3mfrom[0m[2m=[0m26
[backend] [2m2026-04-19T08:34:41.8378786+08:00[0m [32m INFO[0m ThreadId(08) [2mkoko::shell::实时外壳[0m[2m:[0m 订阅房间事件流成功 [3musecase[0m[2m=[0m"订阅房间事件流" [3madapter[0m[2m=[0m"socketioxide" [3moutcome[0m[2m=[0m"succeeded" [3mroom_id[0m[2m=[0m"r-3cdfd560046a" [3msession_id[0m[2m=[0m"s-97d378630852" [3mfrom[0m[2m=[0m26 [3mevent_position[0m[2m=[0m26
[backend] [2m2026-04-19T08:34:41.9233585+08:00[0m [32m INFO[0m ThreadId(05) [2mkoko::shell::媒体资产外壳[0m[2m:[0m HTTP 请求已受理 [3musecase[0m[2m=[0m"读取附件内容" [3madapter[0m[2m=[0m"http" [3moutcome[0m[2m=[0m"accepted" [3mrequest_kind[0m[2m=[0m"附件内容读取" [3mattachment_id[0m[2m=[0m"att-961d957a1877" [3msession_id[0m[2m=[0m"s-97d378630852"
[backend] [2m2026-04-19T08:34:41.9346675+08:00[0m [32m INFO[0m ThreadId(06) [2mkoko::shell::媒体资产外壳[0m[2m:[0m HTTP 请求已受理 [3musecase[0m[2m=[0m"读取附件内容" [3madapter[0m[2m=[0m"http" [3moutcome[0m[2m=[0m"accepted" [3mrequest_kind[0m[2m=[0m"附件内容读取" [3mattachment_id[0m[2m=[0m"att-8d44cbfede62" [3msession_id[0m[2m=[0m"s-97d378630852"
[backend] [2m2026-04-19T08:34:41.9348682+08:00[0m [32m INFO[0m ThreadId(05) [2mkoko::shell::媒体资产外壳[0m[2m:[0m HTTP 请求已受理 [3musecase[0m[2m=[0m"读取附件内容" [3madapter[0m[2m=[0m"http" [3moutcome[0m[2m=[0m"accepted" [3mrequest_kind[0m[2m=[0m"附件内容读取" [3mattachment_id[0m[2m=[0m"att-681e5b27b0c2" [3msession_id[0m[2m=[0m"s-97d378630852"
[backend] [2m2026-04-19T08:34:41.9453752+08:00[0m [32m INFO[0m ThreadId(08) [2mkoko::shell::媒体资产外壳[0m[2m:[0m HTTP 请求已受理 [3musecase[0m[2m=[0m"读取附件内容" [3madapter[0m[2m=[0m"http" [3moutcome[0m[2m=[0m"accepted" [3mrequest_kind[0m[2m=[0m"附件内容读取" [3mattachment_id[0m[2m=[0m"att-2d964b96c071" [3msession_id[0m[2m=[0m"s-97d378630852"
[backend] [2m2026-04-19T08:34:41.9471546+08:00[0m [32m INFO[0m ThreadId(06) [2mkoko::shell::媒体资产外壳[0m[2m:[0m HTTP 请求已受理 [3musecase[0m[2m=[0m"读取附件内容" [3madapter[0m[2m=[0m"http" [3moutcome[0m[2m=[0m"accepted" [3mrequest_kind[0m[2m=[0m"附件内容读取" [3mattachment_id[0m[2m=[0m"att-fac5794f284f" [3msession_id[0m[2m=[0m"s-97d378630852"
[backend] [2m2026-04-19T08:34:41.9475128+08:00[0m [32m INFO[0m ThreadId(12) [2mkoko::shell::媒体资产外壳[0m[2m:[0m HTTP 请求已受理 [3musecase[0m[2m=[0m"读取附件内容" [3madapter[0m[2m=[0m"http" [3moutcome[0m[2m=[0m"accepted" [3mrequest_kind[0m[2m=[0m"附件内容读取" [3mattachment_id[0m[2m=[0m"att-ac7a1188a600" [3msession_id[0m[2m=[0m"s-97d378630852"
[backend] [2m2026-04-19T08:34:41.9812533+08:00[0m [32m INFO[0m ThreadId(05) [2mkoko::shell::媒体资产外壳[0m[2m:[0m 读取附件内容成功 [3musecase[0m[2m=[0m"读取附件内容" [3madapter[0m[2m=[0m"http" [3moutcome[0m[2m=[0m"succeeded" [3mrequest_kind[0m[2m=[0m"附件内容读取" [3mattachment_id[0m[2m=[0m"att-fac5794f284f" [3msession_id[0m[2m=[0m"s-97d378630852"
[backend] [2m2026-04-19T08:34:41.9884117+08:00[0m [32m INFO[0m ThreadId(05) [2mkoko::shell::媒体资产外壳[0m[2m:[0m 读取附件内容成功 [3musecase[0m[2m=[0m"读取附件内容" [3madapter[0m[2m=[0m"http" [3moutcome[0m[2m=[0m"succeeded" [3mrequest_kind[0m[2m=[0m"附件内容读取" [3mattachment_id[0m[2m=[0m"att-681e5b27b0c2" [3msession_id[0m[2m=[0m"s-97d378630852"
[backend] [2m2026-04-19T08:34:41.9887148+08:00[0m [32m INFO[0m ThreadId(11) [2mkoko::shell::媒体资产外壳[0m[2m:[0m 读取附件内容成功 [3musecase[0m[2m=[0m"读取附件内容" [3madapter[0m[2m=[0m"http" [3moutcome[0m[2m=[0m"succeeded" [3mrequest_kind[0m[2m=[0m"附件内容读取" [3mattachment_id[0m[2m=[0m"att-961d957a1877" [3msession_id[0m[2m=[0m"s-97d378630852"
[backend] [2m2026-04-19T08:34:42.1129815+08:00[0m [32m INFO[0m ThreadId(06) [2mkoko::shell::媒体资产外壳[0m[2m:[0m HTTP 请求已受理 [3musecase[0m[2m=[0m"读取附件内容" [3madapter[0m[2m=[0m"http" [3moutcome[0m[2m=[0m"accepted" [3mrequest_kind[0m[2m=[0m"附件内容读取" [3mattachment_id[0m[2m=[0m"att-2ae1eb710ca9" [3msession_id[0m[2m=[0m"s-97d378630852"
[backend] [2m2026-04-19T08:34:42.1255976+08:00[0m [32m INFO[0m ThreadId(05) [2mkoko::shell::媒体资产外壳[0m[2m:[0m HTTP 请求已受理 [3musecase[0m[2m=[0m"读取附件内容" [3madapter[0m[2m=[0m"http" [3moutcome[0m[2m=[0m"accepted" [3mrequest_kind[0m[2m=[0m"附件内容读取" [3mattachment_id[0m[2m=[0m"att-9ffa539f6803" [3msession_id[0m[2m=[0m"s-97d378630852"
[backend] [2m2026-04-19T08:34:42.1570156+08:00[0m [32m INFO[0m ThreadId(12) [2mkoko::shell::媒体资产外壳[0m[2m:[0m 读取附件内容成功 [3musecase[0m[2m=[0m"读取附件内容" [3madapter[0m[2m=[0m"http" [3moutcome[0m[2m=[0m"succeeded" [3mrequest_kind[0m[2m=[0m"附件内容读取" [3mattachment_id[0m[2m=[0m"att-2ae1eb710ca9" [3msession_id[0m[2m=[0m"s-97d378630852"
[backend] [2m2026-04-19T08:34:42.1586349+08:00[0m [32m INFO[0m ThreadId(12) [2mkoko::shell::媒体资产外壳[0m[2m:[0m 读取附件内容成功 [3musecase[0m[2m=[0m"读取附件内容" [3madapter[0m[2m=[0m"http" [3moutcome[0m[2m=[0m"succeeded" [3mrequest_kind[0m[2m=[0m"附件内容读取" [3mattachment_id[0m[2m=[0m"att-9ffa539f6803" [3msession_id[0m[2m=[0m"s-97d378630852"
[backend] [2m2026-04-19T08:34:42.2186172+08:00[0m [32m INFO[0m ThreadId(06) [2mkoko::shell::媒体资产外壳[0m[2m:[0m HTTP 请求已受理 [3musecase[0m[2m=[0m"读取附件内容" [3madapter[0m[2m=[0m"http" [3moutcome[0m[2m=[0m"accepted" [3mrequest_kind[0m[2m=[0m"附件内容读取" [3mattachment_id[0m[2m=[0m"att-cd5a0edf2c3f" [3msession_id[0m[2m=[0m"s-97d378630852"
[backend] [2m2026-04-19T08:34:42.2562118+08:00[0m [32m INFO[0m ThreadId(05) [2mkoko::shell::媒体资产外壳[0m[2m:[0m 读取附件内容成功 [3musecase[0m[2m=[0m"读取附件内容" [3madapter[0m[2m=[0m"http" [3moutcome[0m[2m=[0m"succeeded" [3mrequest_kind[0m[2m=[0m"附件内容读取" [3mattachment_id[0m[2m=[0m"att-cd5a0edf2c3f" [3msession_id[0m[2m=[0m"s-97d378630852"
[backend] [2m2026-04-19T08:34:42.3151908+08:00[0m [32m INFO[0m ThreadId(06) [2mkoko::shell::媒体资产外壳[0m[2m:[0m 读取附件内容成功 [3musecase[0m[2m=[0m"读取附件内容" [3madapter[0m[2m=[0m"http" [3moutcome[0m[2m=[0m"succeeded" [3mrequest_kind[0m[2m=[0m"附件内容读取" [3mattachment_id[0m[2m=[0m"att-8d44cbfede62" [3msession_id[0m[2m=[0m"s-97d378630852"
[backend] [2m2026-04-19T08:34:42.3375987+08:00[0m [32m INFO[0m ThreadId(06) [2mkoko::shell::房间外壳[0m[2m:[0m HTTP 请求已受理 [3musecase[0m[2m=[0m"推进房间阅读位置" [3madapter[0m[2m=[0m"http" [3moutcome[0m[2m=[0m"accepted" [3mrequest_kind[0m[2m=[0m"房间阅读位置推进" [3mroom_id[0m[2m=[0m"r-3cdfd560046a" [3msession_id[0m[2m=[0m"s-97d378630852" [3mevent_position[0m[2m=[0m26
[backend] [2m2026-04-19T08:34:42.3581849+08:00[0m [32m INFO[0m ThreadId(06) [2mkoko::shell::房间外壳[0m[2m:[0m 推进房间阅读位置成功 [3musecase[0m[2m=[0m"推进房间阅读位置" [3madapter[0m[2m=[0m"http" [3moutcome[0m[2m=[0m"succeeded" [3mrequest_kind[0m[2m=[0m"房间阅读位置推进" [3mroom_id[0m[2m=[0m"r-3cdfd560046a" [3msession_id[0m[2m=[0m"s-97d378630852" [3mevent_position[0m[2m=[0m26
[backend] [2m2026-04-19T08:34:42.3708604+08:00[0m [32m INFO[0m ThreadId(05) [2mkoko::shell::媒体资产外壳[0m[2m:[0m 读取附件内容成功 [3musecase[0m[2m=[0m"读取附件内容" [3madapter[0m[2m=[0m"http" [3moutcome[0m[2m=[0m"succeeded" [3mrequest_kind[0m[2m=[0m"附件内容读取" [3mattachment_id[0m[2m=[0m"att-ac7a1188a600" [3msession_id[0m[2m=[0m"s-97d378630852"
[backend] [2m2026-04-19T08:34:42.3891875+08:00[0m [32m INFO[0m ThreadId(12) [2mkoko::shell::媒体资产外壳[0m[2m:[0m 读取附件内容成功 [3musecase[0m[2m=[0m"读取附件内容" [3madapter[0m[2m=[0m"http" [3moutcome[0m[2m=[0m"succeeded" [3mrequest_kind[0m[2m=[0m"附件内容读取" [3mattachment_id[0m[2m=[0m"att-2d964b96c071" [3msession_id[0m[2m=[0m"s-97d378630852"
[backend] [2m2026-04-19T08:34:51.5026937+08:00[0m [32m INFO[0m ThreadId(06) [2mkoko::shell::媒体资产外壳[0m[2m:[0m HTTP 请求已受理 [3musecase[0m[2m=[0m"读取附件内容" [3madapter[0m[2m=[0m"http" [3moutcome[0m[2m=[0m"accepted" [3mrequest_kind[0m[2m=[0m"附件内容读取" [3mattachment_id[0m[2m=[0m"att-bdbf430c4928" [3msession_id[0m[2m=[0m"s-97d378630852"
[backend] [2m2026-04-19T08:34:51.5251025+08:00[0m [32m INFO[0m ThreadId(05) [2mkoko::shell::媒体资产外壳[0m[2m:[0m 读取附件内容成功 [3musecase[0m[2m=[0m"读取附件内容" [3madapter[0m[2m=[0m"http" [3moutcome[0m[2m=[0m"succeeded" [3mrequest_kind[0m[2m=[0m"附件内容读取" [3mattachment_id[0m[2m=[0m"att-bdbf430c4928" [3msession_id[0m[2m=[0m"s-97d378630852"
[backend] [2m2026-04-19T08:35:04.8665611+08:00[0m [32m INFO[0m ThreadId(06) [2mkoko::shell::媒体上传外壳[0m[2m:[0m 媒体上传占位已创建 [3musecase[0m[2m=[0m"准备媒体上传" [3madapter[0m[2m=[0m"http" [3moutcome[0m[2m=[0m"succeeded" [3mrequest_kind[0m[2m=[0m"媒体上传 prepare" [3msession_id[0m[2m=[0m"s-97d378630852" [3mattachment_id[0m[2m=[0m"att-97bd5f02f6c4" [3mupload_session_id[0m[2m=[0m"upl-e52b25451c254cc995c6faafed6679cb" [3mattachment_kind[0m[2m=[0m"video" [3mfile_name[0m[2m=[0m"mmexport1776160385965.mp4" [3mbyte_size[0m[2m=[0m21385924
[tusd] 2026/04/19 08:35:05.217496 level=INFO event=RequestIncoming method=OPTIONS path="" requestId=""
[tusd] 2026/04/19 08:35:05.238280 level=INFO event=ResponseOutgoing method=OPTIONS path="" requestId="" status=200 body=""
[tusd] 2026/04/19 08:35:05.304081 level=INFO event=RequestIncoming method=POST path="" requestId=9ba4f952-177f-4f3b-8df2-167b034be85e
[tusd] 2026/04/19 08:35:05.311581 level=DEBUG event=HookInvocationStart type=pre-create id=""
[tusd] 2026/04/19 08:35:05.381092 level=DEBUG event=HookInvocationFinish type=pre-create id=""
[tusd] 2026/04/19 08:35:05.393248 level=INFO event=UploadCreated method=POST path="" requestId=9ba4f952-177f-4f3b-8df2-167b034be85e id=3a39e0fcf1b9dfd87a00935aada24a58 size=21385924 url=http://192.168.100.229:1081/files/3a39e0fcf1b9dfd87a00935aada24a58
[tusd] 2026/04/19 08:35:05.400958 level=INFO event=ChunkWriteStart method=POST path="" requestId=9ba4f952-177f-4f3b-8df2-167b034be85e id=3a39e0fcf1b9dfd87a00935aada24a58 maxSize=21385924 offset=0
[backend] [2m2026-04-19T08:35:11.4388488+08:00[0m [33m WARN[0m ThreadId(06) [2mkoko::shell::房间外壳[0m[2m:[0m 引导匿名身份缺少设备入口凭证 [3musecase[0m[2m=[0m"引导匿名身份" [3madapter[0m[2m=[0m"http" [3moutcome[0m[2m=[0m"rejected" [3mrequest_kind[0m[2m=[0m"匿名身份引导" [3merror_code[0m[2m=[0m"invalid_argument"
[backend] [2m2026-04-19T08:35:12.5823196+08:00[0m [32m INFO[0m ThreadId(06) [2mkoko::shell::tus_hook外壳[0m[2m:[0m Tus post-finish 已登记上传回执 [3madapter[0m[2m=[0m"tus_hook" [3mhook[0m[2m=[0m"post-finish" [3mattachment_id[0m[2m=[0m"att-97bd5f02f6c4" [3mupload_session_id[0m[2m=[0m"upl-e52b25451c254cc995c6faafed6679cb" [3mupload_id[0m[2m=[0m"3a39e0fcf1b9dfd87a00935aada24a58" [3mrequest_id[0m[2m=[0m"9ba4f952-177f-4f3b-8df2-167b034be85e" [3mtransport_role[0m[2m=[0m"single" [3mstorage_locator[0m[2m=[0m"E:\\koko\\data\\tus\\3a39e0fcf1b9dfd87a00935aada24a58"
[backend] [2m2026-04-19T08:35:12.6318357+08:00[0m [32m INFO[0m ThreadId(12) [2mkoko::shell::媒体上传外壳[0m[2m:[0m 媒体上传 complete 重活开始 [3musecase[0m[2m=[0m"完成媒体上传" [3mphase[0m[2m=[0m"complete_heavy_work_enter" [3mattachment_id[0m[2m=[0m"att-97bd5f02f6c4" [3mkind[0m[2m=[0m"video" [3mbyte_size[0m[2m=[0m21385924 [3mmedia_complete_max_concurrency[0m[2m=[0m4
[backend] [2m2026-04-19T08:35:12.7014929+08:00[0m [32m INFO[0m ThreadId(12) [2mkoko::shell::媒体上传外壳[0m[2m:[0m 媒体上传 complete 阶段耗时 [3musecase[0m[2m=[0m"完成媒体上传" [3mphase[0m[2m=[0m"complete_heavy_work_stage" [3mattachment_id[0m[2m=[0m"att-97bd5f02f6c4" [3mkind[0m[2m=[0m"video" [3mbyte_size[0m[2m=[0m21385924 [3mstage[0m[2m=[0m"parse_video" [3mduration_ms[0m[2m=[0m69
[tusd] 2026/04/19 08:35:12.537552 level=INFO event=ChunkWriteComplete method=POST path="" requestId=9ba4f952-177f-4f3b-8df2-167b034be85e id=3a39e0fcf1b9dfd87a00935aada24a58 bytesWritten=21385924
[tusd] 2026/04/19 08:35:12.540100 level=INFO event=UploadFinished method=POST path="" requestId=9ba4f952-177f-4f3b-8df2-167b034be85e id=3a39e0fcf1b9dfd87a00935aada24a58 size=21385924
[tusd] 2026/04/19 08:35:12.548205 level=INFO event=ResponseOutgoing method=POST path="" requestId=9ba4f952-177f-4f3b-8df2-167b034be85e id=3a39e0fcf1b9dfd87a00935aada24a58 status=201 body=""
[tusd] 2026/04/19 08:35:12.550547 level=DEBUG event=HookInvocationStart type=post-finish id=3a39e0fcf1b9dfd87a00935aada24a58
[tusd] 2026/04/19 08:35:12.583886 level=DEBUG event=HookInvocationFinish type=post-finish id=3a39e0fcf1b9dfd87a00935aada24a58
[backend] [2m2026-04-19T08:35:21.0052859+08:00[0m [32m INFO[0m ThreadId(12) [2mkoko::shell::房间外壳[0m[2m:[0m HTTP 请求已受理 [3musecase[0m[2m=[0m"加载房间快照" [3madapter[0m[2m=[0m"http" [3moutcome[0m[2m=[0m"accepted" [3mrequest_kind[0m[2m=[0m"房间快照查询" [3mroom_id[0m[2m=[0m"r-3cdfd560046a" [3msession_id[0m[2m=[0m"s-eb3783c5424e"
[backend] [2m2026-04-19T08:35:21.0463925+08:00[0m [32m INFO[0m ThreadId(06) [2mkoko::shell::房间外壳[0m[2m:[0m 加载房间快照成功 [3musecase[0m[2m=[0m"加载房间快照" [3madapter[0m[2m=[0m"http" [3moutcome[0m[2m=[0m"succeeded" [3mrequest_kind[0m[2m=[0m"房间快照查询" [3mroom_id[0m[2m=[0m"r-3cdfd560046a" [3msession_id[0m[2m=[0m"s-eb3783c5424e" [3mevent_position[0m[2m=[0m26
[backend] [2m2026-04-19T08:35:21.0489896+08:00[0m [32m INFO[0m ThreadId(12) [2mkoko::shell::媒体上传外壳[0m[2m:[0m 媒体上传 complete 阶段耗时 [3musecase[0m[2m=[0m"完成媒体上传" [3mphase[0m[2m=[0m"complete_heavy_work_stage" [3mattachment_id[0m[2m=[0m"att-97bd5f02f6c4" [3mkind[0m[2m=[0m"video" [3mbyte_size[0m[2m=[0m21385924 [3mstage[0m[2m=[0m"package_streaming_assets" [3mduration_ms[0m[2m=[0m8346
[backend] [2m2026-04-19T08:35:22.2368867+08:00[0m [32m INFO[0m ThreadId(12) [2mkoko::shell::媒体上传外壳[0m[2m:[0m 媒体上传 complete 阶段耗时 [3musecase[0m[2m=[0m"完成媒体上传" [3mphase[0m[2m=[0m"complete_heavy_work_stage" [3mattachment_id[0m[2m=[0m"att-97bd5f02f6c4" [3mkind[0m[2m=[0m"video" [3mbyte_size[0m[2m=[0m21385924 [3mstage[0m[2m=[0m"build_distribution_request" [3mduration_ms[0m[2m=[0m1187
[backend] [2m2026-04-19T08:35:23.7527063+08:00[0m [32m INFO[0m ThreadId(12) [2mkoko::shell::媒体上传外壳[0m[2m:[0m 媒体上传 complete 阶段耗时 [3musecase[0m[2m=[0m"完成媒体上传" [3mphase[0m[2m=[0m"complete_heavy_work_stage" [3mattachment_id[0m[2m=[0m"att-97bd5f02f6c4" [3mkind[0m[2m=[0m"video" [3mbyte_size[0m[2m=[0m21385924 [3mstage[0m[2m=[0m"generate_torrent" [3mduration_ms[0m[2m=[0m1515
[backend] [2m2026-04-19T08:35:24.0501304+08:00[0m [32m INFO[0m ThreadId(11) [2mkoko::shell::媒体上传外壳[0m[2m:[0m 媒体上传 complete 阶段耗时 [3musecase[0m[2m=[0m"完成媒体上传" [3mphase[0m[2m=[0m"complete_heavy_work_stage" [3mattachment_id[0m[2m=[0m"att-97bd5f02f6c4" [3mkind[0m[2m=[0m"video" [3mbyte_size[0m[2m=[0m21385924 [3mstage[0m[2m=[0m"upload_streaming_assets" [3mduration_ms[0m[2m=[0m291
[backend] [2m2026-04-19T08:35:24.0840783+08:00[0m [32m INFO[0m ThreadId(12) [2mkoko::shell::媒体上传外壳[0m[2m:[0m 媒体上传 complete 阶段耗时 [3musecase[0m[2m=[0m"完成媒体上传" [3mphase[0m[2m=[0m"complete_heavy_work_stage" [3mattachment_id[0m[2m=[0m"att-97bd5f02f6c4" [3mkind[0m[2m=[0m"video" [3mbyte_size[0m[2m=[0m21385924 [3mstage[0m[2m=[0m"write_authoritative_snapshot" [3mduration_ms[0m[2m=[0m33
[backend] [2m2026-04-19T08:35:24.0918938+08:00[0m [32m INFO[0m ThreadId(12) [2mkoko::shell::媒体上传外壳[0m[2m:[0m 媒体上传 complete 阶段耗时 [3musecase[0m[2m=[0m"完成媒体上传" [3mphase[0m[2m=[0m"complete_heavy_work_stage" [3mattachment_id[0m[2m=[0m"att-97bd5f02f6c4" [3mkind[0m[2m=[0m"video" [3mbyte_size[0m[2m=[0m21385924 [3mstage[0m[2m=[0m"delete_upload_temp_file" [3mduration_ms[0m[2m=[0m6
[backend] [2m2026-04-19T08:35:24.0983197+08:00[0m [32m INFO[0m ThreadId(06) [2mkoko::shell::媒体上传外壳[0m[2m:[0m 媒体上传 complete 阶段耗时 [3musecase[0m[2m=[0m"完成媒体上传" [3mphase[0m[2m=[0m"complete_heavy_work_stage" [3mattachment_id[0m[2m=[0m"att-97bd5f02f6c4" [3mkind[0m[2m=[0m"video" [3mbyte_size[0m[2m=[0m21385924 [3mstage[0m[2m=[0m"retire_original_upload_source" [3mduration_ms[0m[2m=[0m5
[backend] [2m2026-04-19T08:35:24.0996584+08:00[0m [32m INFO[0m ThreadId(06) [2mkoko::shell::媒体上传外壳[0m[2m:[0m 媒体上传 complete 重活完成 [3musecase[0m[2m=[0m"完成媒体上传" [3mphase[0m[2m=[0m"complete_heavy_work_exit" [3mattachment_id[0m[2m=[0m"att-97bd5f02f6c4" [3mkind[0m[2m=[0m"video" [3mbyte_size[0m[2m=[0m21385924 [3mduration_ms[0m[2m=[0m11467
[backend] [2m2026-04-19T08:35:26.8773939+08:00[0m [32m INFO[0m ThreadId(08) [2mkoko::shell::实时外壳[0m[2m:[0m realtime 创建消息请求已受理 [3musecase[0m[2m=[0m"创建消息" [3madapter[0m[2m=[0m"socketioxide" [3moutcome[0m[2m=[0m"accepted" [3mroom_id[0m[2m=[0m"r-3cdfd560046a" [3msession_id[0m[2m=[0m"s-97d378630852" [3mclient_message_id[0m[2m=[0m"local-1776558926256"
[backend] [2m2026-04-19T08:35:26.9082685+08:00[0m [32m INFO[0m ThreadId(08) [2mkoko::shell::实时外壳[0m[2m:[0m 创建消息成功 [3musecase[0m[2m=[0m"创建消息" [3madapter[0m[2m=[0m"socketioxide" [3moutcome[0m[2m=[0m"succeeded" [3mroom_id[0m[2m=[0m"r-3cdfd560046a" [3msession_id[0m[2m=[0m"s-97d378630852" [3mclient_message_id[0m[2m=[0m"local-1776558926256" [3mevent_position[0m[2m=[0m27
[backend] [2m2026-04-19T08:35:26.9357807+08:00[0m [32m INFO[0m ThreadId(12) [2mkoko::shell::媒体资产外壳[0m[2m:[0m HTTP 请求已受理 [3musecase[0m[2m=[0m"读取附件内容" [3madapter[0m[2m=[0m"http" [3moutcome[0m[2m=[0m"accepted" [3mrequest_kind[0m[2m=[0m"附件内容读取" [3mattachment_id[0m[2m=[0m"att-97bd5f02f6c4" [3msession_id[0m[2m=[0m"s-97d378630852"
[backend] [2m2026-04-19T08:35:26.9464898+08:00[0m [32m INFO[0m ThreadId(12) [2mkoko::shell::媒体资产外壳[0m[2m:[0m 读取附件内容成功 [3musecase[0m[2m=[0m"读取附件内容" [3madapter[0m[2m=[0m"http" [3moutcome[0m[2m=[0m"succeeded" [3mrequest_kind[0m[2m=[0m"附件内容读取" [3mattachment_id[0m[2m=[0m"att-97bd5f02f6c4" [3msession_id[0m[2m=[0m"s-97d378630852"
[backend] [2m2026-04-19T08:35:27.3398843+08:00[0m [32m INFO[0m ThreadId(05) [2mkoko::shell::房间外壳[0m[2m:[0m HTTP 请求已受理 [3musecase[0m[2m=[0m"推进房间阅读位置" [3madapter[0m[2m=[0m"http" [3moutcome[0m[2m=[0m"accepted" [3mrequest_kind[0m[2m=[0m"房间阅读位置推进" [3mroom_id[0m[2m=[0m"r-3cdfd560046a" [3msession_id[0m[2m=[0m"s-97d378630852" [3mevent_position[0m[2m=[0m27
[backend] [2m2026-04-19T08:35:27.3617929+08:00[0m [32m INFO[0m ThreadId(12) [2mkoko::shell::房间外壳[0m[2m:[0m 推进房间阅读位置成功 [3musecase[0m[2m=[0m"推进房间阅读位置" [3madapter[0m[2m=[0m"http" [3moutcome[0m[2m=[0m"succeeded" [3mrequest_kind[0m[2m=[0m"房间阅读位置推进" [3mroom_id[0m[2m=[0m"r-3cdfd560046a" [3msession_id[0m[2m=[0m"s-97d378630852" [3mevent_position[0m[2m=[0m27
[backend] [2m2026-04-19T08:35:27.4315762+08:00[0m [32m INFO[0m ThreadId(05) [2mkoko::shell::媒体资产外壳[0m[2m:[0m HTTP 请求已受理 [3musecase[0m[2m=[0m"读取附件内容" [3madapter[0m[2m=[0m"http" [3moutcome[0m[2m=[0m"accepted" [3mrequest_kind[0m[2m=[0m"附件内容读取" [3mattachment_id[0m[2m=[0m"att-97bd5f02f6c4" [3msession_id[0m[2m=[0m"s-eb3783c5424e"
[backend] [2m2026-04-19T08:35:27.4464257+08:00[0m [32m INFO[0m ThreadId(05) [2mkoko::shell::媒体资产外壳[0m[2m:[0m 读取附件内容成功 [3musecase[0m[2m=[0m"读取附件内容" [3madapter[0m[2m=[0m"http" [3moutcome[0m[2m=[0m"succeeded" [3mrequest_kind[0m[2m=[0m"附件内容读取" [3mattachment_id[0m[2m=[0m"att-97bd5f02f6c4" [3msession_id[0m[2m=[0m"s-eb3783c5424e"
[backend] [2m2026-04-19T08:35:27.8119773+08:00[0m [32m INFO[0m ThreadId(08) [2mkoko::shell::房间外壳[0m[2m:[0m HTTP 请求已受理 [3musecase[0m[2m=[0m"推进房间阅读位置" [3madapter[0m[2m=[0m"http" [3moutcome[0m[2m=[0m"accepted" [3mrequest_kind[0m[2m=[0m"房间阅读位置推进" [3mroom_id[0m[2m=[0m"r-3cdfd560046a" [3msession_id[0m[2m=[0m"s-eb3783c5424e" [3mevent_position[0m[2m=[0m27
[backend] [2m2026-04-19T08:35:27.8351662+08:00[0m [32m INFO[0m ThreadId(12) [2mkoko::shell::房间外壳[0m[2m:[0m 推进房间阅读位置成功 [3musecase[0m[2m=[0m"推进房间阅读位置" [3madapter[0m[2m=[0m"http" [3moutcome[0m[2m=[0m"succeeded" [3mrequest_kind[0m[2m=[0m"房间阅读位置推进" [3mroom_id[0m[2m=[0m"r-3cdfd560046a" [3msession_id[0m[2m=[0m"s-eb3783c5424e" [3mevent_position[0m[2m=[0m27
[backend] [2m2026-04-19T08:35:28.3233069+08:00[0m [32m INFO[0m ThreadId(05) [2mkoko::shell::媒体资产外壳[0m[2m:[0m HTTP 请求已受理 [3musecase[0m[2m=[0m"读取附件内容" [3madapter[0m[2m=[0m"http" [3moutcome[0m[2m=[0m"accepted" [3mrequest_kind[0m[2m=[0m"附件内容读取" [3mattachment_id[0m[2m=[0m"att-97bd5f02f6c4" [3msession_id[0m[2m=[0m"s-eb3783c5424e"
[backend] [2m2026-04-19T08:35:28.3394498+08:00[0m [32m INFO[0m ThreadId(12) [2mkoko::shell::媒体资产外壳[0m[2m:[0m 读取附件内容成功 [3musecase[0m[2m=[0m"读取附件内容" [3madapter[0m[2m=[0m"http" [3moutcome[0m[2m=[0m"succeeded" [3mrequest_kind[0m[2m=[0m"附件内容读取" [3mattachment_id[0m[2m=[0m"att-97bd5f02f6c4" [3msession_id[0m[2m=[0m"s-eb3783c5424e"
[backend] [2m2026-04-19T08:35:28.386173+08:00[0m [32m INFO[0m ThreadId(05) [2mkoko::shell::媒体资产外壳[0m[2m:[0m HTTP 请求已受理 [3musecase[0m[2m=[0m"读取附件内容" [3madapter[0m[2m=[0m"http" [3moutcome[0m[2m=[0m"accepted" [3mrequest_kind[0m[2m=[0m"附件内容读取" [3mattachment_id[0m[2m=[0m"att-97bd5f02f6c4" [3msession_id[0m[2m=[0m"s-eb3783c5424e"
[backend] [2m2026-04-19T08:35:28.3968462+08:00[0m [32m INFO[0m ThreadId(08) [2mkoko::shell::媒体资产外壳[0m[2m:[0m HTTP 请求已受理 [3musecase[0m[2m=[0m"读取附件内容" [3madapter[0m[2m=[0m"http" [3moutcome[0m[2m=[0m"accepted" [3mrequest_kind[0m[2m=[0m"附件内容读取" [3mattachment_id[0m[2m=[0m"att-97bd5f02f6c4" [3msession_id[0m[2m=[0m"s-eb3783c5424e"
[backend] [2m2026-04-19T08:35:28.3983093+08:00[0m [32m INFO[0m ThreadId(08) [2mkoko::shell::媒体资产外壳[0m[2m:[0m 读取附件内容成功 [3musecase[0m[2m=[0m"读取附件内容" [3madapter[0m[2m=[0m"http" [3moutcome[0m[2m=[0m"succeeded" [3mrequest_kind[0m[2m=[0m"附件内容读取" [3mattachment_id[0m[2m=[0m"att-97bd5f02f6c4" [3msession_id[0m[2m=[0m"s-eb3783c5424e"
[backend] [2m2026-04-19T08:35:28.4119396+08:00[0m [32m INFO[0m ThreadId(12) [2mkoko::shell::媒体资产外壳[0m[2m:[0m 读取附件内容成功 [3musecase[0m[2m=[0m"读取附件内容" [3madapter[0m[2m=[0m"http" [3moutcome[0m[2m=[0m"succeeded" [3mrequest_kind[0m[2m=[0m"附件内容读取" [3mattachment_id[0m[2m=[0m"att-97bd5f02f6c4" [3msession_id[0m[2m=[0m"s-eb3783c5424e"
[backend] [2m2026-04-19T08:35:28.5442124+08:00[0m [32m INFO[0m ThreadId(05) [2mkoko::shell::媒体资产外壳[0m[2m:[0m HTTP 请求已受理 [3musecase[0m[2m=[0m"读取附件内容" [3madapter[0m[2m=[0m"http" [3moutcome[0m[2m=[0m"accepted" [3mrequest_kind[0m[2m=[0m"附件内容读取" [3mattachment_id[0m[2m=[0m"att-97bd5f02f6c4" [3msession_id[0m[2m=[0m"s-eb3783c5424e"
[backend] [2m2026-04-19T08:35:28.555247+08:00[0m [32m INFO[0m ThreadId(05) [2mkoko::shell::媒体资产外壳[0m[2m:[0m HTTP 请求已受理 [3musecase[0m[2m=[0m"读取附件内容" [3madapter[0m[2m=[0m"http" [3moutcome[0m[2m=[0m"accepted" [3mrequest_kind[0m[2m=[0m"附件内容读取" [3mattachment_id[0m[2m=[0m"att-97bd5f02f6c4" [3msession_id[0m[2m=[0m"s-eb3783c5424e"
[backend] [2m2026-04-19T08:35:28.5692253+08:00[0m [32m INFO[0m ThreadId(12) [2mkoko::shell::媒体资产外壳[0m[2m:[0m HTTP 请求已受理 [3musecase[0m[2m=[0m"读取附件内容" [3madapter[0m[2m=[0m"http" [3moutcome[0m[2m=[0m"accepted" [3mrequest_kind[0m[2m=[0m"附件内容读取" [3mattachment_id[0m[2m=[0m"att-97bd5f02f6c4" [3msession_id[0m[2m=[0m"s-eb3783c5424e"
[backend] [2m2026-04-19T08:35:28.5777376+08:00[0m [32m INFO[0m ThreadId(12) [2mkoko::shell::媒体资产外壳[0m[2m:[0m 读取附件内容成功 [3musecase[0m[2m=[0m"读取附件内容" [3madapter[0m[2m=[0m"http" [3moutcome[0m[2m=[0m"succeeded" [3mrequest_kind[0m[2m=[0m"附件内容读取" [3mattachment_id[0m[2m=[0m"att-97bd5f02f6c4" [3msession_id[0m[2m=[0m"s-eb3783c5424e"
[backend] [2m2026-04-19T08:35:28.5812778+08:00[0m [32m INFO[0m ThreadId(12) [2mkoko::shell::媒体资产外壳[0m[2m:[0m 读取附件内容成功 [3musecase[0m[2m=[0m"读取附件内容" [3madapter[0m[2m=[0m"http" [3moutcome[0m[2m=[0m"succeeded" [3mrequest_kind[0m[2m=[0m"附件内容读取" [3mattachment_id[0m[2m=[0m"att-97bd5f02f6c4" [3msession_id[0m[2m=[0m"s-eb3783c5424e"
[backend] [2m2026-04-19T08:35:28.5848186+08:00[0m [32m INFO[0m ThreadId(05) [2mkoko::shell::媒体资产外壳[0m[2m:[0m HTTP 请求已受理 [3musecase[0m[2m=[0m"读取附件内容" [3madapter[0m[2m=[0m"http" [3moutcome[0m[2m=[0m"accepted" [3mrequest_kind[0m[2m=[0m"附件内容读取" [3mattachment_id[0m[2m=[0m"att-97bd5f02f6c4" [3msession_id[0m[2m=[0m"s-eb3783c5424e"
[backend] [2m2026-04-19T08:35:28.5860552+08:00[0m [32m INFO[0m ThreadId(05) [2mkoko::shell::媒体资产外壳[0m[2m:[0m 读取附件内容成功 [3musecase[0m[2m=[0m"读取附件内容" [3madapter[0m[2m=[0m"http" [3moutcome[0m[2m=[0m"succeeded" [3mrequest_kind[0m[2m=[0m"附件内容读取" [3mattachment_id[0m[2m=[0m"att-97bd5f02f6c4" [3msession_id[0m[2m=[0m"s-eb3783c5424e"
[backend] [2m2026-04-19T08:35:28.6030409+08:00[0m [32m INFO[0m ThreadId(06) [2mkoko::shell::媒体资产外壳[0m[2m:[0m 读取附件内容成功 [3musecase[0m[2m=[0m"读取附件内容" [3madapter[0m[2m=[0m"http" [3moutcome[0m[2m=[0m"succeeded" [3mrequest_kind[0m[2m=[0m"附件内容读取" [3mattachment_id[0m[2m=[0m"att-97bd5f02f6c4" [3msession_id[0m[2m=[0m"s-eb3783c5424e"
[backend] [2m2026-04-19T08:35:29.1216745+08:00[0m [32m INFO[0m ThreadId(05) [2mkoko::shell::媒体资产外壳[0m[2m:[0m HTTP 请求已受理 [3musecase[0m[2m=[0m"读取附件内容" [3madapter[0m[2m=[0m"http" [3moutcome[0m[2m=[0m"accepted" [3mrequest_kind[0m[2m=[0m"附件内容读取" [3mattachment_id[0m[2m=[0m"att-97bd5f02f6c4" [3msession_id[0m[2m=[0m"s-eb3783c5424e"
[backend] [2m2026-04-19T08:35:29.1240405+08:00[0m [32m INFO[0m ThreadId(05) [2mkoko::shell::媒体资产外壳[0m[2m:[0m HTTP 请求已受理 [3musecase[0m[2m=[0m"读取附件内容" [3madapter[0m[2m=[0m"http" [3moutcome[0m[2m=[0m"accepted" [3mrequest_kind[0m[2m=[0m"附件内容读取" [3mattachment_id[0m[2m=[0m"att-97bd5f02f6c4" [3msession_id[0m[2m=[0m"s-eb3783c5424e"
[backend] [2m2026-04-19T08:35:29.1252292+08:00[0m [32m INFO[0m ThreadId(06) [2mkoko::shell::媒体资产外壳[0m[2m:[0m HTTP 请求已受理 [3musecase[0m[2m=[0m"读取附件内容" [3madapter[0m[2m=[0m"http" [3moutcome[0m[2m=[0m"accepted" [3mrequest_kind[0m[2m=[0m"附件内容读取" [3mattachment_id[0m[2m=[0m"att-97bd5f02f6c4" [3msession_id[0m[2m=[0m"s-eb3783c5424e"
[backend] [2m2026-04-19T08:35:29.1275104+08:00[0m [32m INFO[0m ThreadId(05) [2mkoko::shell::媒体资产外壳[0m[2m:[0m HTTP 请求已受理 [3musecase[0m[2m=[0m"读取附件内容" [3madapter[0m[2m=[0m"http" [3moutcome[0m[2m=[0m"accepted" [3mrequest_kind[0m[2m=[0m"附件内容读取" [3mattachment_id[0m[2m=[0m"att-97bd5f02f6c4" [3msession_id[0m[2m=[0m"s-eb3783c5424e"
[backend] [2m2026-04-19T08:35:29.1423738+08:00[0m [32m INFO[0m ThreadId(10) [2mkoko::shell::媒体资产外壳[0m[2m:[0m 读取附件内容成功 [3musecase[0m[2m=[0m"读取附件内容" [3madapter[0m[2m=[0m"http" [3moutcome[0m[2m=[0m"succeeded" [3mrequest_kind[0m[2m=[0m"附件内容读取" [3mattachment_id[0m[2m=[0m"att-97bd5f02f6c4" [3msession_id[0m[2m=[0m"s-eb3783c5424e"
[backend] [2m2026-04-19T08:35:29.1437773+08:00[0m [32m INFO[0m ThreadId(12) [2mkoko::shell::媒体资产外壳[0m[2m:[0m 读取附件内容成功 [3musecase[0m[2m=[0m"读取附件内容" [3madapter[0m[2m=[0m"http" [3moutcome[0m[2m=[0m"succeeded" [3mrequest_kind[0m[2m=[0m"附件内容读取" [3mattachment_id[0m[2m=[0m"att-97bd5f02f6c4" [3msession_id[0m[2m=[0m"s-eb3783c5424e"
[backend] [2m2026-04-19T08:35:29.1462635+08:00[0m [32m INFO[0m ThreadId(10) [2mkoko::shell::媒体资产外壳[0m[2m:[0m 读取附件内容成功 [3musecase[0m[2m=[0m"读取附件内容" [3madapter[0m[2m=[0m"http" [3moutcome[0m[2m=[0m"succeeded" [3mrequest_kind[0m[2m=[0m"附件内容读取" [3mattachment_id[0m[2m=[0m"att-97bd5f02f6c4" [3msession_id[0m[2m=[0m"s-eb3783c5424e"
[backend] [2m2026-04-19T08:35:29.1496747+08:00[0m [32m INFO[0m ThreadId(10) [2mkoko::shell::媒体资产外壳[0m[2m:[0m 读取附件内容成功 [3musecase[0m[2m=[0m"读取附件内容" [3madapter[0m[2m=[0m"http" [3moutcome[0m[2m=[0m"succeeded" [3mrequest_kind[0m[2m=[0m"附件内容读取" [3mattachment_id[0m[2m=[0m"att-97bd5f02f6c4" [3msession_id[0m[2m=[0m"s-eb3783c5424e"
[backend] [2m2026-04-19T08:35:29.5544708+08:00[0m [32m INFO[0m ThreadId(05) [2mkoko::shell::媒体资产外壳[0m[2m:[0m HTTP 请求已受理 [3musecase[0m[2m=[0m"读取附件内容" [3madapter[0m[2m=[0m"http" [3moutcome[0m[2m=[0m"accepted" [3mrequest_kind[0m[2m=[0m"附件内容读取" [3mattachment_id[0m[2m=[0m"att-97bd5f02f6c4" [3msession_id[0m[2m=[0m"s-eb3783c5424e"
[backend] [2m2026-04-19T08:35:29.5564433+08:00[0m [32m INFO[0m ThreadId(05) [2mkoko::shell::媒体资产外壳[0m[2m:[0m HTTP 请求已受理 [3musecase[0m[2m=[0m"读取附件内容" [3madapter[0m[2m=[0m"http" [3moutcome[0m[2m=[0m"accepted" [3mrequest_kind[0m[2m=[0m"附件内容读取" [3mattachment_id[0m[2m=[0m"att-97bd5f02f6c4" [3msession_id[0m[2m=[0m"s-eb3783c5424e"
[backend] [2m2026-04-19T08:35:29.5625046+08:00[0m [32m INFO[0m ThreadId(12) [2mkoko::shell::媒体资产外壳[0m[2m:[0m HTTP 请求已受理 [3musecase[0m[2m=[0m"读取附件内容" [3madapter[0m[2m=[0m"http" [3moutcome[0m[2m=[0m"accepted" [3mrequest_kind[0m[2m=[0m"附件内容读取" [3mattachment_id[0m[2m=[0m"att-97bd5f02f6c4" [3msession_id[0m[2m=[0m"s-eb3783c5424e"
[backend] [2m2026-04-19T08:35:29.5625342+08:00[0m [32m INFO[0m ThreadId(05) [2mkoko::shell::媒体资产外壳[0m[2m:[0m HTTP 请求已受理 [3musecase[0m[2m=[0m"读取附件内容" [3madapter[0m[2m=[0m"http" [3moutcome[0m[2m=[0m"accepted" [3mrequest_kind[0m[2m=[0m"附件内容读取" [3mattachment_id[0m[2m=[0m"att-97bd5f02f6c4" [3msession_id[0m[2m=[0m"s-eb3783c5424e"
[backend] [2m2026-04-19T08:35:29.5816617+08:00[0m [32m INFO[0m ThreadId(08) [2mkoko::shell::媒体资产外壳[0m[2m:[0m 读取附件内容成功 [3musecase[0m[2m=[0m"读取附件内容" [3madapter[0m[2m=[0m"http" [3moutcome[0m[2m=[0m"succeeded" [3mrequest_kind[0m[2m=[0m"附件内容读取" [3mattachment_id[0m[2m=[0m"att-97bd5f02f6c4" [3msession_id[0m[2m=[0m"s-eb3783c5424e"
[backend] [2m2026-04-19T08:35:29.5846868+08:00[0m [32m INFO[0m ThreadId(08) [2mkoko::shell::媒体资产外壳[0m[2m:[0m 读取附件内容成功 [3musecase[0m[2m=[0m"读取附件内容" [3madapter[0m[2m=[0m"http" [3moutcome[0m[2m=[0m"succeeded" [3mrequest_kind[0m[2m=[0m"附件内容读取" [3mattachment_id[0m[2m=[0m"att-97bd5f02f6c4" [3msession_id[0m[2m=[0m"s-eb3783c5424e"
[backend] [2m2026-04-19T08:35:29.5853569+08:00[0m [32m INFO[0m ThreadId(10) [2mkoko::shell::媒体资产外壳[0m[2m:[0m 读取附件内容成功 [3musecase[0m[2m=[0m"读取附件内容" [3madapter[0m[2m=[0m"http" [3moutcome[0m[2m=[0m"succeeded" [3mrequest_kind[0m[2m=[0m"附件内容读取" [3mattachment_id[0m[2m=[0m"att-97bd5f02f6c4" [3msession_id[0m[2m=[0m"s-eb3783c5424e"
[backend] [2m2026-04-19T08:35:29.5853569+08:00[0m [32m INFO[0m ThreadId(05) [2mkoko::shell::媒体资产外壳[0m[2m:[0m 读取附件内容成功 [3musecase[0m[2m=[0m"读取附件内容" [3madapter[0m[2m=[0m"http" [3moutcome[0m[2m=[0m"succeeded" [3mrequest_kind[0m[2m=[0m"附件内容读取" [3mattachment_id[0m[2m=[0m"att-97bd5f02f6c4" [3msession_id[0m[2m=[0m"s-eb3783c5424e"
[backend] [2m2026-04-19T08:35:29.6891913+08:00[0m [32m INFO[0m ThreadId(12) [2mkoko::shell::媒体资产外壳[0m[2m:[0m HTTP 请求已受理 [3musecase[0m[2m=[0m"读取附件内容" [3madapter[0m[2m=[0m"http" [3moutcome[0m[2m=[0m"accepted" [3mrequest_kind[0m[2m=[0m"附件内容读取" [3mattachment_id[0m[2m=[0m"att-97bd5f02f6c4" [3msession_id[0m[2m=[0m"s-eb3783c5424e"
[backend] [2m2026-04-19T08:35:29.6907645+08:00[0m [32m INFO[0m ThreadId(12) [2mkoko::shell::媒体资产外壳[0m[2m:[0m HTTP 请求已受理 [3musecase[0m[2m=[0m"读取附件内容" [3madapter[0m[2m=[0m"http" [3moutcome[0m[2m=[0m"accepted" [3mrequest_kind[0m[2m=[0m"附件内容读取" [3mattachment_id[0m[2m=[0m"att-97bd5f02f6c4" [3msession_id[0m[2m=[0m"s-eb3783c5424e"
[backend] [2m2026-04-19T08:35:29.6908161+08:00[0m [32m INFO[0m ThreadId(08) [2mkoko::shell::媒体资产外壳[0m[2m:[0m HTTP 请求已受理 [3musecase[0m[2m=[0m"读取附件内容" [3madapter[0m[2m=[0m"http" [3moutcome[0m[2m=[0m"accepted" [3mrequest_kind[0m[2m=[0m"附件内容读取" [3mattachment_id[0m[2m=[0m"att-97bd5f02f6c4" [3msession_id[0m[2m=[0m"s-eb3783c5424e"
[backend] [2m2026-04-19T08:35:29.6929118+08:00[0m [32m INFO[0m ThreadId(10) [2mkoko::shell::媒体资产外壳[0m[2m:[0m HTTP 请求已受理 [3musecase[0m[2m=[0m"读取附件内容" [3madapter[0m[2m=[0m"http" [3moutcome[0m[2m=[0m"accepted" [3mrequest_kind[0m[2m=[0m"附件内容读取" [3mattachment_id[0m[2m=[0m"att-97bd5f02f6c4" [3msession_id[0m[2m=[0m"s-eb3783c5424e"
[backend] [2m2026-04-19T08:35:29.70372+08:00[0m [32m INFO[0m ThreadId(05) [2mkoko::shell::媒体资产外壳[0m[2m:[0m 读取附件内容成功 [3musecase[0m[2m=[0m"读取附件内容" [3madapter[0m[2m=[0m"http" [3moutcome[0m[2m=[0m"succeeded" [3mrequest_kind[0m[2m=[0m"附件内容读取" [3mattachment_id[0m[2m=[0m"att-97bd5f02f6c4" [3msession_id[0m[2m=[0m"s-eb3783c5424e"
[backend] [2m2026-04-19T08:35:29.7053653+08:00[0m [32m INFO[0m ThreadId(08) [2mkoko::shell::媒体资产外壳[0m[2m:[0m 读取附件内容成功 [3musecase[0m[2m=[0m"读取附件内容" [3madapter[0m[2m=[0m"http" [3moutcome[0m[2m=[0m"succeeded" [3mrequest_kind[0m[2m=[0m"附件内容读取" [3mattachment_id[0m[2m=[0m"att-97bd5f02f6c4" [3msession_id[0m[2m=[0m"s-eb3783c5424e"
[backend] [2m2026-04-19T08:35:29.7060957+08:00[0m [32m INFO[0m ThreadId(06) [2mkoko::shell::媒体资产外壳[0m[2m:[0m 读取附件内容成功 [3musecase[0m[2m=[0m"读取附件内容" [3madapter[0m[2m=[0m"http" [3moutcome[0m[2m=[0m"succeeded" [3mrequest_kind[0m[2m=[0m"附件内容读取" [3mattachment_id[0m[2m=[0m"att-97bd5f02f6c4" [3msession_id[0m[2m=[0m"s-eb3783c5424e"
[backend] [2m2026-04-19T08:35:29.7078697+08:00[0m [32m INFO[0m ThreadId(10) [2mkoko::shell::媒体资产外壳[0m[2m:[0m 读取附件内容成功 [3musecase[0m[2m=[0m"读取附件内容" [3madapter[0m[2m=[0m"http" [3moutcome[0m[2m=[0m"succeeded" [3mrequest_kind[0m[2m=[0m"附件内容读取" [3mattachment_id[0m[2m=[0m"att-97bd5f02f6c4" [3msession_id[0m[2m=[0m"s-eb3783c5424e"
[backend] [2m2026-04-19T08:35:29.7522259+08:00[0m [32m INFO[0m ThreadId(12) [2mkoko::shell::媒体资产外壳[0m[2m:[0m HTTP 请求已受理 [3musecase[0m[2m=[0m"读取附件内容" [3madapter[0m[2m=[0m"http" [3moutcome[0m[2m=[0m"accepted" [3mrequest_kind[0m[2m=[0m"附件内容读取" [3mattachment_id[0m[2m=[0m"att-97bd5f02f6c4" [3msession_id[0m[2m=[0m"s-eb3783c5424e"
[backend] [2m2026-04-19T08:35:29.7639403+08:00[0m [32m INFO[0m ThreadId(10) [2mkoko::shell::媒体资产外壳[0m[2m:[0m 读取附件内容成功 [3musecase[0m[2m=[0m"读取附件内容" [3madapter[0m[2m=[0m"http" [3moutcome[0m[2m=[0m"succeeded" [3mrequest_kind[0m[2m=[0m"附件内容读取" [3mattachment_id[0m[2m=[0m"att-97bd5f02f6c4" [3msession_id[0m[2m=[0m"s-eb3783c5424e"
[backend] [2m2026-04-19T08:35:29.9669304+08:00[0m [32m INFO[0m ThreadId(08) [2mkoko::shell::媒体资产外壳[0m[2m:[0m HTTP 请求已受理 [3musecase[0m[2m=[0m"读取附件内容" [3madapter[0m[2m=[0m"http" [3moutcome[0m[2m=[0m"accepted" [3mrequest_kind[0m[2m=[0m"附件内容读取" [3mattachment_id[0m[2m=[0m"att-97bd5f02f6c4" [3msession_id[0m[2m=[0m"s-eb3783c5424e"
[backend] [2m2026-04-19T08:35:29.9776749+08:00[0m [32m INFO[0m ThreadId(08) [2mkoko::shell::媒体资产外壳[0m[2m:[0m 读取附件内容成功 [3musecase[0m[2m=[0m"读取附件内容" [3madapter[0m[2m=[0m"http" [3moutcome[0m[2m=[0m"succeeded" [3mrequest_kind[0m[2m=[0m"附件内容读取" [3mattachment_id[0m[2m=[0m"att-97bd5f02f6c4" [3msession_id[0m[2m=[0m"s-eb3783c5424e"
[backend] [2m2026-04-19T08:35:30.1188781+08:00[0m [32m INFO[0m ThreadId(12) [2mkoko::shell::媒体资产外壳[0m[2m:[0m HTTP 请求已受理 [3musecase[0m[2m=[0m"读取附件内容" [3madapter[0m[2m=[0m"http" [3moutcome[0m[2m=[0m"accepted" [3mrequest_kind[0m[2m=[0m"附件内容读取" [3mattachment_id[0m[2m=[0m"att-97bd5f02f6c4" [3msession_id[0m[2m=[0m"s-eb3783c5424e"
[backend] [2m2026-04-19T08:35:30.1204797+08:00[0m [32m INFO[0m ThreadId(12) [2mkoko::shell::媒体资产外壳[0m[2m:[0m HTTP 请求已受理 [3musecase[0m[2m=[0m"读取附件内容" [3madapter[0m[2m=[0m"http" [3moutcome[0m[2m=[0m"accepted" [3mrequest_kind[0m[2m=[0m"附件内容读取" [3mattachment_id[0m[2m=[0m"att-97bd5f02f6c4" [3msession_id[0m[2m=[0m"s-eb3783c5424e"
[backend] [2m2026-04-19T08:35:30.1215709+08:00[0m [32m INFO[0m ThreadId(12) [2mkoko::shell::媒体资产外壳[0m[2m:[0m HTTP 请求已受理 [3musecase[0m[2m=[0m"读取附件内容" [3madapter[0m[2m=[0m"http" [3moutcome[0m[2m=[0m"accepted" [3mrequest_kind[0m[2m=[0m"附件内容读取" [3mattachment_id[0m[2m=[0m"att-97bd5f02f6c4" [3msession_id[0m[2m=[0m"s-eb3783c5424e"
[backend] [2m2026-04-19T08:35:30.1328597+08:00[0m [32m INFO[0m ThreadId(12) [2mkoko::shell::媒体资产外壳[0m[2m:[0m 读取附件内容成功 [3musecase[0m[2m=[0m"读取附件内容" [3madapter[0m[2m=[0m"http" [3moutcome[0m[2m=[0m"succeeded" [3mrequest_kind[0m[2m=[0m"附件内容读取" [3mattachment_id[0m[2m=[0m"att-97bd5f02f6c4" [3msession_id[0m[2m=[0m"s-eb3783c5424e"
[backend] [2m2026-04-19T08:35:30.136096+08:00[0m [32m INFO[0m ThreadId(12) [2mkoko::shell::媒体资产外壳[0m[2m:[0m 读取附件内容成功 [3musecase[0m[2m=[0m"读取附件内容" [3madapter[0m[2m=[0m"http" [3moutcome[0m[2m=[0m"succeeded" [3mrequest_kind[0m[2m=[0m"附件内容读取" [3mattachment_id[0m[2m=[0m"att-97bd5f02f6c4" [3msession_id[0m[2m=[0m"s-eb3783c5424e"
[backend] [2m2026-04-19T08:35:30.1378954+08:00[0m [32m INFO[0m ThreadId(10) [2mkoko::shell::媒体资产外壳[0m[2m:[0m 读取附件内容成功 [3musecase[0m[2m=[0m"读取附件内容" [3madapter[0m[2m=[0m"http" [3moutcome[0m[2m=[0m"succeeded" [3mrequest_kind[0m[2m=[0m"附件内容读取" [3mattachment_id[0m[2m=[0m"att-97bd5f02f6c4" [3msession_id[0m[2m=[0m"s-eb3783c5424e"
[backend] [2m2026-04-19T08:35:30.1638877+08:00[0m [32m INFO[0m ThreadId(08) [2mkoko::shell::媒体资产外壳[0m[2m:[0m HTTP 请求已受理 [3musecase[0m[2m=[0m"读取附件内容" [3madapter[0m[2m=[0m"http" [3moutcome[0m[2m=[0m"accepted" [3mrequest_kind[0m[2m=[0m"附件内容读取" [3mattachment_id[0m[2m=[0m"att-97bd5f02f6c4" [3msession_id[0m[2m=[0m"s-eb3783c5424e"
[backend] [2m2026-04-19T08:35:30.1751929+08:00[0m [32m INFO[0m ThreadId(08) [2mkoko::shell::媒体资产外壳[0m[2m:[0m 读取附件内容成功 [3musecase[0m[2m=[0m"读取附件内容" [3madapter[0m[2m=[0m"http" [3moutcome[0m[2m=[0m"succeeded" [3mrequest_kind[0m[2m=[0m"附件内容读取" [3mattachment_id[0m[2m=[0m"att-97bd5f02f6c4" [3msession_id[0m[2m=[0m"s-eb3783c5424e"
[backend] [2m2026-04-19T08:35:30.216953+08:00[0m [32m INFO[0m ThreadId(10) [2mkoko::shell::媒体资产外壳[0m[2m:[0m HTTP 请求已受理 [3musecase[0m[2m=[0m"读取附件内容" [3madapter[0m[2m=[0m"http" [3moutcome[0m[2m=[0m"accepted" [3mrequest_kind[0m[2m=[0m"附件内容读取" [3mattachment_id[0m[2m=[0m"att-97bd5f02f6c4" [3msession_id[0m[2m=[0m"s-eb3783c5424e"
[backend] [2m2026-04-19T08:35:30.2187777+08:00[0m [32m INFO[0m ThreadId(10) [2mkoko::shell::媒体资产外壳[0m[2m:[0m HTTP 请求已受理 [3musecase[0m[2m=[0m"读取附件内容" [3madapter[0m[2m=[0m"http" [3moutcome[0m[2m=[0m"accepted" [3mrequest_kind[0m[2m=[0m"附件内容读取" [3mattachment_id[0m[2m=[0m"att-97bd5f02f6c4" [3msession_id[0m[2m=[0m"s-eb3783c5424e"
[backend] [2m2026-04-19T08:35:30.2191439+08:00[0m [32m INFO[0m ThreadId(08) [2mkoko::shell::媒体资产外壳[0m[2m:[0m HTTP 请求已受理 [3musecase[0m[2m=[0m"读取附件内容" [3madapter[0m[2m=[0m"http" [3moutcome[0m[2m=[0m"accepted" [3mrequest_kind[0m[2m=[0m"附件内容读取" [3mattachment_id[0m[2m=[0m"att-97bd5f02f6c4" [3msession_id[0m[2m=[0m"s-eb3783c5424e"
[backend] [2m2026-04-19T08:35:30.2191545+08:00[0m [32m INFO[0m ThreadId(12) [2mkoko::shell::媒体资产外壳[0m[2m:[0m HTTP 请求已受理 [3musecase[0m[2m=[0m"读取附件内容" [3madapter[0m[2m=[0m"http" [3moutcome[0m[2m=[0m"accepted" [3mrequest_kind[0m[2m=[0m"附件内容读取" [3mattachment_id[0m[2m=[0m"att-97bd5f02f6c4" [3msession_id[0m[2m=[0m"s-eb3783c5424e"
[backend] [2m2026-04-19T08:35:30.2350008+08:00[0m [32m INFO[0m ThreadId(08) [2mkoko::shell::媒体资产外壳[0m[2m:[0m 读取附件内容成功 [3musecase[0m[2m=[0m"读取附件内容" [3madapter[0m[2m=[0m"http" [3moutcome[0m[2m=[0m"succeeded" [3mrequest_kind[0m[2m=[0m"附件内容读取" [3mattachment_id[0m[2m=[0m"att-97bd5f02f6c4" [3msession_id[0m[2m=[0m"s-eb3783c5424e"
[backend] [2m2026-04-19T08:35:30.2350006+08:00[0m [32m INFO[0m ThreadId(10) [2mkoko::shell::媒体资产外壳[0m[2m:[0m 读取附件内容成功 [3musecase[0m[2m=[0m"读取附件内容" [3madapter[0m[2m=[0m"http" [3moutcome[0m[2m=[0m"succeeded" [3mrequest_kind[0m[2m=[0m"附件内容读取" [3mattachment_id[0m[2m=[0m"att-97bd5f02f6c4" [3msession_id[0m[2m=[0m"s-eb3783c5424e"
[backend] [2m2026-04-19T08:35:30.2351244+08:00[0m [32m INFO[0m ThreadId(05) [2mkoko::shell::媒体资产外壳[0m[2m:[0m 读取附件内容成功 [3musecase[0m[2m=[0m"读取附件内容" [3madapter[0m[2m=[0m"http" [3moutcome[0m[2m=[0m"succeeded" [3mrequest_kind[0m[2m=[0m"附件内容读取" [3mattachment_id[0m[2m=[0m"att-97bd5f02f6c4" [3msession_id[0m[2m=[0m"s-eb3783c5424e"
[backend] [2m2026-04-19T08:35:30.2374237+08:00[0m [32m INFO[0m ThreadId(08) [2mkoko::shell::媒体资产外壳[0m[2m:[0m 读取附件内容成功 [3musecase[0m[2m=[0m"读取附件内容" [3madapter[0m[2m=[0m"http" [3moutcome[0m[2m=[0m"succeeded" [3mrequest_kind[0m[2m=[0m"附件内容读取" [3mattachment_id[0m[2m=[0m"att-97bd5f02f6c4" [3msession_id[0m[2m=[0m"s-eb3783c5424e"
[backend] [2m2026-04-19T08:35:30.2891115+08:00[0m [32m INFO[0m ThreadId(12) [2mkoko::shell::媒体资产外壳[0m[2m:[0m HTTP 请求已受理 [3musecase[0m[2m=[0m"读取附件内容" [3madapter[0m[2m=[0m"http" [3moutcome[0m[2m=[0m"accepted" [3mrequest_kind[0m[2m=[0m"附件内容读取" [3mattachment_id[0m[2m=[0m"att-97bd5f02f6c4" [3msession_id[0m[2m=[0m"s-eb3783c5424e"
[backend] [2m2026-04-19T08:35:30.2915735+08:00[0m [32m INFO[0m ThreadId(12) [2mkoko::shell::媒体资产外壳[0m[2m:[0m HTTP 请求已受理 [3musecase[0m[2m=[0m"读取附件内容" [3madapter[0m[2m=[0m"http" [3moutcome[0m[2m=[0m"accepted" [3mrequest_kind[0m[2m=[0m"附件内容读取" [3mattachment_id[0m[2m=[0m"att-97bd5f02f6c4" [3msession_id[0m[2m=[0m"s-eb3783c5424e"
[backend] [2m2026-04-19T08:35:30.3013605+08:00[0m [32m INFO[0m ThreadId(08) [2mkoko::shell::媒体资产外壳[0m[2m:[0m HTTP 请求已受理 [3musecase[0m[2m=[0m"读取附件内容" [3madapter[0m[2m=[0m"http" [3moutcome[0m[2m=[0m"accepted" [3mrequest_kind[0m[2m=[0m"附件内容读取" [3mattachment_id[0m[2m=[0m"att-97bd5f02f6c4" [3msession_id[0m[2m=[0m"s-eb3783c5424e"
[backend] [2m2026-04-19T08:35:30.3035968+08:00[0m [32m INFO[0m ThreadId(08) [2mkoko::shell::媒体资产外壳[0m[2m:[0m HTTP 请求已受理 [3musecase[0m[2m=[0m"读取附件内容" [3madapter[0m[2m=[0m"http" [3moutcome[0m[2m=[0m"accepted" [3mrequest_kind[0m[2m=[0m"附件内容读取" [3mattachment_id[0m[2m=[0m"att-97bd5f02f6c4" [3msession_id[0m[2m=[0m"s-eb3783c5424e"
[backend] [2m2026-04-19T08:35:30.3126903+08:00[0m [32m INFO[0m ThreadId(05) [2mkoko::shell::媒体资产外壳[0m[2m:[0m 读取附件内容成功 [3musecase[0m[2m=[0m"读取附件内容" [3madapter[0m[2m=[0m"http" [3moutcome[0m[2m=[0m"succeeded" [3mrequest_kind[0m[2m=[0m"附件内容读取" [3mattachment_id[0m[2m=[0m"att-97bd5f02f6c4" [3msession_id[0m[2m=[0m"s-eb3783c5424e"
[backend] [2m2026-04-19T08:35:30.3165096+08:00[0m [32m INFO[0m ThreadId(05) [2mkoko::shell::媒体资产外壳[0m[2m:[0m 读取附件内容成功 [3musecase[0m[2m=[0m"读取附件内容" [3madapter[0m[2m=[0m"http" [3moutcome[0m[2m=[0m"succeeded" [3mrequest_kind[0m[2m=[0m"附件内容读取" [3mattachment_id[0m[2m=[0m"att-97bd5f02f6c4" [3msession_id[0m[2m=[0m"s-eb3783c5424e"
[backend] [2m2026-04-19T08:35:30.3181089+08:00[0m [32m INFO[0m ThreadId(10) [2mkoko::shell::媒体资产外壳[0m[2m:[0m 读取附件内容成功 [3musecase[0m[2m=[0m"读取附件内容" [3madapter[0m[2m=[0m"http" [3moutcome[0m[2m=[0m"succeeded" [3mrequest_kind[0m[2m=[0m"附件内容读取" [3mattachment_id[0m[2m=[0m"att-97bd5f02f6c4" [3msession_id[0m[2m=[0m"s-eb3783c5424e"
[backend] [2m2026-04-19T08:35:30.3191831+08:00[0m [32m INFO[0m ThreadId(12) [2mkoko::shell::媒体资产外壳[0m[2m:[0m 读取附件内容成功 [3musecase[0m[2m=[0m"读取附件内容" [3madapter[0m[2m=[0m"http" [3moutcome[0m[2m=[0m"succeeded" [3mrequest_kind[0m[2m=[0m"附件内容读取" [3mattachment_id[0m[2m=[0m"att-97bd5f02f6c4" [3msession_id[0m[2m=[0m"s-eb3783c5424e"
[backend] [2m2026-04-19T08:35:30.4000122+08:00[0m [32m INFO[0m ThreadId(06) [2mkoko::shell::媒体资产外壳[0m[2m:[0m HTTP 请求已受理 [3musecase[0m[2m=[0m"读取附件内容" [3madapter[0m[2m=[0m"http" [3moutcome[0m[2m=[0m"accepted" [3mrequest_kind[0m[2m=[0m"附件内容读取" [3mattachment_id[0m[2m=[0m"att-97bd5f02f6c4" [3msession_id[0m[2m=[0m"s-eb3783c5424e"
[backend] [2m2026-04-19T08:35:30.401638+08:00[0m [32m INFO[0m ThreadId(06) [2mkoko::shell::媒体资产外壳[0m[2m:[0m HTTP 请求已受理 [3musecase[0m[2m=[0m"读取附件内容" [3madapter[0m[2m=[0m"http" [3moutcome[0m[2m=[0m"accepted" [3mrequest_kind[0m[2m=[0m"附件内容读取" [3mattachment_id[0m[2m=[0m"att-97bd5f02f6c4" [3msession_id[0m[2m=[0m"s-eb3783c5424e"
[backend] [2m2026-04-19T08:35:30.4019162+08:00[0m [32m INFO[0m ThreadId(12) [2mkoko::shell::媒体资产外壳[0m[2m:[0m HTTP 请求已受理 [3musecase[0m[2m=[0m"读取附件内容" [3madapter[0m[2m=[0m"http" [3moutcome[0m[2m=[0m"accepted" [3mrequest_kind[0m[2m=[0m"附件内容读取" [3mattachment_id[0m[2m=[0m"att-97bd5f02f6c4" [3msession_id[0m[2m=[0m"s-eb3783c5424e"
[backend] [2m2026-04-19T08:35:30.4029968+08:00[0m [32m INFO[0m ThreadId(10) [2mkoko::shell::媒体资产外壳[0m[2m:[0m HTTP 请求已受理 [3musecase[0m[2m=[0m"读取附件内容" [3madapter[0m[2m=[0m"http" [3moutcome[0m[2m=[0m"accepted" [3mrequest_kind[0m[2m=[0m"附件内容读取" [3mattachment_id[0m[2m=[0m"att-97bd5f02f6c4" [3msession_id[0m[2m=[0m"s-eb3783c5424e"
[backend] [2m2026-04-19T08:35:30.4175309+08:00[0m [32m INFO[0m ThreadId(06) [2mkoko::shell::媒体资产外壳[0m[2m:[0m 读取附件内容成功 [3musecase[0m[2m=[0m"读取附件内容" [3madapter[0m[2m=[0m"http" [3moutcome[0m[2m=[0m"succeeded" [3mrequest_kind[0m[2m=[0m"附件内容读取" [3mattachment_id[0m[2m=[0m"att-97bd5f02f6c4" [3msession_id[0m[2m=[0m"s-eb3783c5424e"
[backend] [2m2026-04-19T08:35:30.4203001+08:00[0m [32m INFO[0m ThreadId(06) [2mkoko::shell::媒体资产外壳[0m[2m:[0m 读取附件内容成功 [3musecase[0m[2m=[0m"读取附件内容" [3madapter[0m[2m=[0m"http" [3moutcome[0m[2m=[0m"succeeded" [3mrequest_kind[0m[2m=[0m"附件内容读取" [3mattachment_id[0m[2m=[0m"att-97bd5f02f6c4" [3msession_id[0m[2m=[0m"s-eb3783c5424e"
[backend] [2m2026-04-19T08:35:30.4208562+08:00[0m [32m INFO[0m ThreadId(12) [2mkoko::shell::媒体资产外壳[0m[2m:[0m 读取附件内容成功 [3musecase[0m[2m=[0m"读取附件内容" [3madapter[0m[2m=[0m"http" [3moutcome[0m[2m=[0m"succeeded" [3mrequest_kind[0m[2m=[0m"附件内容读取" [3mattachment_id[0m[2m=[0m"att-97bd5f02f6c4" [3msession_id[0m[2m=[0m"s-eb3783c5424e"
[backend] [2m2026-04-19T08:35:30.4244174+08:00[0m [32m INFO[0m ThreadId(06) [2mkoko::shell::媒体资产外壳[0m[2m:[0m 读取附件内容成功 [3musecase[0m[2m=[0m"读取附件内容" [3madapter[0m[2m=[0m"http" [3moutcome[0m[2m=[0m"succeeded" [3mrequest_kind[0m[2m=[0m"附件内容读取" [3mattachment_id[0m[2m=[0m"att-97bd5f02f6c4" [3msession_id[0m[2m=[0m"s-eb3783c5424e"
[backend] [2m2026-04-19T08:35:30.5101146+08:00[0m [32m INFO[0m ThreadId(10) [2mkoko::shell::媒体资产外壳[0m[2m:[0m HTTP 请求已受理 [3musecase[0m[2m=[0m"读取附件内容" [3madapter[0m[2m=[0m"http" [3moutcome[0m[2m=[0m"accepted" [3mrequest_kind[0m[2m=[0m"附件内容读取" [3mattachment_id[0m[2m=[0m"att-97bd5f02f6c4" [3msession_id[0m[2m=[0m"s-eb3783c5424e"
[backend] [2m2026-04-19T08:35:30.5137351+08:00[0m [32m INFO[0m ThreadId(10) [2mkoko::shell::媒体资产外壳[0m[2m:[0m HTTP 请求已受理 [3musecase[0m[2m=[0m"读取附件内容" [3madapter[0m[2m=[0m"http" [3moutcome[0m[2m=[0m"accepted" [3mrequest_kind[0m[2m=[0m"附件内容读取" [3mattachment_id[0m[2m=[0m"att-97bd5f02f6c4" [3msession_id[0m[2m=[0m"s-eb3783c5424e"
[backend] [2m2026-04-19T08:35:30.5159535+08:00[0m [32m INFO[0m ThreadId(06) [2mkoko::shell::媒体资产外壳[0m[2m:[0m HTTP 请求已受理 [3musecase[0m[2m=[0m"读取附件内容" [3madapter[0m[2m=[0m"http" [3moutcome[0m[2m=[0m"accepted" [3mrequest_kind[0m[2m=[0m"附件内容读取" [3mattachment_id[0m[2m=[0m"att-97bd5f02f6c4" [3msession_id[0m[2m=[0m"s-eb3783c5424e"
[backend] [2m2026-04-19T08:35:30.5195723+08:00[0m [32m INFO[0m ThreadId(10) [2mkoko::shell::媒体资产外壳[0m[2m:[0m HTTP 请求已受理 [3musecase[0m[2m=[0m"读取附件内容" [3madapter[0m[2m=[0m"http" [3moutcome[0m[2m=[0m"accepted" [3mrequest_kind[0m[2m=[0m"附件内容读取" [3mattachment_id[0m[2m=[0m"att-97bd5f02f6c4" [3msession_id[0m[2m=[0m"s-eb3783c5424e"
[backend] [2m2026-04-19T08:35:30.5243602+08:00[0m [32m INFO[0m ThreadId(12) [2mkoko::shell::媒体资产外壳[0m[2m:[0m 读取附件内容成功 [3musecase[0m[2m=[0m"读取附件内容" [3madapter[0m[2m=[0m"http" [3moutcome[0m[2m=[0m"succeeded" [3mrequest_kind[0m[2m=[0m"附件内容读取" [3mattachment_id[0m[2m=[0m"att-97bd5f02f6c4" [3msession_id[0m[2m=[0m"s-eb3783c5424e"
[backend] [2m2026-04-19T08:35:30.5311855+08:00[0m [32m INFO[0m ThreadId(10) [2mkoko::shell::媒体资产外壳[0m[2m:[0m 读取附件内容成功 [3musecase[0m[2m=[0m"读取附件内容" [3madapter[0m[2m=[0m"http" [3moutcome[0m[2m=[0m"succeeded" [3mrequest_kind[0m[2m=[0m"附件内容读取" [3mattachment_id[0m[2m=[0m"att-97bd5f02f6c4" [3msession_id[0m[2m=[0m"s-eb3783c5424e"
[backend] [2m2026-04-19T08:35:30.5328744+08:00[0m [32m INFO[0m ThreadId(12) [2mkoko::shell::媒体资产外壳[0m[2m:[0m 读取附件内容成功 [3musecase[0m[2m=[0m"读取附件内容" [3madapter[0m[2m=[0m"http" [3moutcome[0m[2m=[0m"succeeded" [3mrequest_kind[0m[2m=[0m"附件内容读取" [3mattachment_id[0m[2m=[0m"att-97bd5f02f6c4" [3msession_id[0m[2m=[0m"s-eb3783c5424e"
[backend] [2m2026-04-19T08:35:30.5381852+08:00[0m [32m INFO[0m ThreadId(12) [2mkoko::shell::媒体资产外壳[0m[2m:[0m 读取附件内容成功 [3musecase[0m[2m=[0m"读取附件内容" [3madapter[0m[2m=[0m"http" [3moutcome[0m[2m=[0m"succeeded" [3mrequest_kind[0m[2m=[0m"附件内容读取" [3mattachment_id[0m[2m=[0m"att-97bd5f02f6c4" [3msession_id[0m[2m=[0m"s-eb3783c5424e"
[backend] [2m2026-04-19T08:35:35.7361075+08:00[0m [32m INFO[0m ThreadId(10) [2mkoko::shell::房间外壳[0m[2m:[0m HTTP 请求已受理 [3musecase[0m[2m=[0m"加载房间快照" [3madapter[0m[2m=[0m"http" [3moutcome[0m[2m=[0m"accepted" [3mrequest_kind[0m[2m=[0m"房间快照查询" [3mroom_id[0m[2m=[0m"r-3cdfd560046a" [3msession_id[0m[2m=[0m"s-eb3783c5424e"
[backend] [2m2026-04-19T08:35:35.7623798+08:00[0m [32m INFO[0m ThreadId(06) [2mkoko::shell::房间外壳[0m[2m:[0m 加载房间快照成功 [3musecase[0m[2m=[0m"加载房间快照" [3madapter[0m[2m=[0m"http" [3moutcome[0m[2m=[0m"succeeded" [3mrequest_kind[0m[2m=[0m"房间快照查询" [3mroom_id[0m[2m=[0m"r-3cdfd560046a" [3msession_id[0m[2m=[0m"s-eb3783c5424e" [3mevent_position[0m[2m=[0m27
[backend] [2m2026-04-19T08:35:38.008952+08:00[0m [32m INFO[0m ThreadId(06) [2mkoko::shell::媒体资产外壳[0m[2m:[0m HTTP 请求已受理 [3musecase[0m[2m=[0m"读取附件内容" [3madapter[0m[2m=[0m"http" [3moutcome[0m[2m=[0m"accepted" [3mrequest_kind[0m[2m=[0m"附件内容读取" [3mattachment_id[0m[2m=[0m"att-528cc3c6d877" [3msession_id[0m[2m=[0m"s-97d378630852"
[backend] [2m2026-04-19T08:35:38.0185657+08:00[0m [32m INFO[0m ThreadId(10) [2mkoko::shell::媒体资产外壳[0m[2m:[0m 读取附件内容成功 [3musecase[0m[2m=[0m"读取附件内容" [3madapter[0m[2m=[0m"http" [3moutcome[0m[2m=[0m"succeeded" [3mrequest_kind[0m[2m=[0m"附件内容读取" [3mattachment_id[0m[2m=[0m"att-528cc3c6d877" [3msession_id[0m[2m=[0m"s-97d378630852"
[backend] [2m2026-04-19T08:35:44.7764759+08:00[0m [32m INFO[0m ThreadId(06) [2mkoko::shell::实时外壳[0m[2m:[0m realtime 连接已正常断开 [3musecase[0m[2m=[0m"实时连接断开" [3madapter[0m[2m=[0m"socketioxide" [3moutcome[0m[2m=[0m"dropped" [3msession_id[0m[2m=[0m"s-97d378630852" [3mdisconnect_reason[0m[2m=[0mclient has manually disconnected the socket from the namespace
[backend] [2m2026-04-19T08:35:44.9377889+08:00[0m [32m INFO[0m ThreadId(12) [2mkoko::shell::房间外壳[0m[2m:[0m HTTP 请求已受理 [3musecase[0m[2m=[0m"引导匿名身份" [3madapter[0m[2m=[0m"http" [3moutcome[0m[2m=[0m"accepted" [3mrequest_kind[0m[2m=[0m"匿名身份引导"
[backend] [2m2026-04-19T08:35:44.9407062+08:00[0m [32m INFO[0m ThreadId(12) [2mkoko::shell::房间外壳[0m[2m:[0m 引导匿名身份成功 [3musecase[0m[2m=[0m"引导匿名身份" [3madapter[0m[2m=[0m"http" [3moutcome[0m[2m=[0m"succeeded" [3mrequest_kind[0m[2m=[0m"匿名身份引导" [3msession_id[0m[2m=[0m"s-97d378630852"
[backend] [2m2026-04-19T08:35:44.989376+08:00[0m [32m INFO[0m ThreadId(05) [2mkoko::shell::房间外壳[0m[2m:[0m HTTP 请求已受理 [3musecase[0m[2m=[0m"加载房间快照" [3madapter[0m[2m=[0m"http" [3moutcome[0m[2m=[0m"accepted" [3mrequest_kind[0m[2m=[0m"房间快照查询" [3mroom_id[0m[2m=[0m"r-3cdfd560046a" [3msession_id[0m[2m=[0m"s-97d378630852"
[backend] [2m2026-04-19T08:35:45.0025441+08:00[0m [32m INFO[0m ThreadId(05) [2mkoko::shell::实时外壳[0m[2m:[0m realtime 连接认证已受理 [3musecase[0m[2m=[0m"实时连接认证" [3madapter[0m[2m=[0m"socketioxide" [3moutcome[0m[2m=[0m"accepted" [3msession_id[0m[2m=[0m"s-97d378630852"
[backend] [2m2026-04-19T08:35:45.0041079+08:00[0m [32m INFO[0m ThreadId(05) [2mkoko::shell::实时外壳[0m[2m:[0m realtime 连接认证成功 [3musecase[0m[2m=[0m"实时连接认证" [3madapter[0m[2m=[0m"socketioxide" [3moutcome[0m[2m=[0m"succeeded" [3msession_id[0m[2m=[0m"s-97d378630852"
[backend] [2m2026-04-19T08:35:45.0051276+08:00[0m [32m INFO[0m ThreadId(12) [2mkoko::shell::房间外壳[0m[2m:[0m 加载房间快照成功 [3musecase[0m[2m=[0m"加载房间快照" [3madapter[0m[2m=[0m"http" [3moutcome[0m[2m=[0m"succeeded" [3mrequest_kind[0m[2m=[0m"房间快照查询" [3mroom_id[0m[2m=[0m"r-3cdfd560046a" [3msession_id[0m[2m=[0m"s-97d378630852" [3mevent_position[0m[2m=[0m27
[backend] [2m2026-04-19T08:35:45.0135673+08:00[0m [32m INFO[0m ThreadId(08) [2mkoko::shell::实时外壳[0m[2m:[0m realtime 订阅请求已受理 [3musecase[0m[2m=[0m"订阅房间事件流" [3madapter[0m[2m=[0m"socketioxide" [3moutcome[0m[2m=[0m"accepted" [3mroom_id[0m[2m=[0m"r-3cdfd560046a" [3msession_id[0m[2m=[0m"s-97d378630852" [3mfrom[0m[2m=[0m0
[backend] [2m2026-04-19T08:35:45.018099+08:00[0m [32m INFO[0m ThreadId(12) [2mkoko::shell::实时外壳[0m[2m:[0m realtime 订阅请求已受理 [3musecase[0m[2m=[0m"订阅房间事件流" [3madapter[0m[2m=[0m"socketioxide" [3moutcome[0m[2m=[0m"accepted" [3mroom_id[0m[2m=[0m"r-3cdfd560046a" [3msession_id[0m[2m=[0m"s-97d378630852" [3mfrom[0m[2m=[0m27
[backend] [2m2026-04-19T08:35:45.0237152+08:00[0m [32m INFO[0m ThreadId(08) [2mkoko::shell::实时外壳[0m[2m:[0m 订阅房间事件流成功 [3musecase[0m[2m=[0m"订阅房间事件流" [3madapter[0m[2m=[0m"socketioxide" [3moutcome[0m[2m=[0m"succeeded" [3mroom_id[0m[2m=[0m"r-3cdfd560046a" [3msession_id[0m[2m=[0m"s-97d378630852" [3mfrom[0m[2m=[0m27 [3mevent_position[0m[2m=[0m27
[backend] [2m2026-04-19T08:35:45.0240918+08:00[0m [32m INFO[0m ThreadId(05) [2mkoko::shell::实时外壳[0m[2m:[0m 订阅房间事件流成功 [3musecase[0m[2m=[0m"订阅房间事件流" [3madapter[0m[2m=[0m"socketioxide" [3moutcome[0m[2m=[0m"succeeded" [3mroom_id[0m[2m=[0m"r-3cdfd560046a" [3msession_id[0m[2m=[0m"s-97d378630852" [3mfrom[0m[2m=[0m0 [3mevent_position[0m[2m=[0m27
[backend] [2m2026-04-19T08:35:45.0718434+08:00[0m [32m INFO[0m ThreadId(10) [2mkoko::shell::媒体资产外壳[0m[2m:[0m HTTP 请求已受理 [3musecase[0m[2m=[0m"读取附件内容" [3madapter[0m[2m=[0m"http" [3moutcome[0m[2m=[0m"accepted" [3mrequest_kind[0m[2m=[0m"附件内容读取" [3mattachment_id[0m[2m=[0m"att-961d957a1877" [3msession_id[0m[2m=[0m"s-97d378630852"
[backend] [2m2026-04-19T08:35:45.0814445+08:00[0m [32m INFO[0m ThreadId(10) [2mkoko::shell::媒体资产外壳[0m[2m:[0m 读取附件内容成功 [3musecase[0m[2m=[0m"读取附件内容" [3madapter[0m[2m=[0m"http" [3moutcome[0m[2m=[0m"succeeded" [3mrequest_kind[0m[2m=[0m"附件内容读取" [3mattachment_id[0m[2m=[0m"att-961d957a1877" [3msession_id[0m[2m=[0m"s-97d378630852"
[backend] [2m2026-04-19T08:35:45.0849308+08:00[0m [32m INFO[0m ThreadId(08) [2mkoko::shell::媒体资产外壳[0m[2m:[0m HTTP 请求已受理 [3musecase[0m[2m=[0m"读取附件内容" [3madapter[0m[2m=[0m"http" [3moutcome[0m[2m=[0m"accepted" [3mrequest_kind[0m[2m=[0m"附件内容读取" [3mattachment_id[0m[2m=[0m"att-681e5b27b0c2" [3msession_id[0m[2m=[0m"s-97d378630852"
[backend] [2m2026-04-19T08:35:45.0861183+08:00[0m [32m INFO[0m ThreadId(08) [2mkoko::shell::媒体资产外壳[0m[2m:[0m HTTP 请求已受理 [3musecase[0m[2m=[0m"读取附件内容" [3madapter[0m[2m=[0m"http" [3moutcome[0m[2m=[0m"accepted" [3mrequest_kind[0m[2m=[0m"附件内容读取" [3mattachment_id[0m[2m=[0m"att-8d44cbfede62" [3msession_id[0m[2m=[0m"s-97d378630852"
[backend] [2m2026-04-19T08:35:45.086263+08:00[0m [32m INFO[0m ThreadId(06) [2mkoko::shell::媒体资产外壳[0m[2m:[0m HTTP 请求已受理 [3musecase[0m[2m=[0m"读取附件内容" [3madapter[0m[2m=[0m"http" [3moutcome[0m[2m=[0m"accepted" [3mrequest_kind[0m[2m=[0m"附件内容读取" [3mattachment_id[0m[2m=[0m"att-ac7a1188a600" [3msession_id[0m[2m=[0m"s-97d378630852"
[backend] [2m2026-04-19T08:35:45.0863208+08:00[0m [32m INFO[0m ThreadId(10) [2mkoko::shell::媒体资产外壳[0m[2m:[0m HTTP 请求已受理 [3musecase[0m[2m=[0m"读取附件内容" [3madapter[0m[2m=[0m"http" [3moutcome[0m[2m=[0m"accepted" [3mrequest_kind[0m[2m=[0m"附件内容读取" [3mattachment_id[0m[2m=[0m"att-2d964b96c071" [3msession_id[0m[2m=[0m"s-97d378630852"
[backend] [2m2026-04-19T08:35:45.0958419+08:00[0m [32m INFO[0m ThreadId(08) [2mkoko::shell::媒体资产外壳[0m[2m:[0m 读取附件内容成功 [3musecase[0m[2m=[0m"读取附件内容" [3madapter[0m[2m=[0m"http" [3moutcome[0m[2m=[0m"succeeded" [3mrequest_kind[0m[2m=[0m"附件内容读取" [3mattachment_id[0m[2m=[0m"att-681e5b27b0c2" [3msession_id[0m[2m=[0m"s-97d378630852"
[backend] [2m2026-04-19T08:35:45.0970979+08:00[0m [32m INFO[0m ThreadId(05) [2mkoko::shell::媒体资产外壳[0m[2m:[0m 读取附件内容成功 [3musecase[0m[2m=[0m"读取附件内容" [3madapter[0m[2m=[0m"http" [3moutcome[0m[2m=[0m"succeeded" [3mrequest_kind[0m[2m=[0m"附件内容读取" [3mattachment_id[0m[2m=[0m"att-8d44cbfede62" [3msession_id[0m[2m=[0m"s-97d378630852"
[backend] [2m2026-04-19T08:35:45.1001124+08:00[0m [32m INFO[0m ThreadId(05) [2mkoko::shell::媒体资产外壳[0m[2m:[0m 读取附件内容成功 [3musecase[0m[2m=[0m"读取附件内容" [3madapter[0m[2m=[0m"http" [3moutcome[0m[2m=[0m"succeeded" [3mrequest_kind[0m[2m=[0m"附件内容读取" [3mattachment_id[0m[2m=[0m"att-2d964b96c071" [3msession_id[0m[2m=[0m"s-97d378630852"
[backend] [2m2026-04-19T08:35:45.1003689+08:00[0m [32m INFO[0m ThreadId(08) [2mkoko::shell::媒体资产外壳[0m[2m:[0m 读取附件内容成功 [3musecase[0m[2m=[0m"读取附件内容" [3madapter[0m[2m=[0m"http" [3moutcome[0m[2m=[0m"succeeded" [3mrequest_kind[0m[2m=[0m"附件内容读取" [3mattachment_id[0m[2m=[0m"att-ac7a1188a600" [3msession_id[0m[2m=[0m"s-97d378630852"
[backend] [2m2026-04-19T08:35:45.1201592+08:00[0m [32m INFO[0m ThreadId(10) [2mkoko::shell::媒体资产外壳[0m[2m:[0m HTTP 请求已受理 [3musecase[0m[2m=[0m"读取附件内容" [3madapter[0m[2m=[0m"http" [3moutcome[0m[2m=[0m"accepted" [3mrequest_kind[0m[2m=[0m"附件内容读取" [3mattachment_id[0m[2m=[0m"att-9ffa539f6803" [3msession_id[0m[2m=[0m"s-97d378630852"
[backend] [2m2026-04-19T08:35:45.1317488+08:00[0m [32m INFO[0m ThreadId(05) [2mkoko::shell::媒体资产外壳[0m[2m:[0m 读取附件内容成功 [3musecase[0m[2m=[0m"读取附件内容" [3madapter[0m[2m=[0m"http" [3moutcome[0m[2m=[0m"succeeded" [3mrequest_kind[0m[2m=[0m"附件内容读取" [3mattachment_id[0m[2m=[0m"att-9ffa539f6803" [3msession_id[0m[2m=[0m"s-97d378630852"
[backend] [2m2026-04-19T08:35:45.1390929+08:00[0m [32m INFO[0m ThreadId(08) [2mkoko::shell::媒体资产外壳[0m[2m:[0m HTTP 请求已受理 [3musecase[0m[2m=[0m"读取附件内容" [3madapter[0m[2m=[0m"http" [3moutcome[0m[2m=[0m"accepted" [3mrequest_kind[0m[2m=[0m"附件内容读取" [3mattachment_id[0m[2m=[0m"att-97bd5f02f6c4" [3msession_id[0m[2m=[0m"s-97d378630852"
[backend] [2m2026-04-19T08:35:45.1488117+08:00[0m [32m INFO[0m ThreadId(08) [2mkoko::shell::媒体资产外壳[0m[2m:[0m 读取附件内容成功 [3musecase[0m[2m=[0m"读取附件内容" [3madapter[0m[2m=[0m"http" [3moutcome[0m[2m=[0m"succeeded" [3mrequest_kind[0m[2m=[0m"附件内容读取" [3mattachment_id[0m[2m=[0m"att-97bd5f02f6c4" [3msession_id[0m[2m=[0m"s-97d378630852"
[backend] [2m2026-04-19T08:35:45.1741098+08:00[0m [32m INFO[0m ThreadId(05) [2mkoko::shell::媒体资产外壳[0m[2m:[0m HTTP 请求已受理 [3musecase[0m[2m=[0m"读取附件内容" [3madapter[0m[2m=[0m"http" [3moutcome[0m[2m=[0m"accepted" [3mrequest_kind[0m[2m=[0m"附件内容读取" [3mattachment_id[0m[2m=[0m"att-2ae1eb710ca9" [3msession_id[0m[2m=[0m"s-97d378630852"
[backend] [2m2026-04-19T08:35:45.187967+08:00[0m [32m INFO[0m ThreadId(08) [2mkoko::shell::媒体资产外壳[0m[2m:[0m 读取附件内容成功 [3musecase[0m[2m=[0m"读取附件内容" [3madapter[0m[2m=[0m"http" [3moutcome[0m[2m=[0m"succeeded" [3mrequest_kind[0m[2m=[0m"附件内容读取" [3mattachment_id[0m[2m=[0m"att-2ae1eb710ca9" [3msession_id[0m[2m=[0m"s-97d378630852"
[backend] [2m2026-04-19T08:35:45.2443398+08:00[0m [32m INFO[0m ThreadId(10) [2mkoko::shell::媒体资产外壳[0m[2m:[0m HTTP 请求已受理 [3musecase[0m[2m=[0m"读取附件内容" [3madapter[0m[2m=[0m"http" [3moutcome[0m[2m=[0m"accepted" [3mrequest_kind[0m[2m=[0m"附件内容读取" [3mattachment_id[0m[2m=[0m"att-cd5a0edf2c3f" [3msession_id[0m[2m=[0m"s-97d378630852"
[backend] [2m2026-04-19T08:35:45.2693879+08:00[0m [32m INFO[0m ThreadId(08) [2mkoko::shell::媒体资产外壳[0m[2m:[0m 读取附件内容成功 [3musecase[0m[2m=[0m"读取附件内容" [3madapter[0m[2m=[0m"http" [3moutcome[0m[2m=[0m"succeeded" [3mrequest_kind[0m[2m=[0m"附件内容读取" [3mattachment_id[0m[2m=[0m"att-cd5a0edf2c3f" [3msession_id[0m[2m=[0m"s-97d378630852"
[backend] [2m2026-04-19T08:35:48.2952796+08:00[0m [32m INFO[0m ThreadId(06) [2mkoko::shell::媒体资产外壳[0m[2m:[0m HTTP 请求已受理 [3musecase[0m[2m=[0m"读取附件内容" [3madapter[0m[2m=[0m"http" [3moutcome[0m[2m=[0m"accepted" [3mrequest_kind[0m[2m=[0m"附件内容读取" [3mattachment_id[0m[2m=[0m"att-fac5794f284f" [3msession_id[0m[2m=[0m"s-97d378630852"
[backend] [2m2026-04-19T08:35:48.3438584+08:00[0m [32m INFO[0m ThreadId(06) [2mkoko::shell::媒体资产外壳[0m[2m:[0m 读取附件内容成功 [3musecase[0m[2m=[0m"读取附件内容" [3madapter[0m[2m=[0m"http" [3moutcome[0m[2m=[0m"succeeded" [3mrequest_kind[0m[2m=[0m"附件内容读取" [3mattachment_id[0m[2m=[0m"att-fac5794f284f" [3msession_id[0m[2m=[0m"s-97d378630852"
[backend] [2m2026-04-19T08:36:12.4923747+08:00[0m [32m INFO[0m ThreadId(10) [2mkoko::shell::实时外壳[0m[2m:[0m realtime 订阅请求已受理 [3musecase[0m[2m=[0m"订阅房间事件流" [3madapter[0m[2m=[0m"socketioxide" [3moutcome[0m[2m=[0m"accepted" [3mroom_id[0m[2m=[0m"r-3cdfd560046a" [3msession_id[0m[2m=[0m"s-97d378630852" [3mfrom[0m[2m=[0m27
[backend] [2m2026-04-19T08:36:12.4999941+08:00[0m [32m INFO[0m ThreadId(10) [2mkoko::shell::实时外壳[0m[2m:[0m 订阅房间事件流成功 [3musecase[0m[2m=[0m"订阅房间事件流" [3madapter[0m[2m=[0m"socketioxide" [3moutcome[0m[2m=[0m"succeeded" [3mroom_id[0m[2m=[0m"r-3cdfd560046a" [3msession_id[0m[2m=[0m"s-97d378630852" [3mfrom[0m[2m=[0m27 [3mevent_position[0m[2m=[0m27
[backend] [2m2026-04-19T08:36:21.6479453+08:00[0m [32m INFO[0m ThreadId(08) [2mkoko::shell::媒体上传外壳[0m[2m:[0m 媒体上传占位已创建 [3musecase[0m[2m=[0m"准备媒体上传" [3madapter[0m[2m=[0m"http" [3moutcome[0m[2m=[0m"succeeded" [3mrequest_kind[0m[2m=[0m"媒体上传 prepare" [3msession_id[0m[2m=[0m"s-97d378630852" [3mattachment_id[0m[2m=[0m"att-f46587b492aa" [3mupload_session_id[0m[2m=[0m"upl-c8affc60754949b0b87664440f694fa1" [3mattachment_kind[0m[2m=[0m"video" [3mfile_name[0m[2m=[0m"mmexport1776159432109.mp4" [3mbyte_size[0m[2m=[0m9988071
[tusd] 2026/04/19 08:36:21.721173 level=INFO event=RequestIncoming method=POST path="" requestId=654a9a8f-9ef5-439e-a8fa-199d95fc163a
[tusd] 2026/04/19 08:36:21.727140 level=DEBUG event=HookInvocationStart type=pre-create id=""
[tusd] 2026/04/19 08:36:21.755601 level=DEBUG event=HookInvocationFinish type=pre-create id=""
[tusd] 2026/04/19 08:36:21.759914 level=INFO event=UploadCreated method=POST path="" requestId=654a9a8f-9ef5-439e-a8fa-199d95fc163a id=0867ab9346d2e7135f78058a2b70306f size=9988071 url=http://192.168.100.229:1081/files/0867ab9346d2e7135f78058a2b70306f
[tusd] 2026/04/19 08:36:21.764420 level=INFO event=ChunkWriteStart method=POST path="" requestId=654a9a8f-9ef5-439e-a8fa-199d95fc163a id=0867ab9346d2e7135f78058a2b70306f maxSize=9988071 offset=0
[backend] [2m2026-04-19T08:36:24.1578157+08:00[0m [32m INFO[0m ThreadId(08) [2mkoko::shell::tus_hook外壳[0m[2m:[0m Tus post-finish 已登记上传回执 [3madapter[0m[2m=[0m"tus_hook" [3mhook[0m[2m=[0m"post-finish" [3mattachment_id[0m[2m=[0m"att-f46587b492aa" [3mupload_session_id[0m[2m=[0m"upl-c8affc60754949b0b87664440f694fa1" [3mupload_id[0m[2m=[0m"0867ab9346d2e7135f78058a2b70306f" [3mrequest_id[0m[2m=[0m"654a9a8f-9ef5-439e-a8fa-199d95fc163a" [3mtransport_role[0m[2m=[0m"single" [3mstorage_locator[0m[2m=[0m"E:\\koko\\data\\tus\\0867ab9346d2e7135f78058a2b70306f"
[backend] [2m2026-04-19T08:36:24.1923189+08:00[0m [32m INFO[0m ThreadId(10) [2mkoko::shell::媒体上传外壳[0m[2m:[0m 媒体上传 complete 重活开始 [3musecase[0m[2m=[0m"完成媒体上传" [3mphase[0m[2m=[0m"complete_heavy_work_enter" [3mattachment_id[0m[2m=[0m"att-f46587b492aa" [3mkind[0m[2m=[0m"video" [3mbyte_size[0m[2m=[0m9988071 [3mmedia_complete_max_concurrency[0m[2m=[0m4
[tusd] 2026/04/19 08:36:24.140554 level=INFO event=ChunkWriteComplete method=POST path="" requestId=654a9a8f-9ef5-439e-a8fa-199d95fc163a id=0867ab9346d2e7135f78058a2b70306f bytesWritten=9988071
[tusd] 2026/04/19 08:36:24.141084 level=INFO event=UploadFinished method=POST path="" requestId=654a9a8f-9ef5-439e-a8fa-199d95fc163a id=0867ab9346d2e7135f78058a2b70306f size=9988071
[tusd] 2026/04/19 08:36:24.141609 level=INFO event=ResponseOutgoing method=POST path="" requestId=654a9a8f-9ef5-439e-a8fa-199d95fc163a id=0867ab9346d2e7135f78058a2b70306f status=201 body=""
[tusd] 2026/04/19 08:36:24.143842 level=DEBUG event=HookInvocationStart type=post-finish id=0867ab9346d2e7135f78058a2b70306f
[tusd] 2026/04/19 08:36:24.159014 level=DEBUG event=HookInvocationFinish type=post-finish id=0867ab9346d2e7135f78058a2b70306f
[backend] [2m2026-04-19T08:36:24.2443363+08:00[0m [32m INFO[0m ThreadId(10) [2mkoko::shell::媒体上传外壳[0m[2m:[0m 媒体上传 complete 阶段耗时 [3musecase[0m[2m=[0m"完成媒体上传" [3mphase[0m[2m=[0m"complete_heavy_work_stage" [3mattachment_id[0m[2m=[0m"att-f46587b492aa" [3mkind[0m[2m=[0m"video" [3mbyte_size[0m[2m=[0m9988071 [3mstage[0m[2m=[0m"parse_video" [3mduration_ms[0m[2m=[0m51
[backend] [2m2026-04-19T08:36:30.3330367+08:00[0m [32m INFO[0m ThreadId(10) [2mkoko::shell::媒体上传外壳[0m[2m:[0m 媒体上传 complete 阶段耗时 [3musecase[0m[2m=[0m"完成媒体上传" [3mphase[0m[2m=[0m"complete_heavy_work_stage" [3mattachment_id[0m[2m=[0m"att-f46587b492aa" [3mkind[0m[2m=[0m"video" [3mbyte_size[0m[2m=[0m9988071 [3mstage[0m[2m=[0m"package_streaming_assets" [3mduration_ms[0m[2m=[0m6088
[backend] [2m2026-04-19T08:36:30.7450486+08:00[0m [32m INFO[0m ThreadId(10) [2mkoko::shell::媒体上传外壳[0m[2m:[0m 媒体上传 complete 阶段耗时 [3musecase[0m[2m=[0m"完成媒体上传" [3mphase[0m[2m=[0m"complete_heavy_work_stage" [3mattachment_id[0m[2m=[0m"att-f46587b492aa" [3mkind[0m[2m=[0m"video" [3mbyte_size[0m[2m=[0m9988071 [3mstage[0m[2m=[0m"build_distribution_request" [3mduration_ms[0m[2m=[0m410
[backend] [2m2026-04-19T08:36:31.2618223+08:00[0m [32m INFO[0m ThreadId(10) [2mkoko::shell::媒体上传外壳[0m[2m:[0m 媒体上传 complete 阶段耗时 [3musecase[0m[2m=[0m"完成媒体上传" [3mphase[0m[2m=[0m"complete_heavy_work_stage" [3mattachment_id[0m[2m=[0m"att-f46587b492aa" [3mkind[0m[2m=[0m"video" [3mbyte_size[0m[2m=[0m9988071 [3mstage[0m[2m=[0m"generate_torrent" [3mduration_ms[0m[2m=[0m516
[backend] [2m2026-04-19T08:36:31.3714092+08:00[0m [32m INFO[0m ThreadId(06) [2mkoko::shell::媒体上传外壳[0m[2m:[0m 媒体上传 complete 阶段耗时 [3musecase[0m[2m=[0m"完成媒体上传" [3mphase[0m[2m=[0m"complete_heavy_work_stage" [3mattachment_id[0m[2m=[0m"att-f46587b492aa" [3mkind[0m[2m=[0m"video" [3mbyte_size[0m[2m=[0m9988071 [3mstage[0m[2m=[0m"upload_streaming_assets" [3mduration_ms[0m[2m=[0m106
[backend] [2m2026-04-19T08:36:31.4075818+08:00[0m [32m INFO[0m ThreadId(12) [2mkoko::shell::媒体上传外壳[0m[2m:[0m 媒体上传 complete 阶段耗时 [3musecase[0m[2m=[0m"完成媒体上传" [3mphase[0m[2m=[0m"complete_heavy_work_stage" [3mattachment_id[0m[2m=[0m"att-f46587b492aa" [3mkind[0m[2m=[0m"video" [3mbyte_size[0m[2m=[0m9988071 [3mstage[0m[2m=[0m"write_authoritative_snapshot" [3mduration_ms[0m[2m=[0m35
[backend] [2m2026-04-19T08:36:31.4107866+08:00[0m [32m INFO[0m ThreadId(12) [2mkoko::shell::媒体上传外壳[0m[2m:[0m 媒体上传 complete 阶段耗时 [3musecase[0m[2m=[0m"完成媒体上传" [3mphase[0m[2m=[0m"complete_heavy_work_stage" [3mattachment_id[0m[2m=[0m"att-f46587b492aa" [3mkind[0m[2m=[0m"video" [3mbyte_size[0m[2m=[0m9988071 [3mstage[0m[2m=[0m"delete_upload_temp_file" [3mduration_ms[0m[2m=[0m2
[backend] [2m2026-04-19T08:36:31.4126062+08:00[0m [32m INFO[0m ThreadId(06) [2mkoko::shell::媒体上传外壳[0m[2m:[0m 媒体上传 complete 阶段耗时 [3musecase[0m[2m=[0m"完成媒体上传" [3mphase[0m[2m=[0m"complete_heavy_work_stage" [3mattachment_id[0m[2m=[0m"att-f46587b492aa" [3mkind[0m[2m=[0m"video" [3mbyte_size[0m[2m=[0m9988071 [3mstage[0m[2m=[0m"retire_original_upload_source" [3mduration_ms[0m[2m=[0m1
[backend] [2m2026-04-19T08:36:31.4136545+08:00[0m [32m INFO[0m ThreadId(06) [2mkoko::shell::媒体上传外壳[0m[2m:[0m 媒体上传 complete 重活完成 [3musecase[0m[2m=[0m"完成媒体上传" [3mphase[0m[2m=[0m"complete_heavy_work_exit" [3mattachment_id[0m[2m=[0m"att-f46587b492aa" [3mkind[0m[2m=[0m"video" [3mbyte_size[0m[2m=[0m9988071 [3mduration_ms[0m[2m=[0m7221
[backend] [2m2026-04-19T08:36:32.7412667+08:00[0m [32m INFO[0m ThreadId(06) [2mkoko::shell::实时外壳[0m[2m:[0m realtime 创建消息请求已受理 [3musecase[0m[2m=[0m"创建消息" [3madapter[0m[2m=[0m"socketioxide" [3moutcome[0m[2m=[0m"accepted" [3mroom_id[0m[2m=[0m"r-3cdfd560046a" [3msession_id[0m[2m=[0m"s-97d378630852" [3mclient_message_id[0m[2m=[0m"local-1776558992122"
[backend] [2m2026-04-19T08:36:32.7514492+08:00[0m [32m INFO[0m ThreadId(06) [2mkoko::shell::实时外壳[0m[2m:[0m 创建消息成功 [3musecase[0m[2m=[0m"创建消息" [3madapter[0m[2m=[0m"socketioxide" [3moutcome[0m[2m=[0m"succeeded" [3mroom_id[0m[2m=[0m"r-3cdfd560046a" [3msession_id[0m[2m=[0m"s-97d378630852" [3mclient_message_id[0m[2m=[0m"local-1776558992122" [3mevent_position[0m[2m=[0m28
[backend] [2m2026-04-19T08:36:32.7775562+08:00[0m [32m INFO[0m ThreadId(05) [2mkoko::shell::媒体资产外壳[0m[2m:[0m HTTP 请求已受理 [3musecase[0m[2m=[0m"读取附件内容" [3madapter[0m[2m=[0m"http" [3moutcome[0m[2m=[0m"accepted" [3mrequest_kind[0m[2m=[0m"附件内容读取" [3mattachment_id[0m[2m=[0m"att-f46587b492aa" [3msession_id[0m[2m=[0m"s-97d378630852"
[backend] [2m2026-04-19T08:36:32.7798208+08:00[0m [32m INFO[0m ThreadId(05) [2mkoko::shell::媒体资产外壳[0m[2m:[0m HTTP 请求已受理 [3musecase[0m[2m=[0m"读取附件内容" [3madapter[0m[2m=[0m"http" [3moutcome[0m[2m=[0m"accepted" [3mrequest_kind[0m[2m=[0m"附件内容读取" [3mattachment_id[0m[2m=[0m"att-f46587b492aa" [3msession_id[0m[2m=[0m"s-eb3783c5424e"
[backend] [2m2026-04-19T08:36:32.7897437+08:00[0m [32m INFO[0m ThreadId(10) [2mkoko::shell::媒体资产外壳[0m[2m:[0m 读取附件内容成功 [3musecase[0m[2m=[0m"读取附件内容" [3madapter[0m[2m=[0m"http" [3moutcome[0m[2m=[0m"succeeded" [3mrequest_kind[0m[2m=[0m"附件内容读取" [3mattachment_id[0m[2m=[0m"att-f46587b492aa" [3msession_id[0m[2m=[0m"s-97d378630852"
[backend] [2m2026-04-19T08:36:32.7897625+08:00[0m [32m INFO[0m ThreadId(05) [2mkoko::shell::媒体资产外壳[0m[2m:[0m 读取附件内容成功 [3musecase[0m[2m=[0m"读取附件内容" [3madapter[0m[2m=[0m"http" [3moutcome[0m[2m=[0m"succeeded" [3mrequest_kind[0m[2m=[0m"附件内容读取" [3mattachment_id[0m[2m=[0m"att-f46587b492aa" [3msession_id[0m[2m=[0m"s-eb3783c5424e"
[backend] [2m2026-04-19T08:36:33.0200261+08:00[0m [32m INFO[0m ThreadId(10) [2mkoko::shell::媒体资产外壳[0m[2m:[0m HTTP 请求已受理 [3musecase[0m[2m=[0m"读取附件内容" [3madapter[0m[2m=[0m"http" [3moutcome[0m[2m=[0m"accepted" [3mrequest_kind[0m[2m=[0m"附件内容读取" [3mattachment_id[0m[2m=[0m"att-f46587b492aa" [3msession_id[0m[2m=[0m"s-eb3783c5424e"
[backend] [2m2026-04-19T08:36:33.0275316+08:00[0m [32m INFO[0m ThreadId(10) [2mkoko::shell::媒体资产外壳[0m[2m:[0m 读取附件内容成功 [3musecase[0m[2m=[0m"读取附件内容" [3madapter[0m[2m=[0m"http" [3moutcome[0m[2m=[0m"succeeded" [3mrequest_kind[0m[2m=[0m"附件内容读取" [3mattachment_id[0m[2m=[0m"att-f46587b492aa" [3msession_id[0m[2m=[0m"s-eb3783c5424e"
[backend] [2m2026-04-19T08:36:33.0488228+08:00[0m [32m INFO[0m ThreadId(12) [2mkoko::shell::媒体资产外壳[0m[2m:[0m HTTP 请求已受理 [3musecase[0m[2m=[0m"读取附件内容" [3madapter[0m[2m=[0m"http" [3moutcome[0m[2m=[0m"accepted" [3mrequest_kind[0m[2m=[0m"附件内容读取" [3mattachment_id[0m[2m=[0m"att-f46587b492aa" [3msession_id[0m[2m=[0m"s-eb3783c5424e"
[backend] [2m2026-04-19T08:36:33.0500531+08:00[0m [32m INFO[0m ThreadId(12) [2mkoko::shell::媒体资产外壳[0m[2m:[0m HTTP 请求已受理 [3musecase[0m[2m=[0m"读取附件内容" [3madapter[0m[2m=[0m"http" [3moutcome[0m[2m=[0m"accepted" [3mrequest_kind[0m[2m=[0m"附件内容读取" [3mattachment_id[0m[2m=[0m"att-f46587b492aa" [3msession_id[0m[2m=[0m"s-eb3783c5424e"
[backend] [2m2026-04-19T08:36:33.061062+08:00[0m [32m INFO[0m ThreadId(06) [2mkoko::shell::媒体资产外壳[0m[2m:[0m 读取附件内容成功 [3musecase[0m[2m=[0m"读取附件内容" [3madapter[0m[2m=[0m"http" [3moutcome[0m[2m=[0m"succeeded" [3mrequest_kind[0m[2m=[0m"附件内容读取" [3mattachment_id[0m[2m=[0m"att-f46587b492aa" [3msession_id[0m[2m=[0m"s-eb3783c5424e"
[backend] [2m2026-04-19T08:36:33.0623239+08:00[0m [32m INFO[0m ThreadId(11) [2mkoko::shell::媒体资产外壳[0m[2m:[0m 读取附件内容成功 [3musecase[0m[2m=[0m"读取附件内容" [3madapter[0m[2m=[0m"http" [3moutcome[0m[2m=[0m"succeeded" [3mrequest_kind[0m[2m=[0m"附件内容读取" [3mattachment_id[0m[2m=[0m"att-f46587b492aa" [3msession_id[0m[2m=[0m"s-eb3783c5424e"
[backend] [2m2026-04-19T08:36:33.1174749+08:00[0m [32m INFO[0m ThreadId(08) [2mkoko::shell::媒体资产外壳[0m[2m:[0m HTTP 请求已受理 [3musecase[0m[2m=[0m"读取附件内容" [3madapter[0m[2m=[0m"http" [3moutcome[0m[2m=[0m"accepted" [3mrequest_kind[0m[2m=[0m"附件内容读取" [3mattachment_id[0m[2m=[0m"att-f46587b492aa" [3msession_id[0m[2m=[0m"s-eb3783c5424e"
[backend] [2m2026-04-19T08:36:33.1187112+08:00[0m [32m INFO[0m ThreadId(08) [2mkoko::shell::媒体资产外壳[0m[2m:[0m HTTP 请求已受理 [3musecase[0m[2m=[0m"读取附件内容" [3madapter[0m[2m=[0m"http" [3moutcome[0m[2m=[0m"accepted" [3mrequest_kind[0m[2m=[0m"附件内容读取" [3mattachment_id[0m[2m=[0m"att-f46587b492aa" [3msession_id[0m[2m=[0m"s-eb3783c5424e"
[backend] [2m2026-04-19T08:36:33.1187766+08:00[0m [32m INFO[0m ThreadId(06) [2mkoko::shell::媒体资产外壳[0m[2m:[0m HTTP 请求已受理 [3musecase[0m[2m=[0m"读取附件内容" [3madapter[0m[2m=[0m"http" [3moutcome[0m[2m=[0m"accepted" [3mrequest_kind[0m[2m=[0m"附件内容读取" [3mattachment_id[0m[2m=[0m"att-f46587b492aa" [3msession_id[0m[2m=[0m"s-eb3783c5424e"
[backend] [2m2026-04-19T08:36:33.1197913+08:00[0m [32m INFO[0m ThreadId(12) [2mkoko::shell::媒体资产外壳[0m[2m:[0m HTTP 请求已受理 [3musecase[0m[2m=[0m"读取附件内容" [3madapter[0m[2m=[0m"http" [3moutcome[0m[2m=[0m"accepted" [3mrequest_kind[0m[2m=[0m"附件内容读取" [3mattachment_id[0m[2m=[0m"att-f46587b492aa" [3msession_id[0m[2m=[0m"s-eb3783c5424e"
[backend] [2m2026-04-19T08:36:33.1376918+08:00[0m [32m INFO[0m ThreadId(05) [2mkoko::shell::媒体资产外壳[0m[2m:[0m 读取附件内容成功 [3musecase[0m[2m=[0m"读取附件内容" [3madapter[0m[2m=[0m"http" [3moutcome[0m[2m=[0m"succeeded" [3mrequest_kind[0m[2m=[0m"附件内容读取" [3mattachment_id[0m[2m=[0m"att-f46587b492aa" [3msession_id[0m[2m=[0m"s-eb3783c5424e"
[backend] [2m2026-04-19T08:36:33.1377687+08:00[0m [32m INFO[0m ThreadId(12) [2mkoko::shell::媒体资产外壳[0m[2m:[0m 读取附件内容成功 [3musecase[0m[2m=[0m"读取附件内容" [3madapter[0m[2m=[0m"http" [3moutcome[0m[2m=[0m"succeeded" [3mrequest_kind[0m[2m=[0m"附件内容读取" [3mattachment_id[0m[2m=[0m"att-f46587b492aa" [3msession_id[0m[2m=[0m"s-eb3783c5424e"
[backend] [2m2026-04-19T08:36:33.144516+08:00[0m [32m INFO[0m ThreadId(05) [2mkoko::shell::媒体资产外壳[0m[2m:[0m 读取附件内容成功 [3musecase[0m[2m=[0m"读取附件内容" [3madapter[0m[2m=[0m"http" [3moutcome[0m[2m=[0m"succeeded" [3mrequest_kind[0m[2m=[0m"附件内容读取" [3mattachment_id[0m[2m=[0m"att-f46587b492aa" [3msession_id[0m[2m=[0m"s-eb3783c5424e"
[backend] [2m2026-04-19T08:36:33.1461277+08:00[0m [32m INFO[0m ThreadId(12) [2mkoko::shell::媒体资产外壳[0m[2m:[0m 读取附件内容成功 [3musecase[0m[2m=[0m"读取附件内容" [3madapter[0m[2m=[0m"http" [3moutcome[0m[2m=[0m"succeeded" [3mrequest_kind[0m[2m=[0m"附件内容读取" [3mattachment_id[0m[2m=[0m"att-f46587b492aa" [3msession_id[0m[2m=[0m"s-eb3783c5424e"
[backend] [2m2026-04-19T08:36:33.1870719+08:00[0m [32m INFO[0m ThreadId(06) [2mkoko::shell::房间外壳[0m[2m:[0m HTTP 请求已受理 [3musecase[0m[2m=[0m"推进房间阅读位置" [3madapter[0m[2m=[0m"http" [3moutcome[0m[2m=[0m"accepted" [3mrequest_kind[0m[2m=[0m"房间阅读位置推进" [3mroom_id[0m[2m=[0m"r-3cdfd560046a" [3msession_id[0m[2m=[0m"s-97d378630852" [3mevent_position[0m[2m=[0m28
[backend] [2m2026-04-19T08:36:33.1938023+08:00[0m [32m INFO[0m ThreadId(05) [2mkoko::shell::房间外壳[0m[2m:[0m HTTP 请求已受理 [3musecase[0m[2m=[0m"推进房间阅读位置" [3madapter[0m[2m=[0m"http" [3moutcome[0m[2m=[0m"accepted" [3mrequest_kind[0m[2m=[0m"房间阅读位置推进" [3mroom_id[0m[2m=[0m"r-3cdfd560046a" [3msession_id[0m[2m=[0m"s-eb3783c5424e" [3mevent_position[0m[2m=[0m28
[backend] [2m2026-04-19T08:36:33.2010575+08:00[0m [32m INFO[0m ThreadId(06) [2mkoko::shell::房间外壳[0m[2m:[0m 推进房间阅读位置成功 [3musecase[0m[2m=[0m"推进房间阅读位置" [3madapter[0m[2m=[0m"http" [3moutcome[0m[2m=[0m"succeeded" [3mrequest_kind[0m[2m=[0m"房间阅读位置推进" [3mroom_id[0m[2m=[0m"r-3cdfd560046a" [3msession_id[0m[2m=[0m"s-97d378630852" [3mevent_position[0m[2m=[0m28
[backend] [2m2026-04-19T08:36:33.2109896+08:00[0m [32m INFO[0m ThreadId(05) [2mkoko::shell::房间外壳[0m[2m:[0m 推进房间阅读位置成功 [3musecase[0m[2m=[0m"推进房间阅读位置" [3madapter[0m[2m=[0m"http" [3moutcome[0m[2m=[0m"succeeded" [3mrequest_kind[0m[2m=[0m"房间阅读位置推进" [3mroom_id[0m[2m=[0m"r-3cdfd560046a" [3msession_id[0m[2m=[0m"s-eb3783c5424e" [3mevent_position[0m[2m=[0m28
[backend] [2m2026-04-19T08:36:33.2304784+08:00[0m [32m INFO[0m ThreadId(10) [2mkoko::shell::媒体资产外壳[0m[2m:[0m HTTP 请求已受理 [3musecase[0m[2m=[0m"读取附件内容" [3madapter[0m[2m=[0m"http" [3moutcome[0m[2m=[0m"accepted" [3mrequest_kind[0m[2m=[0m"附件内容读取" [3mattachment_id[0m[2m=[0m"att-f46587b492aa" [3msession_id[0m[2m=[0m"s-eb3783c5424e"
[backend] [2m2026-04-19T08:36:33.2322555+08:00[0m [32m INFO[0m ThreadId(10) [2mkoko::shell::媒体资产外壳[0m[2m:[0m HTTP 请求已受理 [3musecase[0m[2m=[0m"读取附件内容" [3madapter[0m[2m=[0m"http" [3moutcome[0m[2m=[0m"accepted" [3mrequest_kind[0m[2m=[0m"附件内容读取" [3mattachment_id[0m[2m=[0m"att-f46587b492aa" [3msession_id[0m[2m=[0m"s-eb3783c5424e"
[backend] [2m2026-04-19T08:36:33.2322555+08:00[0m [32m INFO[0m ThreadId(06) [2mkoko::shell::媒体资产外壳[0m[2m:[0m HTTP 请求已受理 [3musecase[0m[2m=[0m"读取附件内容" [3madapter[0m[2m=[0m"http" [3moutcome[0m[2m=[0m"accepted" [3mrequest_kind[0m[2m=[0m"附件内容读取" [3mattachment_id[0m[2m=[0m"att-f46587b492aa" [3msession_id[0m[2m=[0m"s-eb3783c5424e"
[backend] [2m2026-04-19T08:36:33.2328372+08:00[0m [32m INFO[0m ThreadId(05) [2mkoko::shell::媒体资产外壳[0m[2m:[0m HTTP 请求已受理 [3musecase[0m[2m=[0m"读取附件内容" [3madapter[0m[2m=[0m"http" [3moutcome[0m[2m=[0m"accepted" [3mrequest_kind[0m[2m=[0m"附件内容读取" [3mattachment_id[0m[2m=[0m"att-f46587b492aa" [3msession_id[0m[2m=[0m"s-eb3783c5424e"
[backend] [2m2026-04-19T08:36:33.2443053+08:00[0m [32m INFO[0m ThreadId(08) [2mkoko::shell::媒体资产外壳[0m[2m:[0m 读取附件内容成功 [3musecase[0m[2m=[0m"读取附件内容" [3madapter[0m[2m=[0m"http" [3moutcome[0m[2m=[0m"succeeded" [3mrequest_kind[0m[2m=[0m"附件内容读取" [3mattachment_id[0m[2m=[0m"att-f46587b492aa" [3msession_id[0m[2m=[0m"s-eb3783c5424e"
[backend] [2m2026-04-19T08:36:33.2447318+08:00[0m [32m INFO[0m ThreadId(10) [2mkoko::shell::媒体资产外壳[0m[2m:[0m 读取附件内容成功 [3musecase[0m[2m=[0m"读取附件内容" [3madapter[0m[2m=[0m"http" [3moutcome[0m[2m=[0m"succeeded" [3mrequest_kind[0m[2m=[0m"附件内容读取" [3mattachment_id[0m[2m=[0m"att-f46587b492aa" [3msession_id[0m[2m=[0m"s-eb3783c5424e"
[backend] [2m2026-04-19T08:36:33.2447714+08:00[0m [32m INFO[0m ThreadId(06) [2mkoko::shell::媒体资产外壳[0m[2m:[0m 读取附件内容成功 [3musecase[0m[2m=[0m"读取附件内容" [3madapter[0m[2m=[0m"http" [3moutcome[0m[2m=[0m"succeeded" [3mrequest_kind[0m[2m=[0m"附件内容读取" [3mattachment_id[0m[2m=[0m"att-f46587b492aa" [3msession_id[0m[2m=[0m"s-eb3783c5424e"
[backend] [2m2026-04-19T08:36:33.2447462+08:00[0m [32m INFO[0m ThreadId(05) [2mkoko::shell::媒体资产外壳[0m[2m:[0m 读取附件内容成功 [3musecase[0m[2m=[0m"读取附件内容" [3madapter[0m[2m=[0m"http" [3moutcome[0m[2m=[0m"succeeded" [3mrequest_kind[0m[2m=[0m"附件内容读取" [3mattachment_id[0m[2m=[0m"att-f46587b492aa" [3msession_id[0m[2m=[0m"s-eb3783c5424e"
[backend] [2m2026-04-19T08:36:33.316228+08:00[0m [32m INFO[0m ThreadId(12) [2mkoko::shell::媒体资产外壳[0m[2m:[0m HTTP 请求已受理 [3musecase[0m[2m=[0m"读取附件内容" [3madapter[0m[2m=[0m"http" [3moutcome[0m[2m=[0m"accepted" [3mrequest_kind[0m[2m=[0m"附件内容读取" [3mattachment_id[0m[2m=[0m"att-f46587b492aa" [3msession_id[0m[2m=[0m"s-eb3783c5424e"
[backend] [2m2026-04-19T08:36:33.317571+08:00[0m [32m INFO[0m ThreadId(12) [2mkoko::shell::媒体资产外壳[0m[2m:[0m HTTP 请求已受理 [3musecase[0m[2m=[0m"读取附件内容" [3madapter[0m[2m=[0m"http" [3moutcome[0m[2m=[0m"accepted" [3mrequest_kind[0m[2m=[0m"附件内容读取" [3mattachment_id[0m[2m=[0m"att-f46587b492aa" [3msession_id[0m[2m=[0m"s-eb3783c5424e"
[backend] [2m2026-04-19T08:36:33.3194298+08:00[0m [32m INFO[0m ThreadId(10) [2mkoko::shell::媒体资产外壳[0m[2m:[0m HTTP 请求已受理 [3musecase[0m[2m=[0m"读取附件内容" [3madapter[0m[2m=[0m"http" [3moutcome[0m[2m=[0m"accepted" [3mrequest_kind[0m[2m=[0m"附件内容读取" [3mattachment_id[0m[2m=[0m"att-f46587b492aa" [3msession_id[0m[2m=[0m"s-eb3783c5424e"
[backend] [2m2026-04-19T08:36:33.319434+08:00[0m [32m INFO[0m ThreadId(12) [2mkoko::shell::媒体资产外壳[0m[2m:[0m HTTP 请求已受理 [3musecase[0m[2m=[0m"读取附件内容" [3madapter[0m[2m=[0m"http" [3moutcome[0m[2m=[0m"accepted" [3mrequest_kind[0m[2m=[0m"附件内容读取" [3mattachment_id[0m[2m=[0m"att-f46587b492aa" [3msession_id[0m[2m=[0m"s-eb3783c5424e"
[backend] [2m2026-04-19T08:36:33.3328299+08:00[0m [32m INFO[0m ThreadId(10) [2mkoko::shell::媒体资产外壳[0m[2m:[0m 读取附件内容成功 [3musecase[0m[2m=[0m"读取附件内容" [3madapter[0m[2m=[0m"http" [3moutcome[0m[2m=[0m"succeeded" [3mrequest_kind[0m[2m=[0m"附件内容读取" [3mattachment_id[0m[2m=[0m"att-f46587b492aa" [3msession_id[0m[2m=[0m"s-eb3783c5424e"
[backend] [2m2026-04-19T08:36:33.33283+08:00[0m [32m INFO[0m ThreadId(12) [2mkoko::shell::媒体资产外壳[0m[2m:[0m 读取附件内容成功 [3musecase[0m[2m=[0m"读取附件内容" [3madapter[0m[2m=[0m"http" [3moutcome[0m[2m=[0m"succeeded" [3mrequest_kind[0m[2m=[0m"附件内容读取" [3mattachment_id[0m[2m=[0m"att-f46587b492aa" [3msession_id[0m[2m=[0m"s-eb3783c5424e"
[backend] [2m2026-04-19T08:36:33.3343093+08:00[0m [32m INFO[0m ThreadId(05) [2mkoko::shell::媒体资产外壳[0m[2m:[0m 读取附件内容成功 [3musecase[0m[2m=[0m"读取附件内容" [3madapter[0m[2m=[0m"http" [3moutcome[0m[2m=[0m"succeeded" [3mrequest_kind[0m[2m=[0m"附件内容读取" [3mattachment_id[0m[2m=[0m"att-f46587b492aa" [3msession_id[0m[2m=[0m"s-eb3783c5424e"
[backend] [2m2026-04-19T08:36:33.3516282+08:00[0m [32m INFO[0m ThreadId(06) [2mkoko::shell::媒体资产外壳[0m[2m:[0m HTTP 请求已受理 [3musecase[0m[2m=[0m"读取附件内容" [3madapter[0m[2m=[0m"http" [3moutcome[0m[2m=[0m"accepted" [3mrequest_kind[0m[2m=[0m"附件内容读取" [3mattachment_id[0m[2m=[0m"att-f46587b492aa" [3msession_id[0m[2m=[0m"s-eb3783c5424e"
[backend] [2m2026-04-19T08:36:33.3693142+08:00[0m [32m INFO[0m ThreadId(12) [2mkoko::shell::媒体资产外壳[0m[2m:[0m 读取附件内容成功 [3musecase[0m[2m=[0m"读取附件内容" [3madapter[0m[2m=[0m"http" [3moutcome[0m[2m=[0m"succeeded" [3mrequest_kind[0m[2m=[0m"附件内容读取" [3mattachment_id[0m[2m=[0m"att-f46587b492aa" [3msession_id[0m[2m=[0m"s-eb3783c5424e"
[backend] [2m2026-04-19T08:36:33.386899+08:00[0m [32m INFO[0m ThreadId(06) [2mkoko::shell::媒体资产外壳[0m[2m:[0m HTTP 请求已受理 [3musecase[0m[2m=[0m"读取附件内容" [3madapter[0m[2m=[0m"http" [3moutcome[0m[2m=[0m"accepted" [3mrequest_kind[0m[2m=[0m"附件内容读取" [3mattachment_id[0m[2m=[0m"att-f46587b492aa" [3msession_id[0m[2m=[0m"s-eb3783c5424e"
[backend] [2m2026-04-19T08:36:33.388743+08:00[0m [32m INFO[0m ThreadId(06) [2mkoko::shell::媒体资产外壳[0m[2m:[0m HTTP 请求已受理 [3musecase[0m[2m=[0m"读取附件内容" [3madapter[0m[2m=[0m"http" [3moutcome[0m[2m=[0m"accepted" [3mrequest_kind[0m[2m=[0m"附件内容读取" [3mattachment_id[0m[2m=[0m"att-f46587b492aa" [3msession_id[0m[2m=[0m"s-eb3783c5424e"
[backend] [2m2026-04-19T08:36:33.3999438+08:00[0m [32m INFO[0m ThreadId(10) [2mkoko::shell::媒体资产外壳[0m[2m:[0m 读取附件内容成功 [3musecase[0m[2m=[0m"读取附件内容" [3madapter[0m[2m=[0m"http" [3moutcome[0m[2m=[0m"succeeded" [3mrequest_kind[0m[2m=[0m"附件内容读取" [3mattachment_id[0m[2m=[0m"att-f46587b492aa" [3msession_id[0m[2m=[0m"s-eb3783c5424e"
[backend] [2m2026-04-19T08:36:33.401495+08:00[0m [32m INFO[0m ThreadId(06) [2mkoko::shell::媒体资产外壳[0m[2m:[0m 读取附件内容成功 [3musecase[0m[2m=[0m"读取附件内容" [3madapter[0m[2m=[0m"http" [3moutcome[0m[2m=[0m"succeeded" [3mrequest_kind[0m[2m=[0m"附件内容读取" [3mattachment_id[0m[2m=[0m"att-f46587b492aa" [3msession_id[0m[2m=[0m"s-eb3783c5424e"
[backend] [2m2026-04-19T08:36:33.4458054+08:00[0m [32m INFO[0m ThreadId(12) [2mkoko::shell::媒体资产外壳[0m[2m:[0m HTTP 请求已受理 [3musecase[0m[2m=[0m"读取附件内容" [3madapter[0m[2m=[0m"http" [3moutcome[0m[2m=[0m"accepted" [3mrequest_kind[0m[2m=[0m"附件内容读取" [3mattachment_id[0m[2m=[0m"att-f46587b492aa" [3msession_id[0m[2m=[0m"s-eb3783c5424e"
[backend] [2m2026-04-19T08:36:33.4478045+08:00[0m [32m INFO[0m ThreadId(12) [2mkoko::shell::媒体资产外壳[0m[2m:[0m HTTP 请求已受理 [3musecase[0m[2m=[0m"读取附件内容" [3madapter[0m[2m=[0m"http" [3moutcome[0m[2m=[0m"accepted" [3mrequest_kind[0m[2m=[0m"附件内容读取" [3mattachment_id[0m[2m=[0m"att-f46587b492aa" [3msession_id[0m[2m=[0m"s-eb3783c5424e"
[backend] [2m2026-04-19T08:36:33.4595525+08:00[0m [32m INFO[0m ThreadId(08) [2mkoko::shell::媒体资产外壳[0m[2m:[0m 读取附件内容成功 [3musecase[0m[2m=[0m"读取附件内容" [3madapter[0m[2m=[0m"http" [3moutcome[0m[2m=[0m"succeeded" [3mrequest_kind[0m[2m=[0m"附件内容读取" [3mattachment_id[0m[2m=[0m"att-f46587b492aa" [3msession_id[0m[2m=[0m"s-eb3783c5424e"
[backend] [2m2026-04-19T08:36:33.4607388+08:00[0m [32m INFO[0m ThreadId(05) [2mkoko::shell::媒体资产外壳[0m[2m:[0m 读取附件内容成功 [3musecase[0m[2m=[0m"读取附件内容" [3madapter[0m[2m=[0m"http" [3moutcome[0m[2m=[0m"succeeded" [3mrequest_kind[0m[2m=[0m"附件内容读取" [3mattachment_id[0m[2m=[0m"att-f46587b492aa" [3msession_id[0m[2m=[0m"s-eb3783c5424e"
[backend] [2m2026-04-19T08:36:33.6757082+08:00[0m [32m INFO[0m ThreadId(05) [2mkoko::shell::媒体资产外壳[0m[2m:[0m 读取附件内容成功 [3musecase[0m[2m=[0m"读取附件内容" [3madapter[0m[2m=[0m"http" [3moutcome[0m[2m=[0m"succeeded" [3mrequest_kind[0m[2m=[0m"附件内容读取" [3mattachment_id[0m[2m=[0m"att-f46587b492aa" [3msession_id[0m[2m=[0m"s-eb3783c5424e"
[backend] [2m2026-04-19T08:36:56.4567777+08:00[0m [32m INFO[0m ThreadId(10) [2mkoko::shell::实时外壳[0m[2m:[0m realtime 连接已正常断开 [3musecase[0m[2m=[0m"实时连接断开" [3madapter[0m[2m=[0m"socketioxide" [3moutcome[0m[2m=[0m"dropped" [3msession_id[0m[2m=[0m"s-97d378630852" [3mdisconnect_reason[0m[2m=[0mclient has manually disconnected the socket from the namespace
[backend] [2m2026-04-19T08:36:56.626885+08:00[0m [32m INFO[0m ThreadId(08) [2mkoko::shell::房间外壳[0m[2m:[0m HTTP 请求已受理 [3musecase[0m[2m=[0m"引导匿名身份" [3madapter[0m[2m=[0m"http" [3moutcome[0m[2m=[0m"accepted" [3mrequest_kind[0m[2m=[0m"匿名身份引导"
[backend] [2m2026-04-19T08:36:56.6296043+08:00[0m [32m INFO[0m ThreadId(10) [2mkoko::shell::房间外壳[0m[2m:[0m 引导匿名身份成功 [3musecase[0m[2m=[0m"引导匿名身份" [3madapter[0m[2m=[0m"http" [3moutcome[0m[2m=[0m"succeeded" [3mrequest_kind[0m[2m=[0m"匿名身份引导" [3msession_id[0m[2m=[0m"s-97d378630852"
[backend] [2m2026-04-19T08:36:56.6517786+08:00[0m [32m INFO[0m ThreadId(08) [2mkoko::shell::房间外壳[0m[2m:[0m HTTP 请求已受理 [3musecase[0m[2m=[0m"加载房间快照" [3madapter[0m[2m=[0m"http" [3moutcome[0m[2m=[0m"accepted" [3mrequest_kind[0m[2m=[0m"房间快照查询" [3mroom_id[0m[2m=[0m"r-3cdfd560046a" [3msession_id[0m[2m=[0m"s-97d378630852"
[backend] [2m2026-04-19T08:36:56.6673019+08:00[0m [32m INFO[0m ThreadId(10) [2mkoko::shell::实时外壳[0m[2m:[0m realtime 连接认证已受理 [3musecase[0m[2m=[0m"实时连接认证" [3madapter[0m[2m=[0m"socketioxide" [3moutcome[0m[2m=[0m"accepted" [3msession_id[0m[2m=[0m"s-97d378630852"
[backend] [2m2026-04-19T08:36:56.6684684+08:00[0m [32m INFO[0m ThreadId(08) [2mkoko::shell::实时外壳[0m[2m:[0m realtime 连接认证成功 [3musecase[0m[2m=[0m"实时连接认证" [3madapter[0m[2m=[0m"socketioxide" [3moutcome[0m[2m=[0m"succeeded" [3msession_id[0m[2m=[0m"s-97d378630852"
[backend] [2m2026-04-19T08:36:56.6748516+08:00[0m [32m INFO[0m ThreadId(08) [2mkoko::shell::实时外壳[0m[2m:[0m realtime 订阅请求已受理 [3musecase[0m[2m=[0m"订阅房间事件流" [3madapter[0m[2m=[0m"socketioxide" [3moutcome[0m[2m=[0m"accepted" [3mroom_id[0m[2m=[0m"r-3cdfd560046a" [3msession_id[0m[2m=[0m"s-97d378630852" [3mfrom[0m[2m=[0m0
[backend] [2m2026-04-19T08:36:56.6797867+08:00[0m [32m INFO[0m ThreadId(05) [2mkoko::shell::房间外壳[0m[2m:[0m 加载房间快照成功 [3musecase[0m[2m=[0m"加载房间快照" [3madapter[0m[2m=[0m"http" [3moutcome[0m[2m=[0m"succeeded" [3mrequest_kind[0m[2m=[0m"房间快照查询" [3mroom_id[0m[2m=[0m"r-3cdfd560046a" [3msession_id[0m[2m=[0m"s-97d378630852" [3mevent_position[0m[2m=[0m28
[backend] [2m2026-04-19T08:36:56.6884027+08:00[0m [32m INFO[0m ThreadId(05) [2mkoko::shell::实时外壳[0m[2m:[0m 订阅房间事件流成功 [3musecase[0m[2m=[0m"订阅房间事件流" [3madapter[0m[2m=[0m"socketioxide" [3moutcome[0m[2m=[0m"succeeded" [3mroom_id[0m[2m=[0m"r-3cdfd560046a" [3msession_id[0m[2m=[0m"s-97d378630852" [3mfrom[0m[2m=[0m0 [3mevent_position[0m[2m=[0m28
[backend] [2m2026-04-19T08:36:56.7054881+08:00[0m [32m INFO[0m ThreadId(08) [2mkoko::shell::实时外壳[0m[2m:[0m realtime 订阅请求已受理 [3musecase[0m[2m=[0m"订阅房间事件流" [3madapter[0m[2m=[0m"socketioxide" [3moutcome[0m[2m=[0m"accepted" [3mroom_id[0m[2m=[0m"r-3cdfd560046a" [3msession_id[0m[2m=[0m"s-97d378630852" [3mfrom[0m[2m=[0m28
[backend] [2m2026-04-19T08:36:56.7114495+08:00[0m [32m INFO[0m ThreadId(08) [2mkoko::shell::实时外壳[0m[2m:[0m 订阅房间事件流成功 [3musecase[0m[2m=[0m"订阅房间事件流" [3madapter[0m[2m=[0m"socketioxide" [3moutcome[0m[2m=[0m"succeeded" [3mroom_id[0m[2m=[0m"r-3cdfd560046a" [3msession_id[0m[2m=[0m"s-97d378630852" [3mfrom[0m[2m=[0m28 [3mevent_position[0m[2m=[0m28
[backend] [2m2026-04-19T08:36:56.7583123+08:00[0m [32m INFO[0m ThreadId(05) [2mkoko::shell::媒体资产外壳[0m[2m:[0m HTTP 请求已受理 [3musecase[0m[2m=[0m"读取附件内容" [3madapter[0m[2m=[0m"http" [3moutcome[0m[2m=[0m"accepted" [3mrequest_kind[0m[2m=[0m"附件内容读取" [3mattachment_id[0m[2m=[0m"att-961d957a1877" [3msession_id[0m[2m=[0m"s-97d378630852"
[backend] [2m2026-04-19T08:36:56.7626977+08:00[0m [32m INFO[0m ThreadId(12) [2mkoko::shell::媒体资产外壳[0m[2m:[0m HTTP 请求已受理 [3musecase[0m[2m=[0m"读取附件内容" [3madapter[0m[2m=[0m"http" [3moutcome[0m[2m=[0m"accepted" [3mrequest_kind[0m[2m=[0m"附件内容读取" [3mattachment_id[0m[2m=[0m"att-8d44cbfede62" [3msession_id[0m[2m=[0m"s-97d378630852"
[backend] [2m2026-04-19T08:36:56.7627317+08:00[0m [32m INFO[0m ThreadId(10) [2mkoko::shell::媒体资产外壳[0m[2m:[0m HTTP 请求已受理 [3musecase[0m[2m=[0m"读取附件内容" [3madapter[0m[2m=[0m"http" [3moutcome[0m[2m=[0m"accepted" [3mrequest_kind[0m[2m=[0m"附件内容读取" [3mattachment_id[0m[2m=[0m"att-681e5b27b0c2" [3msession_id[0m[2m=[0m"s-97d378630852"
[backend] [2m2026-04-19T08:36:56.7627235+08:00[0m [32m INFO[0m ThreadId(08) [2mkoko::shell::媒体资产外壳[0m[2m:[0m HTTP 请求已受理 [3musecase[0m[2m=[0m"读取附件内容" [3madapter[0m[2m=[0m"http" [3moutcome[0m[2m=[0m"accepted" [3mrequest_kind[0m[2m=[0m"附件内容读取" [3mattachment_id[0m[2m=[0m"att-ac7a1188a600" [3msession_id[0m[2m=[0m"s-97d378630852"
[backend] [2m2026-04-19T08:36:56.7636215+08:00[0m [32m INFO[0m ThreadId(12) [2mkoko::shell::媒体资产外壳[0m[2m:[0m HTTP 请求已受理 [3musecase[0m[2m=[0m"读取附件内容" [3madapter[0m[2m=[0m"http" [3moutcome[0m[2m=[0m"accepted" [3mrequest_kind[0m[2m=[0m"附件内容读取" [3mattachment_id[0m[2m=[0m"att-2d964b96c071" [3msession_id[0m[2m=[0m"s-97d378630852"
[backend] [2m2026-04-19T08:36:56.7668715+08:00[0m [32m INFO[0m ThreadId(12) [2mkoko::shell::媒体资产外壳[0m[2m:[0m 读取附件内容成功 [3musecase[0m[2m=[0m"读取附件内容" [3madapter[0m[2m=[0m"http" [3moutcome[0m[2m=[0m"succeeded" [3mrequest_kind[0m[2m=[0m"附件内容读取" [3mattachment_id[0m[2m=[0m"att-961d957a1877" [3msession_id[0m[2m=[0m"s-97d378630852"
[backend] [2m2026-04-19T08:36:56.7706252+08:00[0m [32m INFO[0m ThreadId(05) [2mkoko::shell::媒体资产外壳[0m[2m:[0m 读取附件内容成功 [3musecase[0m[2m=[0m"读取附件内容" [3madapter[0m[2m=[0m"http" [3moutcome[0m[2m=[0m"succeeded" [3mrequest_kind[0m[2m=[0m"附件内容读取" [3mattachment_id[0m[2m=[0m"att-8d44cbfede62" [3msession_id[0m[2m=[0m"s-97d378630852"
[backend] [2m2026-04-19T08:36:56.7722459+08:00[0m [32m INFO[0m ThreadId(05) [2mkoko::shell::媒体资产外壳[0m[2m:[0m 读取附件内容成功 [3musecase[0m[2m=[0m"读取附件内容" [3madapter[0m[2m=[0m"http" [3moutcome[0m[2m=[0m"succeeded" [3mrequest_kind[0m[2m=[0m"附件内容读取" [3mattachment_id[0m[2m=[0m"att-681e5b27b0c2" [3msession_id[0m[2m=[0m"s-97d378630852"
[backend] [2m2026-04-19T08:36:56.7733657+08:00[0m [32m INFO[0m ThreadId(05) [2mkoko::shell::媒体资产外壳[0m[2m:[0m 读取附件内容成功 [3musecase[0m[2m=[0m"读取附件内容" [3madapter[0m[2m=[0m"http" [3moutcome[0m[2m=[0m"succeeded" [3mrequest_kind[0m[2m=[0m"附件内容读取" [3mattachment_id[0m[2m=[0m"att-ac7a1188a600" [3msession_id[0m[2m=[0m"s-97d378630852"
[backend] [2m2026-04-19T08:36:56.7743867+08:00[0m [32m INFO[0m ThreadId(05) [2mkoko::shell::媒体资产外壳[0m[2m:[0m 读取附件内容成功 [3musecase[0m[2m=[0m"读取附件内容" [3madapter[0m[2m=[0m"http" [3moutcome[0m[2m=[0m"succeeded" [3mrequest_kind[0m[2m=[0m"附件内容读取" [3mattachment_id[0m[2m=[0m"att-2d964b96c071" [3msession_id[0m[2m=[0m"s-97d378630852"
[backend] [2m2026-04-19T08:36:56.8168901+08:00[0m [32m INFO[0m ThreadId(10) [2mkoko::shell::媒体资产外壳[0m[2m:[0m HTTP 请求已受理 [3musecase[0m[2m=[0m"读取附件内容" [3madapter[0m[2m=[0m"http" [3moutcome[0m[2m=[0m"accepted" [3mrequest_kind[0m[2m=[0m"附件内容读取" [3mattachment_id[0m[2m=[0m"att-cd5a0edf2c3f" [3msession_id[0m[2m=[0m"s-97d378630852"
[backend] [2m2026-04-19T08:36:56.8360739+08:00[0m [32m INFO[0m ThreadId(06) [2mkoko::shell::媒体资产外壳[0m[2m:[0m HTTP 请求已受理 [3musecase[0m[2m=[0m"读取附件内容" [3madapter[0m[2m=[0m"http" [3moutcome[0m[2m=[0m"accepted" [3mrequest_kind[0m[2m=[0m"附件内容读取" [3mattachment_id[0m[2m=[0m"att-f46587b492aa" [3msession_id[0m[2m=[0m"s-97d378630852"
[backend] [2m2026-04-19T08:36:56.857504+08:00[0m [32m INFO[0m ThreadId(05) [2mkoko::shell::媒体资产外壳[0m[2m:[0m HTTP 请求已受理 [3musecase[0m[2m=[0m"读取附件内容" [3madapter[0m[2m=[0m"http" [3moutcome[0m[2m=[0m"accepted" [3mrequest_kind[0m[2m=[0m"附件内容读取" [3mattachment_id[0m[2m=[0m"att-97bd5f02f6c4" [3msession_id[0m[2m=[0m"s-97d378630852"
[backend] [2m2026-04-19T08:36:56.859768+08:00[0m [32m INFO[0m ThreadId(05) [2mkoko::shell::媒体资产外壳[0m[2m:[0m 读取附件内容成功 [3musecase[0m[2m=[0m"读取附件内容" [3madapter[0m[2m=[0m"http" [3moutcome[0m[2m=[0m"succeeded" [3mrequest_kind[0m[2m=[0m"附件内容读取" [3mattachment_id[0m[2m=[0m"att-cd5a0edf2c3f" [3msession_id[0m[2m=[0m"s-97d378630852"
[backend] [2m2026-04-19T08:36:56.8601084+08:00[0m [32m INFO[0m ThreadId(10) [2mkoko::shell::媒体资产外壳[0m[2m:[0m 读取附件内容成功 [3musecase[0m[2m=[0m"读取附件内容" [3madapter[0m[2m=[0m"http" [3moutcome[0m[2m=[0m"succeeded" [3mrequest_kind[0m[2m=[0m"附件内容读取" [3mattachment_id[0m[2m=[0m"att-f46587b492aa" [3msession_id[0m[2m=[0m"s-97d378630852"
[backend] [2m2026-04-19T08:36:56.8688212+08:00[0m [32m INFO[0m ThreadId(05) [2mkoko::shell::媒体资产外壳[0m[2m:[0m 读取附件内容成功 [3musecase[0m[2m=[0m"读取附件内容" [3madapter[0m[2m=[0m"http" [3moutcome[0m[2m=[0m"succeeded" [3mrequest_kind[0m[2m=[0m"附件内容读取" [3mattachment_id[0m[2m=[0m"att-97bd5f02f6c4" [3msession_id[0m[2m=[0m"s-97d378630852"
[backend] [2m2026-04-19T08:38:31.6706507+08:00[0m [33m WARN[0m ThreadId(05) [2mkoko::shell::实时外壳[0m[2m:[0m realtime 连接异常断开 [3musecase[0m[2m=[0m"实时连接断开" [3madapter[0m[2m=[0m"socketioxide" [3moutcome[0m[2m=[0m"failed" [3msession_id[0m[2m=[0m"s-97d378630852" [3mdisconnect_reason[0m[2m=[0mclient did not send a PONG packet in time [3merror_code[0m[2m=[0m"socket_disconnect_abnormal"
[backend] [2m2026-04-19T08:40:57.4430309+08:00[0m [32m INFO[0m ThreadId(12) [2mkoko::shell::实时外壳[0m[2m:[0m realtime 连接已正常断开 [3musecase[0m[2m=[0m"实时连接断开" [3madapter[0m[2m=[0m"socketioxide" [3moutcome[0m[2m=[0m"dropped" [3msession_id[0m[2m=[0m"s-eb3783c5424e" [3mdisconnect_reason[0m[2m=[0mclient has manually disconnected the socket from the namespace
[backend] [2m2026-04-19T08:40:58.2779677+08:00[0m [32m INFO[0m ThreadId(10) [2mkoko::shell::房间外壳[0m[2m:[0m HTTP 请求已受理 [3musecase[0m[2m=[0m"引导匿名身份" [3madapter[0m[2m=[0m"http" [3moutcome[0m[2m=[0m"accepted" [3mrequest_kind[0m[2m=[0m"匿名身份引导"
[backend] [2m2026-04-19T08:40:58.2863936+08:00[0m [32m INFO[0m ThreadId(10) [2mkoko::shell::房间外壳[0m[2m:[0m 引导匿名身份成功 [3musecase[0m[2m=[0m"引导匿名身份" [3madapter[0m[2m=[0m"http" [3moutcome[0m[2m=[0m"succeeded" [3mrequest_kind[0m[2m=[0m"匿名身份引导" [3msession_id[0m[2m=[0m"s-eb3783c5424e"
[backend] [2m2026-04-19T08:40:58.441395+08:00[0m [32m INFO[0m ThreadId(06) [2mkoko::shell::房间外壳[0m[2m:[0m HTTP 请求已受理 [3musecase[0m[2m=[0m"加载房间快照" [3madapter[0m[2m=[0m"http" [3moutcome[0m[2m=[0m"accepted" [3mrequest_kind[0m[2m=[0m"房间快照查询" [3mroom_id[0m[2m=[0m"r-3cdfd560046a" [3msession_id[0m[2m=[0m"s-eb3783c5424e"
[backend] [2m2026-04-19T08:40:58.5123517+08:00[0m [32m INFO[0m ThreadId(12) [2mkoko::shell::房间外壳[0m[2m:[0m 加载房间快照成功 [3musecase[0m[2m=[0m"加载房间快照" [3madapter[0m[2m=[0m"http" [3moutcome[0m[2m=[0m"succeeded" [3mrequest_kind[0m[2m=[0m"房间快照查询" [3mroom_id[0m[2m=[0m"r-3cdfd560046a" [3msession_id[0m[2m=[0m"s-eb3783c5424e" [3mevent_position[0m[2m=[0m28
[backend] [2m2026-04-19T08:40:58.5354733+08:00[0m [32m INFO[0m ThreadId(12) [2mkoko::shell::实时外壳[0m[2m:[0m realtime 连接认证已受理 [3musecase[0m[2m=[0m"实时连接认证" [3madapter[0m[2m=[0m"socketioxide" [3moutcome[0m[2m=[0m"accepted" [3msession_id[0m[2m=[0m"s-eb3783c5424e"
[backend] [2m2026-04-19T08:40:58.537194+08:00[0m [32m INFO[0m ThreadId(06) [2mkoko::shell::实时外壳[0m[2m:[0m realtime 连接认证成功 [3musecase[0m[2m=[0m"实时连接认证" [3madapter[0m[2m=[0m"socketioxide" [3moutcome[0m[2m=[0m"succeeded" [3msession_id[0m[2m=[0m"s-eb3783c5424e"
[backend] [2m2026-04-19T08:40:58.6348667+08:00[0m [32m INFO[0m ThreadId(06) [2mkoko::shell::实时外壳[0m[2m:[0m realtime 订阅请求已受理 [3musecase[0m[2m=[0m"订阅房间事件流" [3madapter[0m[2m=[0m"socketioxide" [3moutcome[0m[2m=[0m"accepted" [3mroom_id[0m[2m=[0m"r-3cdfd560046a" [3msession_id[0m[2m=[0m"s-eb3783c5424e" [3mfrom[0m[2m=[0m28
[backend] [2m2026-04-19T08:40:58.6348667+08:00[0m [32m INFO[0m ThreadId(10) [2mkoko::shell::实时外壳[0m[2m:[0m realtime 订阅请求已受理 [3musecase[0m[2m=[0m"订阅房间事件流" [3madapter[0m[2m=[0m"socketioxide" [3moutcome[0m[2m=[0m"accepted" [3mroom_id[0m[2m=[0m"r-3cdfd560046a" [3msession_id[0m[2m=[0m"s-eb3783c5424e" [3mfrom[0m[2m=[0m28
[backend] [2m2026-04-19T08:40:58.6562202+08:00[0m [32m INFO[0m ThreadId(12) [2mkoko::shell::媒体资产外壳[0m[2m:[0m HTTP 请求已受理 [3musecase[0m[2m=[0m"读取附件内容" [3madapter[0m[2m=[0m"http" [3moutcome[0m[2m=[0m"accepted" [3mrequest_kind[0m[2m=[0m"附件内容读取" [3mattachment_id[0m[2m=[0m"att-961d957a1877" [3msession_id[0m[2m=[0m"s-eb3783c5424e"
[backend] [2m2026-04-19T08:40:58.656517+08:00[0m [32m INFO[0m ThreadId(05) [2mkoko::shell::实时外壳[0m[2m:[0m 订阅房间事件流成功 [3musecase[0m[2m=[0m"订阅房间事件流" [3madapter[0m[2m=[0m"socketioxide" [3moutcome[0m[2m=[0m"succeeded" [3mroom_id[0m[2m=[0m"r-3cdfd560046a" [3msession_id[0m[2m=[0m"s-eb3783c5424e" [3mfrom[0m[2m=[0m28 [3mevent_position[0m[2m=[0m28
[backend] [2m2026-04-19T08:40:58.6581513+08:00[0m [32m INFO[0m ThreadId(12) [2mkoko::shell::媒体资产外壳[0m[2m:[0m HTTP 请求已受理 [3musecase[0m[2m=[0m"读取附件内容" [3madapter[0m[2m=[0m"http" [3moutcome[0m[2m=[0m"accepted" [3mrequest_kind[0m[2m=[0m"附件内容读取" [3mattachment_id[0m[2m=[0m"att-2d964b96c071" [3msession_id[0m[2m=[0m"s-eb3783c5424e"
[backend] [2m2026-04-19T08:40:58.6610768+08:00[0m [32m INFO[0m ThreadId(08) [2mkoko::shell::媒体资产外壳[0m[2m:[0m HTTP 请求已受理 [3musecase[0m[2m=[0m"读取附件内容" [3madapter[0m[2m=[0m"http" [3moutcome[0m[2m=[0m"accepted" [3mrequest_kind[0m[2m=[0m"附件内容读取" [3mattachment_id[0m[2m=[0m"att-8d44cbfede62" [3msession_id[0m[2m=[0m"s-eb3783c5424e"
[backend] [2m2026-04-19T08:40:58.6621274+08:00[0m [32m INFO[0m ThreadId(12) [2mkoko::shell::媒体资产外壳[0m[2m:[0m HTTP 请求已受理 [3musecase[0m[2m=[0m"读取附件内容" [3madapter[0m[2m=[0m"http" [3moutcome[0m[2m=[0m"accepted" [3mrequest_kind[0m[2m=[0m"附件内容读取" [3mattachment_id[0m[2m=[0m"att-681e5b27b0c2" [3msession_id[0m[2m=[0m"s-eb3783c5424e"
[backend] [2m2026-04-19T08:40:58.6635554+08:00[0m [32m INFO[0m ThreadId(10) [2mkoko::shell::媒体资产外壳[0m[2m:[0m HTTP 请求已受理 [3musecase[0m[2m=[0m"读取附件内容" [3madapter[0m[2m=[0m"http" [3moutcome[0m[2m=[0m"accepted" [3mrequest_kind[0m[2m=[0m"附件内容读取" [3mattachment_id[0m[2m=[0m"att-3a48c8f47757" [3msession_id[0m[2m=[0m"s-eb3783c5424e"
[backend] [2m2026-04-19T08:40:58.6637687+08:00[0m [32m INFO[0m ThreadId(08) [2mkoko::shell::实时外壳[0m[2m:[0m 订阅房间事件流成功 [3musecase[0m[2m=[0m"订阅房间事件流" [3madapter[0m[2m=[0m"socketioxide" [3moutcome[0m[2m=[0m"succeeded" [3mroom_id[0m[2m=[0m"r-3cdfd560046a" [3msession_id[0m[2m=[0m"s-eb3783c5424e" [3mfrom[0m[2m=[0m28 [3mevent_position[0m[2m=[0m28
[backend] [2m2026-04-19T08:40:58.6644236+08:00[0m [32m INFO[0m ThreadId(11) [2mkoko::shell::媒体资产外壳[0m[2m:[0m HTTP 请求已受理 [3musecase[0m[2m=[0m"读取附件内容" [3madapter[0m[2m=[0m"http" [3moutcome[0m[2m=[0m"accepted" [3mrequest_kind[0m[2m=[0m"附件内容读取" [3mattachment_id[0m[2m=[0m"att-ac7a1188a600" [3msession_id[0m[2m=[0m"s-eb3783c5424e"
[backend] [2m2026-04-19T08:40:58.6946265+08:00[0m [32m INFO[0m ThreadId(08) [2mkoko::shell::媒体资产外壳[0m[2m:[0m 读取附件内容成功 [3musecase[0m[2m=[0m"读取附件内容" [3madapter[0m[2m=[0m"http" [3moutcome[0m[2m=[0m"succeeded" [3mrequest_kind[0m[2m=[0m"附件内容读取" [3mattachment_id[0m[2m=[0m"att-8d44cbfede62" [3msession_id[0m[2m=[0m"s-eb3783c5424e"
[backend] [2m2026-04-19T08:40:58.6956209+08:00[0m [32m INFO[0m ThreadId(10) [2mkoko::shell::媒体资产外壳[0m[2m:[0m 读取附件内容成功 [3musecase[0m[2m=[0m"读取附件内容" [3madapter[0m[2m=[0m"http" [3moutcome[0m[2m=[0m"succeeded" [3mrequest_kind[0m[2m=[0m"附件内容读取" [3mattachment_id[0m[2m=[0m"att-2d964b96c071" [3msession_id[0m[2m=[0m"s-eb3783c5424e"
[backend] [2m2026-04-19T08:40:58.6979157+08:00[0m [32m INFO[0m ThreadId(12) [2mkoko::shell::媒体资产外壳[0m[2m:[0m 读取附件内容成功 [3musecase[0m[2m=[0m"读取附件内容" [3madapter[0m[2m=[0m"http" [3moutcome[0m[2m=[0m"succeeded" [3mrequest_kind[0m[2m=[0m"附件内容读取" [3mattachment_id[0m[2m=[0m"att-681e5b27b0c2" [3msession_id[0m[2m=[0m"s-eb3783c5424e"
[backend] [2m2026-04-19T08:40:58.6979246+08:00[0m [32m INFO[0m ThreadId(05) [2mkoko::shell::媒体资产外壳[0m[2m:[0m 读取附件内容成功 [3musecase[0m[2m=[0m"读取附件内容" [3madapter[0m[2m=[0m"http" [3moutcome[0m[2m=[0m"succeeded" [3mrequest_kind[0m[2m=[0m"附件内容读取" [3mattachment_id[0m[2m=[0m"att-ac7a1188a600" [3msession_id[0m[2m=[0m"s-eb3783c5424e"
[backend] [2m2026-04-19T08:40:58.6983209+08:00[0m [32m INFO[0m ThreadId(06) [2mkoko::shell::媒体资产外壳[0m[2m:[0m 读取附件内容成功 [3musecase[0m[2m=[0m"读取附件内容" [3madapter[0m[2m=[0m"http" [3moutcome[0m[2m=[0m"succeeded" [3mrequest_kind[0m[2m=[0m"附件内容读取" [3mattachment_id[0m[2m=[0m"att-3a48c8f47757" [3msession_id[0m[2m=[0m"s-eb3783c5424e"
[backend] [2m2026-04-19T08:40:58.6996791+08:00[0m [32m INFO[0m ThreadId(11) [2mkoko::shell::媒体资产外壳[0m[2m:[0m 读取附件内容成功 [3musecase[0m[2m=[0m"读取附件内容" [3madapter[0m[2m=[0m"http" [3moutcome[0m[2m=[0m"succeeded" [3mrequest_kind[0m[2m=[0m"附件内容读取" [3mattachment_id[0m[2m=[0m"att-961d957a1877" [3msession_id[0m[2m=[0m"s-eb3783c5424e"
[backend] [2m2026-04-19T08:40:58.7295224+08:00[0m [32m INFO[0m ThreadId(07) [2mkoko::shell::媒体资产外壳[0m[2m:[0m HTTP 请求已受理 [3musecase[0m[2m=[0m"读取附件内容" [3madapter[0m[2m=[0m"http" [3moutcome[0m[2m=[0m"accepted" [3mrequest_kind[0m[2m=[0m"附件内容读取" [3mattachment_id[0m[2m=[0m"att-792bea97c0bd" [3msession_id[0m[2m=[0m"s-eb3783c5424e"
[backend] [2m2026-04-19T08:40:58.7332827+08:00[0m [32m INFO[0m ThreadId(07) [2mkoko::shell::媒体资产外壳[0m[2m:[0m HTTP 请求已受理 [3musecase[0m[2m=[0m"读取附件内容" [3madapter[0m[2m=[0m"http" [3moutcome[0m[2m=[0m"accepted" [3mrequest_kind[0m[2m=[0m"附件内容读取" [3mattachment_id[0m[2m=[0m"att-ea250b02f4f3" [3msession_id[0m[2m=[0m"s-eb3783c5424e"
[backend] [2m2026-04-19T08:40:58.7424162+08:00[0m [32m INFO[0m ThreadId(07) [2mkoko::shell::媒体资产外壳[0m[2m:[0m 读取附件内容成功 [3musecase[0m[2m=[0m"读取附件内容" [3madapter[0m[2m=[0m"http" [3moutcome[0m[2m=[0m"succeeded" [3mrequest_kind[0m[2m=[0m"附件内容读取" [3mattachment_id[0m[2m=[0m"att-792bea97c0bd" [3msession_id[0m[2m=[0m"s-eb3783c5424e"
[backend] [2m2026-04-19T08:40:58.7470645+08:00[0m [32m INFO[0m ThreadId(07) [2mkoko::shell::媒体资产外壳[0m[2m:[0m 读取附件内容成功 [3musecase[0m[2m=[0m"读取附件内容" [3madapter[0m[2m=[0m"http" [3moutcome[0m[2m=[0m"succeeded" [3mrequest_kind[0m[2m=[0m"附件内容读取" [3mattachment_id[0m[2m=[0m"att-ea250b02f4f3" [3msession_id[0m[2m=[0m"s-eb3783c5424e"
[backend] [2m2026-04-19T08:40:59.1107294+08:00[0m [32m INFO[0m ThreadId(06) [2mkoko::shell::媒体资产外壳[0m[2m:[0m HTTP 请求已受理 [3musecase[0m[2m=[0m"读取附件内容" [3madapter[0m[2m=[0m"http" [3moutcome[0m[2m=[0m"accepted" [3mrequest_kind[0m[2m=[0m"附件内容读取" [3mattachment_id[0m[2m=[0m"att-bdbf430c4928" [3msession_id[0m[2m=[0m"s-eb3783c5424e"
[backend] [2m2026-04-19T08:40:59.1122525+08:00[0m [32m INFO[0m ThreadId(06) [2mkoko::shell::媒体资产外壳[0m[2m:[0m HTTP 请求已受理 [3musecase[0m[2m=[0m"读取附件内容" [3madapter[0m[2m=[0m"http" [3moutcome[0m[2m=[0m"accepted" [3mrequest_kind[0m[2m=[0m"附件内容读取" [3mattachment_id[0m[2m=[0m"att-9ffa539f6803" [3msession_id[0m[2m=[0m"s-eb3783c5424e"
[backend] [2m2026-04-19T08:40:59.1158826+08:00[0m [32m INFO[0m ThreadId(11) [2mkoko::shell::媒体资产外壳[0m[2m:[0m HTTP 请求已受理 [3musecase[0m[2m=[0m"读取附件内容" [3madapter[0m[2m=[0m"http" [3moutcome[0m[2m=[0m"accepted" [3mrequest_kind[0m[2m=[0m"附件内容读取" [3mattachment_id[0m[2m=[0m"att-fac5794f284f" [3msession_id[0m[2m=[0m"s-eb3783c5424e"
[backend] [2m2026-04-19T08:40:59.1160181+08:00[0m [32m INFO[0m ThreadId(06) [2mkoko::shell::媒体资产外壳[0m[2m:[0m HTTP 请求已受理 [3musecase[0m[2m=[0m"读取附件内容" [3madapter[0m[2m=[0m"http" [3moutcome[0m[2m=[0m"accepted" [3mrequest_kind[0m[2m=[0m"附件内容读取" [3mattachment_id[0m[2m=[0m"att-2ae1eb710ca9" [3msession_id[0m[2m=[0m"s-eb3783c5424e"
[backend] [2m2026-04-19T08:40:59.1162378+08:00[0m [32m INFO[0m ThreadId(12) [2mkoko::shell::媒体资产外壳[0m[2m:[0m HTTP 请求已受理 [3musecase[0m[2m=[0m"读取附件内容" [3madapter[0m[2m=[0m"http" [3moutcome[0m[2m=[0m"accepted" [3mrequest_kind[0m[2m=[0m"附件内容读取" [3mattachment_id[0m[2m=[0m"att-cd5a0edf2c3f" [3msession_id[0m[2m=[0m"s-eb3783c5424e"
[backend] [2m2026-04-19T08:40:59.1174194+08:00[0m [32m INFO[0m ThreadId(05) [2mkoko::shell::媒体资产外壳[0m[2m:[0m HTTP 请求已受理 [3musecase[0m[2m=[0m"读取附件内容" [3madapter[0m[2m=[0m"http" [3moutcome[0m[2m=[0m"accepted" [3mrequest_kind[0m[2m=[0m"附件内容读取" [3mattachment_id[0m[2m=[0m"att-97bd5f02f6c4" [3msession_id[0m[2m=[0m"s-eb3783c5424e"
[backend] [2m2026-04-19T08:40:59.1325428+08:00[0m [32m INFO[0m ThreadId(05) [2mkoko::shell::媒体资产外壳[0m[2m:[0m 读取附件内容成功 [3musecase[0m[2m=[0m"读取附件内容" [3madapter[0m[2m=[0m"http" [3moutcome[0m[2m=[0m"succeeded" [3mrequest_kind[0m[2m=[0m"附件内容读取" [3mattachment_id[0m[2m=[0m"att-bdbf430c4928" [3msession_id[0m[2m=[0m"s-eb3783c5424e"
[backend] [2m2026-04-19T08:40:59.1427241+08:00[0m [32m INFO[0m ThreadId(08) [2mkoko::shell::媒体资产外壳[0m[2m:[0m 读取附件内容成功 [3musecase[0m[2m=[0m"读取附件内容" [3madapter[0m[2m=[0m"http" [3moutcome[0m[2m=[0m"succeeded" [3mrequest_kind[0m[2m=[0m"附件内容读取" [3mattachment_id[0m[2m=[0m"att-cd5a0edf2c3f" [3msession_id[0m[2m=[0m"s-eb3783c5424e"
[backend] [2m2026-04-19T08:40:59.1428102+08:00[0m [32m INFO[0m ThreadId(05) [2mkoko::shell::媒体资产外壳[0m[2m:[0m 读取附件内容成功 [3musecase[0m[2m=[0m"读取附件内容" [3madapter[0m[2m=[0m"http" [3moutcome[0m[2m=[0m"succeeded" [3mrequest_kind[0m[2m=[0m"附件内容读取" [3mattachment_id[0m[2m=[0m"att-9ffa539f6803" [3msession_id[0m[2m=[0m"s-eb3783c5424e"
[backend] [2m2026-04-19T08:40:59.1480397+08:00[0m [32m INFO[0m ThreadId(05) [2mkoko::shell::媒体资产外壳[0m[2m:[0m 读取附件内容成功 [3musecase[0m[2m=[0m"读取附件内容" [3madapter[0m[2m=[0m"http" [3moutcome[0m[2m=[0m"succeeded" [3mrequest_kind[0m[2m=[0m"附件内容读取" [3mattachment_id[0m[2m=[0m"att-2ae1eb710ca9" [3msession_id[0m[2m=[0m"s-eb3783c5424e"
[backend] [2m2026-04-19T08:40:59.1505838+08:00[0m [32m INFO[0m ThreadId(08) [2mkoko::shell::媒体资产外壳[0m[2m:[0m 读取附件内容成功 [3musecase[0m[2m=[0m"读取附件内容" [3madapter[0m[2m=[0m"http" [3moutcome[0m[2m=[0m"succeeded" [3mrequest_kind[0m[2m=[0m"附件内容读取" [3mattachment_id[0m[2m=[0m"att-97bd5f02f6c4" [3msession_id[0m[2m=[0m"s-eb3783c5424e"
[backend] [2m2026-04-19T08:40:59.1671769+08:00[0m [32m INFO[0m ThreadId(12) [2mkoko::shell::媒体资产外壳[0m[2m:[0m HTTP 请求已受理 [3musecase[0m[2m=[0m"读取附件内容" [3madapter[0m[2m=[0m"http" [3moutcome[0m[2m=[0m"accepted" [3mrequest_kind[0m[2m=[0m"附件内容读取" [3mattachment_id[0m[2m=[0m"att-f46587b492aa" [3msession_id[0m[2m=[0m"s-eb3783c5424e"
[backend] [2m2026-04-19T08:40:59.1859798+08:00[0m [32m INFO[0m ThreadId(12) [2mkoko::shell::媒体资产外壳[0m[2m:[0m 读取附件内容成功 [3musecase[0m[2m=[0m"读取附件内容" [3madapter[0m[2m=[0m"http" [3moutcome[0m[2m=[0m"succeeded" [3mrequest_kind[0m[2m=[0m"附件内容读取" [3mattachment_id[0m[2m=[0m"att-f46587b492aa" [3msession_id[0m[2m=[0m"s-eb3783c5424e"
[backend] [2m2026-04-19T08:40:59.4750066+08:00[0m [32m INFO[0m ThreadId(05) [2mkoko::shell::媒体资产外壳[0m[2m:[0m 读取附件内容成功 [3musecase[0m[2m=[0m"读取附件内容" [3madapter[0m[2m=[0m"http" [3moutcome[0m[2m=[0m"succeeded" [3mrequest_kind[0m[2m=[0m"附件内容读取" [3mattachment_id[0m[2m=[0m"att-fac5794f284f" [3msession_id[0m[2m=[0m"s-eb3783c5424e"
[backend] [2m2026-04-19T08:41:13.961346+08:00[0m [32m INFO[0m ThreadId(05) [2mkoko::shell::媒体资产外壳[0m[2m:[0m HTTP 请求已受理 [3musecase[0m[2m=[0m"读取附件内容" [3madapter[0m[2m=[0m"http" [3moutcome[0m[2m=[0m"accepted" [3mrequest_kind[0m[2m=[0m"附件内容读取" [3mattachment_id[0m[2m=[0m"att-f46587b492aa" [3msession_id[0m[2m=[0m"s-eb3783c5424e"
[backend] [2m2026-04-19T08:41:13.9844569+08:00[0m [32m INFO[0m ThreadId(11) [2mkoko::shell::媒体资产外壳[0m[2m:[0m 读取附件内容成功 [3musecase[0m[2m=[0m"读取附件内容" [3madapter[0m[2m=[0m"http" [3moutcome[0m[2m=[0m"succeeded" [3mrequest_kind[0m[2m=[0m"附件内容读取" [3mattachment_id[0m[2m=[0m"att-f46587b492aa" [3msession_id[0m[2m=[0m"s-eb3783c5424e"
[backend] [2m2026-04-19T08:45:50.8987119+08:00[0m [32m INFO[0m ThreadId(07) [2mkoko::shell::实时外壳[0m[2m:[0m realtime 连接认证已受理 [3musecase[0m[2m=[0m"实时连接认证" [3madapter[0m[2m=[0m"socketioxide" [3moutcome[0m[2m=[0m"accepted" [3msession_id[0m[2m=[0m"s-97d378630852"
[backend] [2m2026-04-19T08:45:50.9110008+08:00[0m [32m INFO[0m ThreadId(07) [2mkoko::shell::实时外壳[0m[2m:[0m realtime 连接认证成功 [3musecase[0m[2m=[0m"实时连接认证" [3madapter[0m[2m=[0m"socketioxide" [3moutcome[0m[2m=[0m"succeeded" [3msession_id[0m[2m=[0m"s-97d378630852"
[backend] [2m2026-04-19T08:45:50.9217014+08:00[0m [32m INFO[0m ThreadId(06) [2mkoko::shell::实时外壳[0m[2m:[0m realtime 订阅请求已受理 [3musecase[0m[2m=[0m"订阅房间事件流" [3madapter[0m[2m=[0m"socketioxide" [3moutcome[0m[2m=[0m"accepted" [3mroom_id[0m[2m=[0m"r-3cdfd560046a" [3msession_id[0m[2m=[0m"s-97d378630852" [3mfrom[0m[2m=[0m28
[backend] [2m2026-04-19T08:45:50.921667+08:00[0m [32m INFO[0m ThreadId(10) [2mkoko::shell::实时外壳[0m[2m:[0m realtime 订阅请求已受理 [3musecase[0m[2m=[0m"订阅房间事件流" [3madapter[0m[2m=[0m"socketioxide" [3moutcome[0m[2m=[0m"accepted" [3mroom_id[0m[2m=[0m"r-3cdfd560046a" [3msession_id[0m[2m=[0m"s-97d378630852" [3mfrom[0m[2m=[0m28
[backend] [2m2026-04-19T08:45:50.9216674+08:00[0m [32m INFO[0m ThreadId(12) [2mkoko::shell::实时外壳[0m[2m:[0m realtime 订阅请求已受理 [3musecase[0m[2m=[0m"订阅房间事件流" [3madapter[0m[2m=[0m"socketioxide" [3moutcome[0m[2m=[0m"accepted" [3mroom_id[0m[2m=[0m"r-3cdfd560046a" [3msession_id[0m[2m=[0m"s-97d378630852" [3mfrom[0m[2m=[0m28
[backend] [2m2026-04-19T08:45:50.9411175+08:00[0m [32m INFO[0m ThreadId(12) [2mkoko::shell::实时外壳[0m[2m:[0m 订阅房间事件流成功 [3musecase[0m[2m=[0m"订阅房间事件流" [3madapter[0m[2m=[0m"socketioxide" [3moutcome[0m[2m=[0m"succeeded" [3mroom_id[0m[2m=[0m"r-3cdfd560046a" [3msession_id[0m[2m=[0m"s-97d378630852" [3mfrom[0m[2m=[0m28 [3mevent_position[0m[2m=[0m28
[backend] [2m2026-04-19T08:45:50.9413699+08:00[0m [32m INFO[0m ThreadId(06) [2mkoko::shell::实时外壳[0m[2m:[0m 订阅房间事件流成功 [3musecase[0m[2m=[0m"订阅房间事件流" [3madapter[0m[2m=[0m"socketioxide" [3moutcome[0m[2m=[0m"succeeded" [3mroom_id[0m[2m=[0m"r-3cdfd560046a" [3msession_id[0m[2m=[0m"s-97d378630852" [3mfrom[0m[2m=[0m28 [3mevent_position[0m[2m=[0m28
[backend] [2m2026-04-19T08:45:50.9449603+08:00[0m [32m INFO[0m ThreadId(07) [2mkoko::shell::实时外壳[0m[2m:[0m 订阅房间事件流成功 [3musecase[0m[2m=[0m"订阅房间事件流" [3madapter[0m[2m=[0m"socketioxide" [3moutcome[0m[2m=[0m"succeeded" [3mroom_id[0m[2m=[0m"r-3cdfd560046a" [3msession_id[0m[2m=[0m"s-97d378630852" [3mfrom[0m[2m=[0m28 [3mevent_position[0m[2m=[0m28
[backend] [2m2026-04-19T08:45:53.646381+08:00[0m [32m INFO[0m ThreadId(12) [2mkoko::shell::实时外壳[0m[2m:[0m realtime 连接已正常断开 [3musecase[0m[2m=[0m"实时连接断开" [3madapter[0m[2m=[0m"socketioxide" [3moutcome[0m[2m=[0m"dropped" [3msession_id[0m[2m=[0m"s-97d378630852" [3mdisconnect_reason[0m[2m=[0mclient has manually disconnected the socket from the namespace
[backend] [2m2026-04-19T08:45:53.86299+08:00[0m [32m INFO[0m ThreadId(05) [2mkoko::shell::房间外壳[0m[2m:[0m HTTP 请求已受理 [3musecase[0m[2m=[0m"引导匿名身份" [3madapter[0m[2m=[0m"http" [3moutcome[0m[2m=[0m"accepted" [3mrequest_kind[0m[2m=[0m"匿名身份引导"
[backend] [2m2026-04-19T08:45:53.8671739+08:00[0m [32m INFO[0m ThreadId(12) [2mkoko::shell::房间外壳[0m[2m:[0m 引导匿名身份成功 [3musecase[0m[2m=[0m"引导匿名身份" [3madapter[0m[2m=[0m"http" [3moutcome[0m[2m=[0m"succeeded" [3mrequest_kind[0m[2m=[0m"匿名身份引导" [3msession_id[0m[2m=[0m"s-97d378630852"
[backend] [2m2026-04-19T08:45:53.9207415+08:00[0m [32m INFO[0m ThreadId(06) [2mkoko::shell::房间外壳[0m[2m:[0m HTTP 请求已受理 [3musecase[0m[2m=[0m"加载房间快照" [3madapter[0m[2m=[0m"http" [3moutcome[0m[2m=[0m"accepted" [3mrequest_kind[0m[2m=[0m"房间快照查询" [3mroom_id[0m[2m=[0m"r-3cdfd560046a" [3msession_id[0m[2m=[0m"s-97d378630852"
[backend] [2m2026-04-19T08:45:53.9389882+08:00[0m [32m INFO[0m ThreadId(10) [2mkoko::shell::实时外壳[0m[2m:[0m realtime 连接认证已受理 [3musecase[0m[2m=[0m"实时连接认证" [3madapter[0m[2m=[0m"socketioxide" [3moutcome[0m[2m=[0m"accepted" [3msession_id[0m[2m=[0m"s-97d378630852"
[backend] [2m2026-04-19T08:45:53.9401125+08:00[0m [32m INFO[0m ThreadId(12) [2mkoko::shell::实时外壳[0m[2m:[0m realtime 连接认证成功 [3musecase[0m[2m=[0m"实时连接认证" [3madapter[0m[2m=[0m"socketioxide" [3moutcome[0m[2m=[0m"succeeded" [3msession_id[0m[2m=[0m"s-97d378630852"
[backend] [2m2026-04-19T08:45:53.9470937+08:00[0m [32m INFO[0m ThreadId(12) [2mkoko::shell::实时外壳[0m[2m:[0m realtime 订阅请求已受理 [3musecase[0m[2m=[0m"订阅房间事件流" [3madapter[0m[2m=[0m"socketioxide" [3moutcome[0m[2m=[0m"accepted" [3mroom_id[0m[2m=[0m"r-3cdfd560046a" [3msession_id[0m[2m=[0m"s-97d378630852" [3mfrom[0m[2m=[0m0
[backend] [2m2026-04-19T08:45:53.9640165+08:00[0m [32m INFO[0m ThreadId(12) [2mkoko::shell::房间外壳[0m[2m:[0m 加载房间快照成功 [3musecase[0m[2m=[0m"加载房间快照" [3madapter[0m[2m=[0m"http" [3moutcome[0m[2m=[0m"succeeded" [3mrequest_kind[0m[2m=[0m"房间快照查询" [3mroom_id[0m[2m=[0m"r-3cdfd560046a" [3msession_id[0m[2m=[0m"s-97d378630852" [3mevent_position[0m[2m=[0m28
[backend] [2m2026-04-19T08:45:53.9670689+08:00[0m [32m INFO[0m ThreadId(05) [2mkoko::shell::实时外壳[0m[2m:[0m 订阅房间事件流成功 [3musecase[0m[2m=[0m"订阅房间事件流" [3madapter[0m[2m=[0m"socketioxide" [3moutcome[0m[2m=[0m"succeeded" [3mroom_id[0m[2m=[0m"r-3cdfd560046a" [3msession_id[0m[2m=[0m"s-97d378630852" [3mfrom[0m[2m=[0m0 [3mevent_position[0m[2m=[0m28
[backend] [2m2026-04-19T08:45:54.0480722+08:00[0m [32m INFO[0m ThreadId(07) [2mkoko::shell::实时外壳[0m[2m:[0m realtime 订阅请求已受理 [3musecase[0m[2m=[0m"订阅房间事件流" [3madapter[0m[2m=[0m"socketioxide" [3moutcome[0m[2m=[0m"accepted" [3mroom_id[0m[2m=[0m"r-3cdfd560046a" [3msession_id[0m[2m=[0m"s-97d378630852" [3mfrom[0m[2m=[0m28
[backend] [2m2026-04-19T08:45:54.0776035+08:00[0m [32m INFO[0m ThreadId(07) [2mkoko::shell::媒体资产外壳[0m[2m:[0m HTTP 请求已受理 [3musecase[0m[2m=[0m"读取附件内容" [3madapter[0m[2m=[0m"http" [3moutcome[0m[2m=[0m"accepted" [3mrequest_kind[0m[2m=[0m"附件内容读取" [3mattachment_id[0m[2m=[0m"att-8d44cbfede62" [3msession_id[0m[2m=[0m"s-97d378630852"
[backend] [2m2026-04-19T08:45:54.0776271+08:00[0m [32m INFO[0m ThreadId(10) [2mkoko::shell::媒体资产外壳[0m[2m:[0m HTTP 请求已受理 [3musecase[0m[2m=[0m"读取附件内容" [3madapter[0m[2m=[0m"http" [3moutcome[0m[2m=[0m"accepted" [3mrequest_kind[0m[2m=[0m"附件内容读取" [3mattachment_id[0m[2m=[0m"att-961d957a1877" [3msession_id[0m[2m=[0m"s-97d378630852"
[backend] [2m2026-04-19T08:45:54.0798366+08:00[0m [32m INFO[0m ThreadId(10) [2mkoko::shell::媒体资产外壳[0m[2m:[0m HTTP 请求已受理 [3musecase[0m[2m=[0m"读取附件内容" [3madapter[0m[2m=[0m"http" [3moutcome[0m[2m=[0m"accepted" [3mrequest_kind[0m[2m=[0m"附件内容读取" [3mattachment_id[0m[2m=[0m"att-cd5a0edf2c3f" [3msession_id[0m[2m=[0m"s-97d378630852"
[backend] [2m2026-04-19T08:45:54.0800996+08:00[0m [32m INFO[0m ThreadId(12) [2mkoko::shell::媒体资产外壳[0m[2m:[0m HTTP 请求已受理 [3musecase[0m[2m=[0m"读取附件内容" [3madapter[0m[2m=[0m"http" [3moutcome[0m[2m=[0m"accepted" [3mrequest_kind[0m[2m=[0m"附件内容读取" [3mattachment_id[0m[2m=[0m"att-681e5b27b0c2" [3msession_id[0m[2m=[0m"s-97d378630852"
[backend] [2m2026-04-19T08:45:54.0802663+08:00[0m [32m INFO[0m ThreadId(07) [2mkoko::shell::媒体资产外壳[0m[2m:[0m HTTP 请求已受理 [3musecase[0m[2m=[0m"读取附件内容" [3madapter[0m[2m=[0m"http" [3moutcome[0m[2m=[0m"accepted" [3mrequest_kind[0m[2m=[0m"附件内容读取" [3mattachment_id[0m[2m=[0m"att-2d964b96c071" [3msession_id[0m[2m=[0m"s-97d378630852"
[backend] [2m2026-04-19T08:45:54.0804005+08:00[0m [32m INFO[0m ThreadId(06) [2mkoko::shell::媒体资产外壳[0m[2m:[0m HTTP 请求已受理 [3musecase[0m[2m=[0m"读取附件内容" [3madapter[0m[2m=[0m"http" [3moutcome[0m[2m=[0m"accepted" [3mrequest_kind[0m[2m=[0m"附件内容读取" [3mattachment_id[0m[2m=[0m"att-97bd5f02f6c4" [3msession_id[0m[2m=[0m"s-97d378630852"
[backend] [2m2026-04-19T08:45:54.0882427+08:00[0m [32m INFO[0m ThreadId(05) [2mkoko::shell::实时外壳[0m[2m:[0m 订阅房间事件流成功 [3musecase[0m[2m=[0m"订阅房间事件流" [3madapter[0m[2m=[0m"socketioxide" [3moutcome[0m[2m=[0m"succeeded" [3mroom_id[0m[2m=[0m"r-3cdfd560046a" [3msession_id[0m[2m=[0m"s-97d378630852" [3mfrom[0m[2m=[0m28 [3mevent_position[0m[2m=[0m28
[backend] [2m2026-04-19T08:45:54.1221415+08:00[0m [32m INFO[0m ThreadId(12) [2mkoko::shell::媒体资产外壳[0m[2m:[0m 读取附件内容成功 [3musecase[0m[2m=[0m"读取附件内容" [3madapter[0m[2m=[0m"http" [3moutcome[0m[2m=[0m"succeeded" [3mrequest_kind[0m[2m=[0m"附件内容读取" [3mattachment_id[0m[2m=[0m"att-681e5b27b0c2" [3msession_id[0m[2m=[0m"s-97d378630852"
[backend] [2m2026-04-19T08:45:54.1240228+08:00[0m [32m INFO[0m ThreadId(12) [2mkoko::shell::媒体资产外壳[0m[2m:[0m 读取附件内容成功 [3musecase[0m[2m=[0m"读取附件内容" [3madapter[0m[2m=[0m"http" [3moutcome[0m[2m=[0m"succeeded" [3mrequest_kind[0m[2m=[0m"附件内容读取" [3mattachment_id[0m[2m=[0m"att-961d957a1877" [3msession_id[0m[2m=[0m"s-97d378630852"
[backend] [2m2026-04-19T08:45:54.1253385+08:00[0m [32m INFO[0m ThreadId(11) [2mkoko::shell::媒体资产外壳[0m[2m:[0m 读取附件内容成功 [3musecase[0m[2m=[0m"读取附件内容" [3madapter[0m[2m=[0m"http" [3moutcome[0m[2m=[0m"succeeded" [3mrequest_kind[0m[2m=[0m"附件内容读取" [3mattachment_id[0m[2m=[0m"att-2d964b96c071" [3msession_id[0m[2m=[0m"s-97d378630852"
[backend] [2m2026-04-19T08:45:54.2415663+08:00[0m [32m INFO[0m ThreadId(12) [2mkoko::shell::媒体资产外壳[0m[2m:[0m HTTP 请求已受理 [3musecase[0m[2m=[0m"读取附件内容" [3madapter[0m[2m=[0m"http" [3moutcome[0m[2m=[0m"accepted" [3mrequest_kind[0m[2m=[0m"附件内容读取" [3mattachment_id[0m[2m=[0m"att-f46587b492aa" [3msession_id[0m[2m=[0m"s-97d378630852"
[backend] [2m2026-04-19T08:45:54.2541067+08:00[0m [32m INFO[0m ThreadId(05) [2mkoko::shell::媒体资产外壳[0m[2m:[0m 读取附件内容成功 [3musecase[0m[2m=[0m"读取附件内容" [3madapter[0m[2m=[0m"http" [3moutcome[0m[2m=[0m"succeeded" [3mrequest_kind[0m[2m=[0m"附件内容读取" [3mattachment_id[0m[2m=[0m"att-f46587b492aa" [3msession_id[0m[2m=[0m"s-97d378630852"
[backend] [2m2026-04-19T08:45:54.4148894+08:00[0m [32m INFO[0m ThreadId(12) [2mkoko::shell::媒体资产外壳[0m[2m:[0m 读取附件内容成功 [3musecase[0m[2m=[0m"读取附件内容" [3madapter[0m[2m=[0m"http" [3moutcome[0m[2m=[0m"succeeded" [3mrequest_kind[0m[2m=[0m"附件内容读取" [3mattachment_id[0m[2m=[0m"att-97bd5f02f6c4" [3msession_id[0m[2m=[0m"s-97d378630852"
[backend] [2m2026-04-19T08:45:54.4237268+08:00[0m [32m INFO[0m ThreadId(07) [2mkoko::shell::媒体资产外壳[0m[2m:[0m 读取附件内容成功 [3musecase[0m[2m=[0m"读取附件内容" [3madapter[0m[2m=[0m"http" [3moutcome[0m[2m=[0m"succeeded" [3mrequest_kind[0m[2m=[0m"附件内容读取" [3mattachment_id[0m[2m=[0m"att-cd5a0edf2c3f" [3msession_id[0m[2m=[0m"s-97d378630852"
[backend] [2m2026-04-19T08:45:54.4263432+08:00[0m [32m INFO[0m ThreadId(07) [2mkoko::shell::媒体资产外壳[0m[2m:[0m 读取附件内容成功 [3musecase[0m[2m=[0m"读取附件内容" [3madapter[0m[2m=[0m"http" [3moutcome[0m[2m=[0m"succeeded" [3mrequest_kind[0m[2m=[0m"附件内容读取" [3mattachment_id[0m[2m=[0m"att-8d44cbfede62" [3msession_id[0m[2m=[0m"s-97d378630852"
[backend] [2m2026-04-19T08:45:56.6806698+08:00[0m [32m INFO[0m ThreadId(07) [2mkoko::shell::媒体资产外壳[0m[2m:[0m HTTP 请求已受理 [3musecase[0m[2m=[0m"读取附件内容" [3madapter[0m[2m=[0m"http" [3moutcome[0m[2m=[0m"accepted" [3mrequest_kind[0m[2m=[0m"附件内容读取" [3mattachment_id[0m[2m=[0m"att-2ae1eb710ca9" [3msession_id[0m[2m=[0m"s-97d378630852"
[backend] [2m2026-04-19T08:45:56.6921229+08:00[0m [32m INFO[0m ThreadId(07) [2mkoko::shell::媒体资产外壳[0m[2m:[0m 读取附件内容成功 [3musecase[0m[2m=[0m"读取附件内容" [3madapter[0m[2m=[0m"http" [3moutcome[0m[2m=[0m"succeeded" [3mrequest_kind[0m[2m=[0m"附件内容读取" [3mattachment_id[0m[2m=[0m"att-2ae1eb710ca9" [3msession_id[0m[2m=[0m"s-97d378630852"
[backend] [2m2026-04-19T08:46:00.2830485+08:00[0m [32m INFO[0m ThreadId(05) [2mkoko::shell::媒体资产外壳[0m[2m:[0m HTTP 请求已受理 [3musecase[0m[2m=[0m"读取附件内容" [3madapter[0m[2m=[0m"http" [3moutcome[0m[2m=[0m"accepted" [3mrequest_kind[0m[2m=[0m"附件内容读取" [3mattachment_id[0m[2m=[0m"att-9ffa539f6803" [3msession_id[0m[2m=[0m"s-97d378630852"
[backend] [2m2026-04-19T08:46:00.2952919+08:00[0m [32m INFO[0m ThreadId(05) [2mkoko::shell::媒体资产外壳[0m[2m:[0m 读取附件内容成功 [3musecase[0m[2m=[0m"读取附件内容" [3madapter[0m[2m=[0m"http" [3moutcome[0m[2m=[0m"succeeded" [3mrequest_kind[0m[2m=[0m"附件内容读取" [3mattachment_id[0m[2m=[0m"att-9ffa539f6803" [3msession_id[0m[2m=[0m"s-97d378630852"
[backend] [2m2026-04-19T08:46:03.0379608+08:00[0m [32m INFO[0m ThreadId(07) [2mkoko::shell::实时外壳[0m[2m:[0m realtime 连接已正常断开 [3musecase[0m[2m=[0m"实时连接断开" [3madapter[0m[2m=[0m"socketioxide" [3moutcome[0m[2m=[0m"dropped" [3msession_id[0m[2m=[0m"s-97d378630852" [3mdisconnect_reason[0m[2m=[0mclient has manually disconnected the socket from the namespace
[backend] [2m2026-04-19T08:46:03.0938864+08:00[0m [32m INFO[0m ThreadId(07) [2mkoko::shell::房间外壳[0m[2m:[0m HTTP 请求已受理 [3musecase[0m[2m=[0m"引导匿名身份" [3madapter[0m[2m=[0m"http" [3moutcome[0m[2m=[0m"accepted" [3mrequest_kind[0m[2m=[0m"匿名身份引导"
[backend] [2m2026-04-19T08:46:03.099048+08:00[0m [32m INFO[0m ThreadId(06) [2mkoko::shell::房间外壳[0m[2m:[0m 引导匿名身份成功 [3musecase[0m[2m=[0m"引导匿名身份" [3madapter[0m[2m=[0m"http" [3moutcome[0m[2m=[0m"succeeded" [3mrequest_kind[0m[2m=[0m"匿名身份引导" [3msession_id[0m[2m=[0m"s-97d378630852"
[backend] [2m2026-04-19T08:46:03.1167532+08:00[0m [32m INFO[0m ThreadId(07) [2mkoko::shell::房间外壳[0m[2m:[0m HTTP 请求已受理 [3musecase[0m[2m=[0m"加载房间快照" [3madapter[0m[2m=[0m"http" [3moutcome[0m[2m=[0m"accepted" [3mrequest_kind[0m[2m=[0m"房间快照查询" [3mroom_id[0m[2m=[0m"r-3cdfd560046a" [3msession_id[0m[2m=[0m"s-97d378630852"
[backend] [2m2026-04-19T08:46:03.125935+08:00[0m [32m INFO[0m ThreadId(06) [2mkoko::shell::实时外壳[0m[2m:[0m realtime 连接认证已受理 [3musecase[0m[2m=[0m"实时连接认证" [3madapter[0m[2m=[0m"socketioxide" [3moutcome[0m[2m=[0m"accepted" [3msession_id[0m[2m=[0m"s-97d378630852"
[backend] [2m2026-04-19T08:46:03.1271131+08:00[0m [32m INFO[0m ThreadId(05) [2mkoko::shell::实时外壳[0m[2m:[0m realtime 连接认证成功 [3musecase[0m[2m=[0m"实时连接认证" [3madapter[0m[2m=[0m"socketioxide" [3moutcome[0m[2m=[0m"succeeded" [3msession_id[0m[2m=[0m"s-97d378630852"
[backend] [2m2026-04-19T08:46:03.1323395+08:00[0m [32m INFO[0m ThreadId(05) [2mkoko::shell::实时外壳[0m[2m:[0m realtime 订阅请求已受理 [3musecase[0m[2m=[0m"订阅房间事件流" [3madapter[0m[2m=[0m"socketioxide" [3moutcome[0m[2m=[0m"accepted" [3mroom_id[0m[2m=[0m"r-3cdfd560046a" [3msession_id[0m[2m=[0m"s-97d378630852" [3mfrom[0m[2m=[0m0
[backend] [2m2026-04-19T08:46:03.1359134+08:00[0m [32m INFO[0m ThreadId(07) [2mkoko::shell::房间外壳[0m[2m:[0m 加载房间快照成功 [3musecase[0m[2m=[0m"加载房间快照" [3madapter[0m[2m=[0m"http" [3moutcome[0m[2m=[0m"succeeded" [3mrequest_kind[0m[2m=[0m"房间快照查询" [3mroom_id[0m[2m=[0m"r-3cdfd560046a" [3msession_id[0m[2m=[0m"s-97d378630852" [3mevent_position[0m[2m=[0m28
[backend] [2m2026-04-19T08:46:03.1463615+08:00[0m [32m INFO[0m ThreadId(11) [2mkoko::shell::实时外壳[0m[2m:[0m 订阅房间事件流成功 [3musecase[0m[2m=[0m"订阅房间事件流" [3madapter[0m[2m=[0m"socketioxide" [3moutcome[0m[2m=[0m"succeeded" [3mroom_id[0m[2m=[0m"r-3cdfd560046a" [3msession_id[0m[2m=[0m"s-97d378630852" [3mfrom[0m[2m=[0m0 [3mevent_position[0m[2m=[0m28
[backend] [2m2026-04-19T08:46:03.1514805+08:00[0m [32m INFO[0m ThreadId(07) [2mkoko::shell::实时外壳[0m[2m:[0m realtime 订阅请求已受理 [3musecase[0m[2m=[0m"订阅房间事件流" [3madapter[0m[2m=[0m"socketioxide" [3moutcome[0m[2m=[0m"accepted" [3mroom_id[0m[2m=[0m"r-3cdfd560046a" [3msession_id[0m[2m=[0m"s-97d378630852" [3mfrom[0m[2m=[0m28
[backend] [2m2026-04-19T08:46:03.1645751+08:00[0m [32m INFO[0m ThreadId(11) [2mkoko::shell::实时外壳[0m[2m:[0m 订阅房间事件流成功 [3musecase[0m[2m=[0m"订阅房间事件流" [3madapter[0m[2m=[0m"socketioxide" [3moutcome[0m[2m=[0m"succeeded" [3mroom_id[0m[2m=[0m"r-3cdfd560046a" [3msession_id[0m[2m=[0m"s-97d378630852" [3mfrom[0m[2m=[0m28 [3mevent_position[0m[2m=[0m28
[backend] [2m2026-04-19T08:46:03.2194034+08:00[0m [32m INFO[0m ThreadId(05) [2mkoko::shell::媒体资产外壳[0m[2m:[0m HTTP 请求已受理 [3musecase[0m[2m=[0m"读取附件内容" [3madapter[0m[2m=[0m"http" [3moutcome[0m[2m=[0m"accepted" [3mrequest_kind[0m[2m=[0m"附件内容读取" [3mattachment_id[0m[2m=[0m"att-8d44cbfede62" [3msession_id[0m[2m=[0m"s-97d378630852"
[backend] [2m2026-04-19T08:46:03.2194036+08:00[0m [32m INFO[0m ThreadId(07) [2mkoko::shell::媒体资产外壳[0m[2m:[0m HTTP 请求已受理 [3musecase[0m[2m=[0m"读取附件内容" [3madapter[0m[2m=[0m"http" [3moutcome[0m[2m=[0m"accepted" [3mrequest_kind[0m[2m=[0m"附件内容读取" [3mattachment_id[0m[2m=[0m"att-681e5b27b0c2" [3msession_id[0m[2m=[0m"s-97d378630852"
[backend] [2m2026-04-19T08:46:03.2194035+08:00[0m [32m INFO[0m ThreadId(11) [2mkoko::shell::媒体资产外壳[0m[2m:[0m HTTP 请求已受理 [3musecase[0m[2m=[0m"读取附件内容" [3madapter[0m[2m=[0m"http" [3moutcome[0m[2m=[0m"accepted" [3mrequest_kind[0m[2m=[0m"附件内容读取" [3mattachment_id[0m[2m=[0m"att-2d964b96c071" [3msession_id[0m[2m=[0m"s-97d378630852"
[backend] [2m2026-04-19T08:46:03.2198438+08:00[0m [32m INFO[0m ThreadId(06) [2mkoko::shell::媒体资产外壳[0m[2m:[0m HTTP 请求已受理 [3musecase[0m[2m=[0m"读取附件内容" [3madapter[0m[2m=[0m"http" [3moutcome[0m[2m=[0m"accepted" [3mrequest_kind[0m[2m=[0m"附件内容读取" [3mattachment_id[0m[2m=[0m"att-961d957a1877" [3msession_id[0m[2m=[0m"s-97d378630852"
[backend] [2m2026-04-19T08:46:03.2203019+08:00[0m [32m INFO[0m ThreadId(07) [2mkoko::shell::媒体资产外壳[0m[2m:[0m HTTP 请求已受理 [3musecase[0m[2m=[0m"读取附件内容" [3madapter[0m[2m=[0m"http" [3moutcome[0m[2m=[0m"accepted" [3mrequest_kind[0m[2m=[0m"附件内容读取" [3mattachment_id[0m[2m=[0m"att-ac7a1188a600" [3msession_id[0m[2m=[0m"s-97d378630852"
[backend] [2m2026-04-19T08:46:03.2263013+08:00[0m [32m INFO[0m ThreadId(07) [2mkoko::shell::媒体资产外壳[0m[2m:[0m 读取附件内容成功 [3musecase[0m[2m=[0m"读取附件内容" [3madapter[0m[2m=[0m"http" [3moutcome[0m[2m=[0m"succeeded" [3mrequest_kind[0m[2m=[0m"附件内容读取" [3mattachment_id[0m[2m=[0m"att-8d44cbfede62" [3msession_id[0m[2m=[0m"s-97d378630852"
[backend] [2m2026-04-19T08:46:03.227172+08:00[0m [32m INFO[0m ThreadId(07) [2mkoko::shell::媒体资产外壳[0m[2m:[0m 读取附件内容成功 [3musecase[0m[2m=[0m"读取附件内容" [3madapter[0m[2m=[0m"http" [3moutcome[0m[2m=[0m"succeeded" [3mrequest_kind[0m[2m=[0m"附件内容读取" [3mattachment_id[0m[2m=[0m"att-2d964b96c071" [3msession_id[0m[2m=[0m"s-97d378630852"
[backend] [2m2026-04-19T08:46:03.2277846+08:00[0m [32m INFO[0m ThreadId(06) [2mkoko::shell::媒体资产外壳[0m[2m:[0m 读取附件内容成功 [3musecase[0m[2m=[0m"读取附件内容" [3madapter[0m[2m=[0m"http" [3moutcome[0m[2m=[0m"succeeded" [3mrequest_kind[0m[2m=[0m"附件内容读取" [3mattachment_id[0m[2m=[0m"att-681e5b27b0c2" [3msession_id[0m[2m=[0m"s-97d378630852"
[backend] [2m2026-04-19T08:46:03.228067+08:00[0m [32m INFO[0m ThreadId(11) [2mkoko::shell::媒体资产外壳[0m[2m:[0m 读取附件内容成功 [3musecase[0m[2m=[0m"读取附件内容" [3madapter[0m[2m=[0m"http" [3moutcome[0m[2m=[0m"succeeded" [3mrequest_kind[0m[2m=[0m"附件内容读取" [3mattachment_id[0m[2m=[0m"att-961d957a1877" [3msession_id[0m[2m=[0m"s-97d378630852"
[backend] [2m2026-04-19T08:46:03.2335894+08:00[0m [32m INFO[0m ThreadId(11) [2mkoko::shell::媒体资产外壳[0m[2m:[0m 读取附件内容成功 [3musecase[0m[2m=[0m"读取附件内容" [3madapter[0m[2m=[0m"http" [3moutcome[0m[2m=[0m"succeeded" [3mrequest_kind[0m[2m=[0m"附件内容读取" [3mattachment_id[0m[2m=[0m"att-ac7a1188a600" [3msession_id[0m[2m=[0m"s-97d378630852"
[backend] [2m2026-04-19T08:46:03.2848807+08:00[0m [32m INFO[0m ThreadId(07) [2mkoko::shell::媒体资产外壳[0m[2m:[0m HTTP 请求已受理 [3musecase[0m[2m=[0m"读取附件内容" [3madapter[0m[2m=[0m"http" [3moutcome[0m[2m=[0m"accepted" [3mrequest_kind[0m[2m=[0m"附件内容读取" [3mattachment_id[0m[2m=[0m"att-cd5a0edf2c3f" [3msession_id[0m[2m=[0m"s-97d378630852"
[backend] [2m2026-04-19T08:46:03.2974975+08:00[0m [32m INFO[0m ThreadId(06) [2mkoko::shell::媒体资产外壳[0m[2m:[0m 读取附件内容成功 [3musecase[0m[2m=[0m"读取附件内容" [3madapter[0m[2m=[0m"http" [3moutcome[0m[2m=[0m"succeeded" [3mrequest_kind[0m[2m=[0m"附件内容读取" [3mattachment_id[0m[2m=[0m"att-cd5a0edf2c3f" [3msession_id[0m[2m=[0m"s-97d378630852"
[backend] [2m2026-04-19T08:46:03.3228121+08:00[0m [32m INFO[0m ThreadId(05) [2mkoko::shell::媒体资产外壳[0m[2m:[0m HTTP 请求已受理 [3musecase[0m[2m=[0m"读取附件内容" [3madapter[0m[2m=[0m"http" [3moutcome[0m[2m=[0m"accepted" [3mrequest_kind[0m[2m=[0m"附件内容读取" [3mattachment_id[0m[2m=[0m"att-97bd5f02f6c4" [3msession_id[0m[2m=[0m"s-97d378630852"
[backend] [2m2026-04-19T08:46:03.3234081+08:00[0m [32m INFO[0m ThreadId(05) [2mkoko::shell::媒体资产外壳[0m[2m:[0m HTTP 请求已受理 [3musecase[0m[2m=[0m"读取附件内容" [3madapter[0m[2m=[0m"http" [3moutcome[0m[2m=[0m"accepted" [3mrequest_kind[0m[2m=[0m"附件内容读取" [3mattachment_id[0m[2m=[0m"att-f46587b492aa" [3msession_id[0m[2m=[0m"s-97d378630852"
[backend] [2m2026-04-19T08:46:03.331932+08:00[0m [32m INFO[0m ThreadId(05) [2mkoko::shell::媒体资产外壳[0m[2m:[0m 读取附件内容成功 [3musecase[0m[2m=[0m"读取附件内容" [3madapter[0m[2m=[0m"http" [3moutcome[0m[2m=[0m"succeeded" [3mrequest_kind[0m[2m=[0m"附件内容读取" [3mattachment_id[0m[2m=[0m"att-f46587b492aa" [3msession_id[0m[2m=[0m"s-97d378630852"
[backend] [2m2026-04-19T08:46:03.3421246+08:00[0m [32m INFO[0m ThreadId(06) [2mkoko::shell::媒体资产外壳[0m[2m:[0m 读取附件内容成功 [3musecase[0m[2m=[0m"读取附件内容" [3madapter[0m[2m=[0m"http" [3moutcome[0m[2m=[0m"succeeded" [3mrequest_kind[0m[2m=[0m"附件内容读取" [3mattachment_id[0m[2m=[0m"att-97bd5f02f6c4" [3msession_id[0m[2m=[0m"s-97d378630852"
[backend] [2m2026-04-19T08:47:38.1321372+08:00[0m [33m WARN[0m ThreadId(07) [2mkoko::shell::实时外壳[0m[2m:[0m realtime 连接异常断开 [3musecase[0m[2m=[0m"实时连接断开" [3madapter[0m[2m=[0m"socketioxide" [3moutcome[0m[2m=[0m"failed" [3msession_id[0m[2m=[0m"s-97d378630852" [3mdisconnect_reason[0m[2m=[0mclient did not send a PONG packet in time [3merror_code[0m[2m=[0m"socket_disconnect_abnormal"
[backend] [2m2026-04-19T08:48:52.6981062+08:00[0m [32m INFO[0m ThreadId(12) [2mkoko::shell::房间外壳[0m[2m:[0m HTTP 请求已受理 [3musecase[0m[2m=[0m"引导匿名身份" [3madapter[0m[2m=[0m"http" [3moutcome[0m[2m=[0m"accepted" [3mrequest_kind[0m[2m=[0m"匿名身份引导"
[backend] [2m2026-04-19T08:48:52.7290515+08:00[0m [32m INFO[0m ThreadId(12) [2mkoko::shell::房间外壳[0m[2m:[0m 引导匿名身份成功 [3musecase[0m[2m=[0m"引导匿名身份" [3madapter[0m[2m=[0m"http" [3moutcome[0m[2m=[0m"succeeded" [3mrequest_kind[0m[2m=[0m"匿名身份引导" [3msession_id[0m[2m=[0m"s-e9ec9ceb3b19"
[backend] [2m2026-04-19T08:48:52.8312917+08:00[0m [32m INFO[0m ThreadId(05) [2mkoko::shell::房间外壳[0m[2m:[0m HTTP 请求已受理 [3musecase[0m[2m=[0m"加载房间快照" [3madapter[0m[2m=[0m"http" [3moutcome[0m[2m=[0m"accepted" [3mrequest_kind[0m[2m=[0m"房间快照查询" [3mroom_id[0m[2m=[0m"r-c9b59d843aa1" [3msession_id[0m[2m=[0m"s-e9ec9ceb3b19"
[backend] [2m2026-04-19T08:48:52.834964+08:00[0m [32m INFO[0m ThreadId(06) [2mkoko::shell::房间外壳[0m[2m:[0m 加载房间快照被拒绝 [3musecase[0m[2m=[0m"加载房间快照" [3madapter[0m[2m=[0m"http" [3moutcome[0m[2m=[0m"rejected" [3mrequest_kind[0m[2m=[0m"房间快照查询" [3mroom_id[0m[2m=[0m"r-c9b59d843aa1" [3msession_id[0m[2m=[0m"s-e9ec9ceb3b19" [3merror_code[0m[2m=[0m"room_not_found"
[backend] [2m2026-04-19T08:48:52.8850464+08:00[0m [32m INFO[0m ThreadId(05) [2mkoko::shell::实时外壳[0m[2m:[0m realtime 连接认证已受理 [3musecase[0m[2m=[0m"实时连接认证" [3madapter[0m[2m=[0m"socketioxide" [3moutcome[0m[2m=[0m"accepted" [3msession_id[0m[2m=[0m"s-e9ec9ceb3b19"
[backend] [2m2026-04-19T08:48:52.8862045+08:00[0m [32m INFO[0m ThreadId(06) [2mkoko::shell::实时外壳[0m[2m:[0m realtime 连接认证成功 [3musecase[0m[2m=[0m"实时连接认证" [3madapter[0m[2m=[0m"socketioxide" [3moutcome[0m[2m=[0m"succeeded" [3msession_id[0m[2m=[0m"s-e9ec9ceb3b19"
[backend] [2m2026-04-19T08:48:52.8950344+08:00[0m [32m INFO[0m ThreadId(11) [2mkoko::shell::媒体资产外壳[0m[2m:[0m HTTP 请求已受理 [3musecase[0m[2m=[0m"读取附件内容" [3madapter[0m[2m=[0m"http" [3moutcome[0m[2m=[0m"accepted" [3mrequest_kind[0m[2m=[0m"附件内容读取" [3mattachment_id[0m[2m=[0m"att-3865a6aa3c8a" [3msession_id[0m[2m=[0m"s-acb53b096302"
[backend] [2m2026-04-19T08:48:52.8965411+08:00[0m [32m INFO[0m ThreadId(11) [2mkoko::shell::媒体资产外壳[0m[2m:[0m HTTP 请求已受理 [3musecase[0m[2m=[0m"读取附件内容" [3madapter[0m[2m=[0m"http" [3moutcome[0m[2m=[0m"accepted" [3mrequest_kind[0m[2m=[0m"附件内容读取" [3mattachment_id[0m[2m=[0m"att-63a5ce48bbec" [3msession_id[0m[2m=[0m"s-acb53b096302"
[backend] [2m2026-04-19T08:48:52.897896+08:00[0m [33m WARN[0m ThreadId(07) [2mkoko::shell::媒体资产外壳[0m[2m:[0m 读取附件内容被拒绝 [3musecase[0m[2m=[0m"读取附件内容" [3madapter[0m[2m=[0m"http" [3moutcome[0m[2m=[0m"rejected" [3mrequest_kind[0m[2m=[0m"附件内容读取" [3mattachment_id[0m[2m=[0m"att-63a5ce48bbec" [3msession_id[0m[2m=[0m"s-acb53b096302" [3merror_code[0m[2m=[0m"invalid_session"
[backend] [2m2026-04-19T08:48:52.8978867+08:00[0m [33m WARN[0m ThreadId(06) [2mkoko::shell::媒体资产外壳[0m[2m:[0m 读取附件内容被拒绝 [3musecase[0m[2m=[0m"读取附件内容" [3madapter[0m[2m=[0m"http" [3moutcome[0m[2m=[0m"rejected" [3mrequest_kind[0m[2m=[0m"附件内容读取" [3mattachment_id[0m[2m=[0m"att-3865a6aa3c8a" [3msession_id[0m[2m=[0m"s-acb53b096302" [3merror_code[0m[2m=[0m"invalid_session"
[backend] [2m2026-04-19T08:48:52.900452+08:00[0m [32m INFO[0m ThreadId(07) [2mkoko::shell::实时外壳[0m[2m:[0m realtime 订阅请求已受理 [3musecase[0m[2m=[0m"订阅房间事件流" [3madapter[0m[2m=[0m"socketioxide" [3moutcome[0m[2m=[0m"accepted" [3mroom_id[0m[2m=[0m"r-c9b59d843aa1" [3msession_id[0m[2m=[0m"s-e9ec9ceb3b19" [3mfrom[0m[2m=[0m3
[backend] [2m2026-04-19T08:48:52.9033966+08:00[0m [32m INFO[0m ThreadId(06) [2mkoko::shell::实时外壳[0m[2m:[0m 订阅房间事件流被拒绝 [3musecase[0m[2m=[0m"订阅房间事件流" [3madapter[0m[2m=[0m"socketioxide" [3moutcome[0m[2m=[0m"rejected" [3mroom_id[0m[2m=[0m"r-c9b59d843aa1" [3msession_id[0m[2m=[0m"s-e9ec9ceb3b19" [3mfrom[0m[2m=[0m3 [3merror_code[0m[2m=[0m"room_not_found"
[backend] [2m2026-04-19T08:48:52.9198323+08:00[0m [32m INFO[0m ThreadId(07) [2mkoko::shell::媒体资产外壳[0m[2m:[0m HTTP 请求已受理 [3musecase[0m[2m=[0m"读取附件内容" [3madapter[0m[2m=[0m"http" [3moutcome[0m[2m=[0m"accepted" [3mrequest_kind[0m[2m=[0m"附件内容读取" [3mattachment_id[0m[2m=[0m"att-a0b226442b75" [3msession_id[0m[2m=[0m"s-acb53b096302"
[backend] [2m2026-04-19T08:48:52.921181+08:00[0m [33m WARN[0m ThreadId(05) [2mkoko::shell::媒体资产外壳[0m[2m:[0m 读取附件内容被拒绝 [3musecase[0m[2m=[0m"读取附件内容" [3madapter[0m[2m=[0m"http" [3moutcome[0m[2m=[0m"rejected" [3mrequest_kind[0m[2m=[0m"附件内容读取" [3mattachment_id[0m[2m=[0m"att-a0b226442b75" [3msession_id[0m[2m=[0m"s-acb53b096302" [3merror_code[0m[2m=[0m"invalid_session"
[backend] [2m2026-04-19T08:48:52.9234482+08:00[0m [32m INFO[0m ThreadId(07) [2mkoko::shell::实时外壳[0m[2m:[0m realtime 连接已正常断开 [3musecase[0m[2m=[0m"实时连接断开" [3madapter[0m[2m=[0m"socketioxide" [3moutcome[0m[2m=[0m"dropped" [3msession_id[0m[2m=[0m"s-e9ec9ceb3b19" [3mdisconnect_reason[0m[2m=[0mclient has manually disconnected the socket from the namespace
[backend] [2m2026-04-19T08:48:56.2167632+08:00[0m [32m INFO[0m ThreadId(11) [2mkoko::shell::房间外壳[0m[2m:[0m HTTP 请求已受理 [3musecase[0m[2m=[0m"引导匿名身份" [3madapter[0m[2m=[0m"http" [3moutcome[0m[2m=[0m"accepted" [3mrequest_kind[0m[2m=[0m"匿名身份引导"
[backend] [2m2026-04-19T08:48:56.2266236+08:00[0m [32m INFO[0m ThreadId(11) [2mkoko::shell::房间外壳[0m[2m:[0m 引导匿名身份成功 [3musecase[0m[2m=[0m"引导匿名身份" [3madapter[0m[2m=[0m"http" [3moutcome[0m[2m=[0m"succeeded" [3mrequest_kind[0m[2m=[0m"匿名身份引导" [3msession_id[0m[2m=[0m"s-e9ec9ceb3b19"
[backend] [2m2026-04-19T08:48:56.2897599+08:00[0m [32m INFO[0m ThreadId(11) [2mkoko::shell::实时外壳[0m[2m:[0m realtime 连接认证已受理 [3musecase[0m[2m=[0m"实时连接认证" [3madapter[0m[2m=[0m"socketioxide" [3moutcome[0m[2m=[0m"accepted" [3msession_id[0m[2m=[0m"s-e9ec9ceb3b19"
[backend] [2m2026-04-19T08:48:56.2911468+08:00[0m [32m INFO[0m ThreadId(05) [2mkoko::shell::实时外壳[0m[2m:[0m realtime 连接认证成功 [3musecase[0m[2m=[0m"实时连接认证" [3madapter[0m[2m=[0m"socketioxide" [3moutcome[0m[2m=[0m"succeeded" [3msession_id[0m[2m=[0m"s-e9ec9ceb3b19"
[backend] [2m2026-04-19T08:49:02.4285013+08:00[0m [32m INFO[0m ThreadId(05) [2mkoko::shell::房间外壳[0m[2m:[0m HTTP 请求已受理 [3musecase[0m[2m=[0m"按短码进房或建房" [3madapter[0m[2m=[0m"http" [3moutcome[0m[2m=[0m"accepted" [3mrequest_kind[0m[2m=[0m"短码进房或建房" [3msession_id[0m[2m=[0m"s-e9ec9ceb3b19"
[backend] [2m2026-04-19T08:49:02.4616369+08:00[0m [32m INFO[0m ThreadId(06) [2mkoko::shell::房间外壳[0m[2m:[0m 按短码进房或建房成功 [3musecase[0m[2m=[0m"按短码进房或建房" [3madapter[0m[2m=[0m"http" [3moutcome[0m[2m=[0m"succeeded" [3mrequest_kind[0m[2m=[0m"短码进房或建房" [3msession_id[0m[2m=[0m"s-e9ec9ceb3b19" [3mroom_id[0m[2m=[0m"r-3cdfd560046a" [3mevent_position[0m[2m=[0m28
[backend] [2m2026-04-19T08:49:02.4953569+08:00[0m [32m INFO[0m ThreadId(05) [2mkoko::shell::实时外壳[0m[2m:[0m realtime 订阅请求已受理 [3musecase[0m[2m=[0m"订阅房间事件流" [3madapter[0m[2m=[0m"socketioxide" [3moutcome[0m[2m=[0m"accepted" [3mroom_id[0m[2m=[0m"r-3cdfd560046a" [3msession_id[0m[2m=[0m"s-e9ec9ceb3b19" [3mfrom[0m[2m=[0m28
[backend] [2m2026-04-19T08:49:02.5032049+08:00[0m [32m INFO[0m ThreadId(11) [2mkoko::shell::实时外壳[0m[2m:[0m 订阅房间事件流成功 [3musecase[0m[2m=[0m"订阅房间事件流" [3madapter[0m[2m=[0m"socketioxide" [3moutcome[0m[2m=[0m"succeeded" [3mroom_id[0m[2m=[0m"r-3cdfd560046a" [3msession_id[0m[2m=[0m"s-e9ec9ceb3b19" [3mfrom[0m[2m=[0m28 [3mevent_position[0m[2m=[0m28
[backend] [2m2026-04-19T08:49:02.6029284+08:00[0m [32m INFO[0m ThreadId(12) [2mkoko::shell::媒体资产外壳[0m[2m:[0m HTTP 请求已受理 [3musecase[0m[2m=[0m"读取附件内容" [3madapter[0m[2m=[0m"http" [3moutcome[0m[2m=[0m"accepted" [3mrequest_kind[0m[2m=[0m"附件内容读取" [3mattachment_id[0m[2m=[0m"att-961d957a1877" [3msession_id[0m[2m=[0m"s-e9ec9ceb3b19"
[backend] [2m2026-04-19T08:49:02.6076273+08:00[0m [32m INFO[0m ThreadId(12) [2mkoko::shell::媒体资产外壳[0m[2m:[0m HTTP 请求已受理 [3musecase[0m[2m=[0m"读取附件内容" [3madapter[0m[2m=[0m"http" [3moutcome[0m[2m=[0m"accepted" [3mrequest_kind[0m[2m=[0m"附件内容读取" [3mattachment_id[0m[2m=[0m"att-8d44cbfede62" [3msession_id[0m[2m=[0m"s-e9ec9ceb3b19"
[backend] [2m2026-04-19T08:49:02.6271887+08:00[0m [32m INFO[0m ThreadId(05) [2mkoko::shell::媒体资产外壳[0m[2m:[0m HTTP 请求已受理 [3musecase[0m[2m=[0m"读取附件内容" [3madapter[0m[2m=[0m"http" [3moutcome[0m[2m=[0m"accepted" [3mrequest_kind[0m[2m=[0m"附件内容读取" [3mattachment_id[0m[2m=[0m"att-2d964b96c071" [3msession_id[0m[2m=[0m"s-e9ec9ceb3b19"
[backend] [2m2026-04-19T08:49:02.6285558+08:00[0m [32m INFO[0m ThreadId(05) [2mkoko::shell::媒体资产外壳[0m[2m:[0m HTTP 请求已受理 [3musecase[0m[2m=[0m"读取附件内容" [3madapter[0m[2m=[0m"http" [3moutcome[0m[2m=[0m"accepted" [3mrequest_kind[0m[2m=[0m"附件内容读取" [3mattachment_id[0m[2m=[0m"att-681e5b27b0c2" [3msession_id[0m[2m=[0m"s-e9ec9ceb3b19"
[backend] [2m2026-04-19T08:49:02.6289667+08:00[0m [32m INFO[0m ThreadId(06) [2mkoko::shell::媒体资产外壳[0m[2m:[0m 读取附件内容成功 [3musecase[0m[2m=[0m"读取附件内容" [3madapter[0m[2m=[0m"http" [3moutcome[0m[2m=[0m"succeeded" [3mrequest_kind[0m[2m=[0m"附件内容读取" [3mattachment_id[0m[2m=[0m"att-8d44cbfede62" [3msession_id[0m[2m=[0m"s-e9ec9ceb3b19"
[backend] [2m2026-04-19T08:49:02.6288958+08:00[0m [32m INFO[0m ThreadId(12) [2mkoko::shell::媒体资产外壳[0m[2m:[0m 读取附件内容成功 [3musecase[0m[2m=[0m"读取附件内容" [3madapter[0m[2m=[0m"http" [3moutcome[0m[2m=[0m"succeeded" [3mrequest_kind[0m[2m=[0m"附件内容读取" [3mattachment_id[0m[2m=[0m"att-961d957a1877" [3msession_id[0m[2m=[0m"s-e9ec9ceb3b19"
[backend] [2m2026-04-19T08:49:02.6325086+08:00[0m [32m INFO[0m ThreadId(11) [2mkoko::shell::媒体资产外壳[0m[2m:[0m HTTP 请求已受理 [3musecase[0m[2m=[0m"读取附件内容" [3madapter[0m[2m=[0m"http" [3moutcome[0m[2m=[0m"accepted" [3mrequest_kind[0m[2m=[0m"附件内容读取" [3mattachment_id[0m[2m=[0m"att-ac7a1188a600" [3msession_id[0m[2m=[0m"s-e9ec9ceb3b19"
[backend] [2m2026-04-19T08:49:02.6415752+08:00[0m [32m INFO[0m ThreadId(11) [2mkoko::shell::媒体资产外壳[0m[2m:[0m 读取附件内容成功 [3musecase[0m[2m=[0m"读取附件内容" [3madapter[0m[2m=[0m"http" [3moutcome[0m[2m=[0m"succeeded" [3mrequest_kind[0m[2m=[0m"附件内容读取" [3mattachment_id[0m[2m=[0m"att-681e5b27b0c2" [3msession_id[0m[2m=[0m"s-e9ec9ceb3b19"
[backend] [2m2026-04-19T08:49:02.6431734+08:00[0m [32m INFO[0m ThreadId(11) [2mkoko::shell::媒体资产外壳[0m[2m:[0m 读取附件内容成功 [3musecase[0m[2m=[0m"读取附件内容" [3madapter[0m[2m=[0m"http" [3moutcome[0m[2m=[0m"succeeded" [3mrequest_kind[0m[2m=[0m"附件内容读取" [3mattachment_id[0m[2m=[0m"att-2d964b96c071" [3msession_id[0m[2m=[0m"s-e9ec9ceb3b19"
[backend] [2m2026-04-19T08:49:02.6445561+08:00[0m [32m INFO[0m ThreadId(11) [2mkoko::shell::媒体资产外壳[0m[2m:[0m 读取附件内容成功 [3musecase[0m[2m=[0m"读取附件内容" [3madapter[0m[2m=[0m"http" [3moutcome[0m[2m=[0m"succeeded" [3mrequest_kind[0m[2m=[0m"附件内容读取" [3mattachment_id[0m[2m=[0m"att-ac7a1188a600" [3msession_id[0m[2m=[0m"s-e9ec9ceb3b19"
[backend] [2m2026-04-19T08:49:02.6818288+08:00[0m [32m INFO[0m ThreadId(06) [2mkoko::shell::媒体资产外壳[0m[2m:[0m HTTP 请求已受理 [3musecase[0m[2m=[0m"读取附件内容" [3madapter[0m[2m=[0m"http" [3moutcome[0m[2m=[0m"accepted" [3mrequest_kind[0m[2m=[0m"附件内容读取" [3mattachment_id[0m[2m=[0m"att-cd5a0edf2c3f" [3msession_id[0m[2m=[0m"s-e9ec9ceb3b19"
[backend] [2m2026-04-19T08:49:02.6831997+08:00[0m [32m INFO[0m ThreadId(05) [2mkoko::shell::媒体资产外壳[0m[2m:[0m HTTP 请求已受理 [3musecase[0m[2m=[0m"读取附件内容" [3madapter[0m[2m=[0m"http" [3moutcome[0m[2m=[0m"accepted" [3mrequest_kind[0m[2m=[0m"附件内容读取" [3mattachment_id[0m[2m=[0m"att-97bd5f02f6c4" [3msession_id[0m[2m=[0m"s-e9ec9ceb3b19"
[backend] [2m2026-04-19T08:49:02.6916393+08:00[0m [32m INFO[0m ThreadId(06) [2mkoko::shell::媒体资产外壳[0m[2m:[0m 读取附件内容成功 [3musecase[0m[2m=[0m"读取附件内容" [3madapter[0m[2m=[0m"http" [3moutcome[0m[2m=[0m"succeeded" [3mrequest_kind[0m[2m=[0m"附件内容读取" [3mattachment_id[0m[2m=[0m"att-cd5a0edf2c3f" [3msession_id[0m[2m=[0m"s-e9ec9ceb3b19"
[backend] [2m2026-04-19T08:49:02.6928614+08:00[0m [32m INFO[0m ThreadId(06) [2mkoko::shell::媒体资产外壳[0m[2m:[0m 读取附件内容成功 [3musecase[0m[2m=[0m"读取附件内容" [3madapter[0m[2m=[0m"http" [3moutcome[0m[2m=[0m"succeeded" [3mrequest_kind[0m[2m=[0m"附件内容读取" [3mattachment_id[0m[2m=[0m"att-97bd5f02f6c4" [3msession_id[0m[2m=[0m"s-e9ec9ceb3b19"
[backend] [2m2026-04-19T08:49:02.7929523+08:00[0m [32m INFO[0m ThreadId(05) [2mkoko::shell::媒体资产外壳[0m[2m:[0m HTTP 请求已受理 [3musecase[0m[2m=[0m"读取附件内容" [3madapter[0m[2m=[0m"http" [3moutcome[0m[2m=[0m"accepted" [3mrequest_kind[0m[2m=[0m"附件内容读取" [3mattachment_id[0m[2m=[0m"att-f46587b492aa" [3msession_id[0m[2m=[0m"s-e9ec9ceb3b19"
[backend] [2m2026-04-19T08:49:02.8038953+08:00[0m [32m INFO[0m ThreadId(06) [2mkoko::shell::媒体资产外壳[0m[2m:[0m 读取附件内容成功 [3musecase[0m[2m=[0m"读取附件内容" [3madapter[0m[2m=[0m"http" [3moutcome[0m[2m=[0m"succeeded" [3mrequest_kind[0m[2m=[0m"附件内容读取" [3mattachment_id[0m[2m=[0m"att-f46587b492aa" [3msession_id[0m[2m=[0m"s-e9ec9ceb3b19"
[backend] [2m2026-04-19T08:49:03.0621494+08:00[0m [32m INFO[0m ThreadId(05) [2mkoko::shell::房间外壳[0m[2m:[0m HTTP 请求已受理 [3musecase[0m[2m=[0m"推进房间阅读位置" [3madapter[0m[2m=[0m"http" [3moutcome[0m[2m=[0m"accepted" [3mrequest_kind[0m[2m=[0m"房间阅读位置推进" [3mroom_id[0m[2m=[0m"r-3cdfd560046a" [3msession_id[0m[2m=[0m"s-e9ec9ceb3b19" [3mevent_position[0m[2m=[0m28
[backend] [2m2026-04-19T08:49:03.0752587+08:00[0m [32m INFO[0m ThreadId(06) [2mkoko::shell::房间外壳[0m[2m:[0m 推进房间阅读位置成功 [3musecase[0m[2m=[0m"推进房间阅读位置" [3madapter[0m[2m=[0m"http" [3moutcome[0m[2m=[0m"succeeded" [3mrequest_kind[0m[2m=[0m"房间阅读位置推进" [3mroom_id[0m[2m=[0m"r-3cdfd560046a" [3msession_id[0m[2m=[0m"s-e9ec9ceb3b19" [3mevent_position[0m[2m=[0m28
[backend] [2m2026-04-19T08:49:05.5367022+08:00[0m [32m INFO[0m ThreadId(11) [2mkoko::shell::媒体资产外壳[0m[2m:[0m HTTP 请求已受理 [3musecase[0m[2m=[0m"读取附件内容" [3madapter[0m[2m=[0m"http" [3moutcome[0m[2m=[0m"accepted" [3mrequest_kind[0m[2m=[0m"附件内容读取" [3mattachment_id[0m[2m=[0m"att-2ae1eb710ca9" [3msession_id[0m[2m=[0m"s-e9ec9ceb3b19"
[backend] [2m2026-04-19T08:49:05.5465355+08:00[0m [32m INFO[0m ThreadId(05) [2mkoko::shell::媒体资产外壳[0m[2m:[0m 读取附件内容成功 [3musecase[0m[2m=[0m"读取附件内容" [3madapter[0m[2m=[0m"http" [3moutcome[0m[2m=[0m"succeeded" [3mrequest_kind[0m[2m=[0m"附件内容读取" [3mattachment_id[0m[2m=[0m"att-2ae1eb710ca9" [3msession_id[0m[2m=[0m"s-e9ec9ceb3b19"
[backend] [2m2026-04-19T08:50:46.7808358+08:00[0m [32m INFO[0m ThreadId(06) [2mkoko::shell::媒体资产外壳[0m[2m:[0m HTTP 请求已受理 [3musecase[0m[2m=[0m"读取附件内容" [3madapter[0m[2m=[0m"http" [3moutcome[0m[2m=[0m"accepted" [3mrequest_kind[0m[2m=[0m"附件内容读取" [3mattachment_id[0m[2m=[0m"att-528cc3c6d877" [3msession_id[0m[2m=[0m"s-eb3783c5424e"
[backend] [2m2026-04-19T08:50:46.7980915+08:00[0m [32m INFO[0m ThreadId(05) [2mkoko::shell::媒体资产外壳[0m[2m:[0m 读取附件内容成功 [3musecase[0m[2m=[0m"读取附件内容" [3madapter[0m[2m=[0m"http" [3moutcome[0m[2m=[0m"succeeded" [3mrequest_kind[0m[2m=[0m"附件内容读取" [3mattachment_id[0m[2m=[0m"att-528cc3c6d877" [3msession_id[0m[2m=[0m"s-eb3783c5424e"
[backend] [2m2026-04-19T08:50:47.3022741+08:00[0m [32m INFO[0m ThreadId(11) [2mkoko::shell::媒体资产外壳[0m[2m:[0m HTTP 请求已受理 [3musecase[0m[2m=[0m"读取附件内容" [3madapter[0m[2m=[0m"http" [3moutcome[0m[2m=[0m"accepted" [3mrequest_kind[0m[2m=[0m"附件内容读取" [3mattachment_id[0m[2m=[0m"att-97bd5f02f6c4" [3msession_id[0m[2m=[0m"s-eb3783c5424e"
[backend] [2m2026-04-19T08:50:47.3179672+08:00[0m [32m INFO[0m ThreadId(05) [2mkoko::shell::媒体资产外壳[0m[2m:[0m 读取附件内容成功 [3musecase[0m[2m=[0m"读取附件内容" [3madapter[0m[2m=[0m"http" [3moutcome[0m[2m=[0m"succeeded" [3mrequest_kind[0m[2m=[0m"附件内容读取" [3mattachment_id[0m[2m=[0m"att-97bd5f02f6c4" [3msession_id[0m[2m=[0m"s-eb3783c5424e"
[backend] [2m2026-04-19T08:50:56.2173562+08:00[0m [32m INFO[0m ThreadId(06) [2mkoko::shell::媒体资产外壳[0m[2m:[0m HTTP 请求已受理 [3musecase[0m[2m=[0m"读取附件内容" [3madapter[0m[2m=[0m"http" [3moutcome[0m[2m=[0m"accepted" [3mrequest_kind[0m[2m=[0m"附件内容读取" [3mattachment_id[0m[2m=[0m"att-98d8a14f0c2c" [3msession_id[0m[2m=[0m"s-eb3783c5424e"
[backend] [2m2026-04-19T08:50:56.2306883+08:00[0m [32m INFO[0m ThreadId(11) [2mkoko::shell::媒体资产外壳[0m[2m:[0m 读取附件内容成功 [3musecase[0m[2m=[0m"读取附件内容" [3madapter[0m[2m=[0m"http" [3moutcome[0m[2m=[0m"succeeded" [3mrequest_kind[0m[2m=[0m"附件内容读取" [3mattachment_id[0m[2m=[0m"att-98d8a14f0c2c" [3msession_id[0m[2m=[0m"s-eb3783c5424e"
[backend] [2m2026-04-19T08:50:56.3787531+08:00[0m [32m INFO[0m ThreadId(11) [2mkoko::shell::媒体资产外壳[0m[2m:[0m HTTP 请求已受理 [3musecase[0m[2m=[0m"读取附件内容" [3madapter[0m[2m=[0m"http" [3moutcome[0m[2m=[0m"accepted" [3mrequest_kind[0m[2m=[0m"附件内容读取" [3mattachment_id[0m[2m=[0m"att-cd5a0edf2c3f" [3msession_id[0m[2m=[0m"s-eb3783c5424e"
[backend] [2m2026-04-19T08:50:56.3946501+08:00[0m [32m INFO[0m ThreadId(05) [2mkoko::shell::媒体资产外壳[0m[2m:[0m 读取附件内容成功 [3musecase[0m[2m=[0m"读取附件内容" [3madapter[0m[2m=[0m"http" [3moutcome[0m[2m=[0m"succeeded" [3mrequest_kind[0m[2m=[0m"附件内容读取" [3mattachment_id[0m[2m=[0m"att-cd5a0edf2c3f" [3msession_id[0m[2m=[0m"s-eb3783c5424e"
[backend] [2m2026-04-19T08:50:57.2813106+08:00[0m [32m INFO[0m ThreadId(11) [2mkoko::shell::媒体资产外壳[0m[2m:[0m HTTP 请求已受理 [3musecase[0m[2m=[0m"读取附件内容" [3madapter[0m[2m=[0m"http" [3moutcome[0m[2m=[0m"accepted" [3mrequest_kind[0m[2m=[0m"附件内容读取" [3mattachment_id[0m[2m=[0m"att-88e3fb0cd3fa" [3msession_id[0m[2m=[0m"s-eb3783c5424e"
[backend] [2m2026-04-19T08:50:57.2986874+08:00[0m [32m INFO[0m ThreadId(11) [2mkoko::shell::媒体资产外壳[0m[2m:[0m 读取附件内容成功 [3musecase[0m[2m=[0m"读取附件内容" [3madapter[0m[2m=[0m"http" [3moutcome[0m[2m=[0m"succeeded" [3mrequest_kind[0m[2m=[0m"附件内容读取" [3mattachment_id[0m[2m=[0m"att-88e3fb0cd3fa" [3msession_id[0m[2m=[0m"s-eb3783c5424e"
[backend] [2m2026-04-19T08:50:57.4760673+08:00[0m [32m INFO[0m ThreadId(11) [2mkoko::shell::媒体资产外壳[0m[2m:[0m HTTP 请求已受理 [3musecase[0m[2m=[0m"读取附件内容" [3madapter[0m[2m=[0m"http" [3moutcome[0m[2m=[0m"accepted" [3mrequest_kind[0m[2m=[0m"附件内容读取" [3mattachment_id[0m[2m=[0m"att-2ae1eb710ca9" [3msession_id[0m[2m=[0m"s-eb3783c5424e"
[backend] [2m2026-04-19T08:50:57.4903884+08:00[0m [32m INFO[0m ThreadId(06) [2mkoko::shell::媒体资产外壳[0m[2m:[0m 读取附件内容成功 [3musecase[0m[2m=[0m"读取附件内容" [3madapter[0m[2m=[0m"http" [3moutcome[0m[2m=[0m"succeeded" [3mrequest_kind[0m[2m=[0m"附件内容读取" [3mattachment_id[0m[2m=[0m"att-2ae1eb710ca9" [3msession_id[0m[2m=[0m"s-eb3783c5424e"
[backend] [2m2026-04-19T08:50:58.8252387+08:00[0m [32m INFO[0m ThreadId(05) [2mkoko::shell::媒体资产外壳[0m[2m:[0m HTTP 请求已受理 [3musecase[0m[2m=[0m"读取附件内容" [3madapter[0m[2m=[0m"http" [3moutcome[0m[2m=[0m"accepted" [3mrequest_kind[0m[2m=[0m"附件内容读取" [3mattachment_id[0m[2m=[0m"att-9ffa539f6803" [3msession_id[0m[2m=[0m"s-eb3783c5424e"
[backend] [2m2026-04-19T08:50:58.8422165+08:00[0m [32m INFO[0m ThreadId(06) [2mkoko::shell::媒体资产外壳[0m[2m:[0m 读取附件内容成功 [3musecase[0m[2m=[0m"读取附件内容" [3madapter[0m[2m=[0m"http" [3moutcome[0m[2m=[0m"succeeded" [3mrequest_kind[0m[2m=[0m"附件内容读取" [3mattachment_id[0m[2m=[0m"att-9ffa539f6803" [3msession_id[0m[2m=[0m"s-eb3783c5424e"
[backend] [2m2026-04-19T08:50:58.9770765+08:00[0m [32m INFO[0m ThreadId(05) [2mkoko::shell::媒体资产外壳[0m[2m:[0m HTTP 请求已受理 [3musecase[0m[2m=[0m"读取附件内容" [3madapter[0m[2m=[0m"http" [3moutcome[0m[2m=[0m"accepted" [3mrequest_kind[0m[2m=[0m"附件内容读取" [3mattachment_id[0m[2m=[0m"att-fb643f1210f6" [3msession_id[0m[2m=[0m"s-eb3783c5424e"
[backend] [2m2026-04-19T08:50:59.0066498+08:00[0m [32m INFO[0m ThreadId(06) [2mkoko::shell::媒体资产外壳[0m[2m:[0m 读取附件内容成功 [3musecase[0m[2m=[0m"读取附件内容" [3madapter[0m[2m=[0m"http" [3moutcome[0m[2m=[0m"succeeded" [3mrequest_kind[0m[2m=[0m"附件内容读取" [3mattachment_id[0m[2m=[0m"att-fb643f1210f6" [3msession_id[0m[2m=[0m"s-eb3783c5424e"
[backend] [2m2026-04-19T08:51:21.8551466+08:00[0m [32m INFO[0m ThreadId(06) [2mkoko::shell::房间外壳[0m[2m:[0m HTTP 请求已受理 [3musecase[0m[2m=[0m"加载房间快照" [3madapter[0m[2m=[0m"http" [3moutcome[0m[2m=[0m"accepted" [3mrequest_kind[0m[2m=[0m"房间快照查询" [3mroom_id[0m[2m=[0m"r-3cdfd560046a" [3msession_id[0m[2m=[0m"s-eb3783c5424e"
[backend] [2m2026-04-19T08:51:21.8809918+08:00[0m [32m INFO[0m ThreadId(11) [2mkoko::shell::房间外壳[0m[2m:[0m 加载房间快照成功 [3musecase[0m[2m=[0m"加载房间快照" [3madapter[0m[2m=[0m"http" [3moutcome[0m[2m=[0m"succeeded" [3mrequest_kind[0m[2m=[0m"房间快照查询" [3mroom_id[0m[2m=[0m"r-3cdfd560046a" [3msession_id[0m[2m=[0m"s-eb3783c5424e" [3mevent_position[0m[2m=[0m28
[backend] [2m2026-04-19T08:54:41.3365891+08:00[0m [33m WARN[0m ThreadId(06) [2mkoko::shell::实时外壳[0m[2m:[0m realtime 连接异常断开 [3musecase[0m[2m=[0m"实时连接断开" [3madapter[0m[2m=[0m"socketioxide" [3moutcome[0m[2m=[0m"failed" [3msession_id[0m[2m=[0m"s-e9ec9ceb3b19" [3mdisconnect_reason[0m[2m=[0mclient did not send a PONG packet in time [3merror_code[0m[2m=[0m"socket_disconnect_abnormal"
[backend] [2m2026-04-19T08:55:20.5822932+08:00[0m [32m INFO[0m ThreadId(07) [2mkoko::shell::实时外壳[0m[2m:[0m realtime 连接认证已受理 [3musecase[0m[2m=[0m"实时连接认证" [3madapter[0m[2m=[0m"socketioxide" [3moutcome[0m[2m=[0m"accepted" [3msession_id[0m[2m=[0m"s-97d378630852"
[backend] [2m2026-04-19T08:55:20.5844889+08:00[0m [32m INFO[0m ThreadId(06) [2mkoko::shell::实时外壳[0m[2m:[0m realtime 连接认证成功 [3musecase[0m[2m=[0m"实时连接认证" [3madapter[0m[2m=[0m"socketioxide" [3moutcome[0m[2m=[0m"succeeded" [3msession_id[0m[2m=[0m"s-97d378630852"
[backend] [2m2026-04-19T08:55:20.6016246+08:00[0m [32m INFO[0m ThreadId(05) [2mkoko::shell::实时外壳[0m[2m:[0m realtime 订阅请求已受理 [3musecase[0m[2m=[0m"订阅房间事件流" [3madapter[0m[2m=[0m"socketioxide" [3moutcome[0m[2m=[0m"accepted" [3mroom_id[0m[2m=[0m"r-3cdfd560046a" [3msession_id[0m[2m=[0m"s-97d378630852" [3mfrom[0m[2m=[0m28
[backend] [2m2026-04-19T08:55:20.6016233+08:00[0m [32m INFO[0m ThreadId(06) [2mkoko::shell::实时外壳[0m[2m:[0m realtime 订阅请求已受理 [3musecase[0m[2m=[0m"订阅房间事件流" [3madapter[0m[2m=[0m"socketioxide" [3moutcome[0m[2m=[0m"accepted" [3mroom_id[0m[2m=[0m"r-3cdfd560046a" [3msession_id[0m[2m=[0m"s-97d378630852" [3mfrom[0m[2m=[0m28
[backend] [2m2026-04-19T08:55:20.6022375+08:00[0m [32m INFO[0m ThreadId(11) [2mkoko::shell::实时外壳[0m[2m:[0m realtime 订阅请求已受理 [3musecase[0m[2m=[0m"订阅房间事件流" [3madapter[0m[2m=[0m"socketioxide" [3moutcome[0m[2m=[0m"accepted" [3mroom_id[0m[2m=[0m"r-3cdfd560046a" [3msession_id[0m[2m=[0m"s-97d378630852" [3mfrom[0m[2m=[0m28
[backend] [2m2026-04-19T08:55:20.6539968+08:00[0m [32m INFO[0m ThreadId(07) [2mkoko::shell::实时外壳[0m[2m:[0m 订阅房间事件流成功 [3musecase[0m[2m=[0m"订阅房间事件流" [3madapter[0m[2m=[0m"socketioxide" [3moutcome[0m[2m=[0m"succeeded" [3mroom_id[0m[2m=[0m"r-3cdfd560046a" [3msession_id[0m[2m=[0m"s-97d378630852" [3mfrom[0m[2m=[0m28 [3mevent_position[0m[2m=[0m28
[backend] [2m2026-04-19T08:55:20.6539968+08:00[0m [32m INFO[0m ThreadId(12) [2mkoko::shell::实时外壳[0m[2m:[0m 订阅房间事件流成功 [3musecase[0m[2m=[0m"订阅房间事件流" [3madapter[0m[2m=[0m"socketioxide" [3moutcome[0m[2m=[0m"succeeded" [3mroom_id[0m[2m=[0m"r-3cdfd560046a" [3msession_id[0m[2m=[0m"s-97d378630852" [3mfrom[0m[2m=[0m28 [3mevent_position[0m[2m=[0m28
[backend] [2m2026-04-19T08:55:20.681129+08:00[0m [32m INFO[0m ThreadId(06) [2mkoko::shell::实时外壳[0m[2m:[0m 订阅房间事件流成功 [3musecase[0m[2m=[0m"订阅房间事件流" [3madapter[0m[2m=[0m"socketioxide" [3moutcome[0m[2m=[0m"succeeded" [3mroom_id[0m[2m=[0m"r-3cdfd560046a" [3msession_id[0m[2m=[0m"s-97d378630852" [3mfrom[0m[2m=[0m28 [3mevent_position[0m[2m=[0m28
[backend] [2m2026-04-19T08:55:22.174246+08:00[0m [32m INFO[0m ThreadId(07) [2mkoko::shell::实时外壳[0m[2m:[0m realtime 连接已正常断开 [3musecase[0m[2m=[0m"实时连接断开" [3madapter[0m[2m=[0m"socketioxide" [3moutcome[0m[2m=[0m"dropped" [3msession_id[0m[2m=[0m"s-97d378630852" [3mdisconnect_reason[0m[2m=[0mclient has manually disconnected the socket from the namespace
[backend] [2m2026-04-19T08:55:22.3694392+08:00[0m [32m INFO[0m ThreadId(12) [2mkoko::shell::房间外壳[0m[2m:[0m HTTP 请求已受理 [3musecase[0m[2m=[0m"引导匿名身份" [3madapter[0m[2m=[0m"http" [3moutcome[0m[2m=[0m"accepted" [3mrequest_kind[0m[2m=[0m"匿名身份引导"
[backend] [2m2026-04-19T08:55:22.3775769+08:00[0m [32m INFO[0m ThreadId(05) [2mkoko::shell::房间外壳[0m[2m:[0m 引导匿名身份成功 [3musecase[0m[2m=[0m"引导匿名身份" [3madapter[0m[2m=[0m"http" [3moutcome[0m[2m=[0m"succeeded" [3mrequest_kind[0m[2m=[0m"匿名身份引导" [3msession_id[0m[2m=[0m"s-97d378630852"
[backend] [2m2026-04-19T08:55:22.4152682+08:00[0m [32m INFO[0m ThreadId(12) [2mkoko::shell::房间外壳[0m[2m:[0m HTTP 请求已受理 [3musecase[0m[2m=[0m"加载房间快照" [3madapter[0m[2m=[0m"http" [3moutcome[0m[2m=[0m"accepted" [3mrequest_kind[0m[2m=[0m"房间快照查询" [3mroom_id[0m[2m=[0m"r-3cdfd560046a" [3msession_id[0m[2m=[0m"s-97d378630852"
[backend] [2m2026-04-19T08:55:22.4387187+08:00[0m [32m INFO[0m ThreadId(12) [2mkoko::shell::实时外壳[0m[2m:[0m realtime 连接认证已受理 [3musecase[0m[2m=[0m"实时连接认证" [3madapter[0m[2m=[0m"socketioxide" [3moutcome[0m[2m=[0m"accepted" [3msession_id[0m[2m=[0m"s-97d378630852"
[backend] [2m2026-04-19T08:55:22.4397373+08:00[0m [32m INFO[0m ThreadId(05) [2mkoko::shell::实时外壳[0m[2m:[0m realtime 连接认证成功 [3musecase[0m[2m=[0m"实时连接认证" [3madapter[0m[2m=[0m"socketioxide" [3moutcome[0m[2m=[0m"succeeded" [3msession_id[0m[2m=[0m"s-97d378630852"
[backend] [2m2026-04-19T08:55:22.4463786+08:00[0m [32m INFO[0m ThreadId(06) [2mkoko::shell::实时外壳[0m[2m:[0m realtime 订阅请求已受理 [3musecase[0m[2m=[0m"订阅房间事件流" [3madapter[0m[2m=[0m"socketioxide" [3moutcome[0m[2m=[0m"accepted" [3mroom_id[0m[2m=[0m"r-3cdfd560046a" [3msession_id[0m[2m=[0m"s-97d378630852" [3mfrom[0m[2m=[0m0
[backend] [2m2026-04-19T08:55:22.464836+08:00[0m [32m INFO[0m ThreadId(12) [2mkoko::shell::房间外壳[0m[2m:[0m 加载房间快照成功 [3musecase[0m[2m=[0m"加载房间快照" [3madapter[0m[2m=[0m"http" [3moutcome[0m[2m=[0m"succeeded" [3mrequest_kind[0m[2m=[0m"房间快照查询" [3mroom_id[0m[2m=[0m"r-3cdfd560046a" [3msession_id[0m[2m=[0m"s-97d378630852" [3mevent_position[0m[2m=[0m28
[backend] [2m2026-04-19T08:55:22.4746873+08:00[0m [32m INFO[0m ThreadId(07) [2mkoko::shell::实时外壳[0m[2m:[0m 订阅房间事件流成功 [3musecase[0m[2m=[0m"订阅房间事件流" [3madapter[0m[2m=[0m"socketioxide" [3moutcome[0m[2m=[0m"succeeded" [3mroom_id[0m[2m=[0m"r-3cdfd560046a" [3msession_id[0m[2m=[0m"s-97d378630852" [3mfrom[0m[2m=[0m0 [3mevent_position[0m[2m=[0m28
[backend] [2m2026-04-19T08:55:22.487906+08:00[0m [32m INFO[0m ThreadId(05) [2mkoko::shell::实时外壳[0m[2m:[0m realtime 订阅请求已受理 [3musecase[0m[2m=[0m"订阅房间事件流" [3madapter[0m[2m=[0m"socketioxide" [3moutcome[0m[2m=[0m"accepted" [3mroom_id[0m[2m=[0m"r-3cdfd560046a" [3msession_id[0m[2m=[0m"s-97d378630852" [3mfrom[0m[2m=[0m28
[backend] [2m2026-04-19T08:55:22.5046191+08:00[0m [32m INFO[0m ThreadId(05) [2mkoko::shell::实时外壳[0m[2m:[0m 订阅房间事件流成功 [3musecase[0m[2m=[0m"订阅房间事件流" [3madapter[0m[2m=[0m"socketioxide" [3moutcome[0m[2m=[0m"succeeded" [3mroom_id[0m[2m=[0m"r-3cdfd560046a" [3msession_id[0m[2m=[0m"s-97d378630852" [3mfrom[0m[2m=[0m28 [3mevent_position[0m[2m=[0m28
[backend] [2m2026-04-19T08:55:22.5507762+08:00[0m [32m INFO[0m ThreadId(06) [2mkoko::shell::媒体资产外壳[0m[2m:[0m HTTP 请求已受理 [3musecase[0m[2m=[0m"读取附件内容" [3madapter[0m[2m=[0m"http" [3moutcome[0m[2m=[0m"accepted" [3mrequest_kind[0m[2m=[0m"附件内容读取" [3mattachment_id[0m[2m=[0m"att-961d957a1877" [3msession_id[0m[2m=[0m"s-97d378630852"
[backend] [2m2026-04-19T08:55:22.5529523+08:00[0m [32m INFO[0m ThreadId(07) [2mkoko::shell::媒体资产外壳[0m[2m:[0m HTTP 请求已受理 [3musecase[0m[2m=[0m"读取附件内容" [3madapter[0m[2m=[0m"http" [3moutcome[0m[2m=[0m"accepted" [3mrequest_kind[0m[2m=[0m"附件内容读取" [3mattachment_id[0m[2m=[0m"att-8d44cbfede62" [3msession_id[0m[2m=[0m"s-97d378630852"
[backend] [2m2026-04-19T08:55:22.5549455+08:00[0m [32m INFO[0m ThreadId(07) [2mkoko::shell::媒体资产外壳[0m[2m:[0m HTTP 请求已受理 [3musecase[0m[2m=[0m"读取附件内容" [3madapter[0m[2m=[0m"http" [3moutcome[0m[2m=[0m"accepted" [3mrequest_kind[0m[2m=[0m"附件内容读取" [3mattachment_id[0m[2m=[0m"att-2d964b96c071" [3msession_id[0m[2m=[0m"s-97d378630852"
[backend] [2m2026-04-19T08:55:22.5560379+08:00[0m [32m INFO[0m ThreadId(12) [2mkoko::shell::媒体资产外壳[0m[2m:[0m HTTP 请求已受理 [3musecase[0m[2m=[0m"读取附件内容" [3madapter[0m[2m=[0m"http" [3moutcome[0m[2m=[0m"accepted" [3mrequest_kind[0m[2m=[0m"附件内容读取" [3mattachment_id[0m[2m=[0m"att-681e5b27b0c2" [3msession_id[0m[2m=[0m"s-97d378630852"
[backend] [2m2026-04-19T08:55:22.558822+08:00[0m [32m INFO[0m ThreadId(05) [2mkoko::shell::媒体资产外壳[0m[2m:[0m HTTP 请求已受理 [3musecase[0m[2m=[0m"读取附件内容" [3madapter[0m[2m=[0m"http" [3moutcome[0m[2m=[0m"accepted" [3mrequest_kind[0m[2m=[0m"附件内容读取" [3mattachment_id[0m[2m=[0m"att-ac7a1188a600" [3msession_id[0m[2m=[0m"s-97d378630852"
[backend] [2m2026-04-19T08:55:22.5780775+08:00[0m [32m INFO[0m ThreadId(05) [2mkoko::shell::媒体资产外壳[0m[2m:[0m HTTP 请求已受理 [3musecase[0m[2m=[0m"读取附件内容" [3madapter[0m[2m=[0m"http" [3moutcome[0m[2m=[0m"accepted" [3mrequest_kind[0m[2m=[0m"附件内容读取" [3mattachment_id[0m[2m=[0m"att-cd5a0edf2c3f" [3msession_id[0m[2m=[0m"s-97d378630852"
[backend] [2m2026-04-19T08:55:22.5857977+08:00[0m [32m INFO[0m ThreadId(06) [2mkoko::shell::媒体资产外壳[0m[2m:[0m 读取附件内容成功 [3musecase[0m[2m=[0m"读取附件内容" [3madapter[0m[2m=[0m"http" [3moutcome[0m[2m=[0m"succeeded" [3mrequest_kind[0m[2m=[0m"附件内容读取" [3mattachment_id[0m[2m=[0m"att-8d44cbfede62" [3msession_id[0m[2m=[0m"s-97d378630852"
[backend] [2m2026-04-19T08:55:22.5860318+08:00[0m [32m INFO[0m ThreadId(11) [2mkoko::shell::媒体资产外壳[0m[2m:[0m 读取附件内容成功 [3musecase[0m[2m=[0m"读取附件内容" [3madapter[0m[2m=[0m"http" [3moutcome[0m[2m=[0m"succeeded" [3mrequest_kind[0m[2m=[0m"附件内容读取" [3mattachment_id[0m[2m=[0m"att-ac7a1188a600" [3msession_id[0m[2m=[0m"s-97d378630852"
[backend] [2m2026-04-19T08:55:22.5882546+08:00[0m [32m INFO[0m ThreadId(11) [2mkoko::shell::媒体资产外壳[0m[2m:[0m 读取附件内容成功 [3musecase[0m[2m=[0m"读取附件内容" [3madapter[0m[2m=[0m"http" [3moutcome[0m[2m=[0m"succeeded" [3mrequest_kind[0m[2m=[0m"附件内容读取" [3mattachment_id[0m[2m=[0m"att-2d964b96c071" [3msession_id[0m[2m=[0m"s-97d378630852"
[backend] [2m2026-04-19T08:55:22.58932+08:00[0m [32m INFO[0m ThreadId(11) [2mkoko::shell::媒体资产外壳[0m[2m:[0m 读取附件内容成功 [3musecase[0m[2m=[0m"读取附件内容" [3madapter[0m[2m=[0m"http" [3moutcome[0m[2m=[0m"succeeded" [3mrequest_kind[0m[2m=[0m"附件内容读取" [3mattachment_id[0m[2m=[0m"att-681e5b27b0c2" [3msession_id[0m[2m=[0m"s-97d378630852"
[backend] [2m2026-04-19T08:55:22.5896329+08:00[0m [32m INFO[0m ThreadId(06) [2mkoko::shell::媒体资产外壳[0m[2m:[0m 读取附件内容成功 [3musecase[0m[2m=[0m"读取附件内容" [3madapter[0m[2m=[0m"http" [3moutcome[0m[2m=[0m"succeeded" [3mrequest_kind[0m[2m=[0m"附件内容读取" [3mattachment_id[0m[2m=[0m"att-961d957a1877" [3msession_id[0m[2m=[0m"s-97d378630852"
[backend] [2m2026-04-19T08:55:22.5917472+08:00[0m [32m INFO[0m ThreadId(06) [2mkoko::shell::媒体资产外壳[0m[2m:[0m 读取附件内容成功 [3musecase[0m[2m=[0m"读取附件内容" [3madapter[0m[2m=[0m"http" [3moutcome[0m[2m=[0m"succeeded" [3mrequest_kind[0m[2m=[0m"附件内容读取" [3mattachment_id[0m[2m=[0m"att-cd5a0edf2c3f" [3msession_id[0m[2m=[0m"s-97d378630852"
[backend] [2m2026-04-19T08:55:22.6817906+08:00[0m [32m INFO[0m ThreadId(07) [2mkoko::shell::媒体资产外壳[0m[2m:[0m HTTP 请求已受理 [3musecase[0m[2m=[0m"读取附件内容" [3madapter[0m[2m=[0m"http" [3moutcome[0m[2m=[0m"accepted" [3mrequest_kind[0m[2m=[0m"附件内容读取" [3mattachment_id[0m[2m=[0m"att-97bd5f02f6c4" [3msession_id[0m[2m=[0m"s-97d378630852"
[backend] [2m2026-04-19T08:55:22.6936801+08:00[0m [32m INFO[0m ThreadId(10) [2mkoko::shell::媒体资产外壳[0m[2m:[0m 读取附件内容成功 [3musecase[0m[2m=[0m"读取附件内容" [3madapter[0m[2m=[0m"http" [3moutcome[0m[2m=[0m"succeeded" [3mrequest_kind[0m[2m=[0m"附件内容读取" [3mattachment_id[0m[2m=[0m"att-97bd5f02f6c4" [3msession_id[0m[2m=[0m"s-97d378630852"
[backend] [2m2026-04-19T08:55:22.7049814+08:00[0m [32m INFO[0m ThreadId(07) [2mkoko::shell::媒体资产外壳[0m[2m:[0m HTTP 请求已受理 [3musecase[0m[2m=[0m"读取附件内容" [3madapter[0m[2m=[0m"http" [3moutcome[0m[2m=[0m"accepted" [3mrequest_kind[0m[2m=[0m"附件内容读取" [3mattachment_id[0m[2m=[0m"att-f46587b492aa" [3msession_id[0m[2m=[0m"s-97d378630852"
[backend] [2m2026-04-19T08:55:22.7152962+08:00[0m [32m INFO[0m ThreadId(07) [2mkoko::shell::媒体资产外壳[0m[2m:[0m 读取附件内容成功 [3musecase[0m[2m=[0m"读取附件内容" [3madapter[0m[2m=[0m"http" [3moutcome[0m[2m=[0m"succeeded" [3mrequest_kind[0m[2m=[0m"附件内容读取" [3mattachment_id[0m[2m=[0m"att-f46587b492aa" [3msession_id[0m[2m=[0m"s-97d378630852"
[backend] [2m2026-04-19T08:55:24.9227626+08:00[0m [32m INFO[0m ThreadId(10) [2mkoko::shell::媒体资产外壳[0m[2m:[0m HTTP 请求已受理 [3musecase[0m[2m=[0m"读取附件内容" [3madapter[0m[2m=[0m"http" [3moutcome[0m[2m=[0m"accepted" [3mrequest_kind[0m[2m=[0m"附件内容读取" [3mattachment_id[0m[2m=[0m"att-2ae1eb710ca9" [3msession_id[0m[2m=[0m"s-97d378630852"
[backend] [2m2026-04-19T08:55:24.9404974+08:00[0m [32m INFO[0m ThreadId(07) [2mkoko::shell::媒体资产外壳[0m[2m:[0m 读取附件内容成功 [3musecase[0m[2m=[0m"读取附件内容" [3madapter[0m[2m=[0m"http" [3moutcome[0m[2m=[0m"succeeded" [3mrequest_kind[0m[2m=[0m"附件内容读取" [3mattachment_id[0m[2m=[0m"att-2ae1eb710ca9" [3msession_id[0m[2m=[0m"s-97d378630852"
[backend] [2m2026-04-19T08:56:05.144561+08:00[0m [32m INFO[0m ThreadId(06) [2mkoko::shell::实时外壳[0m[2m:[0m realtime 连接认证已受理 [3musecase[0m[2m=[0m"实时连接认证" [3madapter[0m[2m=[0m"socketioxide" [3moutcome[0m[2m=[0m"accepted" [3msession_id[0m[2m=[0m"s-b8640d691e68"
[backend] [2m2026-04-19T08:56:05.1465311+08:00[0m [32m INFO[0m ThreadId(11) [2mkoko::shell::实时外壳[0m[2m:[0m realtime 连接认证成功 [3musecase[0m[2m=[0m"实时连接认证" [3madapter[0m[2m=[0m"socketioxide" [3moutcome[0m[2m=[0m"succeeded" [3msession_id[0m[2m=[0m"s-b8640d691e68"
[backend] [2m2026-04-19T08:56:05.1496392+08:00[0m [32m INFO[0m ThreadId(11) [2mkoko::shell::实时外壳[0m[2m:[0m realtime 订阅请求已受理 [3musecase[0m[2m=[0m"订阅房间事件流" [3madapter[0m[2m=[0m"socketioxide" [3moutcome[0m[2m=[0m"accepted" [3mroom_id[0m[2m=[0m"r-3cdfd560046a" [3msession_id[0m[2m=[0m"s-b8640d691e68" [3mfrom[0m[2m=[0m22
[backend] [2m2026-04-19T08:56:05.1496742+08:00[0m [32m INFO[0m ThreadId(10) [2mkoko::shell::实时外壳[0m[2m:[0m realtime 订阅请求已受理 [3musecase[0m[2m=[0m"订阅房间事件流" [3madapter[0m[2m=[0m"socketioxide" [3moutcome[0m[2m=[0m"accepted" [3mroom_id[0m[2m=[0m"r-3cdfd560046a" [3msession_id[0m[2m=[0m"s-b8640d691e68" [3mfrom[0m[2m=[0m22
[backend] [2m2026-04-19T08:56:05.1498022+08:00[0m [32m INFO[0m ThreadId(07) [2mkoko::shell::实时外壳[0m[2m:[0m realtime 订阅请求已受理 [3musecase[0m[2m=[0m"订阅房间事件流" [3madapter[0m[2m=[0m"socketioxide" [3moutcome[0m[2m=[0m"accepted" [3mroom_id[0m[2m=[0m"r-3cdfd560046a" [3msession_id[0m[2m=[0m"s-b8640d691e68" [3mfrom[0m[2m=[0m22
[backend] [2m2026-04-19T08:56:05.1595997+08:00[0m [32m INFO[0m ThreadId(10) [2mkoko::shell::实时外壳[0m[2m:[0m 订阅房间事件流成功 [3musecase[0m[2m=[0m"订阅房间事件流" [3madapter[0m[2m=[0m"socketioxide" [3moutcome[0m[2m=[0m"succeeded" [3mroom_id[0m[2m=[0m"r-3cdfd560046a" [3msession_id[0m[2m=[0m"s-b8640d691e68" [3mfrom[0m[2m=[0m22 [3mevent_position[0m[2m=[0m28
[backend] [2m2026-04-19T08:56:05.1658946+08:00[0m [32m INFO[0m ThreadId(11) [2mkoko::shell::实时外壳[0m[2m:[0m 订阅房间事件流成功 [3musecase[0m[2m=[0m"订阅房间事件流" [3madapter[0m[2m=[0m"socketioxide" [3moutcome[0m[2m=[0m"succeeded" [3mroom_id[0m[2m=[0m"r-3cdfd560046a" [3msession_id[0m[2m=[0m"s-b8640d691e68" [3mfrom[0m[2m=[0m22 [3mevent_position[0m[2m=[0m28
[backend] [2m2026-04-19T08:56:05.1740882+08:00[0m [32m INFO[0m ThreadId(10) [2mkoko::shell::实时外壳[0m[2m:[0m 订阅房间事件流成功 [3musecase[0m[2m=[0m"订阅房间事件流" [3madapter[0m[2m=[0m"socketioxide" [3moutcome[0m[2m=[0m"succeeded" [3mroom_id[0m[2m=[0m"r-3cdfd560046a" [3msession_id[0m[2m=[0m"s-b8640d691e68" [3mfrom[0m[2m=[0m22 [3mevent_position[0m[2m=[0m28
[backend] [2m2026-04-19T08:56:05.2631368+08:00[0m [32m INFO[0m ThreadId(07) [2mkoko::shell::媒体资产外壳[0m[2m:[0m HTTP 请求已受理 [3musecase[0m[2m=[0m"读取附件内容" [3madapter[0m[2m=[0m"http" [3moutcome[0m[2m=[0m"accepted" [3mrequest_kind[0m[2m=[0m"附件内容读取" [3mattachment_id[0m[2m=[0m"att-9ffa539f6803" [3msession_id[0m[2m=[0m"s-b8640d691e68"
[backend] [2m2026-04-19T08:56:05.263139+08:00[0m [32m INFO[0m ThreadId(12) [2mkoko::shell::媒体资产外壳[0m[2m:[0m HTTP 请求已受理 [3musecase[0m[2m=[0m"读取附件内容" [3madapter[0m[2m=[0m"http" [3moutcome[0m[2m=[0m"accepted" [3mrequest_kind[0m[2m=[0m"附件内容读取" [3mattachment_id[0m[2m=[0m"att-fac5794f284f" [3msession_id[0m[2m=[0m"s-b8640d691e68"
[backend] [2m2026-04-19T08:56:05.2748778+08:00[0m [32m INFO[0m ThreadId(10) [2mkoko::shell::媒体资产外壳[0m[2m:[0m 读取附件内容成功 [3musecase[0m[2m=[0m"读取附件内容" [3madapter[0m[2m=[0m"http" [3moutcome[0m[2m=[0m"succeeded" [3mrequest_kind[0m[2m=[0m"附件内容读取" [3mattachment_id[0m[2m=[0m"att-9ffa539f6803" [3msession_id[0m[2m=[0m"s-b8640d691e68"
[backend] [2m2026-04-19T08:56:05.2794601+08:00[0m [32m INFO[0m ThreadId(10) [2mkoko::shell::媒体资产外壳[0m[2m:[0m 读取附件内容成功 [3musecase[0m[2m=[0m"读取附件内容" [3madapter[0m[2m=[0m"http" [3moutcome[0m[2m=[0m"succeeded" [3mrequest_kind[0m[2m=[0m"附件内容读取" [3mattachment_id[0m[2m=[0m"att-fac5794f284f" [3msession_id[0m[2m=[0m"s-b8640d691e68"
[backend] [2m2026-04-19T08:56:06.9810565+08:00[0m [32m INFO[0m ThreadId(11) [2mkoko::shell::媒体资产外壳[0m[2m:[0m HTTP 请求已受理 [3musecase[0m[2m=[0m"读取附件内容" [3madapter[0m[2m=[0m"http" [3moutcome[0m[2m=[0m"accepted" [3mrequest_kind[0m[2m=[0m"附件内容读取" [3mattachment_id[0m[2m=[0m"att-cd5a0edf2c3f" [3msession_id[0m[2m=[0m"s-b8640d691e68"
[backend] [2m2026-04-19T08:56:06.9857137+08:00[0m [32m INFO[0m ThreadId(12) [2mkoko::shell::媒体资产外壳[0m[2m:[0m HTTP 请求已受理 [3musecase[0m[2m=[0m"读取附件内容" [3madapter[0m[2m=[0m"http" [3moutcome[0m[2m=[0m"accepted" [3mrequest_kind[0m[2m=[0m"附件内容读取" [3mattachment_id[0m[2m=[0m"att-97bd5f02f6c4" [3msession_id[0m[2m=[0m"s-b8640d691e68"
[backend] [2m2026-04-19T08:56:06.9910499+08:00[0m [32m INFO[0m ThreadId(11) [2mkoko::shell::媒体资产外壳[0m[2m:[0m HTTP 请求已受理 [3musecase[0m[2m=[0m"读取附件内容" [3madapter[0m[2m=[0m"http" [3moutcome[0m[2m=[0m"accepted" [3mrequest_kind[0m[2m=[0m"附件内容读取" [3mattachment_id[0m[2m=[0m"att-f46587b492aa" [3msession_id[0m[2m=[0m"s-b8640d691e68"
[backend] [2m2026-04-19T08:56:06.9939702+08:00[0m [32m INFO[0m ThreadId(10) [2mkoko::shell::媒体资产外壳[0m[2m:[0m 读取附件内容成功 [3musecase[0m[2m=[0m"读取附件内容" [3madapter[0m[2m=[0m"http" [3moutcome[0m[2m=[0m"succeeded" [3mrequest_kind[0m[2m=[0m"附件内容读取" [3mattachment_id[0m[2m=[0m"att-cd5a0edf2c3f" [3msession_id[0m[2m=[0m"s-b8640d691e68"
[backend] [2m2026-04-19T08:56:06.9956509+08:00[0m [32m INFO[0m ThreadId(12) [2mkoko::shell::媒体资产外壳[0m[2m:[0m 读取附件内容成功 [3musecase[0m[2m=[0m"读取附件内容" [3madapter[0m[2m=[0m"http" [3moutcome[0m[2m=[0m"succeeded" [3mrequest_kind[0m[2m=[0m"附件内容读取" [3mattachment_id[0m[2m=[0m"att-97bd5f02f6c4" [3msession_id[0m[2m=[0m"s-b8640d691e68"
[backend] [2m2026-04-19T08:56:07.0023622+08:00[0m [32m INFO[0m ThreadId(12) [2mkoko::shell::媒体资产外壳[0m[2m:[0m 读取附件内容成功 [3musecase[0m[2m=[0m"读取附件内容" [3madapter[0m[2m=[0m"http" [3moutcome[0m[2m=[0m"succeeded" [3mrequest_kind[0m[2m=[0m"附件内容读取" [3mattachment_id[0m[2m=[0m"att-f46587b492aa" [3msession_id[0m[2m=[0m"s-b8640d691e68"
[backend] [2m2026-04-19T08:56:07.3807912+08:00[0m [32m INFO[0m ThreadId(10) [2mkoko::shell::房间外壳[0m[2m:[0m HTTP 请求已受理 [3musecase[0m[2m=[0m"推进房间阅读位置" [3madapter[0m[2m=[0m"http" [3moutcome[0m[2m=[0m"accepted" [3mrequest_kind[0m[2m=[0m"房间阅读位置推进" [3mroom_id[0m[2m=[0m"r-3cdfd560046a" [3msession_id[0m[2m=[0m"s-b8640d691e68" [3mevent_position[0m[2m=[0m28
[backend] [2m2026-04-19T08:56:07.4048845+08:00[0m [32m INFO[0m ThreadId(11) [2mkoko::shell::房间外壳[0m[2m:[0m 推进房间阅读位置成功 [3musecase[0m[2m=[0m"推进房间阅读位置" [3madapter[0m[2m=[0m"http" [3moutcome[0m[2m=[0m"succeeded" [3mrequest_kind[0m[2m=[0m"房间阅读位置推进" [3mroom_id[0m[2m=[0m"r-3cdfd560046a" [3msession_id[0m[2m=[0m"s-b8640d691e68" [3mevent_position[0m[2m=[0m28
[backend] [2m2026-04-19T08:56:12.8593687+08:00[0m [32m INFO[0m ThreadId(11) [2mkoko::shell::实时外壳[0m[2m:[0m realtime 连接已正常断开 [3musecase[0m[2m=[0m"实时连接断开" [3madapter[0m[2m=[0m"socketioxide" [3moutcome[0m[2m=[0m"dropped" [3msession_id[0m[2m=[0m"s-b8640d691e68" [3mdisconnect_reason[0m[2m=[0mclient has manually disconnected the socket from the namespace
[backend] [2m2026-04-19T08:56:13.1604564+08:00[0m [32m INFO[0m ThreadId(07) [2mkoko::shell::房间外壳[0m[2m:[0m HTTP 请求已受理 [3musecase[0m[2m=[0m"引导匿名身份" [3madapter[0m[2m=[0m"http" [3moutcome[0m[2m=[0m"accepted" [3mrequest_kind[0m[2m=[0m"匿名身份引导"
[backend] [2m2026-04-19T08:56:13.1636812+08:00[0m [32m INFO[0m ThreadId(06) [2mkoko::shell::房间外壳[0m[2m:[0m 引导匿名身份成功 [3musecase[0m[2m=[0m"引导匿名身份" [3madapter[0m[2m=[0m"http" [3moutcome[0m[2m=[0m"succeeded" [3mrequest_kind[0m[2m=[0m"匿名身份引导" [3msession_id[0m[2m=[0m"s-b8640d691e68"
[backend] [2m2026-04-19T08:56:13.2712206+08:00[0m [32m INFO[0m ThreadId(12) [2mkoko::shell::房间外壳[0m[2m:[0m HTTP 请求已受理 [3musecase[0m[2m=[0m"加载房间快照" [3madapter[0m[2m=[0m"http" [3moutcome[0m[2m=[0m"accepted" [3mrequest_kind[0m[2m=[0m"房间快照查询" [3mroom_id[0m[2m=[0m"r-3cdfd560046a" [3msession_id[0m[2m=[0m"s-b8640d691e68"
[backend] [2m2026-04-19T08:56:13.2874341+08:00[0m [32m INFO[0m ThreadId(07) [2mkoko::shell::实时外壳[0m[2m:[0m realtime 连接认证已受理 [3musecase[0m[2m=[0m"实时连接认证" [3madapter[0m[2m=[0m"socketioxide" [3moutcome[0m[2m=[0m"accepted" [3msession_id[0m[2m=[0m"s-b8640d691e68"
[backend] [2m2026-04-19T08:56:13.2890984+08:00[0m [32m INFO[0m ThreadId(11) [2mkoko::shell::实时外壳[0m[2m:[0m realtime 连接认证成功 [3musecase[0m[2m=[0m"实时连接认证" [3madapter[0m[2m=[0m"socketioxide" [3moutcome[0m[2m=[0m"succeeded" [3msession_id[0m[2m=[0m"s-b8640d691e68"
[backend] [2m2026-04-19T08:56:13.2932749+08:00[0m [32m INFO[0m ThreadId(12) [2mkoko::shell::实时外壳[0m[2m:[0m realtime 订阅请求已受理 [3musecase[0m[2m=[0m"订阅房间事件流" [3madapter[0m[2m=[0m"socketioxide" [3moutcome[0m[2m=[0m"accepted" [3mroom_id[0m[2m=[0m"r-3cdfd560046a" [3msession_id[0m[2m=[0m"s-b8640d691e68" [3mfrom[0m[2m=[0m0
[backend] [2m2026-04-19T08:56:13.3300303+08:00[0m [32m INFO[0m ThreadId(11) [2mkoko::shell::房间外壳[0m[2m:[0m 加载房间快照成功 [3musecase[0m[2m=[0m"加载房间快照" [3madapter[0m[2m=[0m"http" [3moutcome[0m[2m=[0m"succeeded" [3mrequest_kind[0m[2m=[0m"房间快照查询" [3mroom_id[0m[2m=[0m"r-3cdfd560046a" [3msession_id[0m[2m=[0m"s-b8640d691e68" [3mevent_position[0m[2m=[0m28
[backend] [2m2026-04-19T08:56:13.3316234+08:00[0m [32m INFO[0m ThreadId(07) [2mkoko::shell::实时外壳[0m[2m:[0m 订阅房间事件流成功 [3musecase[0m[2m=[0m"订阅房间事件流" [3madapter[0m[2m=[0m"socketioxide" [3moutcome[0m[2m=[0m"succeeded" [3mroom_id[0m[2m=[0m"r-3cdfd560046a" [3msession_id[0m[2m=[0m"s-b8640d691e68" [3mfrom[0m[2m=[0m0 [3mevent_position[0m[2m=[0m28
[backend] [2m2026-04-19T08:56:13.4851451+08:00[0m [32m INFO[0m ThreadId(12) [2mkoko::shell::实时外壳[0m[2m:[0m realtime 订阅请求已受理 [3musecase[0m[2m=[0m"订阅房间事件流" [3madapter[0m[2m=[0m"socketioxide" [3moutcome[0m[2m=[0m"accepted" [3mroom_id[0m[2m=[0m"r-3cdfd560046a" [3msession_id[0m[2m=[0m"s-b8640d691e68" [3mfrom[0m[2m=[0m28
[backend] [2m2026-04-19T08:56:13.4861316+08:00[0m [32m INFO[0m ThreadId(11) [2mkoko::shell::媒体资产外壳[0m[2m:[0m HTTP 请求已受理 [3musecase[0m[2m=[0m"读取附件内容" [3madapter[0m[2m=[0m"http" [3moutcome[0m[2m=[0m"accepted" [3mrequest_kind[0m[2m=[0m"附件内容读取" [3mattachment_id[0m[2m=[0m"att-961d957a1877" [3msession_id[0m[2m=[0m"s-b8640d691e68"
[backend] [2m2026-04-19T08:56:13.4871164+08:00[0m [32m INFO[0m ThreadId(12) [2mkoko::shell::媒体资产外壳[0m[2m:[0m HTTP 请求已受理 [3musecase[0m[2m=[0m"读取附件内容" [3madapter[0m[2m=[0m"http" [3moutcome[0m[2m=[0m"accepted" [3mrequest_kind[0m[2m=[0m"附件内容读取" [3mattachment_id[0m[2m=[0m"att-2d964b96c071" [3msession_id[0m[2m=[0m"s-b8640d691e68"
[backend] [2m2026-04-19T08:56:13.4874342+08:00[0m [32m INFO[0m ThreadId(06) [2mkoko::shell::媒体资产外壳[0m[2m:[0m HTTP 请求已受理 [3musecase[0m[2m=[0m"读取附件内容" [3madapter[0m[2m=[0m"http" [3moutcome[0m[2m=[0m"accepted" [3mrequest_kind[0m[2m=[0m"附件内容读取" [3mattachment_id[0m[2m=[0m"att-8d44cbfede62" [3msession_id[0m[2m=[0m"s-b8640d691e68"
[backend] [2m2026-04-19T08:56:13.4891026+08:00[0m [32m INFO[0m ThreadId(12) [2mkoko::shell::媒体资产外壳[0m[2m:[0m HTTP 请求已受理 [3musecase[0m[2m=[0m"读取附件内容" [3madapter[0m[2m=[0m"http" [3moutcome[0m[2m=[0m"accepted" [3mrequest_kind[0m[2m=[0m"附件内容读取" [3mattachment_id[0m[2m=[0m"att-681e5b27b0c2" [3msession_id[0m[2m=[0m"s-b8640d691e68"
[backend] [2m2026-04-19T08:56:13.4961084+08:00[0m [32m INFO[0m ThreadId(12) [2mkoko::shell::实时外壳[0m[2m:[0m 订阅房间事件流成功 [3musecase[0m[2m=[0m"订阅房间事件流" [3madapter[0m[2m=[0m"socketioxide" [3moutcome[0m[2m=[0m"succeeded" [3mroom_id[0m[2m=[0m"r-3cdfd560046a" [3msession_id[0m[2m=[0m"s-b8640d691e68" [3mfrom[0m[2m=[0m28 [3mevent_position[0m[2m=[0m28
[backend] [2m2026-04-19T08:56:13.5158362+08:00[0m [32m INFO[0m ThreadId(12) [2mkoko::shell::媒体资产外壳[0m[2m:[0m 读取附件内容成功 [3musecase[0m[2m=[0m"读取附件内容" [3madapter[0m[2m=[0m"http" [3moutcome[0m[2m=[0m"succeeded" [3mrequest_kind[0m[2m=[0m"附件内容读取" [3mattachment_id[0m[2m=[0m"att-2d964b96c071" [3msession_id[0m[2m=[0m"s-b8640d691e68"
[backend] [2m2026-04-19T08:56:13.5170138+08:00[0m [32m INFO[0m ThreadId(06) [2mkoko::shell::媒体资产外壳[0m[2m:[0m 读取附件内容成功 [3musecase[0m[2m=[0m"读取附件内容" [3madapter[0m[2m=[0m"http" [3moutcome[0m[2m=[0m"succeeded" [3mrequest_kind[0m[2m=[0m"附件内容读取" [3mattachment_id[0m[2m=[0m"att-961d957a1877" [3msession_id[0m[2m=[0m"s-b8640d691e68"
[backend] [2m2026-04-19T08:56:13.5174459+08:00[0m [32m INFO[0m ThreadId(12) [2mkoko::shell::媒体资产外壳[0m[2m:[0m 读取附件内容成功 [3musecase[0m[2m=[0m"读取附件内容" [3madapter[0m[2m=[0m"http" [3moutcome[0m[2m=[0m"succeeded" [3mrequest_kind[0m[2m=[0m"附件内容读取" [3mattachment_id[0m[2m=[0m"att-8d44cbfede62" [3msession_id[0m[2m=[0m"s-b8640d691e68"
[backend] [2m2026-04-19T08:56:13.5186252+08:00[0m [32m INFO[0m ThreadId(07) [2mkoko::shell::媒体资产外壳[0m[2m:[0m 读取附件内容成功 [3musecase[0m[2m=[0m"读取附件内容" [3madapter[0m[2m=[0m"http" [3moutcome[0m[2m=[0m"succeeded" [3mrequest_kind[0m[2m=[0m"附件内容读取" [3mattachment_id[0m[2m=[0m"att-681e5b27b0c2" [3msession_id[0m[2m=[0m"s-b8640d691e68"
[backend] [2m2026-04-19T08:56:13.5224281+08:00[0m [32m INFO[0m ThreadId(06) [2mkoko::shell::媒体资产外壳[0m[2m:[0m HTTP 请求已受理 [3musecase[0m[2m=[0m"读取附件内容" [3madapter[0m[2m=[0m"http" [3moutcome[0m[2m=[0m"accepted" [3mrequest_kind[0m[2m=[0m"附件内容读取" [3mattachment_id[0m[2m=[0m"att-cd5a0edf2c3f" [3msession_id[0m[2m=[0m"s-b8640d691e68"
[backend] [2m2026-04-19T08:56:13.5235505+08:00[0m [32m INFO[0m ThreadId(10) [2mkoko::shell::媒体资产外壳[0m[2m:[0m HTTP 请求已受理 [3musecase[0m[2m=[0m"读取附件内容" [3madapter[0m[2m=[0m"http" [3moutcome[0m[2m=[0m"accepted" [3mrequest_kind[0m[2m=[0m"附件内容读取" [3mattachment_id[0m[2m=[0m"att-97bd5f02f6c4" [3msession_id[0m[2m=[0m"s-b8640d691e68"
[backend] [2m2026-04-19T08:56:13.5332229+08:00[0m [32m INFO[0m ThreadId(10) [2mkoko::shell::媒体资产外壳[0m[2m:[0m 读取附件内容成功 [3musecase[0m[2m=[0m"读取附件内容" [3madapter[0m[2m=[0m"http" [3moutcome[0m[2m=[0m"succeeded" [3mrequest_kind[0m[2m=[0m"附件内容读取" [3mattachment_id[0m[2m=[0m"att-cd5a0edf2c3f" [3msession_id[0m[2m=[0m"s-b8640d691e68"
[backend] [2m2026-04-19T08:56:13.5354076+08:00[0m [32m INFO[0m ThreadId(10) [2mkoko::shell::媒体资产外壳[0m[2m:[0m 读取附件内容成功 [3musecase[0m[2m=[0m"读取附件内容" [3madapter[0m[2m=[0m"http" [3moutcome[0m[2m=[0m"succeeded" [3mrequest_kind[0m[2m=[0m"附件内容读取" [3mattachment_id[0m[2m=[0m"att-97bd5f02f6c4" [3msession_id[0m[2m=[0m"s-b8640d691e68"
[backend] [2m2026-04-19T08:56:13.5493804+08:00[0m [32m INFO[0m ThreadId(06) [2mkoko::shell::媒体资产外壳[0m[2m:[0m HTTP 请求已受理 [3musecase[0m[2m=[0m"读取附件内容" [3madapter[0m[2m=[0m"http" [3moutcome[0m[2m=[0m"accepted" [3mrequest_kind[0m[2m=[0m"附件内容读取" [3mattachment_id[0m[2m=[0m"att-f46587b492aa" [3msession_id[0m[2m=[0m"s-b8640d691e68"
[backend] [2m2026-04-19T08:56:13.5649693+08:00[0m [32m INFO[0m ThreadId(06) [2mkoko::shell::媒体资产外壳[0m[2m:[0m 读取附件内容成功 [3musecase[0m[2m=[0m"读取附件内容" [3madapter[0m[2m=[0m"http" [3moutcome[0m[2m=[0m"succeeded" [3mrequest_kind[0m[2m=[0m"附件内容读取" [3mattachment_id[0m[2m=[0m"att-f46587b492aa" [3msession_id[0m[2m=[0m"s-b8640d691e68"
[backend] [2m2026-04-19T08:56:16.4770298+08:00[0m [32m INFO[0m ThreadId(10) [2mkoko::shell::媒体资产外壳[0m[2m:[0m HTTP 请求已受理 [3musecase[0m[2m=[0m"读取附件内容" [3madapter[0m[2m=[0m"http" [3moutcome[0m[2m=[0m"accepted" [3mrequest_kind[0m[2m=[0m"附件内容读取" [3mattachment_id[0m[2m=[0m"att-2ae1eb710ca9" [3msession_id[0m[2m=[0m"s-b8640d691e68"
[backend] [2m2026-04-19T08:56:16.4876187+08:00[0m [32m INFO[0m ThreadId(12) [2mkoko::shell::媒体资产外壳[0m[2m:[0m 读取附件内容成功 [3musecase[0m[2m=[0m"读取附件内容" [3madapter[0m[2m=[0m"http" [3moutcome[0m[2m=[0m"succeeded" [3mrequest_kind[0m[2m=[0m"附件内容读取" [3mattachment_id[0m[2m=[0m"att-2ae1eb710ca9" [3msession_id[0m[2m=[0m"s-b8640d691e68"
[backend] [2m2026-04-19T08:56:24.4356692+08:00[0m [32m INFO[0m ThreadId(10) [2mkoko::shell::媒体资产外壳[0m[2m:[0m HTTP 请求已受理 [3musecase[0m[2m=[0m"读取附件内容" [3madapter[0m[2m=[0m"http" [3moutcome[0m[2m=[0m"accepted" [3mrequest_kind[0m[2m=[0m"附件内容读取" [3mattachment_id[0m[2m=[0m"att-f46587b492aa" [3msession_id[0m[2m=[0m"s-b8640d691e68"
[backend] [2m2026-04-19T08:56:24.4475427+08:00[0m [32m INFO[0m ThreadId(06) [2mkoko::shell::媒体资产外壳[0m[2m:[0m 读取附件内容成功 [3musecase[0m[2m=[0m"读取附件内容" [3madapter[0m[2m=[0m"http" [3moutcome[0m[2m=[0m"succeeded" [3mrequest_kind[0m[2m=[0m"附件内容读取" [3mattachment_id[0m[2m=[0m"att-f46587b492aa" [3msession_id[0m[2m=[0m"s-b8640d691e68"
[backend] [2m2026-04-19T08:57:37.3207393+08:00[0m [32m INFO[0m ThreadId(06) [2mkoko::shell::房间外壳[0m[2m:[0m HTTP 请求已受理 [3musecase[0m[2m=[0m"引导匿名身份" [3madapter[0m[2m=[0m"http" [3moutcome[0m[2m=[0m"accepted" [3mrequest_kind[0m[2m=[0m"匿名身份引导"
[backend] [2m2026-04-19T08:57:37.3358636+08:00[0m [32m INFO[0m ThreadId(959) [2msqlx_core::pool::inner[0m[2m:[0m ping on idle connection returned error [3merror[0m[2m=[0merror communicating with database: 远程主机强迫关闭了一个现有的连接。 (os error 10054)
[backend] [2m2026-04-19T08:57:41.6964638+08:00[0m [33m WARN[0m ThreadId(06) [2mkoko::shell::房间外壳[0m[2m:[0m 引导匿名身份被拒绝 [3musecase[0m[2m=[0m"引导匿名身份" [3madapter[0m[2m=[0m"http" [3moutcome[0m[2m=[0m"rejected" [3mrequest_kind[0m[2m=[0m"匿名身份引导" [3merror_code[0m[2m=[0m"system_error"
[backend] [2m2026-04-19T08:57:54.7087451+08:00[0m [32m INFO[0m ThreadId(07) [2mkoko::shell::房间外壳[0m[2m:[0m HTTP 请求已受理 [3musecase[0m[2m=[0m"加载房间快照" [3madapter[0m[2m=[0m"http" [3moutcome[0m[2m=[0m"accepted" [3mrequest_kind[0m[2m=[0m"房间快照查询" [3mroom_id[0m[2m=[0m"r-3cdfd560046a" [3msession_id[0m[2m=[0m"s-e7c98262c769"
[backend] [2m2026-04-19T08:57:54.7120996+08:00[0m [32m INFO[0m ThreadId(962) [2msqlx_core::pool::inner[0m[2m:[0m ping on idle connection returned error [3merror[0m[2m=[0merror communicating with database: 远程主机强迫关闭了一个现有的连接。 (os error 10054)
[backend] [2m2026-04-19T08:57:54.8305437+08:00[0m [32m INFO[0m ThreadId(07) [2mkoko::shell::实时外壳[0m[2m:[0m realtime 连接认证已受理 [3musecase[0m[2m=[0m"实时连接认证" [3madapter[0m[2m=[0m"socketioxide" [3moutcome[0m[2m=[0m"accepted" [3msession_id[0m[2m=[0m"s-e7c98262c769"
[backend] [2m2026-04-19T08:57:54.8327043+08:00[0m [32m INFO[0m ThreadId(07) [2msqlx_core::pool::inner[0m[2m:[0m ping on idle connection returned error [3merror[0m[2m=[0merror communicating with database: 远程主机强迫关闭了一个现有的连接。 (os error 10054)
[backend] [2m2026-04-19T08:57:56.8737482+08:00[0m [32m INFO[0m ThreadId(963) [2msqlx_core::pool::inner[0m[2m:[0m ping on idle connection returned error [3merror[0m[2m=[0merror communicating with database: 远程主机强迫关闭了一个现有的连接。 (os error 10054)
[backend] [2m2026-04-19T08:57:57.245596+08:00[0m [33m WARN[0m ThreadId(07) [2mkoko::shell::房间外壳[0m[2m:[0m 加载房间快照被拒绝 [3musecase[0m[2m=[0m"加载房间快照" [3madapter[0m[2m=[0m"http" [3moutcome[0m[2m=[0m"rejected" [3mrequest_kind[0m[2m=[0m"房间快照查询" [3mroom_id[0m[2m=[0m"r-3cdfd560046a" [3msession_id[0m[2m=[0m"s-e7c98262c769" [3merror_code[0m[2m=[0m"system_error"
[backend] [2m2026-04-19T08:57:57.3399888+08:00[0m [31mERROR[0m ThreadId(06) [2mkoko::shell::实时外壳[0m[2m:[0m realtime 连接认证失败 [3musecase[0m[2m=[0m"实时连接认证" [3madapter[0m[2m=[0m"socketioxide" [3moutcome[0m[2m=[0m"failed" [3msession_id[0m[2m=[0m"s-e7c98262c769" [3merror_code[0m[2m=[0m"system_error"
[backend] [2m2026-04-19T08:57:58.0353003+08:00[0m [32m INFO[0m ThreadId(962) [2msqlx_core::pool::inner[0m[2m:[0m ping on idle connection returned error [3merror[0m[2m=[0merror communicating with database: 远程主机强迫关闭了一个现有的连接。 (os error 10054)
[backend] [2m2026-04-19T08:58:03.9905629+08:00[0m [32m INFO[0m ThreadId(962) [2msqlx_core::pool::inner[0m[2m:[0m ping on idle connection returned error [3merror[0m[2m=[0merror communicating with database: 远程主机强迫关闭了一个现有的连接。 (os error 10054)
[backend] [2m2026-04-19T08:58:08.6654868+08:00[0m [32m INFO[0m ThreadId(07) [2mkoko::shell::媒体资产外壳[0m[2m:[0m HTTP 请求已受理 [3musecase[0m[2m=[0m"读取附件内容" [3madapter[0m[2m=[0m"http" [3moutcome[0m[2m=[0m"accepted" [3mrequest_kind[0m[2m=[0m"附件内容读取" [3mattachment_id[0m[2m=[0m"att-961d957a1877" [3msession_id[0m[2m=[0m"s-e7c98262c769"
[backend] [2m2026-04-19T08:58:08.6670317+08:00[0m [32m INFO[0m ThreadId(07) [2mkoko::shell::媒体资产外壳[0m[2m:[0m HTTP 请求已受理 [3musecase[0m[2m=[0m"读取附件内容" [3madapter[0m[2m=[0m"http" [3moutcome[0m[2m=[0m"accepted" [3mrequest_kind[0m[2m=[0m"附件内容读取" [3mattachment_id[0m[2m=[0m"att-8d44cbfede62" [3msession_id[0m[2m=[0m"s-e7c98262c769"
[backend] [2m2026-04-19T08:58:08.6673059+08:00[0m [32m INFO[0m ThreadId(964) [2msqlx_core::pool::inner[0m[2m:[0m ping on idle connection returned error [3merror[0m[2m=[0merror communicating with database: 远程主机强迫关闭了一个现有的连接。 (os error 10054)
[backend] [2m2026-04-19T08:58:08.6677896+08:00[0m [32m INFO[0m ThreadId(965) [2msqlx_core::pool::inner[0m[2m:[0m ping on idle connection returned error [3merror[0m[2m=[0merror communicating with database: 远程主机强迫关闭了一个现有的连接。 (os error 10054)
[backend] [2m2026-04-19T08:58:08.668821+08:00[0m [32m INFO[0m ThreadId(07) [2mkoko::shell::媒体资产外壳[0m[2m:[0m HTTP 请求已受理 [3musecase[0m[2m=[0m"读取附件内容" [3madapter[0m[2m=[0m"http" [3moutcome[0m[2m=[0m"accepted" [3mrequest_kind[0m[2m=[0m"附件内容读取" [3mattachment_id[0m[2m=[0m"att-681e5b27b0c2" [3msession_id[0m[2m=[0m"s-e7c98262c769"
[backend] [2m2026-04-19T08:58:08.670263+08:00[0m [32m INFO[0m ThreadId(06) [2mkoko::shell::媒体资产外壳[0m[2m:[0m HTTP 请求已受理 [3musecase[0m[2m=[0m"读取附件内容" [3madapter[0m[2m=[0m"http" [3moutcome[0m[2m=[0m"accepted" [3mrequest_kind[0m[2m=[0m"附件内容读取" [3mattachment_id[0m[2m=[0m"att-ac7a1188a600" [3msession_id[0m[2m=[0m"s-e7c98262c769"
[backend] [2m2026-04-19T08:58:08.6705773+08:00[0m [32m INFO[0m ThreadId(10) [2mkoko::shell::媒体资产外壳[0m[2m:[0m HTTP 请求已受理 [3musecase[0m[2m=[0m"读取附件内容" [3madapter[0m[2m=[0m"http" [3moutcome[0m[2m=[0m"accepted" [3mrequest_kind[0m[2m=[0m"附件内容读取" [3mattachment_id[0m[2m=[0m"att-2d964b96c071" [3msession_id[0m[2m=[0m"s-e7c98262c769"
[backend] [2m2026-04-19T08:58:08.6707051+08:00[0m [32m INFO[0m ThreadId(966) [2msqlx_core::pool::inner[0m[2m:[0m ping on idle connection returned error [3merror[0m[2m=[0merror communicating with database: 远程主机强迫关闭了一个现有的连接。 (os error 10054)
[backend] [2m2026-04-19T08:58:08.6711927+08:00[0m [32m INFO[0m ThreadId(967) [2msqlx_core::pool::inner[0m[2m:[0m ping on idle connection returned error [3merror[0m[2m=[0merror communicating with database: 远程主机强迫关闭了一个现有的连接。 (os error 10054)
[backend] [2m2026-04-19T08:58:20.841279+08:00[0m [32m INFO[0m ThreadId(07) [2mkoko::shell::媒体资产外壳[0m[2m:[0m HTTP 请求已受理 [3musecase[0m[2m=[0m"读取附件内容" [3madapter[0m[2m=[0m"http" [3moutcome[0m[2m=[0m"accepted" [3mrequest_kind[0m[2m=[0m"附件内容读取" [3mattachment_id[0m[2m=[0m"att-8d44cbfede62" [3msession_id[0m[2m=[0m"s-e7c98262c769"
[backend] [2m2026-04-19T08:58:21.6053777+08:00[0m [32m INFO[0m ThreadId(10) [2mkoko::shell::房间外壳[0m[2m:[0m HTTP 请求已受理 [3musecase[0m[2m=[0m"引导匿名身份" [3madapter[0m[2m=[0m"http" [3moutcome[0m[2m=[0m"accepted" [3mrequest_kind[0m[2m=[0m"匿名身份引导"
[backend] [2m2026-04-19T08:58:23.6864603+08:00[0m [33m WARN[0m ThreadId(10) [2mkoko::shell::媒体资产外壳[0m[2m:[0m 读取附件内容被拒绝 [3musecase[0m[2m=[0m"读取附件内容" [3madapter[0m[2m=[0m"http" [3moutcome[0m[2m=[0m"rejected" [3mrequest_kind[0m[2m=[0m"附件内容读取" [3mattachment_id[0m[2m=[0m"att-8d44cbfede62" [3msession_id[0m[2m=[0m"s-e7c98262c769" [3merror_code[0m[2m=[0m"system_error"
[backend] [2m2026-04-19T08:58:26.8855563+08:00[0m [31mERROR[0m ThreadId(10) [2mkoko::entry[0m[2m:[0m 后台媒体冷源清理失败 [3musecase[0m[2m=[0m"媒体冷源清理" [3madapter[0m[2m=[0m"entry" [3moutcome[0m[2m=[0m"failed" [3merror[0m[2m=[0m查询待清理媒体冷源失败: 系统错误
[backend] [2m2026-04-19T08:58:38.4733024+08:00[0m [33m WARN[0m ThreadId(07) [2mkoko::shell::房间外壳[0m[2m:[0m 引导匿名身份被拒绝 [3musecase[0m[2m=[0m"引导匿名身份" [3madapter[0m[2m=[0m"http" [3moutcome[0m[2m=[0m"rejected" [3mrequest_kind[0m[2m=[0m"匿名身份引导" [3merror_code[0m[2m=[0m"system_error"
[backend] [2m2026-04-19T08:58:38.5761717+08:00[0m [32m INFO[0m ThreadId(06) [2mkoko::shell::房间外壳[0m[2m:[0m HTTP 请求已受理 [3musecase[0m[2m=[0m"加载房间快照" [3madapter[0m[2m=[0m"http" [3moutcome[0m[2m=[0m"accepted" [3mrequest_kind[0m[2m=[0m"房间快照查询" [3mroom_id[0m[2m=[0m"r-3cdfd560046a" [3msession_id[0m[2m=[0m"s-e7c98262c769"
[backend] [2m2026-04-19T08:58:38.62473+08:00[0m [32m INFO[0m ThreadId(06) [2mkoko::shell::实时外壳[0m[2m:[0m realtime 连接认证已受理 [3musecase[0m[2m=[0m"实时连接认证" [3madapter[0m[2m=[0m"socketioxide" [3moutcome[0m[2m=[0m"accepted" [3msession_id[0m[2m=[0m"s-e7c98262c769"
[backend] [2m2026-04-19T08:58:56.9160838+08:00[0m [31mERROR[0m ThreadId(06) [2mkoko::entry[0m[2m:[0m 后台上传残留清理失败 [3musecase[0m[2m=[0m"上传残留清理" [3madapter[0m[2m=[0m"entry" [3moutcome[0m[2m=[0m"failed" [3merror[0m[2m=[0m查询待清理上传残留失败: 系统错误
[backend] [2m2026-04-19T08:59:08.5896293+08:00[0m [33m WARN[0m ThreadId(06) [2mkoko::shell::房间外壳[0m[2m:[0m 加载房间快照被拒绝 [3musecase[0m[2m=[0m"加载房间快照" [3madapter[0m[2m=[0m"http" [3moutcome[0m[2m=[0m"rejected" [3mrequest_kind[0m[2m=[0m"房间快照查询" [3mroom_id[0m[2m=[0m"r-3cdfd560046a" [3msession_id[0m[2m=[0m"s-e7c98262c769" [3merror_code[0m[2m=[0m"system_error"
[backend] [2m2026-04-19T08:59:08.6345377+08:00[0m [31mERROR[0m ThreadId(07) [2mkoko::shell::实时外壳[0m[2m:[0m realtime 连接认证失败 [3musecase[0m[2m=[0m"实时连接认证" [3madapter[0m[2m=[0m"socketioxide" [3moutcome[0m[2m=[0m"failed" [3msession_id[0m[2m=[0m"s-e7c98262c769" [3merror_code[0m[2m=[0m"system_error"
[backend] [2m2026-04-19T08:59:08.6709777+08:00[0m [32m INFO[0m ThreadId(06) [2mkoko::shell::媒体资产外壳[0m[2m:[0m HTTP 请求已受理 [3musecase[0m[2m=[0m"读取附件内容" [3madapter[0m[2m=[0m"http" [3moutcome[0m[2m=[0m"accepted" [3mrequest_kind[0m[2m=[0m"附件内容读取" [3mattachment_id[0m[2m=[0m"att-961d957a1877" [3msession_id[0m[2m=[0m"s-e7c98262c769"
[backend] [2m2026-04-19T08:59:08.6755034+08:00[0m [32m INFO[0m ThreadId(06) [2mkoko::shell::媒体资产外壳[0m[2m:[0m HTTP 请求已受理 [3musecase[0m[2m=[0m"读取附件内容" [3madapter[0m[2m=[0m"http" [3moutcome[0m[2m=[0m"accepted" [3mrequest_kind[0m[2m=[0m"附件内容读取" [3mattachment_id[0m[2m=[0m"att-8d44cbfede62" [3msession_id[0m[2m=[0m"s-e7c98262c769"
[backend] [2m2026-04-19T08:59:08.677868+08:00[0m [32m INFO[0m ThreadId(07) [2mkoko::shell::媒体资产外壳[0m[2m:[0m HTTP 请求已受理 [3musecase[0m[2m=[0m"读取附件内容" [3madapter[0m[2m=[0m"http" [3moutcome[0m[2m=[0m"accepted" [3mrequest_kind[0m[2m=[0m"附件内容读取" [3mattachment_id[0m[2m=[0m"att-2d964b96c071" [3msession_id[0m[2m=[0m"s-e7c98262c769"
[backend] [2m2026-04-19T08:59:08.682476+08:00[0m [32m INFO[0m ThreadId(07) [2mkoko::shell::媒体资产外壳[0m[2m:[0m HTTP 请求已受理 [3musecase[0m[2m=[0m"读取附件内容" [3madapter[0m[2m=[0m"http" [3moutcome[0m[2m=[0m"accepted" [3mrequest_kind[0m[2m=[0m"附件内容读取" [3mattachment_id[0m[2m=[0m"att-681e5b27b0c2" [3msession_id[0m[2m=[0m"s-e7c98262c769"
[backend] [2m2026-04-19T08:59:08.6876221+08:00[0m [32m INFO[0m ThreadId(06) [2mkoko::shell::媒体资产外壳[0m[2m:[0m HTTP 请求已受理 [3musecase[0m[2m=[0m"读取附件内容" [3madapter[0m[2m=[0m"http" [3moutcome[0m[2m=[0m"accepted" [3mrequest_kind[0m[2m=[0m"附件内容读取" [3mattachment_id[0m[2m=[0m"att-ac7a1188a600" [3msession_id[0m[2m=[0m"s-e7c98262c769"
[backend] [2m2026-04-19T08:59:08.6910753+08:00[0m [32m INFO[0m ThreadId(06) [2mkoko::shell::媒体资产外壳[0m[2m:[0m HTTP 请求已受理 [3musecase[0m[2m=[0m"读取附件内容" [3madapter[0m[2m=[0m"http" [3moutcome[0m[2m=[0m"accepted" [3mrequest_kind[0m[2m=[0m"附件内容读取" [3mattachment_id[0m[2m=[0m"att-3a48c8f47757" [3msession_id[0m[2m=[0m"s-e7c98262c769"
[backend] [2m2026-04-19T08:59:26.9253598+08:00[0m [31mERROR[0m ThreadId(07) [2mkoko::entry[0m[2m:[0m 后台媒体冷源清理失败 [3musecase[0m[2m=[0m"媒体冷源清理" [3madapter[0m[2m=[0m"entry" [3moutcome[0m[2m=[0m"failed" [3merror[0m[2m=[0m查询待清理媒体冷源失败: 系统错误
[backend] [2m2026-04-19T08:59:29.741456+08:00[0m [32m INFO[0m ThreadId(06) [2mkoko::shell::媒体资产外壳[0m[2m:[0m HTTP 请求已受理 [3musecase[0m[2m=[0m"读取附件内容" [3madapter[0m[2m=[0m"http" [3moutcome[0m[2m=[0m"accepted" [3mrequest_kind[0m[2m=[0m"附件内容读取" [3mattachment_id[0m[2m=[0m"att-89421b5102e1" [3msession_id[0m[2m=[0m"s-e7c98262c769"
[backend] [2m2026-04-19T08:59:30.4479614+08:00[0m [32m INFO[0m ThreadId(11) [2mkoko::shell::房间外壳[0m[2m:[0m HTTP 请求已受理 [3musecase[0m[2m=[0m"引导匿名身份" [3madapter[0m[2m=[0m"http" [3moutcome[0m[2m=[0m"accepted" [3mrequest_kind[0m[2m=[0m"匿名身份引导"
[backend] [2m2026-04-19T08:59:36.8478182+08:00[0m [33m WARN[0m ThreadId(10) [2mkoko::shell::房间外壳[0m[2m:[0m 引导匿名身份被拒绝 [3musecase[0m[2m=[0m"引导匿名身份" [3madapter[0m[2m=[0m"http" [3moutcome[0m[2m=[0m"rejected" [3mrequest_kind[0m[2m=[0m"匿名身份引导" [3merror_code[0m[2m=[0m"system_error"
[backend] [2m2026-04-19T08:59:42.7090661+08:00[0m [33m WARN[0m ThreadId(982) [2msqlx::pool::acquire[0m[2m:[0m acquired connection, but time to acquire exceeded slow threshold [3maquired_after_secs[0m[2m=[0m12.9657828 [3mslow_acquire_threshold_secs[0m[2m=[0m2.0
[backend] [2m2026-04-19T08:59:42.7090661+08:00[0m [33m WARN[0m ThreadId(983) [2msqlx::pool::acquire[0m[2m:[0m acquired connection, but time to acquire exceeded slow threshold [3maquired_after_secs[0m[2m=[0m12.9634098 [3mslow_acquire_threshold_secs[0m[2m=[0m2.0
[backend] [2m2026-04-19T08:59:47.0084201+08:00[0m [31mERROR[0m ThreadId(07) [2mkoko::entry[0m[2m:[0m 后台上传残留清理失败 [3musecase[0m[2m=[0m"上传残留清理" [3madapter[0m[2m=[0m"entry" [3moutcome[0m[2m=[0m"failed" [3merror[0m[2m=[0m查询待清理上传残留失败: 系统错误
[backend] [2m2026-04-19T08:59:56.927815+08:00[0m [32m INFO[0m ThreadId(974) [2msqlx_core::pool::inner[0m[2m:[0m ping on idle connection returned error [3merror[0m[2m=[0merror communicating with database: 远程主机强迫关闭了一个现有的连接。 (os error 10054)
[backend] [2m2026-04-19T08:59:57.4045838+08:00[0m [32m INFO[0m ThreadId(965) [2msqlx_core::pool::inner[0m[2m:[0m ping on idle connection returned error [3merror[0m[2m=[0merror communicating with database: 远程主机强迫关闭了一个现有的连接。 (os error 10054)
[backend] [2m2026-04-19T09:00:13.1465088+08:00[0m [32m INFO[0m ThreadId(11) [2mkoko::shell::房间外壳[0m[2m:[0m HTTP 请求已受理 [3musecase[0m[2m=[0m"引导匿名身份" [3madapter[0m[2m=[0m"http" [3moutcome[0m[2m=[0m"accepted" [3mrequest_kind[0m[2m=[0m"匿名身份引导"
[backend] [2m2026-04-19T09:00:14.232695+08:00[0m [33m WARN[0m ThreadId(11) [2mkoko::shell::房间外壳[0m[2m:[0m 引导匿名身份被拒绝 [3musecase[0m[2m=[0m"引导匿名身份" [3madapter[0m[2m=[0m"http" [3moutcome[0m[2m=[0m"rejected" [3mrequest_kind[0m[2m=[0m"匿名身份引导" [3merror_code[0m[2m=[0m"system_error"
[backend] [2m2026-04-19T09:00:22.628082+08:00[0m [32m INFO[0m ThreadId(11) [2mkoko::shell::房间外壳[0m[2m:[0m HTTP 请求已受理 [3musecase[0m[2m=[0m"加载房间快照" [3madapter[0m[2m=[0m"http" [3moutcome[0m[2m=[0m"accepted" [3mrequest_kind[0m[2m=[0m"房间快照查询" [3mroom_id[0m[2m=[0m"r-3cdfd560046a" [3msession_id[0m[2m=[0m"s-e7c98262c769"
[backend] [2m2026-04-19T09:00:22.660181+08:00[0m [32m INFO[0m ThreadId(07) [2mkoko::shell::实时外壳[0m[2m:[0m realtime 连接认证已受理 [3musecase[0m[2m=[0m"实时连接认证" [3madapter[0m[2m=[0m"socketioxide" [3moutcome[0m[2m=[0m"accepted" [3msession_id[0m[2m=[0m"s-e7c98262c769"
[backend] [2m2026-04-19T09:00:25.0536013+08:00[0m [31mERROR[0m ThreadId(10) [2mkoko::shell::实时外壳[0m[2m:[0m realtime 连接认证失败 [3musecase[0m[2m=[0m"实时连接认证" [3madapter[0m[2m=[0m"socketioxide" [3moutcome[0m[2m=[0m"failed" [3msession_id[0m[2m=[0m"s-e7c98262c769" [3merror_code[0m[2m=[0m"system_error"
[backend] [2m2026-04-19T09:00:26.9421479+08:00[0m [31mERROR[0m ThreadId(05) [2mkoko::entry[0m[2m:[0m 后台媒体冷源清理失败 [3musecase[0m[2m=[0m"媒体冷源清理" [3madapter[0m[2m=[0m"entry" [3moutcome[0m[2m=[0m"failed" [3merror[0m[2m=[0m查询待清理媒体冷源失败: 系统错误
[backend] [2m2026-04-19T09:00:47.825168+08:00[0m [32m INFO[0m ThreadId(10) [2mkoko::shell::房间外壳[0m[2m:[0m HTTP 请求已受理 [3musecase[0m[2m=[0m"引导匿名身份" [3madapter[0m[2m=[0m"http" [3moutcome[0m[2m=[0m"accepted" [3mrequest_kind[0m[2m=[0m"匿名身份引导"
[backend] [2m2026-04-19T09:00:49.7093842+08:00[0m [32m INFO[0m ThreadId(05) [2mkoko::shell::房间外壳[0m[2m:[0m 引导匿名身份成功 [3musecase[0m[2m=[0m"引导匿名身份" [3madapter[0m[2m=[0m"http" [3moutcome[0m[2m=[0m"succeeded" [3mrequest_kind[0m[2m=[0m"匿名身份引导" [3msession_id[0m[2m=[0m"s-e7c98262c769"
[backend] [2m2026-04-19T09:00:49.7315961+08:00[0m [32m INFO[0m ThreadId(07) [2mkoko::shell::房间外壳[0m[2m:[0m HTTP 请求已受理 [3musecase[0m[2m=[0m"加载房间快照" [3madapter[0m[2m=[0m"http" [3moutcome[0m[2m=[0m"accepted" [3mrequest_kind[0m[2m=[0m"房间快照查询" [3mroom_id[0m[2m=[0m"r-3cdfd560046a" [3msession_id[0m[2m=[0m"s-e7c98262c769"
[backend] [2m2026-04-19T09:00:49.7483906+08:00[0m [32m INFO[0m ThreadId(05) [2mkoko::shell::实时外壳[0m[2m:[0m realtime 连接认证已受理 [3musecase[0m[2m=[0m"实时连接认证" [3madapter[0m[2m=[0m"socketioxide" [3moutcome[0m[2m=[0m"accepted" [3msession_id[0m[2m=[0m"s-e7c98262c769"
[backend] [2m2026-04-19T09:00:50.0564572+08:00[0m [32m INFO[0m ThreadId(10) [2mkoko::shell::实时外壳[0m[2m:[0m realtime 连接认证成功 [3musecase[0m[2m=[0m"实时连接认证" [3madapter[0m[2m=[0m"socketioxide" [3moutcome[0m[2m=[0m"succeeded" [3msession_id[0m[2m=[0m"s-e7c98262c769"
[backend] [2m2026-04-19T09:00:50.0709333+08:00[0m [32m INFO[0m ThreadId(10) [2mkoko::shell::实时外壳[0m[2m:[0m realtime 订阅请求已受理 [3musecase[0m[2m=[0m"订阅房间事件流" [3madapter[0m[2m=[0m"socketioxide" [3moutcome[0m[2m=[0m"accepted" [3mroom_id[0m[2m=[0m"r-3cdfd560046a" [3msession_id[0m[2m=[0m"s-e7c98262c769" [3mfrom[0m[2m=[0m0
[backend] [2m2026-04-19T09:00:50.1323298+08:00[0m [32m INFO[0m ThreadId(05) [2mkoko::shell::房间外壳[0m[2m:[0m 加载房间快照成功 [3musecase[0m[2m=[0m"加载房间快照" [3madapter[0m[2m=[0m"http" [3moutcome[0m[2m=[0m"succeeded" [3mrequest_kind[0m[2m=[0m"房间快照查询" [3mroom_id[0m[2m=[0m"r-3cdfd560046a" [3msession_id[0m[2m=[0m"s-e7c98262c769" [3mevent_position[0m[2m=[0m28
[backend] [2m2026-04-19T09:00:50.1384823+08:00[0m [32m INFO[0m ThreadId(07) [2mkoko::shell::实时外壳[0m[2m:[0m 订阅房间事件流成功 [3musecase[0m[2m=[0m"订阅房间事件流" [3madapter[0m[2m=[0m"socketioxide" [3moutcome[0m[2m=[0m"succeeded" [3mroom_id[0m[2m=[0m"r-3cdfd560046a" [3msession_id[0m[2m=[0m"s-e7c98262c769" [3mfrom[0m[2m=[0m0 [3mevent_position[0m[2m=[0m28
[backend] [2m2026-04-19T09:00:50.1967882+08:00[0m [32m INFO[0m ThreadId(10) [2mkoko::shell::实时外壳[0m[2m:[0m realtime 订阅请求已受理 [3musecase[0m[2m=[0m"订阅房间事件流" [3madapter[0m[2m=[0m"socketioxide" [3moutcome[0m[2m=[0m"accepted" [3mroom_id[0m[2m=[0m"r-3cdfd560046a" [3msession_id[0m[2m=[0m"s-e7c98262c769" [3mfrom[0m[2m=[0m28
[backend] [2m2026-04-19T09:00:50.2014484+08:00[0m [32m INFO[0m ThreadId(10) [2mkoko::shell::媒体资产外壳[0m[2m:[0m HTTP 请求已受理 [3musecase[0m[2m=[0m"读取附件内容" [3madapter[0m[2m=[0m"http" [3moutcome[0m[2m=[0m"accepted" [3mrequest_kind[0m[2m=[0m"附件内容读取" [3mattachment_id[0m[2m=[0m"att-961d957a1877" [3msession_id[0m[2m=[0m"s-e7c98262c769"
[backend] [2m2026-04-19T09:00:50.205039+08:00[0m [32m INFO[0m ThreadId(10) [2mkoko::shell::媒体资产外壳[0m[2m:[0m HTTP 请求已受理 [3musecase[0m[2m=[0m"读取附件内容" [3madapter[0m[2m=[0m"http" [3moutcome[0m[2m=[0m"accepted" [3mrequest_kind[0m[2m=[0m"附件内容读取" [3mattachment_id[0m[2m=[0m"att-8d44cbfede62" [3msession_id[0m[2m=[0m"s-e7c98262c769"
[backend] [2m2026-04-19T09:00:50.2071265+08:00[0m [32m INFO[0m ThreadId(05) [2mkoko::shell::媒体资产外壳[0m[2m:[0m HTTP 请求已受理 [3musecase[0m[2m=[0m"读取附件内容" [3madapter[0m[2m=[0m"http" [3moutcome[0m[2m=[0m"accepted" [3mrequest_kind[0m[2m=[0m"附件内容读取" [3mattachment_id[0m[2m=[0m"att-2d964b96c071" [3msession_id[0m[2m=[0m"s-e7c98262c769"
[backend] [2m2026-04-19T09:00:50.2108251+08:00[0m [32m INFO[0m ThreadId(12) [2mkoko::shell::媒体资产外壳[0m[2m:[0m HTTP 请求已受理 [3musecase[0m[2m=[0m"读取附件内容" [3madapter[0m[2m=[0m"http" [3moutcome[0m[2m=[0m"accepted" [3mrequest_kind[0m[2m=[0m"附件内容读取" [3mattachment_id[0m[2m=[0m"att-681e5b27b0c2" [3msession_id[0m[2m=[0m"s-e7c98262c769"
[backend] [2m2026-04-19T09:00:50.211558+08:00[0m [32m INFO[0m ThreadId(07) [2mkoko::shell::媒体资产外壳[0m[2m:[0m HTTP 请求已受理 [3musecase[0m[2m=[0m"读取附件内容" [3madapter[0m[2m=[0m"http" [3moutcome[0m[2m=[0m"accepted" [3mrequest_kind[0m[2m=[0m"附件内容读取" [3mattachment_id[0m[2m=[0m"att-ac7a1188a600" [3msession_id[0m[2m=[0m"s-e7c98262c769"
[backend] [2m2026-04-19T09:00:50.2432913+08:00[0m [32m INFO[0m ThreadId(07) [2mkoko::shell::媒体资产外壳[0m[2m:[0m HTTP 请求已受理 [3musecase[0m[2m=[0m"读取附件内容" [3madapter[0m[2m=[0m"http" [3moutcome[0m[2m=[0m"accepted" [3mrequest_kind[0m[2m=[0m"附件内容读取" [3mattachment_id[0m[2m=[0m"att-bdbf430c4928" [3msession_id[0m[2m=[0m"s-e7c98262c769"
[backend] [2m2026-04-19T09:00:50.3032068+08:00[0m [32m INFO[0m ThreadId(10) [2mkoko::shell::媒体资产外壳[0m[2m:[0m 读取附件内容成功 [3musecase[0m[2m=[0m"读取附件内容" [3madapter[0m[2m=[0m"http" [3moutcome[0m[2m=[0m"succeeded" [3mrequest_kind[0m[2m=[0m"附件内容读取" [3mattachment_id[0m[2m=[0m"att-bdbf430c4928" [3msession_id[0m[2m=[0m"s-e7c98262c769"
[backend] [2m2026-04-19T09:00:50.3032479+08:00[0m [32m INFO[0m ThreadId(07) [2mkoko::shell::媒体资产外壳[0m[2m:[0m 读取附件内容成功 [3musecase[0m[2m=[0m"读取附件内容" [3madapter[0m[2m=[0m"http" [3moutcome[0m[2m=[0m"succeeded" [3mrequest_kind[0m[2m=[0m"附件内容读取" [3mattachment_id[0m[2m=[0m"att-8d44cbfede62" [3msession_id[0m[2m=[0m"s-e7c98262c769"
[backend] [2m2026-04-19T09:00:50.3236585+08:00[0m [32m INFO[0m ThreadId(12) [2mkoko::shell::媒体资产外壳[0m[2m:[0m HTTP 请求已受理 [3musecase[0m[2m=[0m"读取附件内容" [3madapter[0m[2m=[0m"http" [3moutcome[0m[2m=[0m"accepted" [3mrequest_kind[0m[2m=[0m"附件内容读取" [3mattachment_id[0m[2m=[0m"att-fac5794f284f" [3msession_id[0m[2m=[0m"s-e7c98262c769"
[backend] [2m2026-04-19T09:00:50.3271996+08:00[0m [32m INFO[0m ThreadId(12) [2mkoko::shell::媒体资产外壳[0m[2m:[0m HTTP 请求已受理 [3musecase[0m[2m=[0m"读取附件内容" [3madapter[0m[2m=[0m"http" [3moutcome[0m[2m=[0m"accepted" [3mrequest_kind[0m[2m=[0m"附件内容读取" [3mattachment_id[0m[2m=[0m"att-9ffa539f6803" [3msession_id[0m[2m=[0m"s-e7c98262c769"
[backend] [2m2026-04-19T09:00:50.3529298+08:00[0m [32m INFO[0m ThreadId(12) [2mkoko::shell::媒体资产外壳[0m[2m:[0m 读取附件内容成功 [3musecase[0m[2m=[0m"读取附件内容" [3madapter[0m[2m=[0m"http" [3moutcome[0m[2m=[0m"succeeded" [3mrequest_kind[0m[2m=[0m"附件内容读取" [3mattachment_id[0m[2m=[0m"att-fac5794f284f" [3msession_id[0m[2m=[0m"s-e7c98262c769"
[backend] [2m2026-04-19T09:00:50.4207666+08:00[0m [32m INFO[0m ThreadId(12) [2mkoko::shell::媒体资产外壳[0m[2m:[0m HTTP 请求已受理 [3musecase[0m[2m=[0m"读取附件内容" [3madapter[0m[2m=[0m"http" [3moutcome[0m[2m=[0m"accepted" [3mrequest_kind[0m[2m=[0m"附件内容读取" [3mattachment_id[0m[2m=[0m"att-2ae1eb710ca9" [3msession_id[0m[2m=[0m"s-e7c98262c769"
[backend] [2m2026-04-19T09:00:50.4571708+08:00[0m [32m INFO[0m ThreadId(10) [2mkoko::shell::媒体资产外壳[0m[2m:[0m 读取附件内容成功 [3musecase[0m[2m=[0m"读取附件内容" [3madapter[0m[2m=[0m"http" [3moutcome[0m[2m=[0m"succeeded" [3mrequest_kind[0m[2m=[0m"附件内容读取" [3mattachment_id[0m[2m=[0m"att-2ae1eb710ca9" [3msession_id[0m[2m=[0m"s-e7c98262c769"
[backend] [2m2026-04-19T09:00:50.563116+08:00[0m [32m INFO[0m ThreadId(10) [2mkoko::shell::媒体资产外壳[0m[2m:[0m HTTP 请求已受理 [3musecase[0m[2m=[0m"读取附件内容" [3madapter[0m[2m=[0m"http" [3moutcome[0m[2m=[0m"accepted" [3mrequest_kind[0m[2m=[0m"附件内容读取" [3mattachment_id[0m[2m=[0m"att-cd5a0edf2c3f" [3msession_id[0m[2m=[0m"s-e7c98262c769"
[backend] [2m2026-04-19T09:00:50.601648+08:00[0m [32m INFO[0m ThreadId(10) [2mkoko::shell::媒体资产外壳[0m[2m:[0m 读取附件内容成功 [3musecase[0m[2m=[0m"读取附件内容" [3madapter[0m[2m=[0m"http" [3moutcome[0m[2m=[0m"succeeded" [3mrequest_kind[0m[2m=[0m"附件内容读取" [3mattachment_id[0m[2m=[0m"att-cd5a0edf2c3f" [3msession_id[0m[2m=[0m"s-e7c98262c769"
[backend] [2m2026-04-19T09:00:50.6296881+08:00[0m [32m INFO[0m ThreadId(12) [2mkoko::shell::媒体资产外壳[0m[2m:[0m HTTP 请求已受理 [3musecase[0m[2m=[0m"读取附件内容" [3madapter[0m[2m=[0m"http" [3moutcome[0m[2m=[0m"accepted" [3mrequest_kind[0m[2m=[0m"附件内容读取" [3mattachment_id[0m[2m=[0m"att-97bd5f02f6c4" [3msession_id[0m[2m=[0m"s-e7c98262c769"
[backend] [2m2026-04-19T09:00:50.673771+08:00[0m [32m INFO[0m ThreadId(07) [2mkoko::shell::媒体资产外壳[0m[2m:[0m 读取附件内容成功 [3musecase[0m[2m=[0m"读取附件内容" [3madapter[0m[2m=[0m"http" [3moutcome[0m[2m=[0m"succeeded" [3mrequest_kind[0m[2m=[0m"附件内容读取" [3mattachment_id[0m[2m=[0m"att-97bd5f02f6c4" [3msession_id[0m[2m=[0m"s-e7c98262c769"
[backend] [2m2026-04-19T09:00:50.6922489+08:00[0m [32m INFO[0m ThreadId(10) [2mkoko::shell::媒体资产外壳[0m[2m:[0m HTTP 请求已受理 [3musecase[0m[2m=[0m"读取附件内容" [3madapter[0m[2m=[0m"http" [3moutcome[0m[2m=[0m"accepted" [3mrequest_kind[0m[2m=[0m"附件内容读取" [3mattachment_id[0m[2m=[0m"att-f46587b492aa" [3msession_id[0m[2m=[0m"s-e7c98262c769"
[backend] [2m2026-04-19T09:00:50.7204598+08:00[0m [32m INFO[0m ThreadId(07) [2mkoko::shell::媒体资产外壳[0m[2m:[0m 读取附件内容成功 [3musecase[0m[2m=[0m"读取附件内容" [3madapter[0m[2m=[0m"http" [3moutcome[0m[2m=[0m"succeeded" [3mrequest_kind[0m[2m=[0m"附件内容读取" [3mattachment_id[0m[2m=[0m"att-f46587b492aa" [3msession_id[0m[2m=[0m"s-e7c98262c769"
[backend] [2m2026-04-19T09:00:50.8766492+08:00[0m [32m INFO[0m ThreadId(07) [2mkoko::shell::媒体资产外壳[0m[2m:[0m 读取附件内容成功 [3musecase[0m[2m=[0m"读取附件内容" [3madapter[0m[2m=[0m"http" [3moutcome[0m[2m=[0m"succeeded" [3mrequest_kind[0m[2m=[0m"附件内容读取" [3mattachment_id[0m[2m=[0m"att-681e5b27b0c2" [3msession_id[0m[2m=[0m"s-e7c98262c769"
[backend] [2m2026-04-19T09:00:50.8838756+08:00[0m [32m INFO[0m ThreadId(12) [2mkoko::shell::实时外壳[0m[2m:[0m 订阅房间事件流成功 [3musecase[0m[2m=[0m"订阅房间事件流" [3madapter[0m[2m=[0m"socketioxide" [3moutcome[0m[2m=[0m"succeeded" [3mroom_id[0m[2m=[0m"r-3cdfd560046a" [3msession_id[0m[2m=[0m"s-e7c98262c769" [3mfrom[0m[2m=[0m28 [3mevent_position[0m[2m=[0m28
[backend] [2m2026-04-19T09:00:50.9786342+08:00[0m [32m INFO[0m ThreadId(10) [2mkoko::shell::媒体资产外壳[0m[2m:[0m 读取附件内容成功 [3musecase[0m[2m=[0m"读取附件内容" [3madapter[0m[2m=[0m"http" [3moutcome[0m[2m=[0m"succeeded" [3mrequest_kind[0m[2m=[0m"附件内容读取" [3mattachment_id[0m[2m=[0m"att-9ffa539f6803" [3msession_id[0m[2m=[0m"s-e7c98262c769"
[backend] [2m2026-04-19T09:00:50.9802366+08:00[0m [32m INFO[0m ThreadId(07) [2mkoko::shell::媒体资产外壳[0m[2m:[0m 读取附件内容成功 [3musecase[0m[2m=[0m"读取附件内容" [3madapter[0m[2m=[0m"http" [3moutcome[0m[2m=[0m"succeeded" [3mrequest_kind[0m[2m=[0m"附件内容读取" [3mattachment_id[0m[2m=[0m"att-961d957a1877" [3msession_id[0m[2m=[0m"s-e7c98262c769"
[backend] [2m2026-04-19T09:00:50.9863168+08:00[0m [32m INFO[0m ThreadId(07) [2mkoko::shell::媒体资产外壳[0m[2m:[0m 读取附件内容成功 [3musecase[0m[2m=[0m"读取附件内容" [3madapter[0m[2m=[0m"http" [3moutcome[0m[2m=[0m"succeeded" [3mrequest_kind[0m[2m=[0m"附件内容读取" [3mattachment_id[0m[2m=[0m"att-ac7a1188a600" [3msession_id[0m[2m=[0m"s-e7c98262c769"
[backend] [2m2026-04-19T09:00:50.9883447+08:00[0m [32m INFO[0m ThreadId(07) [2mkoko::shell::媒体资产外壳[0m[2m:[0m 读取附件内容成功 [3musecase[0m[2m=[0m"读取附件内容" [3madapter[0m[2m=[0m"http" [3moutcome[0m[2m=[0m"succeeded" [3mrequest_kind[0m[2m=[0m"附件内容读取" [3mattachment_id[0m[2m=[0m"att-2d964b96c071" [3msession_id[0m[2m=[0m"s-e7c98262c769"
[backend] [2m2026-04-19T09:00:51.392736+08:00[0m [33m WARN[0m ThreadId(982) [2msqlx::pool::acquire[0m[2m:[0m acquired connection, but time to acquire exceeded slow threshold [3maquired_after_secs[0m[2m=[0m24.4493894 [3mslow_acquire_threshold_secs[0m[2m=[0m2.0
[backend] [2m2026-04-19T09:00:53.1537798+08:00[0m [32m INFO[0m ThreadId(05) [2mkoko::shell::房间外壳[0m[2m:[0m HTTP 请求已受理 [3musecase[0m[2m=[0m"推进房间阅读位置" [3madapter[0m[2m=[0m"http" [3moutcome[0m[2m=[0m"accepted" [3mrequest_kind[0m[2m=[0m"房间阅读位置推进" [3mroom_id[0m[2m=[0m"r-3cdfd560046a" [3msession_id[0m[2m=[0m"s-e7c98262c769" [3mevent_position[0m[2m=[0m26
[backend] [2m2026-04-19T09:00:53.194596+08:00[0m [32m INFO[0m ThreadId(07) [2mkoko::shell::房间外壳[0m[2m:[0m 推进房间阅读位置成功 [3musecase[0m[2m=[0m"推进房间阅读位置" [3madapter[0m[2m=[0m"http" [3moutcome[0m[2m=[0m"succeeded" [3mrequest_kind[0m[2m=[0m"房间阅读位置推进" [3mroom_id[0m[2m=[0m"r-3cdfd560046a" [3msession_id[0m[2m=[0m"s-e7c98262c769" [3mevent_position[0m[2m=[0m26
[backend] [2m2026-04-19T09:00:53.8307887+08:00[0m [32m INFO[0m ThreadId(10) [2mkoko::shell::房间外壳[0m[2m:[0m HTTP 请求已受理 [3musecase[0m[2m=[0m"推进房间阅读位置" [3madapter[0m[2m=[0m"http" [3moutcome[0m[2m=[0m"accepted" [3mrequest_kind[0m[2m=[0m"房间阅读位置推进" [3mroom_id[0m[2m=[0m"r-3cdfd560046a" [3msession_id[0m[2m=[0m"s-e7c98262c769" [3mevent_position[0m[2m=[0m27
[backend] [2m2026-04-19T09:00:53.8406853+08:00[0m [32m INFO[0m ThreadId(10) [2mkoko::shell::房间外壳[0m[2m:[0m 推进房间阅读位置成功 [3musecase[0m[2m=[0m"推进房间阅读位置" [3madapter[0m[2m=[0m"http" [3moutcome[0m[2m=[0m"succeeded" [3mrequest_kind[0m[2m=[0m"房间阅读位置推进" [3mroom_id[0m[2m=[0m"r-3cdfd560046a" [3msession_id[0m[2m=[0m"s-e7c98262c769" [3mevent_position[0m[2m=[0m27
[backend] [2m2026-04-19T09:00:54.351472+08:00[0m [32m INFO[0m ThreadId(07) [2mkoko::shell::房间外壳[0m[2m:[0m HTTP 请求已受理 [3musecase[0m[2m=[0m"推进房间阅读位置" [3madapter[0m[2m=[0m"http" [3moutcome[0m[2m=[0m"accepted" [3mrequest_kind[0m[2m=[0m"房间阅读位置推进" [3mroom_id[0m[2m=[0m"r-3cdfd560046a" [3msession_id[0m[2m=[0m"s-e7c98262c769" [3mevent_position[0m[2m=[0m28
[backend] [2m2026-04-19T09:00:54.360721+08:00[0m [32m INFO[0m ThreadId(07) [2mkoko::shell::房间外壳[0m[2m:[0m 推进房间阅读位置成功 [3musecase[0m[2m=[0m"推进房间阅读位置" [3madapter[0m[2m=[0m"http" [3moutcome[0m[2m=[0m"succeeded" [3mrequest_kind[0m[2m=[0m"房间阅读位置推进" [3mroom_id[0m[2m=[0m"r-3cdfd560046a" [3msession_id[0m[2m=[0m"s-e7c98262c769" [3mevent_position[0m[2m=[0m28
[backend] [2m2026-04-19T09:00:55.5369215+08:00[0m [32m INFO[0m ThreadId(07) [2mkoko::shell::媒体资产外壳[0m[2m:[0m HTTP 请求已受理 [3musecase[0m[2m=[0m"读取附件内容" [3madapter[0m[2m=[0m"http" [3moutcome[0m[2m=[0m"accepted" [3mrequest_kind[0m[2m=[0m"附件内容读取" [3mattachment_id[0m[2m=[0m"att-f46587b492aa" [3msession_id[0m[2m=[0m"s-e7c98262c769"
[backend] [2m2026-04-19T09:00:55.5499573+08:00[0m [32m INFO[0m ThreadId(07) [2mkoko::shell::媒体资产外壳[0m[2m:[0m 读取附件内容成功 [3musecase[0m[2m=[0m"读取附件内容" [3madapter[0m[2m=[0m"http" [3moutcome[0m[2m=[0m"succeeded" [3mrequest_kind[0m[2m=[0m"附件内容读取" [3mattachment_id[0m[2m=[0m"att-f46587b492aa" [3msession_id[0m[2m=[0m"s-e7c98262c769"
[backend] [2m2026-04-19T09:00:55.8310536+08:00[0m [32m INFO[0m ThreadId(05) [2mkoko::shell::媒体资产外壳[0m[2m:[0m HTTP 请求已受理 [3musecase[0m[2m=[0m"读取附件内容" [3madapter[0m[2m=[0m"http" [3moutcome[0m[2m=[0m"accepted" [3mrequest_kind[0m[2m=[0m"附件内容读取" [3mattachment_id[0m[2m=[0m"att-f46587b492aa" [3msession_id[0m[2m=[0m"s-e7c98262c769"
[backend] [2m2026-04-19T09:00:55.8322477+08:00[0m [32m INFO[0m ThreadId(05) [2mkoko::shell::媒体资产外壳[0m[2m:[0m HTTP 请求已受理 [3musecase[0m[2m=[0m"读取附件内容" [3madapter[0m[2m=[0m"http" [3moutcome[0m[2m=[0m"accepted" [3mrequest_kind[0m[2m=[0m"附件内容读取" [3mattachment_id[0m[2m=[0m"att-f46587b492aa" [3msession_id[0m[2m=[0m"s-e7c98262c769"
[backend] [2m2026-04-19T09:00:55.8468942+08:00[0m [32m INFO[0m ThreadId(05) [2mkoko::shell::媒体资产外壳[0m[2m:[0m 读取附件内容成功 [3musecase[0m[2m=[0m"读取附件内容" [3madapter[0m[2m=[0m"http" [3moutcome[0m[2m=[0m"succeeded" [3mrequest_kind[0m[2m=[0m"附件内容读取" [3mattachment_id[0m[2m=[0m"att-f46587b492aa" [3msession_id[0m[2m=[0m"s-e7c98262c769"
[backend] [2m2026-04-19T09:00:55.8548782+08:00[0m [32m INFO[0m ThreadId(10) [2mkoko::shell::媒体资产外壳[0m[2m:[0m 读取附件内容成功 [3musecase[0m[2m=[0m"读取附件内容" [3madapter[0m[2m=[0m"http" [3moutcome[0m[2m=[0m"succeeded" [3mrequest_kind[0m[2m=[0m"附件内容读取" [3mattachment_id[0m[2m=[0m"att-f46587b492aa" [3msession_id[0m[2m=[0m"s-e7c98262c769"
[backend] [2m2026-04-19T09:00:56.153815+08:00[0m [32m INFO[0m ThreadId(05) [2mkoko::shell::媒体资产外壳[0m[2m:[0m HTTP 请求已受理 [3musecase[0m[2m=[0m"读取附件内容" [3madapter[0m[2m=[0m"http" [3moutcome[0m[2m=[0m"accepted" [3mrequest_kind[0m[2m=[0m"附件内容读取" [3mattachment_id[0m[2m=[0m"att-f46587b492aa" [3msession_id[0m[2m=[0m"s-e7c98262c769"
[backend] [2m2026-04-19T09:00:56.1552817+08:00[0m [32m INFO[0m ThreadId(05) [2mkoko::shell::媒体资产外壳[0m[2m:[0m HTTP 请求已受理 [3musecase[0m[2m=[0m"读取附件内容" [3madapter[0m[2m=[0m"http" [3moutcome[0m[2m=[0m"accepted" [3mrequest_kind[0m[2m=[0m"附件内容读取" [3mattachment_id[0m[2m=[0m"att-f46587b492aa" [3msession_id[0m[2m=[0m"s-e7c98262c769"
[backend] [2m2026-04-19T09:00:56.1558542+08:00[0m [32m INFO[0m ThreadId(06) [2mkoko::shell::媒体资产外壳[0m[2m:[0m HTTP 请求已受理 [3musecase[0m[2m=[0m"读取附件内容" [3madapter[0m[2m=[0m"http" [3moutcome[0m[2m=[0m"accepted" [3mrequest_kind[0m[2m=[0m"附件内容读取" [3mattachment_id[0m[2m=[0m"att-f46587b492aa" [3msession_id[0m[2m=[0m"s-e7c98262c769"
[backend] [2m2026-04-19T09:00:56.1722221+08:00[0m [32m INFO[0m ThreadId(06) [2mkoko::shell::媒体资产外壳[0m[2m:[0m 读取附件内容成功 [3musecase[0m[2m=[0m"读取附件内容" [3madapter[0m[2m=[0m"http" [3moutcome[0m[2m=[0m"succeeded" [3mrequest_kind[0m[2m=[0m"附件内容读取" [3mattachment_id[0m[2m=[0m"att-f46587b492aa" [3msession_id[0m[2m=[0m"s-e7c98262c769"
[backend] [2m2026-04-19T09:00:56.1722923+08:00[0m [32m INFO[0m ThreadId(05) [2mkoko::shell::媒体资产外壳[0m[2m:[0m 读取附件内容成功 [3musecase[0m[2m=[0m"读取附件内容" [3madapter[0m[2m=[0m"http" [3moutcome[0m[2m=[0m"succeeded" [3mrequest_kind[0m[2m=[0m"附件内容读取" [3mattachment_id[0m[2m=[0m"att-f46587b492aa" [3msession_id[0m[2m=[0m"s-e7c98262c769"
[backend] [2m2026-04-19T09:00:56.1722921+08:00[0m [32m INFO[0m ThreadId(07) [2mkoko::shell::媒体资产外壳[0m[2m:[0m 读取附件内容成功 [3musecase[0m[2m=[0m"读取附件内容" [3madapter[0m[2m=[0m"http" [3moutcome[0m[2m=[0m"succeeded" [3mrequest_kind[0m[2m=[0m"附件内容读取" [3mattachment_id[0m[2m=[0m"att-f46587b492aa" [3msession_id[0m[2m=[0m"s-e7c98262c769"
[backend] [2m2026-04-19T09:00:56.494503+08:00[0m [32m INFO[0m ThreadId(10) [2mkoko::shell::媒体资产外壳[0m[2m:[0m HTTP 请求已受理 [3musecase[0m[2m=[0m"读取附件内容" [3madapter[0m[2m=[0m"http" [3moutcome[0m[2m=[0m"accepted" [3mrequest_kind[0m[2m=[0m"附件内容读取" [3mattachment_id[0m[2m=[0m"att-f46587b492aa" [3msession_id[0m[2m=[0m"s-e7c98262c769"
[backend] [2m2026-04-19T09:00:56.4963533+08:00[0m [32m INFO[0m ThreadId(10) [2mkoko::shell::媒体资产外壳[0m[2m:[0m HTTP 请求已受理 [3musecase[0m[2m=[0m"读取附件内容" [3madapter[0m[2m=[0m"http" [3moutcome[0m[2m=[0m"accepted" [3mrequest_kind[0m[2m=[0m"附件内容读取" [3mattachment_id[0m[2m=[0m"att-f46587b492aa" [3msession_id[0m[2m=[0m"s-e7c98262c769"
[backend] [2m2026-04-19T09:00:56.49778+08:00[0m [32m INFO[0m ThreadId(10) [2mkoko::shell::媒体资产外壳[0m[2m:[0m HTTP 请求已受理 [3musecase[0m[2m=[0m"读取附件内容" [3madapter[0m[2m=[0m"http" [3moutcome[0m[2m=[0m"accepted" [3mrequest_kind[0m[2m=[0m"附件内容读取" [3mattachment_id[0m[2m=[0m"att-f46587b492aa" [3msession_id[0m[2m=[0m"s-e7c98262c769"
[backend] [2m2026-04-19T09:00:56.4981046+08:00[0m [32m INFO[0m ThreadId(06) [2mkoko::shell::媒体资产外壳[0m[2m:[0m HTTP 请求已受理 [3musecase[0m[2m=[0m"读取附件内容" [3madapter[0m[2m=[0m"http" [3moutcome[0m[2m=[0m"accepted" [3mrequest_kind[0m[2m=[0m"附件内容读取" [3mattachment_id[0m[2m=[0m"att-f46587b492aa" [3msession_id[0m[2m=[0m"s-e7c98262c769"
[backend] [2m2026-04-19T09:00:56.5146662+08:00[0m [32m INFO[0m ThreadId(10) [2mkoko::shell::媒体资产外壳[0m[2m:[0m 读取附件内容成功 [3musecase[0m[2m=[0m"读取附件内容" [3madapter[0m[2m=[0m"http" [3moutcome[0m[2m=[0m"succeeded" [3mrequest_kind[0m[2m=[0m"附件内容读取" [3mattachment_id[0m[2m=[0m"att-f46587b492aa" [3msession_id[0m[2m=[0m"s-e7c98262c769"
[backend] [2m2026-04-19T09:00:56.5146569+08:00[0m [32m INFO[0m ThreadId(07) [2mkoko::shell::媒体资产外壳[0m[2m:[0m 读取附件内容成功 [3musecase[0m[2m=[0m"读取附件内容" [3madapter[0m[2m=[0m"http" [3moutcome[0m[2m=[0m"succeeded" [3mrequest_kind[0m[2m=[0m"附件内容读取" [3mattachment_id[0m[2m=[0m"att-f46587b492aa" [3msession_id[0m[2m=[0m"s-e7c98262c769"
[backend] [2m2026-04-19T09:00:56.5147004+08:00[0m [32m INFO[0m ThreadId(12) [2mkoko::shell::媒体资产外壳[0m[2m:[0m 读取附件内容成功 [3musecase[0m[2m=[0m"读取附件内容" [3madapter[0m[2m=[0m"http" [3moutcome[0m[2m=[0m"succeeded" [3mrequest_kind[0m[2m=[0m"附件内容读取" [3mattachment_id[0m[2m=[0m"att-f46587b492aa" [3msession_id[0m[2m=[0m"s-e7c98262c769"
[backend] [2m2026-04-19T09:00:56.5255346+08:00[0m [32m INFO[0m ThreadId(10) [2mkoko::shell::媒体资产外壳[0m[2m:[0m 读取附件内容成功 [3musecase[0m[2m=[0m"读取附件内容" [3madapter[0m[2m=[0m"http" [3moutcome[0m[2m=[0m"succeeded" [3mrequest_kind[0m[2m=[0m"附件内容读取" [3mattachment_id[0m[2m=[0m"att-f46587b492aa" [3msession_id[0m[2m=[0m"s-e7c98262c769"
[backend] [2m2026-04-19T09:00:56.5575544+08:00[0m [32m INFO[0m ThreadId(06) [2mkoko::shell::媒体资产外壳[0m[2m:[0m HTTP 请求已受理 [3musecase[0m[2m=[0m"读取附件内容" [3madapter[0m[2m=[0m"http" [3moutcome[0m[2m=[0m"accepted" [3mrequest_kind[0m[2m=[0m"附件内容读取" [3mattachment_id[0m[2m=[0m"att-f46587b492aa" [3msession_id[0m[2m=[0m"s-e7c98262c769"
[backend] [2m2026-04-19T09:00:56.5605501+08:00[0m [32m INFO[0m ThreadId(06) [2mkoko::shell::媒体资产外壳[0m[2m:[0m HTTP 请求已受理 [3musecase[0m[2m=[0m"读取附件内容" [3madapter[0m[2m=[0m"http" [3moutcome[0m[2m=[0m"accepted" [3mrequest_kind[0m[2m=[0m"附件内容读取" [3mattachment_id[0m[2m=[0m"att-f46587b492aa" [3msession_id[0m[2m=[0m"s-e7c98262c769"
[backend] [2m2026-04-19T09:00:56.6055278+08:00[0m [32m INFO[0m ThreadId(06) [2mkoko::shell::媒体资产外壳[0m[2m:[0m 读取附件内容成功 [3musecase[0m[2m=[0m"读取附件内容" [3madapter[0m[2m=[0m"http" [3moutcome[0m[2m=[0m"succeeded" [3mrequest_kind[0m[2m=[0m"附件内容读取" [3mattachment_id[0m[2m=[0m"att-f46587b492aa" [3msession_id[0m[2m=[0m"s-e7c98262c769"
[backend] [2m2026-04-19T09:00:56.6057006+08:00[0m [32m INFO[0m ThreadId(07) [2mkoko::shell::媒体资产外壳[0m[2m:[0m 读取附件内容成功 [3musecase[0m[2m=[0m"读取附件内容" [3madapter[0m[2m=[0m"http" [3moutcome[0m[2m=[0m"succeeded" [3mrequest_kind[0m[2m=[0m"附件内容读取" [3mattachment_id[0m[2m=[0m"att-f46587b492aa" [3msession_id[0m[2m=[0m"s-e7c98262c769"
[backend] [2m2026-04-19T09:00:56.8395686+08:00[0m [32m INFO[0m ThreadId(10) [2mkoko::shell::媒体资产外壳[0m[2m:[0m HTTP 请求已受理 [3musecase[0m[2m=[0m"读取附件内容" [3madapter[0m[2m=[0m"http" [3moutcome[0m[2m=[0m"accepted" [3mrequest_kind[0m[2m=[0m"附件内容读取" [3mattachment_id[0m[2m=[0m"att-f46587b492aa" [3msession_id[0m[2m=[0m"s-e7c98262c769"
[backend] [2m2026-04-19T09:00:56.8409659+08:00[0m [32m INFO[0m ThreadId(10) [2mkoko::shell::媒体资产外壳[0m[2m:[0m HTTP 请求已受理 [3musecase[0m[2m=[0m"读取附件内容" [3madapter[0m[2m=[0m"http" [3moutcome[0m[2m=[0m"accepted" [3mrequest_kind[0m[2m=[0m"附件内容读取" [3mattachment_id[0m[2m=[0m"att-f46587b492aa" [3msession_id[0m[2m=[0m"s-e7c98262c769"
[backend] [2m2026-04-19T09:00:56.8424433+08:00[0m [32m INFO[0m ThreadId(10) [2mkoko::shell::媒体资产外壳[0m[2m:[0m HTTP 请求已受理 [3musecase[0m[2m=[0m"读取附件内容" [3madapter[0m[2m=[0m"http" [3moutcome[0m[2m=[0m"accepted" [3mrequest_kind[0m[2m=[0m"附件内容读取" [3mattachment_id[0m[2m=[0m"att-f46587b492aa" [3msession_id[0m[2m=[0m"s-e7c98262c769"
[backend] [2m2026-04-19T09:00:56.8424434+08:00[0m [32m INFO[0m ThreadId(06) [2mkoko::shell::媒体资产外壳[0m[2m:[0m HTTP 请求已受理 [3musecase[0m[2m=[0m"读取附件内容" [3madapter[0m[2m=[0m"http" [3moutcome[0m[2m=[0m"accepted" [3mrequest_kind[0m[2m=[0m"附件内容读取" [3mattachment_id[0m[2m=[0m"att-f46587b492aa" [3msession_id[0m[2m=[0m"s-e7c98262c769"
[backend] [2m2026-04-19T09:00:56.8601132+08:00[0m [32m INFO[0m ThreadId(10) [2mkoko::shell::媒体资产外壳[0m[2m:[0m 读取附件内容成功 [3musecase[0m[2m=[0m"读取附件内容" [3madapter[0m[2m=[0m"http" [3moutcome[0m[2m=[0m"succeeded" [3mrequest_kind[0m[2m=[0m"附件内容读取" [3mattachment_id[0m[2m=[0m"att-f46587b492aa" [3msession_id[0m[2m=[0m"s-e7c98262c769"
[backend] [2m2026-04-19T09:00:56.8600765+08:00[0m [32m INFO[0m ThreadId(12) [2mkoko::shell::媒体资产外壳[0m[2m:[0m 读取附件内容成功 [3musecase[0m[2m=[0m"读取附件内容" [3madapter[0m[2m=[0m"http" [3moutcome[0m[2m=[0m"succeeded" [3mrequest_kind[0m[2m=[0m"附件内容读取" [3mattachment_id[0m[2m=[0m"att-f46587b492aa" [3msession_id[0m[2m=[0m"s-e7c98262c769"
[backend] [2m2026-04-19T09:00:56.8600955+08:00[0m [32m INFO[0m ThreadId(05) [2mkoko::shell::媒体资产外壳[0m[2m:[0m 读取附件内容成功 [3musecase[0m[2m=[0m"读取附件内容" [3madapter[0m[2m=[0m"http" [3moutcome[0m[2m=[0m"succeeded" [3mrequest_kind[0m[2m=[0m"附件内容读取" [3mattachment_id[0m[2m=[0m"att-f46587b492aa" [3msession_id[0m[2m=[0m"s-e7c98262c769"
[backend] [2m2026-04-19T09:00:56.8600955+08:00[0m [32m INFO[0m ThreadId(07) [2mkoko::shell::媒体资产外壳[0m[2m:[0m 读取附件内容成功 [3musecase[0m[2m=[0m"读取附件内容" [3madapter[0m[2m=[0m"http" [3moutcome[0m[2m=[0m"succeeded" [3mrequest_kind[0m[2m=[0m"附件内容读取" [3mattachment_id[0m[2m=[0m"att-f46587b492aa" [3msession_id[0m[2m=[0m"s-e7c98262c769"
[backend] [2m2026-04-19T09:00:56.8871986+08:00[0m [32m INFO[0m ThreadId(06) [2mkoko::shell::媒体资产外壳[0m[2m:[0m HTTP 请求已受理 [3musecase[0m[2m=[0m"读取附件内容" [3madapter[0m[2m=[0m"http" [3moutcome[0m[2m=[0m"accepted" [3mrequest_kind[0m[2m=[0m"附件内容读取" [3mattachment_id[0m[2m=[0m"att-f46587b492aa" [3msession_id[0m[2m=[0m"s-e7c98262c769"
[backend] [2m2026-04-19T09:00:56.9064959+08:00[0m [32m INFO[0m ThreadId(05) [2mkoko::shell::媒体资产外壳[0m[2m:[0m 读取附件内容成功 [3musecase[0m[2m=[0m"读取附件内容" [3madapter[0m[2m=[0m"http" [3moutcome[0m[2m=[0m"succeeded" [3mrequest_kind[0m[2m=[0m"附件内容读取" [3mattachment_id[0m[2m=[0m"att-f46587b492aa" [3msession_id[0m[2m=[0m"s-e7c98262c769"
[backend] [2m2026-04-19T09:00:56.9207987+08:00[0m [32m INFO[0m ThreadId(12) [2mkoko::shell::媒体资产外壳[0m[2m:[0m HTTP 请求已受理 [3musecase[0m[2m=[0m"读取附件内容" [3madapter[0m[2m=[0m"http" [3moutcome[0m[2m=[0m"accepted" [3mrequest_kind[0m[2m=[0m"附件内容读取" [3mattachment_id[0m[2m=[0m"att-f46587b492aa" [3msession_id[0m[2m=[0m"s-e7c98262c769"
[backend] [2m2026-04-19T09:00:56.9241277+08:00[0m [32m INFO[0m ThreadId(12) [2mkoko::shell::媒体资产外壳[0m[2m:[0m HTTP 请求已受理 [3musecase[0m[2m=[0m"读取附件内容" [3madapter[0m[2m=[0m"http" [3moutcome[0m[2m=[0m"accepted" [3mrequest_kind[0m[2m=[0m"附件内容读取" [3mattachment_id[0m[2m=[0m"att-f46587b492aa" [3msession_id[0m[2m=[0m"s-e7c98262c769"
[backend] [2m2026-04-19T09:00:56.9302021+08:00[0m [32m INFO[0m ThreadId(05) [2mkoko::shell::媒体资产外壳[0m[2m:[0m HTTP 请求已受理 [3musecase[0m[2m=[0m"读取附件内容" [3madapter[0m[2m=[0m"http" [3moutcome[0m[2m=[0m"accepted" [3mrequest_kind[0m[2m=[0m"附件内容读取" [3mattachment_id[0m[2m=[0m"att-f46587b492aa" [3msession_id[0m[2m=[0m"s-e7c98262c769"
[backend] [2m2026-04-19T09:00:56.9424858+08:00[0m [32m INFO[0m ThreadId(10) [2mkoko::shell::媒体资产外壳[0m[2m:[0m 读取附件内容成功 [3musecase[0m[2m=[0m"读取附件内容" [3madapter[0m[2m=[0m"http" [3moutcome[0m[2m=[0m"succeeded" [3mrequest_kind[0m[2m=[0m"附件内容读取" [3mattachment_id[0m[2m=[0m"att-f46587b492aa" [3msession_id[0m[2m=[0m"s-e7c98262c769"
[backend] [2m2026-04-19T09:00:56.9469791+08:00[0m [32m INFO[0m ThreadId(10) [2mkoko::shell::媒体资产外壳[0m[2m:[0m 读取附件内容成功 [3musecase[0m[2m=[0m"读取附件内容" [3madapter[0m[2m=[0m"http" [3moutcome[0m[2m=[0m"succeeded" [3mrequest_kind[0m[2m=[0m"附件内容读取" [3mattachment_id[0m[2m=[0m"att-f46587b492aa" [3msession_id[0m[2m=[0m"s-e7c98262c769"
[backend] [2m2026-04-19T09:00:56.9516923+08:00[0m [32m INFO[0m ThreadId(10) [2mkoko::shell::媒体资产外壳[0m[2m:[0m 读取附件内容成功 [3musecase[0m[2m=[0m"读取附件内容" [3madapter[0m[2m=[0m"http" [3moutcome[0m[2m=[0m"succeeded" [3mrequest_kind[0m[2m=[0m"附件内容读取" [3mattachment_id[0m[2m=[0m"att-f46587b492aa" [3msession_id[0m[2m=[0m"s-e7c98262c769"
[backend] [2m2026-04-19T09:01:05.7206381+08:00[0m [32m INFO[0m ThreadId(05) [2mkoko::shell::媒体资产外壳[0m[2m:[0m HTTP 请求已受理 [3musecase[0m[2m=[0m"读取附件内容" [3madapter[0m[2m=[0m"http" [3moutcome[0m[2m=[0m"accepted" [3mrequest_kind[0m[2m=[0m"附件内容读取" [3mattachment_id[0m[2m=[0m"att-97bd5f02f6c4" [3msession_id[0m[2m=[0m"s-e7c98262c769"
[backend] [2m2026-04-19T09:01:05.730423+08:00[0m [32m INFO[0m ThreadId(12) [2mkoko::shell::媒体资产外壳[0m[2m:[0m 读取附件内容成功 [3musecase[0m[2m=[0m"读取附件内容" [3madapter[0m[2m=[0m"http" [3moutcome[0m[2m=[0m"succeeded" [3mrequest_kind[0m[2m=[0m"附件内容读取" [3mattachment_id[0m[2m=[0m"att-97bd5f02f6c4" [3msession_id[0m[2m=[0m"s-e7c98262c769"
[backend] [2m2026-04-19T09:01:06.0212615+08:00[0m [32m INFO[0m ThreadId(05) [2mkoko::shell::媒体资产外壳[0m[2m:[0m HTTP 请求已受理 [3musecase[0m[2m=[0m"读取附件内容" [3madapter[0m[2m=[0m"http" [3moutcome[0m[2m=[0m"accepted" [3mrequest_kind[0m[2m=[0m"附件内容读取" [3mattachment_id[0m[2m=[0m"att-97bd5f02f6c4" [3msession_id[0m[2m=[0m"s-e7c98262c769"
[backend] [2m2026-04-19T09:01:06.0281749+08:00[0m [32m INFO[0m ThreadId(05) [2mkoko::shell::媒体资产外壳[0m[2m:[0m HTTP 请求已受理 [3musecase[0m[2m=[0m"读取附件内容" [3madapter[0m[2m=[0m"http" [3moutcome[0m[2m=[0m"accepted" [3mrequest_kind[0m[2m=[0m"附件内容读取" [3mattachment_id[0m[2m=[0m"att-97bd5f02f6c4" [3msession_id[0m[2m=[0m"s-e7c98262c769"
[backend] [2m2026-04-19T09:01:06.0420766+08:00[0m [32m INFO[0m ThreadId(06) [2mkoko::shell::媒体资产外壳[0m[2m:[0m 读取附件内容成功 [3musecase[0m[2m=[0m"读取附件内容" [3madapter[0m[2m=[0m"http" [3moutcome[0m[2m=[0m"succeeded" [3mrequest_kind[0m[2m=[0m"附件内容读取" [3mattachment_id[0m[2m=[0m"att-97bd5f02f6c4" [3msession_id[0m[2m=[0m"s-e7c98262c769"
[backend] [2m2026-04-19T09:01:06.0421221+08:00[0m [32m INFO[0m ThreadId(12) [2mkoko::shell::媒体资产外壳[0m[2m:[0m 读取附件内容成功 [3musecase[0m[2m=[0m"读取附件内容" [3madapter[0m[2m=[0m"http" [3moutcome[0m[2m=[0m"succeeded" [3mrequest_kind[0m[2m=[0m"附件内容读取" [3mattachment_id[0m[2m=[0m"att-97bd5f02f6c4" [3msession_id[0m[2m=[0m"s-e7c98262c769"
[backend] [2m2026-04-19T09:01:06.3309347+08:00[0m [32m INFO[0m ThreadId(05) [2mkoko::shell::媒体资产外壳[0m[2m:[0m HTTP 请求已受理 [3musecase[0m[2m=[0m"读取附件内容" [3madapter[0m[2m=[0m"http" [3moutcome[0m[2m=[0m"accepted" [3mrequest_kind[0m[2m=[0m"附件内容读取" [3mattachment_id[0m[2m=[0m"att-97bd5f02f6c4" [3msession_id[0m[2m=[0m"s-e7c98262c769"
[backend] [2m2026-04-19T09:01:06.3320702+08:00[0m [32m INFO[0m ThreadId(05) [2mkoko::shell::媒体资产外壳[0m[2m:[0m HTTP 请求已受理 [3musecase[0m[2m=[0m"读取附件内容" [3madapter[0m[2m=[0m"http" [3moutcome[0m[2m=[0m"accepted" [3mrequest_kind[0m[2m=[0m"附件内容读取" [3mattachment_id[0m[2m=[0m"att-97bd5f02f6c4" [3msession_id[0m[2m=[0m"s-e7c98262c769"
[backend] [2m2026-04-19T09:01:06.333414+08:00[0m [32m INFO[0m ThreadId(05) [2mkoko::shell::媒体资产外壳[0m[2m:[0m HTTP 请求已受理 [3musecase[0m[2m=[0m"读取附件内容" [3madapter[0m[2m=[0m"http" [3moutcome[0m[2m=[0m"accepted" [3mrequest_kind[0m[2m=[0m"附件内容读取" [3mattachment_id[0m[2m=[0m"att-97bd5f02f6c4" [3msession_id[0m[2m=[0m"s-e7c98262c769"
[backend] [2m2026-04-19T09:01:06.3335523+08:00[0m [32m INFO[0m ThreadId(06) [2mkoko::shell::媒体资产外壳[0m[2m:[0m HTTP 请求已受理 [3musecase[0m[2m=[0m"读取附件内容" [3madapter[0m[2m=[0m"http" [3moutcome[0m[2m=[0m"accepted" [3mrequest_kind[0m[2m=[0m"附件内容读取" [3mattachment_id[0m[2m=[0m"att-97bd5f02f6c4" [3msession_id[0m[2m=[0m"s-e7c98262c769"
[backend] [2m2026-04-19T09:01:06.3519192+08:00[0m [32m INFO[0m ThreadId(10) [2mkoko::shell::媒体资产外壳[0m[2m:[0m 读取附件内容成功 [3musecase[0m[2m=[0m"读取附件内容" [3madapter[0m[2m=[0m"http" [3moutcome[0m[2m=[0m"succeeded" [3mrequest_kind[0m[2m=[0m"附件内容读取" [3mattachment_id[0m[2m=[0m"att-97bd5f02f6c4" [3msession_id[0m[2m=[0m"s-e7c98262c769"
[backend] [2m2026-04-19T09:01:06.3631522+08:00[0m [32m INFO[0m ThreadId(10) [2mkoko::shell::媒体资产外壳[0m[2m:[0m 读取附件内容成功 [3musecase[0m[2m=[0m"读取附件内容" [3madapter[0m[2m=[0m"http" [3moutcome[0m[2m=[0m"succeeded" [3mrequest_kind[0m[2m=[0m"附件内容读取" [3mattachment_id[0m[2m=[0m"att-97bd5f02f6c4" [3msession_id[0m[2m=[0m"s-e7c98262c769"
[backend] [2m2026-04-19T09:01:06.366526+08:00[0m [32m INFO[0m ThreadId(12) [2mkoko::shell::媒体资产外壳[0m[2m:[0m 读取附件内容成功 [3musecase[0m[2m=[0m"读取附件内容" [3madapter[0m[2m=[0m"http" [3moutcome[0m[2m=[0m"succeeded" [3mrequest_kind[0m[2m=[0m"附件内容读取" [3mattachment_id[0m[2m=[0m"att-97bd5f02f6c4" [3msession_id[0m[2m=[0m"s-e7c98262c769"
[backend] [2m2026-04-19T09:01:06.3665585+08:00[0m [32m INFO[0m ThreadId(05) [2mkoko::shell::媒体资产外壳[0m[2m:[0m 读取附件内容成功 [3musecase[0m[2m=[0m"读取附件内容" [3madapter[0m[2m=[0m"http" [3moutcome[0m[2m=[0m"succeeded" [3mrequest_kind[0m[2m=[0m"附件内容读取" [3mattachment_id[0m[2m=[0m"att-97bd5f02f6c4" [3msession_id[0m[2m=[0m"s-e7c98262c769"
[backend] [2m2026-04-19T09:01:06.7062443+08:00[0m [32m INFO[0m ThreadId(06) [2mkoko::shell::媒体资产外壳[0m[2m:[0m HTTP 请求已受理 [3musecase[0m[2m=[0m"读取附件内容" [3madapter[0m[2m=[0m"http" [3moutcome[0m[2m=[0m"accepted" [3mrequest_kind[0m[2m=[0m"附件内容读取" [3mattachment_id[0m[2m=[0m"att-97bd5f02f6c4" [3msession_id[0m[2m=[0m"s-e7c98262c769"
[backend] [2m2026-04-19T09:01:06.7074921+08:00[0m [32m INFO[0m ThreadId(06) [2mkoko::shell::媒体资产外壳[0m[2m:[0m HTTP 请求已受理 [3musecase[0m[2m=[0m"读取附件内容" [3madapter[0m[2m=[0m"http" [3moutcome[0m[2m=[0m"accepted" [3mrequest_kind[0m[2m=[0m"附件内容读取" [3mattachment_id[0m[2m=[0m"att-97bd5f02f6c4" [3msession_id[0m[2m=[0m"s-e7c98262c769"
[backend] [2m2026-04-19T09:01:06.7074924+08:00[0m [32m INFO[0m ThreadId(05) [2mkoko::shell::媒体资产外壳[0m[2m:[0m HTTP 请求已受理 [3musecase[0m[2m=[0m"读取附件内容" [3madapter[0m[2m=[0m"http" [3moutcome[0m[2m=[0m"accepted" [3mrequest_kind[0m[2m=[0m"附件内容读取" [3mattachment_id[0m[2m=[0m"att-97bd5f02f6c4" [3msession_id[0m[2m=[0m"s-e7c98262c769"
[backend] [2m2026-04-19T09:01:06.7077963+08:00[0m [32m INFO[0m ThreadId(10) [2mkoko::shell::媒体资产外壳[0m[2m:[0m HTTP 请求已受理 [3musecase[0m[2m=[0m"读取附件内容" [3madapter[0m[2m=[0m"http" [3moutcome[0m[2m=[0m"accepted" [3mrequest_kind[0m[2m=[0m"附件内容读取" [3mattachment_id[0m[2m=[0m"att-97bd5f02f6c4" [3msession_id[0m[2m=[0m"s-e7c98262c769"
[backend] [2m2026-04-19T09:01:06.7227266+08:00[0m [32m INFO[0m ThreadId(06) [2mkoko::shell::媒体资产外壳[0m[2m:[0m 读取附件内容成功 [3musecase[0m[2m=[0m"读取附件内容" [3madapter[0m[2m=[0m"http" [3moutcome[0m[2m=[0m"succeeded" [3mrequest_kind[0m[2m=[0m"附件内容读取" [3mattachment_id[0m[2m=[0m"att-97bd5f02f6c4" [3msession_id[0m[2m=[0m"s-e7c98262c769"
[backend] [2m2026-04-19T09:01:06.722783+08:00[0m [32m INFO[0m ThreadId(07) [2mkoko::shell::媒体资产外壳[0m[2m:[0m 读取附件内容成功 [3musecase[0m[2m=[0m"读取附件内容" [3madapter[0m[2m=[0m"http" [3moutcome[0m[2m=[0m"succeeded" [3mrequest_kind[0m[2m=[0m"附件内容读取" [3mattachment_id[0m[2m=[0m"att-97bd5f02f6c4" [3msession_id[0m[2m=[0m"s-e7c98262c769"
[backend] [2m2026-04-19T09:01:06.7227719+08:00[0m [32m INFO[0m ThreadId(10) [2mkoko::shell::媒体资产外壳[0m[2m:[0m 读取附件内容成功 [3musecase[0m[2m=[0m"读取附件内容" [3madapter[0m[2m=[0m"http" [3moutcome[0m[2m=[0m"succeeded" [3mrequest_kind[0m[2m=[0m"附件内容读取" [3mattachment_id[0m[2m=[0m"att-97bd5f02f6c4" [3msession_id[0m[2m=[0m"s-e7c98262c769"
[backend] [2m2026-04-19T09:01:06.7227719+08:00[0m [32m INFO[0m ThreadId(05) [2mkoko::shell::媒体资产外壳[0m[2m:[0m 读取附件内容成功 [3musecase[0m[2m=[0m"读取附件内容" [3madapter[0m[2m=[0m"http" [3moutcome[0m[2m=[0m"succeeded" [3mrequest_kind[0m[2m=[0m"附件内容读取" [3mattachment_id[0m[2m=[0m"att-97bd5f02f6c4" [3msession_id[0m[2m=[0m"s-e7c98262c769"
[backend] [2m2026-04-19T09:01:06.7710948+08:00[0m [32m INFO[0m ThreadId(12) [2mkoko::shell::媒体资产外壳[0m[2m:[0m HTTP 请求已受理 [3musecase[0m[2m=[0m"读取附件内容" [3madapter[0m[2m=[0m"http" [3moutcome[0m[2m=[0m"accepted" [3mrequest_kind[0m[2m=[0m"附件内容读取" [3mattachment_id[0m[2m=[0m"att-97bd5f02f6c4" [3msession_id[0m[2m=[0m"s-e7c98262c769"
[backend] [2m2026-04-19T09:01:06.775156+08:00[0m [32m INFO[0m ThreadId(12) [2mkoko::shell::媒体资产外壳[0m[2m:[0m HTTP 请求已受理 [3musecase[0m[2m=[0m"读取附件内容" [3madapter[0m[2m=[0m"http" [3moutcome[0m[2m=[0m"accepted" [3mrequest_kind[0m[2m=[0m"附件内容读取" [3mattachment_id[0m[2m=[0m"att-97bd5f02f6c4" [3msession_id[0m[2m=[0m"s-e7c98262c769"
[backend] [2m2026-04-19T09:01:06.7779398+08:00[0m [32m INFO[0m ThreadId(12) [2mkoko::shell::媒体资产外壳[0m[2m:[0m HTTP 请求已受理 [3musecase[0m[2m=[0m"读取附件内容" [3madapter[0m[2m=[0m"http" [3moutcome[0m[2m=[0m"accepted" [3mrequest_kind[0m[2m=[0m"附件内容读取" [3mattachment_id[0m[2m=[0m"att-97bd5f02f6c4" [3msession_id[0m[2m=[0m"s-e7c98262c769"
[backend] [2m2026-04-19T09:01:06.7862861+08:00[0m [32m INFO[0m ThreadId(07) [2mkoko::shell::媒体资产外壳[0m[2m:[0m HTTP 请求已受理 [3musecase[0m[2m=[0m"读取附件内容" [3madapter[0m[2m=[0m"http" [3moutcome[0m[2m=[0m"accepted" [3mrequest_kind[0m[2m=[0m"附件内容读取" [3mattachment_id[0m[2m=[0m"att-97bd5f02f6c4" [3msession_id[0m[2m=[0m"s-e7c98262c769"
[backend] [2m2026-04-19T09:01:06.7966447+08:00[0m [32m INFO[0m ThreadId(10) [2mkoko::shell::媒体资产外壳[0m[2m:[0m 读取附件内容成功 [3musecase[0m[2m=[0m"读取附件内容" [3madapter[0m[2m=[0m"http" [3moutcome[0m[2m=[0m"succeeded" [3mrequest_kind[0m[2m=[0m"附件内容读取" [3mattachment_id[0m[2m=[0m"att-97bd5f02f6c4" [3msession_id[0m[2m=[0m"s-e7c98262c769"
[backend] [2m2026-04-19T09:01:06.7966611+08:00[0m [32m INFO[0m ThreadId(06) [2mkoko::shell::媒体资产外壳[0m[2m:[0m 读取附件内容成功 [3musecase[0m[2m=[0m"读取附件内容" [3madapter[0m[2m=[0m"http" [3moutcome[0m[2m=[0m"succeeded" [3mrequest_kind[0m[2m=[0m"附件内容读取" [3mattachment_id[0m[2m=[0m"att-97bd5f02f6c4" [3msession_id[0m[2m=[0m"s-e7c98262c769"
[backend] [2m2026-04-19T09:01:06.7966369+08:00[0m [32m INFO[0m ThreadId(07) [2mkoko::shell::媒体资产外壳[0m[2m:[0m 读取附件内容成功 [3musecase[0m[2m=[0m"读取附件内容" [3madapter[0m[2m=[0m"http" [3moutcome[0m[2m=[0m"succeeded" [3mrequest_kind[0m[2m=[0m"附件内容读取" [3mattachment_id[0m[2m=[0m"att-97bd5f02f6c4" [3msession_id[0m[2m=[0m"s-e7c98262c769"
[backend] [2m2026-04-19T09:01:06.8033128+08:00[0m [32m INFO[0m ThreadId(07) [2mkoko::shell::媒体资产外壳[0m[2m:[0m 读取附件内容成功 [3musecase[0m[2m=[0m"读取附件内容" [3madapter[0m[2m=[0m"http" [3moutcome[0m[2m=[0m"succeeded" [3mrequest_kind[0m[2m=[0m"附件内容读取" [3mattachment_id[0m[2m=[0m"att-97bd5f02f6c4" [3msession_id[0m[2m=[0m"s-e7c98262c769"
[backend] [2m2026-04-19T09:01:07.022787+08:00[0m [32m INFO[0m ThreadId(05) [2mkoko::shell::媒体资产外壳[0m[2m:[0m HTTP 请求已受理 [3musecase[0m[2m=[0m"读取附件内容" [3madapter[0m[2m=[0m"http" [3moutcome[0m[2m=[0m"accepted" [3mrequest_kind[0m[2m=[0m"附件内容读取" [3mattachment_id[0m[2m=[0m"att-97bd5f02f6c4" [3msession_id[0m[2m=[0m"s-e7c98262c769"
[backend] [2m2026-04-19T09:01:07.0247834+08:00[0m [32m INFO[0m ThreadId(05) [2mkoko::shell::媒体资产外壳[0m[2m:[0m HTTP 请求已受理 [3musecase[0m[2m=[0m"读取附件内容" [3madapter[0m[2m=[0m"http" [3moutcome[0m[2m=[0m"accepted" [3mrequest_kind[0m[2m=[0m"附件内容读取" [3mattachment_id[0m[2m=[0m"att-97bd5f02f6c4" [3msession_id[0m[2m=[0m"s-e7c98262c769"
[backend] [2m2026-04-19T09:01:07.0260102+08:00[0m [32m INFO[0m ThreadId(05) [2mkoko::shell::媒体资产外壳[0m[2m:[0m HTTP 请求已受理 [3musecase[0m[2m=[0m"读取附件内容" [3madapter[0m[2m=[0m"http" [3moutcome[0m[2m=[0m"accepted" [3mrequest_kind[0m[2m=[0m"附件内容读取" [3mattachment_id[0m[2m=[0m"att-97bd5f02f6c4" [3msession_id[0m[2m=[0m"s-e7c98262c769"
[backend] [2m2026-04-19T09:01:07.0260102+08:00[0m [32m INFO[0m ThreadId(06) [2mkoko::shell::媒体资产外壳[0m[2m:[0m HTTP 请求已受理 [3musecase[0m[2m=[0m"读取附件内容" [3madapter[0m[2m=[0m"http" [3moutcome[0m[2m=[0m"accepted" [3mrequest_kind[0m[2m=[0m"附件内容读取" [3mattachment_id[0m[2m=[0m"att-97bd5f02f6c4" [3msession_id[0m[2m=[0m"s-e7c98262c769"
[backend] [2m2026-04-19T09:01:07.0408377+08:00[0m [32m INFO[0m ThreadId(12) [2mkoko::shell::媒体资产外壳[0m[2m:[0m 读取附件内容成功 [3musecase[0m[2m=[0m"读取附件内容" [3madapter[0m[2m=[0m"http" [3moutcome[0m[2m=[0m"succeeded" [3mrequest_kind[0m[2m=[0m"附件内容读取" [3mattachment_id[0m[2m=[0m"att-97bd5f02f6c4" [3msession_id[0m[2m=[0m"s-e7c98262c769"
[backend] [2m2026-04-19T09:01:07.0408374+08:00[0m [32m INFO[0m ThreadId(05) [2mkoko::shell::媒体资产外壳[0m[2m:[0m 读取附件内容成功 [3musecase[0m[2m=[0m"读取附件内容" [3madapter[0m[2m=[0m"http" [3moutcome[0m[2m=[0m"succeeded" [3mrequest_kind[0m[2m=[0m"附件内容读取" [3mattachment_id[0m[2m=[0m"att-97bd5f02f6c4" [3msession_id[0m[2m=[0m"s-e7c98262c769"
[backend] [2m2026-04-19T09:01:07.0408375+08:00[0m [32m INFO[0m ThreadId(08) [2mkoko::shell::媒体资产外壳[0m[2m:[0m 读取附件内容成功 [3musecase[0m[2m=[0m"读取附件内容" [3madapter[0m[2m=[0m"http" [3moutcome[0m[2m=[0m"succeeded" [3mrequest_kind[0m[2m=[0m"附件内容读取" [3mattachment_id[0m[2m=[0m"att-97bd5f02f6c4" [3msession_id[0m[2m=[0m"s-e7c98262c769"
[backend] [2m2026-04-19T09:01:07.0409032+08:00[0m [32m INFO[0m ThreadId(06) [2mkoko::shell::媒体资产外壳[0m[2m:[0m 读取附件内容成功 [3musecase[0m[2m=[0m"读取附件内容" [3madapter[0m[2m=[0m"http" [3moutcome[0m[2m=[0m"succeeded" [3mrequest_kind[0m[2m=[0m"附件内容读取" [3mattachment_id[0m[2m=[0m"att-97bd5f02f6c4" [3msession_id[0m[2m=[0m"s-e7c98262c769"
[backend] [2m2026-04-19T09:01:07.0615705+08:00[0m [32m INFO[0m ThreadId(11) [2mkoko::shell::媒体资产外壳[0m[2m:[0m HTTP 请求已受理 [3musecase[0m[2m=[0m"读取附件内容" [3madapter[0m[2m=[0m"http" [3moutcome[0m[2m=[0m"accepted" [3mrequest_kind[0m[2m=[0m"附件内容读取" [3mattachment_id[0m[2m=[0m"att-97bd5f02f6c4" [3msession_id[0m[2m=[0m"s-e7c98262c769"
[backend] [2m2026-04-19T09:01:07.0780703+08:00[0m [32m INFO[0m ThreadId(11) [2mkoko::shell::媒体资产外壳[0m[2m:[0m 读取附件内容成功 [3musecase[0m[2m=[0m"读取附件内容" [3madapter[0m[2m=[0m"http" [3moutcome[0m[2m=[0m"succeeded" [3mrequest_kind[0m[2m=[0m"附件内容读取" [3mattachment_id[0m[2m=[0m"att-97bd5f02f6c4" [3msession_id[0m[2m=[0m"s-e7c98262c769"
[backend] [2m2026-04-19T09:01:07.1289311+08:00[0m [32m INFO[0m ThreadId(05) [2mkoko::shell::媒体资产外壳[0m[2m:[0m HTTP 请求已受理 [3musecase[0m[2m=[0m"读取附件内容" [3madapter[0m[2m=[0m"http" [3moutcome[0m[2m=[0m"accepted" [3mrequest_kind[0m[2m=[0m"附件内容读取" [3mattachment_id[0m[2m=[0m"att-97bd5f02f6c4" [3msession_id[0m[2m=[0m"s-e7c98262c769"
[backend] [2m2026-04-19T09:01:07.1368148+08:00[0m [32m INFO[0m ThreadId(05) [2mkoko::shell::媒体资产外壳[0m[2m:[0m HTTP 请求已受理 [3musecase[0m[2m=[0m"读取附件内容" [3madapter[0m[2m=[0m"http" [3moutcome[0m[2m=[0m"accepted" [3mrequest_kind[0m[2m=[0m"附件内容读取" [3mattachment_id[0m[2m=[0m"att-97bd5f02f6c4" [3msession_id[0m[2m=[0m"s-e7c98262c769"
[backend] [2m2026-04-19T09:01:07.1391231+08:00[0m [32m INFO[0m ThreadId(11) [2mkoko::shell::媒体资产外壳[0m[2m:[0m HTTP 请求已受理 [3musecase[0m[2m=[0m"读取附件内容" [3madapter[0m[2m=[0m"http" [3moutcome[0m[2m=[0m"accepted" [3mrequest_kind[0m[2m=[0m"附件内容读取" [3mattachment_id[0m[2m=[0m"att-97bd5f02f6c4" [3msession_id[0m[2m=[0m"s-e7c98262c769"
[backend] [2m2026-04-19T09:01:07.1393805+08:00[0m [32m INFO[0m ThreadId(06) [2mkoko::shell::媒体资产外壳[0m[2m:[0m HTTP 请求已受理 [3musecase[0m[2m=[0m"读取附件内容" [3madapter[0m[2m=[0m"http" [3moutcome[0m[2m=[0m"accepted" [3mrequest_kind[0m[2m=[0m"附件内容读取" [3mattachment_id[0m[2m=[0m"att-97bd5f02f6c4" [3msession_id[0m[2m=[0m"s-e7c98262c769"
[backend] [2m2026-04-19T09:01:07.1553035+08:00[0m [32m INFO[0m ThreadId(11) [2mkoko::shell::媒体资产外壳[0m[2m:[0m 读取附件内容成功 [3musecase[0m[2m=[0m"读取附件内容" [3madapter[0m[2m=[0m"http" [3moutcome[0m[2m=[0m"succeeded" [3mrequest_kind[0m[2m=[0m"附件内容读取" [3mattachment_id[0m[2m=[0m"att-97bd5f02f6c4" [3msession_id[0m[2m=[0m"s-e7c98262c769"
[backend] [2m2026-04-19T09:01:07.1575779+08:00[0m [32m INFO[0m ThreadId(06) [2mkoko::shell::媒体资产外壳[0m[2m:[0m 读取附件内容成功 [3musecase[0m[2m=[0m"读取附件内容" [3madapter[0m[2m=[0m"http" [3moutcome[0m[2m=[0m"succeeded" [3mrequest_kind[0m[2m=[0m"附件内容读取" [3mattachment_id[0m[2m=[0m"att-97bd5f02f6c4" [3msession_id[0m[2m=[0m"s-e7c98262c769"
[backend] [2m2026-04-19T09:01:07.1576056+08:00[0m [32m INFO[0m ThreadId(12) [2mkoko::shell::媒体资产外壳[0m[2m:[0m 读取附件内容成功 [3musecase[0m[2m=[0m"读取附件内容" [3madapter[0m[2m=[0m"http" [3moutcome[0m[2m=[0m"succeeded" [3mrequest_kind[0m[2m=[0m"附件内容读取" [3mattachment_id[0m[2m=[0m"att-97bd5f02f6c4" [3msession_id[0m[2m=[0m"s-e7c98262c769"
[backend] [2m2026-04-19T09:01:07.1576954+08:00[0m [32m INFO[0m ThreadId(05) [2mkoko::shell::媒体资产外壳[0m[2m:[0m 读取附件内容成功 [3musecase[0m[2m=[0m"读取附件内容" [3madapter[0m[2m=[0m"http" [3moutcome[0m[2m=[0m"succeeded" [3mrequest_kind[0m[2m=[0m"附件内容读取" [3mattachment_id[0m[2m=[0m"att-97bd5f02f6c4" [3msession_id[0m[2m=[0m"s-e7c98262c769"
[backend] [2m2026-04-19T09:01:07.3374761+08:00[0m [32m INFO[0m ThreadId(07) [2mkoko::shell::媒体资产外壳[0m[2m:[0m HTTP 请求已受理 [3musecase[0m[2m=[0m"读取附件内容" [3madapter[0m[2m=[0m"http" [3moutcome[0m[2m=[0m"accepted" [3mrequest_kind[0m[2m=[0m"附件内容读取" [3mattachment_id[0m[2m=[0m"att-97bd5f02f6c4" [3msession_id[0m[2m=[0m"s-e7c98262c769"
[backend] [2m2026-04-19T09:01:07.3397503+08:00[0m [32m INFO[0m ThreadId(07) [2mkoko::shell::媒体资产外壳[0m[2m:[0m HTTP 请求已受理 [3musecase[0m[2m=[0m"读取附件内容" [3madapter[0m[2m=[0m"http" [3moutcome[0m[2m=[0m"accepted" [3mrequest_kind[0m[2m=[0m"附件内容读取" [3mattachment_id[0m[2m=[0m"att-97bd5f02f6c4" [3msession_id[0m[2m=[0m"s-e7c98262c769"
[backend] [2m2026-04-19T09:01:07.3397503+08:00[0m [32m INFO[0m ThreadId(12) [2mkoko::shell::媒体资产外壳[0m[2m:[0m HTTP 请求已受理 [3musecase[0m[2m=[0m"读取附件内容" [3madapter[0m[2m=[0m"http" [3moutcome[0m[2m=[0m"accepted" [3mrequest_kind[0m[2m=[0m"附件内容读取" [3mattachment_id[0m[2m=[0m"att-97bd5f02f6c4" [3msession_id[0m[2m=[0m"s-e7c98262c769"
[backend] [2m2026-04-19T09:01:07.3398846+08:00[0m [32m INFO[0m ThreadId(06) [2mkoko::shell::媒体资产外壳[0m[2m:[0m HTTP 请求已受理 [3musecase[0m[2m=[0m"读取附件内容" [3madapter[0m[2m=[0m"http" [3moutcome[0m[2m=[0m"accepted" [3mrequest_kind[0m[2m=[0m"附件内容读取" [3mattachment_id[0m[2m=[0m"att-97bd5f02f6c4" [3msession_id[0m[2m=[0m"s-e7c98262c769"
[backend] [2m2026-04-19T09:01:07.3532968+08:00[0m [32m INFO[0m ThreadId(07) [2mkoko::shell::媒体资产外壳[0m[2m:[0m 读取附件内容成功 [3musecase[0m[2m=[0m"读取附件内容" [3madapter[0m[2m=[0m"http" [3moutcome[0m[2m=[0m"succeeded" [3mrequest_kind[0m[2m=[0m"附件内容读取" [3mattachment_id[0m[2m=[0m"att-97bd5f02f6c4" [3msession_id[0m[2m=[0m"s-e7c98262c769"
[backend] [2m2026-04-19T09:01:07.3532968+08:00[0m [32m INFO[0m ThreadId(12) [2mkoko::shell::媒体资产外壳[0m[2m:[0m 读取附件内容成功 [3musecase[0m[2m=[0m"读取附件内容" [3madapter[0m[2m=[0m"http" [3moutcome[0m[2m=[0m"succeeded" [3mrequest_kind[0m[2m=[0m"附件内容读取" [3mattachment_id[0m[2m=[0m"att-97bd5f02f6c4" [3msession_id[0m[2m=[0m"s-e7c98262c769"
[backend] [2m2026-04-19T09:01:07.3533032+08:00[0m [32m INFO[0m ThreadId(06) [2mkoko::shell::媒体资产外壳[0m[2m:[0m 读取附件内容成功 [3musecase[0m[2m=[0m"读取附件内容" [3madapter[0m[2m=[0m"http" [3moutcome[0m[2m=[0m"succeeded" [3mrequest_kind[0m[2m=[0m"附件内容读取" [3mattachment_id[0m[2m=[0m"att-97bd5f02f6c4" [3msession_id[0m[2m=[0m"s-e7c98262c769"
[backend] [2m2026-04-19T09:01:07.3533993+08:00[0m [32m INFO[0m ThreadId(05) [2mkoko::shell::媒体资产外壳[0m[2m:[0m 读取附件内容成功 [3musecase[0m[2m=[0m"读取附件内容" [3madapter[0m[2m=[0m"http" [3moutcome[0m[2m=[0m"succeeded" [3mrequest_kind[0m[2m=[0m"附件内容读取" [3mattachment_id[0m[2m=[0m"att-97bd5f02f6c4" [3msession_id[0m[2m=[0m"s-e7c98262c769"
[backend] [2m2026-04-19T09:01:07.3815595+08:00[0m [32m INFO[0m ThreadId(11) [2mkoko::shell::媒体资产外壳[0m[2m:[0m HTTP 请求已受理 [3musecase[0m[2m=[0m"读取附件内容" [3madapter[0m[2m=[0m"http" [3moutcome[0m[2m=[0m"accepted" [3mrequest_kind[0m[2m=[0m"附件内容读取" [3mattachment_id[0m[2m=[0m"att-97bd5f02f6c4" [3msession_id[0m[2m=[0m"s-e7c98262c769"
[backend] [2m2026-04-19T09:01:07.3847712+08:00[0m [32m INFO[0m ThreadId(11) [2mkoko::shell::媒体资产外壳[0m[2m:[0m HTTP 请求已受理 [3musecase[0m[2m=[0m"读取附件内容" [3madapter[0m[2m=[0m"http" [3moutcome[0m[2m=[0m"accepted" [3mrequest_kind[0m[2m=[0m"附件内容读取" [3mattachment_id[0m[2m=[0m"att-97bd5f02f6c4" [3msession_id[0m[2m=[0m"s-e7c98262c769"
[backend] [2m2026-04-19T09:01:07.3896712+08:00[0m [32m INFO[0m ThreadId(12) [2mkoko::shell::媒体资产外壳[0m[2m:[0m HTTP 请求已受理 [3musecase[0m[2m=[0m"读取附件内容" [3madapter[0m[2m=[0m"http" [3moutcome[0m[2m=[0m"accepted" [3mrequest_kind[0m[2m=[0m"附件内容读取" [3mattachment_id[0m[2m=[0m"att-97bd5f02f6c4" [3msession_id[0m[2m=[0m"s-e7c98262c769"
[backend] [2m2026-04-19T09:01:07.4059799+08:00[0m [32m INFO[0m ThreadId(11) [2mkoko::shell::媒体资产外壳[0m[2m:[0m 读取附件内容成功 [3musecase[0m[2m=[0m"读取附件内容" [3madapter[0m[2m=[0m"http" [3moutcome[0m[2m=[0m"succeeded" [3mrequest_kind[0m[2m=[0m"附件内容读取" [3mattachment_id[0m[2m=[0m"att-97bd5f02f6c4" [3msession_id[0m[2m=[0m"s-e7c98262c769"
[backend] [2m2026-04-19T09:01:07.4060596+08:00[0m [32m INFO[0m ThreadId(12) [2mkoko::shell::媒体资产外壳[0m[2m:[0m 读取附件内容成功 [3musecase[0m[2m=[0m"读取附件内容" [3madapter[0m[2m=[0m"http" [3moutcome[0m[2m=[0m"succeeded" [3mrequest_kind[0m[2m=[0m"附件内容读取" [3mattachment_id[0m[2m=[0m"att-97bd5f02f6c4" [3msession_id[0m[2m=[0m"s-e7c98262c769"
[backend] [2m2026-04-19T09:01:07.4114746+08:00[0m [32m INFO[0m ThreadId(06) [2mkoko::shell::媒体资产外壳[0m[2m:[0m HTTP 请求已受理 [3musecase[0m[2m=[0m"读取附件内容" [3madapter[0m[2m=[0m"http" [3moutcome[0m[2m=[0m"accepted" [3mrequest_kind[0m[2m=[0m"附件内容读取" [3mattachment_id[0m[2m=[0m"att-97bd5f02f6c4" [3msession_id[0m[2m=[0m"s-e7c98262c769"
[backend] [2m2026-04-19T09:01:07.4141983+08:00[0m [32m INFO[0m ThreadId(06) [2mkoko::shell::媒体资产外壳[0m[2m:[0m 读取附件内容成功 [3musecase[0m[2m=[0m"读取附件内容" [3madapter[0m[2m=[0m"http" [3moutcome[0m[2m=[0m"succeeded" [3mrequest_kind[0m[2m=[0m"附件内容读取" [3mattachment_id[0m[2m=[0m"att-97bd5f02f6c4" [3msession_id[0m[2m=[0m"s-e7c98262c769"
[backend] [2m2026-04-19T09:01:07.4351504+08:00[0m [32m INFO[0m ThreadId(05) [2mkoko::shell::媒体资产外壳[0m[2m:[0m 读取附件内容成功 [3musecase[0m[2m=[0m"读取附件内容" [3madapter[0m[2m=[0m"http" [3moutcome[0m[2m=[0m"succeeded" [3mrequest_kind[0m[2m=[0m"附件内容读取" [3mattachment_id[0m[2m=[0m"att-97bd5f02f6c4" [3msession_id[0m[2m=[0m"s-e7c98262c769"
[backend] [2m2026-04-19T09:01:07.4596017+08:00[0m [32m INFO[0m ThreadId(12) [2mkoko::shell::媒体资产外壳[0m[2m:[0m HTTP 请求已受理 [3musecase[0m[2m=[0m"读取附件内容" [3madapter[0m[2m=[0m"http" [3moutcome[0m[2m=[0m"accepted" [3mrequest_kind[0m[2m=[0m"附件内容读取" [3mattachment_id[0m[2m=[0m"att-97bd5f02f6c4" [3msession_id[0m[2m=[0m"s-e7c98262c769"
[backend] [2m2026-04-19T09:01:07.4627425+08:00[0m [32m INFO[0m ThreadId(12) [2mkoko::shell::媒体资产外壳[0m[2m:[0m HTTP 请求已受理 [3musecase[0m[2m=[0m"读取附件内容" [3madapter[0m[2m=[0m"http" [3moutcome[0m[2m=[0m"accepted" [3mrequest_kind[0m[2m=[0m"附件内容读取" [3mattachment_id[0m[2m=[0m"att-97bd5f02f6c4" [3msession_id[0m[2m=[0m"s-e7c98262c769"
[backend] [2m2026-04-19T09:01:07.4641739+08:00[0m [32m INFO[0m ThreadId(12) [2mkoko::shell::媒体资产外壳[0m[2m:[0m HTTP 请求已受理 [3musecase[0m[2m=[0m"读取附件内容" [3madapter[0m[2m=[0m"http" [3moutcome[0m[2m=[0m"accepted" [3mrequest_kind[0m[2m=[0m"附件内容读取" [3mattachment_id[0m[2m=[0m"att-97bd5f02f6c4" [3msession_id[0m[2m=[0m"s-e7c98262c769"
[backend] [2m2026-04-19T09:01:07.4701507+08:00[0m [32m INFO[0m ThreadId(06) [2mkoko::shell::媒体资产外壳[0m[2m:[0m HTTP 请求已受理 [3musecase[0m[2m=[0m"读取附件内容" [3madapter[0m[2m=[0m"http" [3moutcome[0m[2m=[0m"accepted" [3mrequest_kind[0m[2m=[0m"附件内容读取" [3mattachment_id[0m[2m=[0m"att-97bd5f02f6c4" [3msession_id[0m[2m=[0m"s-e7c98262c769"
[backend] [2m2026-04-19T09:01:07.4807419+08:00[0m [32m INFO[0m ThreadId(05) [2mkoko::shell::媒体资产外壳[0m[2m:[0m 读取附件内容成功 [3musecase[0m[2m=[0m"读取附件内容" [3madapter[0m[2m=[0m"http" [3moutcome[0m[2m=[0m"succeeded" [3mrequest_kind[0m[2m=[0m"附件内容读取" [3mattachment_id[0m[2m=[0m"att-97bd5f02f6c4" [3msession_id[0m[2m=[0m"s-e7c98262c769"
[backend] [2m2026-04-19T09:01:07.4881981+08:00[0m [32m INFO[0m ThreadId(11) [2mkoko::shell::媒体资产外壳[0m[2m:[0m 读取附件内容成功 [3musecase[0m[2m=[0m"读取附件内容" [3madapter[0m[2m=[0m"http" [3moutcome[0m[2m=[0m"succeeded" [3mrequest_kind[0m[2m=[0m"附件内容读取" [3mattachment_id[0m[2m=[0m"att-97bd5f02f6c4" [3msession_id[0m[2m=[0m"s-e7c98262c769"
[backend] [2m2026-04-19T09:01:07.490324+08:00[0m [32m INFO[0m ThreadId(06) [2mkoko::shell::媒体资产外壳[0m[2m:[0m 读取附件内容成功 [3musecase[0m[2m=[0m"读取附件内容" [3madapter[0m[2m=[0m"http" [3moutcome[0m[2m=[0m"succeeded" [3mrequest_kind[0m[2m=[0m"附件内容读取" [3mattachment_id[0m[2m=[0m"att-97bd5f02f6c4" [3msession_id[0m[2m=[0m"s-e7c98262c769"
[backend] [2m2026-04-19T09:01:07.4903239+08:00[0m [32m INFO[0m ThreadId(05) [2mkoko::shell::媒体资产外壳[0m[2m:[0m 读取附件内容成功 [3musecase[0m[2m=[0m"读取附件内容" [3madapter[0m[2m=[0m"http" [3moutcome[0m[2m=[0m"succeeded" [3mrequest_kind[0m[2m=[0m"附件内容读取" [3mattachment_id[0m[2m=[0m"att-97bd5f02f6c4" [3msession_id[0m[2m=[0m"s-e7c98262c769"
[backend] [2m2026-04-19T09:01:07.6447115+08:00[0m [32m INFO[0m ThreadId(06) [2mkoko::shell::媒体资产外壳[0m[2m:[0m HTTP 请求已受理 [3musecase[0m[2m=[0m"读取附件内容" [3madapter[0m[2m=[0m"http" [3moutcome[0m[2m=[0m"accepted" [3mrequest_kind[0m[2m=[0m"附件内容读取" [3mattachment_id[0m[2m=[0m"att-97bd5f02f6c4" [3msession_id[0m[2m=[0m"s-e7c98262c769"
[backend] [2m2026-04-19T09:01:07.6449471+08:00[0m [32m INFO[0m ThreadId(11) [2mkoko::shell::媒体资产外壳[0m[2m:[0m HTTP 请求已受理 [3musecase[0m[2m=[0m"读取附件内容" [3madapter[0m[2m=[0m"http" [3moutcome[0m[2m=[0m"accepted" [3mrequest_kind[0m[2m=[0m"附件内容读取" [3mattachment_id[0m[2m=[0m"att-97bd5f02f6c4" [3msession_id[0m[2m=[0m"s-e7c98262c769"
[backend] [2m2026-04-19T09:01:07.645881+08:00[0m [32m INFO[0m ThreadId(06) [2mkoko::shell::媒体资产外壳[0m[2m:[0m HTTP 请求已受理 [3musecase[0m[2m=[0m"读取附件内容" [3madapter[0m[2m=[0m"http" [3moutcome[0m[2m=[0m"accepted" [3mrequest_kind[0m[2m=[0m"附件内容读取" [3mattachment_id[0m[2m=[0m"att-97bd5f02f6c4" [3msession_id[0m[2m=[0m"s-e7c98262c769"
[backend] [2m2026-04-19T09:01:07.6461298+08:00[0m [32m INFO[0m ThreadId(11) [2mkoko::shell::媒体资产外壳[0m[2m:[0m HTTP 请求已受理 [3musecase[0m[2m=[0m"读取附件内容" [3madapter[0m[2m=[0m"http" [3moutcome[0m[2m=[0m"accepted" [3mrequest_kind[0m[2m=[0m"附件内容读取" [3mattachment_id[0m[2m=[0m"att-97bd5f02f6c4" [3msession_id[0m[2m=[0m"s-e7c98262c769"
[backend] [2m2026-04-19T09:01:07.6797149+08:00[0m [32m INFO[0m ThreadId(05) [2mkoko::shell::媒体资产外壳[0m[2m:[0m 读取附件内容成功 [3musecase[0m[2m=[0m"读取附件内容" [3madapter[0m[2m=[0m"http" [3moutcome[0m[2m=[0m"succeeded" [3mrequest_kind[0m[2m=[0m"附件内容读取" [3mattachment_id[0m[2m=[0m"att-97bd5f02f6c4" [3msession_id[0m[2m=[0m"s-e7c98262c769"
[backend] [2m2026-04-19T09:01:07.6797295+08:00[0m [32m INFO[0m ThreadId(06) [2mkoko::shell::媒体资产外壳[0m[2m:[0m 读取附件内容成功 [3musecase[0m[2m=[0m"读取附件内容" [3madapter[0m[2m=[0m"http" [3moutcome[0m[2m=[0m"succeeded" [3mrequest_kind[0m[2m=[0m"附件内容读取" [3mattachment_id[0m[2m=[0m"att-97bd5f02f6c4" [3msession_id[0m[2m=[0m"s-e7c98262c769"
[backend] [2m2026-04-19T09:01:07.679715+08:00[0m [32m INFO[0m ThreadId(08) [2mkoko::shell::媒体资产外壳[0m[2m:[0m 读取附件内容成功 [3musecase[0m[2m=[0m"读取附件内容" [3madapter[0m[2m=[0m"http" [3moutcome[0m[2m=[0m"succeeded" [3mrequest_kind[0m[2m=[0m"附件内容读取" [3mattachment_id[0m[2m=[0m"att-97bd5f02f6c4" [3msession_id[0m[2m=[0m"s-e7c98262c769"
[backend] [2m2026-04-19T09:01:07.679701+08:00[0m [32m INFO[0m ThreadId(11) [2mkoko::shell::媒体资产外壳[0m[2m:[0m 读取附件内容成功 [3musecase[0m[2m=[0m"读取附件内容" [3madapter[0m[2m=[0m"http" [3moutcome[0m[2m=[0m"succeeded" [3mrequest_kind[0m[2m=[0m"附件内容读取" [3mattachment_id[0m[2m=[0m"att-97bd5f02f6c4" [3msession_id[0m[2m=[0m"s-e7c98262c769"
[backend] [2m2026-04-19T09:01:07.7522432+08:00[0m [32m INFO[0m ThreadId(12) [2mkoko::shell::媒体资产外壳[0m[2m:[0m HTTP 请求已受理 [3musecase[0m[2m=[0m"读取附件内容" [3madapter[0m[2m=[0m"http" [3moutcome[0m[2m=[0m"accepted" [3mrequest_kind[0m[2m=[0m"附件内容读取" [3mattachment_id[0m[2m=[0m"att-97bd5f02f6c4" [3msession_id[0m[2m=[0m"s-e7c98262c769"
[backend] [2m2026-04-19T09:01:07.7652007+08:00[0m [32m INFO[0m ThreadId(06) [2mkoko::shell::媒体资产外壳[0m[2m:[0m 读取附件内容成功 [3musecase[0m[2m=[0m"读取附件内容" [3madapter[0m[2m=[0m"http" [3moutcome[0m[2m=[0m"succeeded" [3mrequest_kind[0m[2m=[0m"附件内容读取" [3mattachment_id[0m[2m=[0m"att-97bd5f02f6c4" [3msession_id[0m[2m=[0m"s-e7c98262c769"
[backend] [2m2026-04-19T09:01:07.8124018+08:00[0m [33m WARN[0m ThreadId(03) [2mkoko::shell::实时外壳[0m[2m:[0m realtime 连接异常断开 [3musecase[0m[2m=[0m"实时连接断开" [3madapter[0m[2m=[0m"socketioxide" [3moutcome[0m[2m=[0m"failed" [3msession_id[0m[2m=[0m"s-97d378630852" [3mdisconnect_reason[0m[2m=[0mThe connection was abruptly closed [3merror_code[0m[2m=[0m"socket_disconnect_abnormal"
[backend] [2m2026-04-19T09:01:18.5949865+08:00[0m [32m INFO[0m ThreadId(10) [2mkoko::shell::实时外壳[0m[2m:[0m realtime 连接认证已受理 [3musecase[0m[2m=[0m"实时连接认证" [3madapter[0m[2m=[0m"socketioxide" [3moutcome[0m[2m=[0m"accepted" [3msession_id[0m[2m=[0m"s-97d378630852"
[backend] [2m2026-04-19T09:01:18.5961445+08:00[0m [32m INFO[0m ThreadId(03) [2mkoko::shell::实时外壳[0m[2m:[0m realtime 连接认证成功 [3musecase[0m[2m=[0m"实时连接认证" [3madapter[0m[2m=[0m"socketioxide" [3moutcome[0m[2m=[0m"succeeded" [3msession_id[0m[2m=[0m"s-97d378630852"
[backend] [2m2026-04-19T09:01:18.6211429+08:00[0m [32m INFO[0m ThreadId(06) [2mkoko::shell::实时外壳[0m[2m:[0m realtime 订阅请求已受理 [3musecase[0m[2m=[0m"订阅房间事件流" [3madapter[0m[2m=[0m"socketioxide" [3moutcome[0m[2m=[0m"accepted" [3mroom_id[0m[2m=[0m"r-3cdfd560046a" [3msession_id[0m[2m=[0m"s-97d378630852" [3mfrom[0m[2m=[0m28
[backend] [2m2026-04-19T09:01:18.6211556+08:00[0m [32m INFO[0m ThreadId(10) [2mkoko::shell::实时外壳[0m[2m:[0m realtime 订阅请求已受理 [3musecase[0m[2m=[0m"订阅房间事件流" [3madapter[0m[2m=[0m"socketioxide" [3moutcome[0m[2m=[0m"accepted" [3mroom_id[0m[2m=[0m"r-3cdfd560046a" [3msession_id[0m[2m=[0m"s-97d378630852" [3mfrom[0m[2m=[0m28
[backend] [2m2026-04-19T09:01:18.6284829+08:00[0m [32m INFO[0m ThreadId(03) [2mkoko::shell::实时外壳[0m[2m:[0m 订阅房间事件流成功 [3musecase[0m[2m=[0m"订阅房间事件流" [3madapter[0m[2m=[0m"socketioxide" [3moutcome[0m[2m=[0m"succeeded" [3mroom_id[0m[2m=[0m"r-3cdfd560046a" [3msession_id[0m[2m=[0m"s-97d378630852" [3mfrom[0m[2m=[0m28 [3mevent_position[0m[2m=[0m28
[backend] [2m2026-04-19T09:01:18.6328314+08:00[0m [32m INFO[0m ThreadId(06) [2mkoko::shell::实时外壳[0m[2m:[0m 订阅房间事件流成功 [3musecase[0m[2m=[0m"订阅房间事件流" [3madapter[0m[2m=[0m"socketioxide" [3moutcome[0m[2m=[0m"succeeded" [3mroom_id[0m[2m=[0m"r-3cdfd560046a" [3msession_id[0m[2m=[0m"s-97d378630852" [3mfrom[0m[2m=[0m28 [3mevent_position[0m[2m=[0m28
[backend] [2m2026-04-19T09:01:21.2233097+08:00[0m [32m INFO[0m ThreadId(08) [2mkoko::shell::实时外壳[0m[2m:[0m realtime 订阅请求已受理 [3musecase[0m[2m=[0m"订阅房间事件流" [3madapter[0m[2m=[0m"socketioxide" [3moutcome[0m[2m=[0m"accepted" [3mroom_id[0m[2m=[0m"r-3cdfd560046a" [3msession_id[0m[2m=[0m"s-97d378630852" [3mfrom[0m[2m=[0m28
[backend] [2m2026-04-19T09:01:21.2280019+08:00[0m [32m INFO[0m ThreadId(03) [2mkoko::shell::实时外壳[0m[2m:[0m 订阅房间事件流成功 [3musecase[0m[2m=[0m"订阅房间事件流" [3madapter[0m[2m=[0m"socketioxide" [3moutcome[0m[2m=[0m"succeeded" [3mroom_id[0m[2m=[0m"r-3cdfd560046a" [3msession_id[0m[2m=[0m"s-97d378630852" [3mfrom[0m[2m=[0m28 [3mevent_position[0m[2m=[0m28
[backend] [2m2026-04-19T09:01:25.3387601+08:00[0m [32m INFO[0m ThreadId(03) [2mkoko::shell::实时外壳[0m[2m:[0m realtime 连接已正常断开 [3musecase[0m[2m=[0m"实时连接断开" [3madapter[0m[2m=[0m"socketioxide" [3moutcome[0m[2m=[0m"dropped" [3msession_id[0m[2m=[0m"s-97d378630852" [3mdisconnect_reason[0m[2m=[0mclient has manually disconnected the socket from the namespace
[backend] [2m2026-04-19T09:01:25.4987641+08:00[0m [32m INFO[0m ThreadId(05) [2mkoko::shell::房间外壳[0m[2m:[0m HTTP 请求已受理 [3musecase[0m[2m=[0m"引导匿名身份" [3madapter[0m[2m=[0m"http" [3moutcome[0m[2m=[0m"accepted" [3mrequest_kind[0m[2m=[0m"匿名身份引导"
[backend] [2m2026-04-19T09:01:25.5024378+08:00[0m [32m INFO[0m ThreadId(03) [2mkoko::shell::房间外壳[0m[2m:[0m 引导匿名身份成功 [3musecase[0m[2m=[0m"引导匿名身份" [3madapter[0m[2m=[0m"http" [3moutcome[0m[2m=[0m"succeeded" [3mrequest_kind[0m[2m=[0m"匿名身份引导" [3msession_id[0m[2m=[0m"s-97d378630852"
[backend] [2m2026-04-19T09:01:25.5167906+08:00[0m [32m INFO[0m ThreadId(05) [2mkoko::shell::房间外壳[0m[2m:[0m HTTP 请求已受理 [3musecase[0m[2m=[0m"加载房间快照" [3madapter[0m[2m=[0m"http" [3moutcome[0m[2m=[0m"accepted" [3mrequest_kind[0m[2m=[0m"房间快照查询" [3mroom_id[0m[2m=[0m"r-3cdfd560046a" [3msession_id[0m[2m=[0m"s-97d378630852"
[backend] [2m2026-04-19T09:01:25.5404177+08:00[0m [32m INFO[0m ThreadId(03) [2mkoko::shell::实时外壳[0m[2m:[0m realtime 连接认证已受理 [3musecase[0m[2m=[0m"实时连接认证" [3madapter[0m[2m=[0m"socketioxide" [3moutcome[0m[2m=[0m"accepted" [3msession_id[0m[2m=[0m"s-97d378630852"
[backend] [2m2026-04-19T09:01:25.5421372+08:00[0m [32m INFO[0m ThreadId(05) [2mkoko::shell::实时外壳[0m[2m:[0m realtime 连接认证成功 [3musecase[0m[2m=[0m"实时连接认证" [3madapter[0m[2m=[0m"socketioxide" [3moutcome[0m[2m=[0m"succeeded" [3msession_id[0m[2m=[0m"s-97d378630852"
[backend] [2m2026-04-19T09:01:25.5490007+08:00[0m [32m INFO[0m ThreadId(08) [2mkoko::shell::实时外壳[0m[2m:[0m realtime 订阅请求已受理 [3musecase[0m[2m=[0m"订阅房间事件流" [3madapter[0m[2m=[0m"socketioxide" [3moutcome[0m[2m=[0m"accepted" [3mroom_id[0m[2m=[0m"r-3cdfd560046a" [3msession_id[0m[2m=[0m"s-97d378630852" [3mfrom[0m[2m=[0m0
[backend] [2m2026-04-19T09:01:25.565052+08:00[0m [32m INFO[0m ThreadId(08) [2mkoko::shell::房间外壳[0m[2m:[0m 加载房间快照成功 [3musecase[0m[2m=[0m"加载房间快照" [3madapter[0m[2m=[0m"http" [3moutcome[0m[2m=[0m"succeeded" [3mrequest_kind[0m[2m=[0m"房间快照查询" [3mroom_id[0m[2m=[0m"r-3cdfd560046a" [3msession_id[0m[2m=[0m"s-97d378630852" [3mevent_position[0m[2m=[0m28
[backend] [2m2026-04-19T09:01:25.5685023+08:00[0m [32m INFO[0m ThreadId(06) [2mkoko::shell::实时外壳[0m[2m:[0m 订阅房间事件流成功 [3musecase[0m[2m=[0m"订阅房间事件流" [3madapter[0m[2m=[0m"socketioxide" [3moutcome[0m[2m=[0m"succeeded" [3mroom_id[0m[2m=[0m"r-3cdfd560046a" [3msession_id[0m[2m=[0m"s-97d378630852" [3mfrom[0m[2m=[0m0 [3mevent_position[0m[2m=[0m28
[backend] [2m2026-04-19T09:01:25.6225283+08:00[0m [32m INFO[0m ThreadId(05) [2mkoko::shell::媒体资产外壳[0m[2m:[0m HTTP 请求已受理 [3musecase[0m[2m=[0m"读取附件内容" [3madapter[0m[2m=[0m"http" [3moutcome[0m[2m=[0m"accepted" [3mrequest_kind[0m[2m=[0m"附件内容读取" [3mattachment_id[0m[2m=[0m"att-961d957a1877" [3msession_id[0m[2m=[0m"s-97d378630852"
[backend] [2m2026-04-19T09:01:25.6271978+08:00[0m [32m INFO[0m ThreadId(05) [2mkoko::shell::媒体资产外壳[0m[2m:[0m HTTP 请求已受理 [3musecase[0m[2m=[0m"读取附件内容" [3madapter[0m[2m=[0m"http" [3moutcome[0m[2m=[0m"accepted" [3mrequest_kind[0m[2m=[0m"附件内容读取" [3mattachment_id[0m[2m=[0m"att-8d44cbfede62" [3msession_id[0m[2m=[0m"s-97d378630852"
[backend] [2m2026-04-19T09:01:25.6291445+08:00[0m [32m INFO[0m ThreadId(05) [2mkoko::shell::实时外壳[0m[2m:[0m realtime 订阅请求已受理 [3musecase[0m[2m=[0m"订阅房间事件流" [3madapter[0m[2m=[0m"socketioxide" [3moutcome[0m[2m=[0m"accepted" [3mroom_id[0m[2m=[0m"r-3cdfd560046a" [3msession_id[0m[2m=[0m"s-97d378630852" [3mfrom[0m[2m=[0m28
[backend] [2m2026-04-19T09:01:25.6336262+08:00[0m [32m INFO[0m ThreadId(08) [2mkoko::shell::媒体资产外壳[0m[2m:[0m HTTP 请求已受理 [3musecase[0m[2m=[0m"读取附件内容" [3madapter[0m[2m=[0m"http" [3moutcome[0m[2m=[0m"accepted" [3mrequest_kind[0m[2m=[0m"附件内容读取" [3mattachment_id[0m[2m=[0m"att-2d964b96c071" [3msession_id[0m[2m=[0m"s-97d378630852"
[backend] [2m2026-04-19T09:01:25.6342766+08:00[0m [32m INFO[0m ThreadId(03) [2mkoko::shell::媒体资产外壳[0m[2m:[0m HTTP 请求已受理 [3musecase[0m[2m=[0m"读取附件内容" [3madapter[0m[2m=[0m"http" [3moutcome[0m[2m=[0m"accepted" [3mrequest_kind[0m[2m=[0m"附件内容读取" [3mattachment_id[0m[2m=[0m"att-681e5b27b0c2" [3msession_id[0m[2m=[0m"s-97d378630852"
[backend] [2m2026-04-19T09:01:25.6376447+08:00[0m [32m INFO[0m ThreadId(03) [2mkoko::shell::实时外壳[0m[2m:[0m 订阅房间事件流成功 [3musecase[0m[2m=[0m"订阅房间事件流" [3madapter[0m[2m=[0m"socketioxide" [3moutcome[0m[2m=[0m"succeeded" [3mroom_id[0m[2m=[0m"r-3cdfd560046a" [3msession_id[0m[2m=[0m"s-97d378630852" [3mfrom[0m[2m=[0m28 [3mevent_position[0m[2m=[0m28
[backend] [2m2026-04-19T09:01:25.6532291+08:00[0m [32m INFO[0m ThreadId(03) [2mkoko::shell::媒体资产外壳[0m[2m:[0m HTTP 请求已受理 [3musecase[0m[2m=[0m"读取附件内容" [3madapter[0m[2m=[0m"http" [3moutcome[0m[2m=[0m"accepted" [3mrequest_kind[0m[2m=[0m"附件内容读取" [3mattachment_id[0m[2m=[0m"att-cd5a0edf2c3f" [3msession_id[0m[2m=[0m"s-97d378630852"
[backend] [2m2026-04-19T09:01:25.6536908+08:00[0m [32m INFO[0m ThreadId(12) [2mkoko::shell::媒体资产外壳[0m[2m:[0m HTTP 请求已受理 [3musecase[0m[2m=[0m"读取附件内容" [3madapter[0m[2m=[0m"http" [3moutcome[0m[2m=[0m"accepted" [3mrequest_kind[0m[2m=[0m"附件内容读取" [3mattachment_id[0m[2m=[0m"att-97bd5f02f6c4" [3msession_id[0m[2m=[0m"s-97d378630852"
[backend] [2m2026-04-19T09:01:25.656675+08:00[0m [32m INFO[0m ThreadId(05) [2mkoko::shell::媒体资产外壳[0m[2m:[0m 读取附件内容成功 [3musecase[0m[2m=[0m"读取附件内容" [3madapter[0m[2m=[0m"http" [3moutcome[0m[2m=[0m"succeeded" [3mrequest_kind[0m[2m=[0m"附件内容读取" [3mattachment_id[0m[2m=[0m"att-8d44cbfede62" [3msession_id[0m[2m=[0m"s-97d378630852"
[backend] [2m2026-04-19T09:01:25.6581331+08:00[0m [32m INFO[0m ThreadId(05) [2mkoko::shell::媒体资产外壳[0m[2m:[0m 读取附件内容成功 [3musecase[0m[2m=[0m"读取附件内容" [3madapter[0m[2m=[0m"http" [3moutcome[0m[2m=[0m"succeeded" [3mrequest_kind[0m[2m=[0m"附件内容读取" [3mattachment_id[0m[2m=[0m"att-961d957a1877" [3msession_id[0m[2m=[0m"s-97d378630852"
[backend] [2m2026-04-19T09:01:25.6584134+08:00[0m [32m INFO[0m ThreadId(12) [2mkoko::shell::媒体资产外壳[0m[2m:[0m 读取附件内容成功 [3musecase[0m[2m=[0m"读取附件内容" [3madapter[0m[2m=[0m"http" [3moutcome[0m[2m=[0m"succeeded" [3mrequest_kind[0m[2m=[0m"附件内容读取" [3mattachment_id[0m[2m=[0m"att-681e5b27b0c2" [3msession_id[0m[2m=[0m"s-97d378630852"
[backend] [2m2026-04-19T09:01:25.6597913+08:00[0m [32m INFO[0m ThreadId(12) [2mkoko::shell::媒体资产外壳[0m[2m:[0m 读取附件内容成功 [3musecase[0m[2m=[0m"读取附件内容" [3madapter[0m[2m=[0m"http" [3moutcome[0m[2m=[0m"succeeded" [3mrequest_kind[0m[2m=[0m"附件内容读取" [3mattachment_id[0m[2m=[0m"att-2d964b96c071" [3msession_id[0m[2m=[0m"s-97d378630852"
[backend] [2m2026-04-19T09:01:25.6677627+08:00[0m [32m INFO[0m ThreadId(10) [2mkoko::shell::媒体资产外壳[0m[2m:[0m 读取附件内容成功 [3musecase[0m[2m=[0m"读取附件内容" [3madapter[0m[2m=[0m"http" [3moutcome[0m[2m=[0m"succeeded" [3mrequest_kind[0m[2m=[0m"附件内容读取" [3mattachment_id[0m[2m=[0m"att-cd5a0edf2c3f" [3msession_id[0m[2m=[0m"s-97d378630852"
[backend] [2m2026-04-19T09:01:25.6690066+08:00[0m [32m INFO[0m ThreadId(12) [2mkoko::shell::媒体资产外壳[0m[2m:[0m 读取附件内容成功 [3musecase[0m[2m=[0m"读取附件内容" [3madapter[0m[2m=[0m"http" [3moutcome[0m[2m=[0m"succeeded" [3mrequest_kind[0m[2m=[0m"附件内容读取" [3mattachment_id[0m[2m=[0m"att-97bd5f02f6c4" [3msession_id[0m[2m=[0m"s-97d378630852"
[backend] [2m2026-04-19T09:01:25.7327966+08:00[0m [32m INFO[0m ThreadId(03) [2mkoko::shell::媒体资产外壳[0m[2m:[0m HTTP 请求已受理 [3musecase[0m[2m=[0m"读取附件内容" [3madapter[0m[2m=[0m"http" [3moutcome[0m[2m=[0m"accepted" [3mrequest_kind[0m[2m=[0m"附件内容读取" [3mattachment_id[0m[2m=[0m"att-f46587b492aa" [3msession_id[0m[2m=[0m"s-97d378630852"
[backend] [2m2026-04-19T09:01:25.7476436+08:00[0m [32m INFO[0m ThreadId(10) [2mkoko::shell::媒体资产外壳[0m[2m:[0m 读取附件内容成功 [3musecase[0m[2m=[0m"读取附件内容" [3madapter[0m[2m=[0m"http" [3moutcome[0m[2m=[0m"succeeded" [3mrequest_kind[0m[2m=[0m"附件内容读取" [3mattachment_id[0m[2m=[0m"att-f46587b492aa" [3msession_id[0m[2m=[0m"s-97d378630852"
[backend] [2m2026-04-19T09:01:27.4131176+08:00[0m [32m INFO[0m ThreadId(10) [2mkoko::shell::媒体资产外壳[0m[2m:[0m HTTP 请求已受理 [3musecase[0m[2m=[0m"读取附件内容" [3madapter[0m[2m=[0m"http" [3moutcome[0m[2m=[0m"accepted" [3mrequest_kind[0m[2m=[0m"附件内容读取" [3mattachment_id[0m[2m=[0m"att-2ae1eb710ca9" [3msession_id[0m[2m=[0m"s-97d378630852"
[backend] [2m2026-04-19T09:01:27.4223235+08:00[0m [32m INFO[0m ThreadId(12) [2mkoko::shell::媒体资产外壳[0m[2m:[0m 读取附件内容成功 [3musecase[0m[2m=[0m"读取附件内容" [3madapter[0m[2m=[0m"http" [3moutcome[0m[2m=[0m"succeeded" [3mrequest_kind[0m[2m=[0m"附件内容读取" [3mattachment_id[0m[2m=[0m"att-2ae1eb710ca9" [3msession_id[0m[2m=[0m"s-97d378630852"
[backend] [2m2026-04-19T09:01:28.2037812+08:00[0m [32m INFO[0m ThreadId(03) [2mkoko::shell::媒体资产外壳[0m[2m:[0m HTTP 请求已受理 [3musecase[0m[2m=[0m"读取附件内容" [3madapter[0m[2m=[0m"http" [3moutcome[0m[2m=[0m"accepted" [3mrequest_kind[0m[2m=[0m"附件内容读取" [3mattachment_id[0m[2m=[0m"att-9ffa539f6803" [3msession_id[0m[2m=[0m"s-97d378630852"
[backend] [2m2026-04-19T09:01:28.2145036+08:00[0m [32m INFO[0m ThreadId(03) [2mkoko::shell::媒体资产外壳[0m[2m:[0m 读取附件内容成功 [3musecase[0m[2m=[0m"读取附件内容" [3madapter[0m[2m=[0m"http" [3moutcome[0m[2m=[0m"succeeded" [3mrequest_kind[0m[2m=[0m"附件内容读取" [3mattachment_id[0m[2m=[0m"att-9ffa539f6803" [3msession_id[0m[2m=[0m"s-97d378630852"
[backend] [2m2026-04-19T09:01:40.819324+08:00[0m [32m INFO[0m ThreadId(10) [2mkoko::shell::媒体资产外壳[0m[2m:[0m HTTP 请求已受理 [3musecase[0m[2m=[0m"读取附件内容" [3madapter[0m[2m=[0m"http" [3moutcome[0m[2m=[0m"accepted" [3mrequest_kind[0m[2m=[0m"附件内容读取" [3mattachment_id[0m[2m=[0m"att-fac5794f284f" [3msession_id[0m[2m=[0m"s-97d378630852"
[backend] [2m2026-04-19T09:01:40.8286835+08:00[0m [32m INFO[0m ThreadId(12) [2mkoko::shell::媒体资产外壳[0m[2m:[0m 读取附件内容成功 [3musecase[0m[2m=[0m"读取附件内容" [3madapter[0m[2m=[0m"http" [3moutcome[0m[2m=[0m"succeeded" [3mrequest_kind[0m[2m=[0m"附件内容读取" [3mattachment_id[0m[2m=[0m"att-fac5794f284f" [3msession_id[0m[2m=[0m"s-97d378630852"
[backend] [2m2026-04-19T09:01:53.0662081+08:00[0m [32m INFO[0m ThreadId(03) [2mkoko::shell::实时外壳[0m[2m:[0m realtime 订阅请求已受理 [3musecase[0m[2m=[0m"订阅房间事件流" [3madapter[0m[2m=[0m"socketioxide" [3moutcome[0m[2m=[0m"accepted" [3mroom_id[0m[2m=[0m"r-3cdfd560046a" [3msession_id[0m[2m=[0m"s-e7c98262c769" [3mfrom[0m[2m=[0m28
[backend] [2m2026-04-19T09:01:53.0761709+08:00[0m [32m INFO[0m ThreadId(03) [2mkoko::shell::实时外壳[0m[2m:[0m 订阅房间事件流成功 [3musecase[0m[2m=[0m"订阅房间事件流" [3madapter[0m[2m=[0m"socketioxide" [3moutcome[0m[2m=[0m"succeeded" [3mroom_id[0m[2m=[0m"r-3cdfd560046a" [3msession_id[0m[2m=[0m"s-e7c98262c769" [3mfrom[0m[2m=[0m28 [3mevent_position[0m[2m=[0m28
[backend] [2m2026-04-19T09:01:58.2826742+08:00[0m [33m WARN[0m ThreadId(10) [2mkoko::shell::实时外壳[0m[2m:[0m realtime 连接异常断开 [3musecase[0m[2m=[0m"实时连接断开" [3madapter[0m[2m=[0m"socketioxide" [3moutcome[0m[2m=[0m"failed" [3msession_id[0m[2m=[0m"s-b8640d691e68" [3mdisconnect_reason[0m[2m=[0mclient did not send a PONG packet in time [3merror_code[0m[2m=[0m"socket_disconnect_abnormal"
[backend] [2m2026-04-19T09:02:10.6447795+08:00[0m [32m INFO[0m ThreadId(03) [2mkoko::shell::实时外壳[0m[2m:[0m realtime 连接已正常断开 [3musecase[0m[2m=[0m"实时连接断开" [3madapter[0m[2m=[0m"socketioxide" [3moutcome[0m[2m=[0m"dropped" [3msession_id[0m[2m=[0m"s-e7c98262c769" [3mdisconnect_reason[0m[2m=[0mclient has manually disconnected the socket from the namespace
[backend] [2m2026-04-19T09:02:11.1326869+08:00[0m [32m INFO[0m ThreadId(08) [2mkoko::shell::房间外壳[0m[2m:[0m HTTP 请求已受理 [3musecase[0m[2m=[0m"引导匿名身份" [3madapter[0m[2m=[0m"http" [3moutcome[0m[2m=[0m"accepted" [3mrequest_kind[0m[2m=[0m"匿名身份引导"
[backend] [2m2026-04-19T09:02:11.1345712+08:00[0m [32m INFO[0m ThreadId(05) [2mkoko::shell::房间外壳[0m[2m:[0m 引导匿名身份成功 [3musecase[0m[2m=[0m"引导匿名身份" [3madapter[0m[2m=[0m"http" [3moutcome[0m[2m=[0m"succeeded" [3mrequest_kind[0m[2m=[0m"匿名身份引导" [3msession_id[0m[2m=[0m"s-e7c98262c769"
[backend] [2m2026-04-19T09:02:11.357314+08:00[0m [32m INFO[0m ThreadId(08) [2mkoko::shell::房间外壳[0m[2m:[0m HTTP 请求已受理 [3musecase[0m[2m=[0m"加载房间快照" [3madapter[0m[2m=[0m"http" [3moutcome[0m[2m=[0m"accepted" [3mrequest_kind[0m[2m=[0m"房间快照查询" [3mroom_id[0m[2m=[0m"r-3cdfd560046a" [3msession_id[0m[2m=[0m"s-e7c98262c769"
[backend] [2m2026-04-19T09:02:11.3747618+08:00[0m [32m INFO[0m ThreadId(12) [2mkoko::shell::房间外壳[0m[2m:[0m 加载房间快照成功 [3musecase[0m[2m=[0m"加载房间快照" [3madapter[0m[2m=[0m"http" [3moutcome[0m[2m=[0m"succeeded" [3mrequest_kind[0m[2m=[0m"房间快照查询" [3mroom_id[0m[2m=[0m"r-3cdfd560046a" [3msession_id[0m[2m=[0m"s-e7c98262c769" [3mevent_position[0m[2m=[0m28
[backend] [2m2026-04-19T09:02:11.3906474+08:00[0m [32m INFO[0m ThreadId(08) [2mkoko::shell::实时外壳[0m[2m:[0m realtime 连接认证已受理 [3musecase[0m[2m=[0m"实时连接认证" [3madapter[0m[2m=[0m"socketioxide" [3moutcome[0m[2m=[0m"accepted" [3msession_id[0m[2m=[0m"s-e7c98262c769"
[backend] [2m2026-04-19T09:02:11.3939389+08:00[0m [32m INFO[0m ThreadId(08) [2mkoko::shell::实时外壳[0m[2m:[0m realtime 连接认证成功 [3musecase[0m[2m=[0m"实时连接认证" [3madapter[0m[2m=[0m"socketioxide" [3moutcome[0m[2m=[0m"succeeded" [3msession_id[0m[2m=[0m"s-e7c98262c769"
[backend] [2m2026-04-19T09:02:11.4565976+08:00[0m [32m INFO[0m ThreadId(12) [2mkoko::shell::实时外壳[0m[2m:[0m realtime 订阅请求已受理 [3musecase[0m[2m=[0m"订阅房间事件流" [3madapter[0m[2m=[0m"socketioxide" [3moutcome[0m[2m=[0m"accepted" [3mroom_id[0m[2m=[0m"r-3cdfd560046a" [3msession_id[0m[2m=[0m"s-e7c98262c769" [3mfrom[0m[2m=[0m28
[backend] [2m2026-04-19T09:02:11.4571154+08:00[0m [32m INFO[0m ThreadId(08) [2mkoko::shell::实时外壳[0m[2m:[0m realtime 订阅请求已受理 [3musecase[0m[2m=[0m"订阅房间事件流" [3madapter[0m[2m=[0m"socketioxide" [3moutcome[0m[2m=[0m"accepted" [3mroom_id[0m[2m=[0m"r-3cdfd560046a" [3msession_id[0m[2m=[0m"s-e7c98262c769" [3mfrom[0m[2m=[0m28
[backend] [2m2026-04-19T09:02:11.461555+08:00[0m [32m INFO[0m ThreadId(08) [2mkoko::shell::媒体资产外壳[0m[2m:[0m HTTP 请求已受理 [3musecase[0m[2m=[0m"读取附件内容" [3madapter[0m[2m=[0m"http" [3moutcome[0m[2m=[0m"accepted" [3mrequest_kind[0m[2m=[0m"附件内容读取" [3mattachment_id[0m[2m=[0m"att-961d957a1877" [3msession_id[0m[2m=[0m"s-e7c98262c769"
[backend] [2m2026-04-19T09:02:11.4673718+08:00[0m [32m INFO[0m ThreadId(05) [2mkoko::shell::实时外壳[0m[2m:[0m 订阅房间事件流成功 [3musecase[0m[2m=[0m"订阅房间事件流" [3madapter[0m[2m=[0m"socketioxide" [3moutcome[0m[2m=[0m"succeeded" [3mroom_id[0m[2m=[0m"r-3cdfd560046a" [3msession_id[0m[2m=[0m"s-e7c98262c769" [3mfrom[0m[2m=[0m28 [3mevent_position[0m[2m=[0m28
[backend] [2m2026-04-19T09:02:11.4697698+08:00[0m [32m INFO[0m ThreadId(10) [2mkoko::shell::媒体资产外壳[0m[2m:[0m HTTP 请求已受理 [3musecase[0m[2m=[0m"读取附件内容" [3madapter[0m[2m=[0m"http" [3moutcome[0m[2m=[0m"accepted" [3mrequest_kind[0m[2m=[0m"附件内容读取" [3mattachment_id[0m[2m=[0m"att-8d44cbfede62" [3msession_id[0m[2m=[0m"s-e7c98262c769"
[backend] [2m2026-04-19T09:02:11.4710218+08:00[0m [32m INFO[0m ThreadId(05) [2mkoko::shell::实时外壳[0m[2m:[0m 订阅房间事件流成功 [3musecase[0m[2m=[0m"订阅房间事件流" [3madapter[0m[2m=[0m"socketioxide" [3moutcome[0m[2m=[0m"succeeded" [3mroom_id[0m[2m=[0m"r-3cdfd560046a" [3msession_id[0m[2m=[0m"s-e7c98262c769" [3mfrom[0m[2m=[0m28 [3mevent_position[0m[2m=[0m28
[backend] [2m2026-04-19T09:02:11.4777446+08:00[0m [32m INFO[0m ThreadId(05) [2mkoko::shell::媒体资产外壳[0m[2m:[0m 读取附件内容成功 [3musecase[0m[2m=[0m"读取附件内容" [3madapter[0m[2m=[0m"http" [3moutcome[0m[2m=[0m"succeeded" [3mrequest_kind[0m[2m=[0m"附件内容读取" [3mattachment_id[0m[2m=[0m"att-961d957a1877" [3msession_id[0m[2m=[0m"s-e7c98262c769"
[backend] [2m2026-04-19T09:02:11.4804916+08:00[0m [32m INFO[0m ThreadId(10) [2mkoko::shell::媒体资产外壳[0m[2m:[0m HTTP 请求已受理 [3musecase[0m[2m=[0m"读取附件内容" [3madapter[0m[2m=[0m"http" [3moutcome[0m[2m=[0m"accepted" [3mrequest_kind[0m[2m=[0m"附件内容读取" [3mattachment_id[0m[2m=[0m"att-2d964b96c071" [3msession_id[0m[2m=[0m"s-e7c98262c769"
[backend] [2m2026-04-19T09:02:11.4825151+08:00[0m [32m INFO[0m ThreadId(10) [2mkoko::shell::媒体资产外壳[0m[2m:[0m HTTP 请求已受理 [3musecase[0m[2m=[0m"读取附件内容" [3madapter[0m[2m=[0m"http" [3moutcome[0m[2m=[0m"accepted" [3mrequest_kind[0m[2m=[0m"附件内容读取" [3mattachment_id[0m[2m=[0m"att-ac7a1188a600" [3msession_id[0m[2m=[0m"s-e7c98262c769"
[backend] [2m2026-04-19T09:02:11.4840223+08:00[0m [32m INFO[0m ThreadId(10) [2mkoko::shell::媒体资产外壳[0m[2m:[0m 读取附件内容成功 [3musecase[0m[2m=[0m"读取附件内容" [3madapter[0m[2m=[0m"http" [3moutcome[0m[2m=[0m"succeeded" [3mrequest_kind[0m[2m=[0m"附件内容读取" [3mattachment_id[0m[2m=[0m"att-8d44cbfede62" [3msession_id[0m[2m=[0m"s-e7c98262c769"
[backend] [2m2026-04-19T09:02:11.482561+08:00[0m [32m INFO[0m ThreadId(08) [2mkoko::shell::媒体资产外壳[0m[2m:[0m HTTP 请求已受理 [3musecase[0m[2m=[0m"读取附件内容" [3madapter[0m[2m=[0m"http" [3moutcome[0m[2m=[0m"accepted" [3mrequest_kind[0m[2m=[0m"附件内容读取" [3mattachment_id[0m[2m=[0m"att-681e5b27b0c2" [3msession_id[0m[2m=[0m"s-e7c98262c769"
[backend] [2m2026-04-19T09:02:11.4960883+08:00[0m [32m INFO[0m ThreadId(10) [2mkoko::shell::媒体资产外壳[0m[2m:[0m 读取附件内容成功 [3musecase[0m[2m=[0m"读取附件内容" [3madapter[0m[2m=[0m"http" [3moutcome[0m[2m=[0m"succeeded" [3mrequest_kind[0m[2m=[0m"附件内容读取" [3mattachment_id[0m[2m=[0m"att-2d964b96c071" [3msession_id[0m[2m=[0m"s-e7c98262c769"
[backend] [2m2026-04-19T09:02:11.4990941+08:00[0m [32m INFO[0m ThreadId(05) [2mkoko::shell::媒体资产外壳[0m[2m:[0m 读取附件内容成功 [3musecase[0m[2m=[0m"读取附件内容" [3madapter[0m[2m=[0m"http" [3moutcome[0m[2m=[0m"succeeded" [3mrequest_kind[0m[2m=[0m"附件内容读取" [3mattachment_id[0m[2m=[0m"att-ac7a1188a600" [3msession_id[0m[2m=[0m"s-e7c98262c769"
[backend] [2m2026-04-19T09:02:11.5003371+08:00[0m [32m INFO[0m ThreadId(10) [2mkoko::shell::媒体资产外壳[0m[2m:[0m 读取附件内容成功 [3musecase[0m[2m=[0m"读取附件内容" [3madapter[0m[2m=[0m"http" [3moutcome[0m[2m=[0m"succeeded" [3mrequest_kind[0m[2m=[0m"附件内容读取" [3mattachment_id[0m[2m=[0m"att-681e5b27b0c2" [3msession_id[0m[2m=[0m"s-e7c98262c769"
[backend] [2m2026-04-19T09:02:11.7553508+08:00[0m [32m INFO[0m ThreadId(12) [2mkoko::shell::媒体资产外壳[0m[2m:[0m HTTP 请求已受理 [3musecase[0m[2m=[0m"读取附件内容" [3madapter[0m[2m=[0m"http" [3moutcome[0m[2m=[0m"accepted" [3mrequest_kind[0m[2m=[0m"附件内容读取" [3mattachment_id[0m[2m=[0m"att-cd5a0edf2c3f" [3msession_id[0m[2m=[0m"s-e7c98262c769"
[backend] [2m2026-04-19T09:02:11.7566859+08:00[0m [32m INFO[0m ThreadId(12) [2mkoko::shell::媒体资产外壳[0m[2m:[0m HTTP 请求已受理 [3musecase[0m[2m=[0m"读取附件内容" [3madapter[0m[2m=[0m"http" [3moutcome[0m[2m=[0m"accepted" [3mrequest_kind[0m[2m=[0m"附件内容读取" [3mattachment_id[0m[2m=[0m"att-97bd5f02f6c4" [3msession_id[0m[2m=[0m"s-e7c98262c769"
[backend] [2m2026-04-19T09:02:11.7574006+08:00[0m [32m INFO[0m ThreadId(12) [2mkoko::shell::媒体资产外壳[0m[2m:[0m HTTP 请求已受理 [3musecase[0m[2m=[0m"读取附件内容" [3madapter[0m[2m=[0m"http" [3moutcome[0m[2m=[0m"accepted" [3mrequest_kind[0m[2m=[0m"附件内容读取" [3mattachment_id[0m[2m=[0m"att-f46587b492aa" [3msession_id[0m[2m=[0m"s-e7c98262c769"
[backend] [2m2026-04-19T09:02:11.7670441+08:00[0m [32m INFO[0m ThreadId(05) [2mkoko::shell::媒体资产外壳[0m[2m:[0m 读取附件内容成功 [3musecase[0m[2m=[0m"读取附件内容" [3madapter[0m[2m=[0m"http" [3moutcome[0m[2m=[0m"succeeded" [3mrequest_kind[0m[2m=[0m"附件内容读取" [3mattachment_id[0m[2m=[0m"att-cd5a0edf2c3f" [3msession_id[0m[2m=[0m"s-e7c98262c769"
[backend] [2m2026-04-19T09:02:11.7681791+08:00[0m [32m INFO[0m ThreadId(10) [2mkoko::shell::媒体资产外壳[0m[2m:[0m 读取附件内容成功 [3musecase[0m[2m=[0m"读取附件内容" [3madapter[0m[2m=[0m"http" [3moutcome[0m[2m=[0m"succeeded" [3mrequest_kind[0m[2m=[0m"附件内容读取" [3mattachment_id[0m[2m=[0m"att-f46587b492aa" [3msession_id[0m[2m=[0m"s-e7c98262c769"
[backend] [2m2026-04-19T09:02:11.7686427+08:00[0m [32m INFO[0m ThreadId(12) [2mkoko::shell::媒体资产外壳[0m[2m:[0m 读取附件内容成功 [3musecase[0m[2m=[0m"读取附件内容" [3madapter[0m[2m=[0m"http" [3moutcome[0m[2m=[0m"succeeded" [3mrequest_kind[0m[2m=[0m"附件内容读取" [3mattachment_id[0m[2m=[0m"att-97bd5f02f6c4" [3msession_id[0m[2m=[0m"s-e7c98262c769"
[backend] [2m2026-04-19T09:02:13.5345722+08:00[0m [32m INFO[0m ThreadId(08) [2mkoko::shell::媒体资产外壳[0m[2m:[0m HTTP 请求已受理 [3musecase[0m[2m=[0m"读取附件内容" [3madapter[0m[2m=[0m"http" [3moutcome[0m[2m=[0m"accepted" [3mrequest_kind[0m[2m=[0m"附件内容读取" [3mattachment_id[0m[2m=[0m"att-2ae1eb710ca9" [3msession_id[0m[2m=[0m"s-e7c98262c769"
[backend] [2m2026-04-19T09:02:13.5436626+08:00[0m [32m INFO[0m ThreadId(08) [2mkoko::shell::媒体资产外壳[0m[2m:[0m 读取附件内容成功 [3musecase[0m[2m=[0m"读取附件内容" [3madapter[0m[2m=[0m"http" [3moutcome[0m[2m=[0m"succeeded" [3mrequest_kind[0m[2m=[0m"附件内容读取" [3mattachment_id[0m[2m=[0m"att-2ae1eb710ca9" [3msession_id[0m[2m=[0m"s-e7c98262c769"
[backend] [2m2026-04-19T09:02:14.3019368+08:00[0m [32m INFO[0m ThreadId(08) [2mkoko::shell::媒体资产外壳[0m[2m:[0m HTTP 请求已受理 [3musecase[0m[2m=[0m"读取附件内容" [3madapter[0m[2m=[0m"http" [3moutcome[0m[2m=[0m"accepted" [3mrequest_kind[0m[2m=[0m"附件内容读取" [3mattachment_id[0m[2m=[0m"att-9ffa539f6803" [3msession_id[0m[2m=[0m"s-e7c98262c769"
[backend] [2m2026-04-19T09:02:14.3100076+08:00[0m [32m INFO[0m ThreadId(08) [2mkoko::shell::媒体资产外壳[0m[2m:[0m 读取附件内容成功 [3musecase[0m[2m=[0m"读取附件内容" [3madapter[0m[2m=[0m"http" [3moutcome[0m[2m=[0m"succeeded" [3mrequest_kind[0m[2m=[0m"附件内容读取" [3mattachment_id[0m[2m=[0m"att-9ffa539f6803" [3msession_id[0m[2m=[0m"s-e7c98262c769"
[backend] [2m2026-04-19T09:02:16.068376+08:00[0m [32m INFO[0m ThreadId(12) [2mkoko::shell::媒体资产外壳[0m[2m:[0m HTTP 请求已受理 [3musecase[0m[2m=[0m"读取附件内容" [3madapter[0m[2m=[0m"http" [3moutcome[0m[2m=[0m"accepted" [3mrequest_kind[0m[2m=[0m"附件内容读取" [3mattachment_id[0m[2m=[0m"att-fac5794f284f" [3msession_id[0m[2m=[0m"s-e7c98262c769"
[backend] [2m2026-04-19T09:02:16.0756816+08:00[0m [32m INFO[0m ThreadId(08) [2mkoko::shell::媒体资产外壳[0m[2m:[0m 读取附件内容成功 [3musecase[0m[2m=[0m"读取附件内容" [3madapter[0m[2m=[0m"http" [3moutcome[0m[2m=[0m"succeeded" [3mrequest_kind[0m[2m=[0m"附件内容读取" [3mattachment_id[0m[2m=[0m"att-fac5794f284f" [3msession_id[0m[2m=[0m"s-e7c98262c769"
[backend] [2m2026-04-19T09:02:17.901386+08:00[0m [32m INFO[0m ThreadId(12) [2mkoko::shell::媒体资产外壳[0m[2m:[0m HTTP 请求已受理 [3musecase[0m[2m=[0m"读取附件内容" [3madapter[0m[2m=[0m"http" [3moutcome[0m[2m=[0m"accepted" [3mrequest_kind[0m[2m=[0m"附件内容读取" [3mattachment_id[0m[2m=[0m"att-bdbf430c4928" [3msession_id[0m[2m=[0m"s-e7c98262c769"
[backend] [2m2026-04-19T09:02:17.9121286+08:00[0m [32m INFO[0m ThreadId(12) [2mkoko::shell::媒体资产外壳[0m[2m:[0m 读取附件内容成功 [3musecase[0m[2m=[0m"读取附件内容" [3madapter[0m[2m=[0m"http" [3moutcome[0m[2m=[0m"succeeded" [3mrequest_kind[0m[2m=[0m"附件内容读取" [3mattachment_id[0m[2m=[0m"att-bdbf430c4928" [3msession_id[0m[2m=[0m"s-e7c98262c769"
[backend] [2m2026-04-19T09:02:27.7868174+08:00[0m [32m INFO[0m ThreadId(10) [2mkoko::shell::实时外壳[0m[2m:[0m realtime 连接已正常断开 [3musecase[0m[2m=[0m"实时连接断开" [3madapter[0m[2m=[0m"socketioxide" [3moutcome[0m[2m=[0m"dropped" [3msession_id[0m[2m=[0m"s-e7c98262c769" [3mdisconnect_reason[0m[2m=[0mclient has manually disconnected the socket from the namespace
[backend] [2m2026-04-19T09:02:28.3043781+08:00[0m [32m INFO[0m ThreadId(03) [2mkoko::shell::房间外壳[0m[2m:[0m HTTP 请求已受理 [3musecase[0m[2m=[0m"引导匿名身份" [3madapter[0m[2m=[0m"http" [3moutcome[0m[2m=[0m"accepted" [3mrequest_kind[0m[2m=[0m"匿名身份引导"
[backend] [2m2026-04-19T09:02:28.3070058+08:00[0m [32m INFO[0m ThreadId(12) [2mkoko::shell::房间外壳[0m[2m:[0m 引导匿名身份成功 [3musecase[0m[2m=[0m"引导匿名身份" [3madapter[0m[2m=[0m"http" [3moutcome[0m[2m=[0m"succeeded" [3mrequest_kind[0m[2m=[0m"匿名身份引导" [3msession_id[0m[2m=[0m"s-e7c98262c769"
[backend] [2m2026-04-19T09:02:28.5307179+08:00[0m [32m INFO[0m ThreadId(03) [2mkoko::shell::房间外壳[0m[2m:[0m HTTP 请求已受理 [3musecase[0m[2m=[0m"加载房间快照" [3madapter[0m[2m=[0m"http" [3moutcome[0m[2m=[0m"accepted" [3mrequest_kind[0m[2m=[0m"房间快照查询" [3mroom_id[0m[2m=[0m"r-3cdfd560046a" [3msession_id[0m[2m=[0m"s-e7c98262c769"
[backend] [2m2026-04-19T09:02:28.5550858+08:00[0m [32m INFO[0m ThreadId(12) [2mkoko::shell::房间外壳[0m[2m:[0m 加载房间快照成功 [3musecase[0m[2m=[0m"加载房间快照" [3madapter[0m[2m=[0m"http" [3moutcome[0m[2m=[0m"succeeded" [3mrequest_kind[0m[2m=[0m"房间快照查询" [3mroom_id[0m[2m=[0m"r-3cdfd560046a" [3msession_id[0m[2m=[0m"s-e7c98262c769" [3mevent_position[0m[2m=[0m28
[backend] [2m2026-04-19T09:02:28.5579657+08:00[0m [32m INFO[0m ThreadId(05) [2mkoko::shell::实时外壳[0m[2m:[0m realtime 连接认证已受理 [3musecase[0m[2m=[0m"实时连接认证" [3madapter[0m[2m=[0m"socketioxide" [3moutcome[0m[2m=[0m"accepted" [3msession_id[0m[2m=[0m"s-e7c98262c769"
[backend] [2m2026-04-19T09:02:28.5595679+08:00[0m [32m INFO[0m ThreadId(03) [2mkoko::shell::实时外壳[0m[2m:[0m realtime 连接认证成功 [3musecase[0m[2m=[0m"实时连接认证" [3madapter[0m[2m=[0m"socketioxide" [3moutcome[0m[2m=[0m"succeeded" [3msession_id[0m[2m=[0m"s-e7c98262c769"
[backend] [2m2026-04-19T09:02:28.5685742+08:00[0m [32m INFO[0m ThreadId(03) [2mkoko::shell::实时外壳[0m[2m:[0m realtime 订阅请求已受理 [3musecase[0m[2m=[0m"订阅房间事件流" [3madapter[0m[2m=[0m"socketioxide" [3moutcome[0m[2m=[0m"accepted" [3mroom_id[0m[2m=[0m"r-3cdfd560046a" [3msession_id[0m[2m=[0m"s-e7c98262c769" [3mfrom[0m[2m=[0m0
[backend] [2m2026-04-19T09:02:28.5748355+08:00[0m [32m INFO[0m ThreadId(12) [2mkoko::shell::实时外壳[0m[2m:[0m realtime 订阅请求已受理 [3musecase[0m[2m=[0m"订阅房间事件流" [3madapter[0m[2m=[0m"socketioxide" [3moutcome[0m[2m=[0m"accepted" [3mroom_id[0m[2m=[0m"r-3cdfd560046a" [3msession_id[0m[2m=[0m"s-e7c98262c769" [3mfrom[0m[2m=[0m28
[backend] [2m2026-04-19T09:02:28.5795678+08:00[0m [32m INFO[0m ThreadId(08) [2mkoko::shell::实时外壳[0m[2m:[0m 订阅房间事件流成功 [3musecase[0m[2m=[0m"订阅房间事件流" [3madapter[0m[2m=[0m"socketioxide" [3moutcome[0m[2m=[0m"succeeded" [3mroom_id[0m[2m=[0m"r-3cdfd560046a" [3msession_id[0m[2m=[0m"s-e7c98262c769" [3mfrom[0m[2m=[0m28 [3mevent_position[0m[2m=[0m28
[backend] [2m2026-04-19T09:02:28.5831367+08:00[0m [32m INFO[0m ThreadId(05) [2mkoko::shell::实时外壳[0m[2m:[0m 订阅房间事件流成功 [3musecase[0m[2m=[0m"订阅房间事件流" [3madapter[0m[2m=[0m"socketioxide" [3moutcome[0m[2m=[0m"succeeded" [3mroom_id[0m[2m=[0m"r-3cdfd560046a" [3msession_id[0m[2m=[0m"s-e7c98262c769" [3mfrom[0m[2m=[0m0 [3mevent_position[0m[2m=[0m28
[backend] [2m2026-04-19T09:02:28.8503536+08:00[0m [32m INFO[0m ThreadId(03) [2mkoko::shell::媒体资产外壳[0m[2m:[0m HTTP 请求已受理 [3musecase[0m[2m=[0m"读取附件内容" [3madapter[0m[2m=[0m"http" [3moutcome[0m[2m=[0m"accepted" [3mrequest_kind[0m[2m=[0m"附件内容读取" [3mattachment_id[0m[2m=[0m"att-961d957a1877" [3msession_id[0m[2m=[0m"s-e7c98262c769"
[backend] [2m2026-04-19T09:02:28.8523442+08:00[0m [32m INFO[0m ThreadId(03) [2mkoko::shell::媒体资产外壳[0m[2m:[0m HTTP 请求已受理 [3musecase[0m[2m=[0m"读取附件内容" [3madapter[0m[2m=[0m"http" [3moutcome[0m[2m=[0m"accepted" [3mrequest_kind[0m[2m=[0m"附件内容读取" [3mattachment_id[0m[2m=[0m"att-8d44cbfede62" [3msession_id[0m[2m=[0m"s-e7c98262c769"
[backend] [2m2026-04-19T09:02:28.8535151+08:00[0m [32m INFO[0m ThreadId(03) [2mkoko::shell::媒体资产外壳[0m[2m:[0m HTTP 请求已受理 [3musecase[0m[2m=[0m"读取附件内容" [3madapter[0m[2m=[0m"http" [3moutcome[0m[2m=[0m"accepted" [3mrequest_kind[0m[2m=[0m"附件内容读取" [3mattachment_id[0m[2m=[0m"att-2d964b96c071" [3msession_id[0m[2m=[0m"s-e7c98262c769"
[backend] [2m2026-04-19T09:02:28.8548071+08:00[0m [32m INFO[0m ThreadId(03) [2mkoko::shell::媒体资产外壳[0m[2m:[0m HTTP 请求已受理 [3musecase[0m[2m=[0m"读取附件内容" [3madapter[0m[2m=[0m"http" [3moutcome[0m[2m=[0m"accepted" [3mrequest_kind[0m[2m=[0m"附件内容读取" [3mattachment_id[0m[2m=[0m"att-681e5b27b0c2" [3msession_id[0m[2m=[0m"s-e7c98262c769"
[backend] [2m2026-04-19T09:02:28.8551509+08:00[0m [32m INFO[0m ThreadId(08) [2mkoko::shell::媒体资产外壳[0m[2m:[0m HTTP 请求已受理 [3musecase[0m[2m=[0m"读取附件内容" [3madapter[0m[2m=[0m"http" [3moutcome[0m[2m=[0m"accepted" [3mrequest_kind[0m[2m=[0m"附件内容读取" [3mattachment_id[0m[2m=[0m"att-ac7a1188a600" [3msession_id[0m[2m=[0m"s-e7c98262c769"
[backend] [2m2026-04-19T09:02:28.8641546+08:00[0m [32m INFO[0m ThreadId(08) [2mkoko::shell::媒体资产外壳[0m[2m:[0m 读取附件内容成功 [3musecase[0m[2m=[0m"读取附件内容" [3madapter[0m[2m=[0m"http" [3moutcome[0m[2m=[0m"succeeded" [3mrequest_kind[0m[2m=[0m"附件内容读取" [3mattachment_id[0m[2m=[0m"att-8d44cbfede62" [3msession_id[0m[2m=[0m"s-e7c98262c769"
[backend] [2m2026-04-19T09:02:28.8658534+08:00[0m [32m INFO[0m ThreadId(10) [2mkoko::shell::媒体资产外壳[0m[2m:[0m 读取附件内容成功 [3musecase[0m[2m=[0m"读取附件内容" [3madapter[0m[2m=[0m"http" [3moutcome[0m[2m=[0m"succeeded" [3mrequest_kind[0m[2m=[0m"附件内容读取" [3mattachment_id[0m[2m=[0m"att-961d957a1877" [3msession_id[0m[2m=[0m"s-e7c98262c769"
[backend] [2m2026-04-19T09:02:28.8658637+08:00[0m [32m INFO[0m ThreadId(06) [2mkoko::shell::媒体资产外壳[0m[2m:[0m 读取附件内容成功 [3musecase[0m[2m=[0m"读取附件内容" [3madapter[0m[2m=[0m"http" [3moutcome[0m[2m=[0m"succeeded" [3mrequest_kind[0m[2m=[0m"附件内容读取" [3mattachment_id[0m[2m=[0m"att-2d964b96c071" [3msession_id[0m[2m=[0m"s-e7c98262c769"
[backend] [2m2026-04-19T09:02:28.8684989+08:00[0m [32m INFO[0m ThreadId(12) [2mkoko::shell::媒体资产外壳[0m[2m:[0m 读取附件内容成功 [3musecase[0m[2m=[0m"读取附件内容" [3madapter[0m[2m=[0m"http" [3moutcome[0m[2m=[0m"succeeded" [3mrequest_kind[0m[2m=[0m"附件内容读取" [3mattachment_id[0m[2m=[0m"att-ac7a1188a600" [3msession_id[0m[2m=[0m"s-e7c98262c769"
[backend] [2m2026-04-19T09:02:28.8684721+08:00[0m [32m INFO[0m ThreadId(08) [2mkoko::shell::媒体资产外壳[0m[2m:[0m 读取附件内容成功 [3musecase[0m[2m=[0m"读取附件内容" [3madapter[0m[2m=[0m"http" [3moutcome[0m[2m=[0m"succeeded" [3mrequest_kind[0m[2m=[0m"附件内容读取" [3mattachment_id[0m[2m=[0m"att-681e5b27b0c2" [3msession_id[0m[2m=[0m"s-e7c98262c769"
[backend] [2m2026-04-19T09:02:28.9001235+08:00[0m [32m INFO[0m ThreadId(05) [2mkoko::shell::媒体资产外壳[0m[2m:[0m HTTP 请求已受理 [3musecase[0m[2m=[0m"读取附件内容" [3madapter[0m[2m=[0m"http" [3moutcome[0m[2m=[0m"accepted" [3mrequest_kind[0m[2m=[0m"附件内容读取" [3mattachment_id[0m[2m=[0m"att-f46587b492aa" [3msession_id[0m[2m=[0m"s-e7c98262c769"
[backend] [2m2026-04-19T09:02:28.9022071+08:00[0m [32m INFO[0m ThreadId(08) [2mkoko::shell::媒体资产外壳[0m[2m:[0m HTTP 请求已受理 [3musecase[0m[2m=[0m"读取附件内容" [3madapter[0m[2m=[0m"http" [3moutcome[0m[2m=[0m"accepted" [3mrequest_kind[0m[2m=[0m"附件内容读取" [3mattachment_id[0m[2m=[0m"att-97bd5f02f6c4" [3msession_id[0m[2m=[0m"s-e7c98262c769"
[backend] [2m2026-04-19T09:02:28.9022072+08:00[0m [32m INFO[0m ThreadId(05) [2mkoko::shell::媒体资产外壳[0m[2m:[0m HTTP 请求已受理 [3musecase[0m[2m=[0m"读取附件内容" [3madapter[0m[2m=[0m"http" [3moutcome[0m[2m=[0m"accepted" [3mrequest_kind[0m[2m=[0m"附件内容读取" [3mattachment_id[0m[2m=[0m"att-cd5a0edf2c3f" [3msession_id[0m[2m=[0m"s-e7c98262c769"
[backend] [2m2026-04-19T09:02:28.9022073+08:00[0m [32m INFO[0m ThreadId(10) [2mkoko::shell::媒体资产外壳[0m[2m:[0m HTTP 请求已受理 [3musecase[0m[2m=[0m"读取附件内容" [3madapter[0m[2m=[0m"http" [3moutcome[0m[2m=[0m"accepted" [3mrequest_kind[0m[2m=[0m"附件内容读取" [3mattachment_id[0m[2m=[0m"att-2ae1eb710ca9" [3msession_id[0m[2m=[0m"s-e7c98262c769"
[backend] [2m2026-04-19T09:02:28.9166262+08:00[0m [32m INFO[0m ThreadId(10) [2mkoko::shell::媒体资产外壳[0m[2m:[0m 读取附件内容成功 [3musecase[0m[2m=[0m"读取附件内容" [3madapter[0m[2m=[0m"http" [3moutcome[0m[2m=[0m"succeeded" [3mrequest_kind[0m[2m=[0m"附件内容读取" [3mattachment_id[0m[2m=[0m"att-cd5a0edf2c3f" [3msession_id[0m[2m=[0m"s-e7c98262c769"
[backend] [2m2026-04-19T09:02:28.9188352+08:00[0m [32m INFO[0m ThreadId(03) [2mkoko::shell::媒体资产外壳[0m[2m:[0m 读取附件内容成功 [3musecase[0m[2m=[0m"读取附件内容" [3madapter[0m[2m=[0m"http" [3moutcome[0m[2m=[0m"succeeded" [3mrequest_kind[0m[2m=[0m"附件内容读取" [3mattachment_id[0m[2m=[0m"att-f46587b492aa" [3msession_id[0m[2m=[0m"s-e7c98262c769"
[backend] [2m2026-04-19T09:02:28.918836+08:00[0m [32m INFO[0m ThreadId(12) [2mkoko::shell::媒体资产外壳[0m[2m:[0m 读取附件内容成功 [3musecase[0m[2m=[0m"读取附件内容" [3madapter[0m[2m=[0m"http" [3moutcome[0m[2m=[0m"succeeded" [3mrequest_kind[0m[2m=[0m"附件内容读取" [3mattachment_id[0m[2m=[0m"att-2ae1eb710ca9" [3msession_id[0m[2m=[0m"s-e7c98262c769"
[backend] [2m2026-04-19T09:02:28.9221636+08:00[0m [32m INFO[0m ThreadId(10) [2mkoko::shell::媒体资产外壳[0m[2m:[0m 读取附件内容成功 [3musecase[0m[2m=[0m"读取附件内容" [3madapter[0m[2m=[0m"http" [3moutcome[0m[2m=[0m"succeeded" [3mrequest_kind[0m[2m=[0m"附件内容读取" [3mattachment_id[0m[2m=[0m"att-97bd5f02f6c4" [3msession_id[0m[2m=[0m"s-e7c98262c769"
[backend] [2m2026-04-19T09:02:33.1847834+08:00[0m [32m INFO[0m ThreadId(12) [2mkoko::shell::媒体资产外壳[0m[2m:[0m HTTP 请求已受理 [3musecase[0m[2m=[0m"读取附件内容" [3madapter[0m[2m=[0m"http" [3moutcome[0m[2m=[0m"accepted" [3mrequest_kind[0m[2m=[0m"附件内容读取" [3mattachment_id[0m[2m=[0m"att-9ffa539f6803" [3msession_id[0m[2m=[0m"s-e7c98262c769"
[backend] [2m2026-04-19T09:02:33.1949366+08:00[0m [32m INFO[0m ThreadId(12) [2mkoko::shell::媒体资产外壳[0m[2m:[0m 读取附件内容成功 [3musecase[0m[2m=[0m"读取附件内容" [3madapter[0m[2m=[0m"http" [3moutcome[0m[2m=[0m"succeeded" [3mrequest_kind[0m[2m=[0m"附件内容读取" [3mattachment_id[0m[2m=[0m"att-9ffa539f6803" [3msession_id[0m[2m=[0m"s-e7c98262c769"
[backend] [2m2026-04-19T09:03:19.8447126+08:00[0m [33m WARN[0m ThreadId(03) [2mkoko::shell::实时外壳[0m[2m:[0m realtime 连接异常断开 [3musecase[0m[2m=[0m"实时连接断开" [3madapter[0m[2m=[0m"socketioxide" [3moutcome[0m[2m=[0m"failed" [3msession_id[0m[2m=[0m"s-e7c98262c769" [3mdisconnect_reason[0m[2m=[0mThe connection was abruptly closed [3merror_code[0m[2m=[0m"socket_disconnect_abnormal"
