跳过前端完整首轮构建；由 dev:watch:supervised 负责启动基线构建。需要完整门禁时加 -ForceInitialFrontendBuild。
前端增量编译: pnpm --dir frontend run dev:watch:supervised
前端类型守卫: pnpm --dir frontend run typecheck:watch
启动后端: cargo run --target-dir target\\launcher-run
[38;5;208m+========================================================================+[0m
[1;38;5;208m| 本机访问入口（日志再多也先看这里）                                                      |[0m
[38;5;208m| http://127.0.0.1:8080/                                                 |[0m
[38;5;208m+========================================================================+[0m
访问入口: http://127.0.0.1:8080/
tusd 监听: http://0.0.0.0:1081/files
WebTorrent tracker upstream: ws://127.0.0.1:7072
WebTorrent tracker 浏览器公开 announce: ws://127.0.0.1:8080/api/swarm/announce
WebTorrent tracker stats: http://127.0.0.1:7072/stats
WebTorrent seeder 私有 announce: ws://127.0.0.1:8080/api/swarm/announce
WebTorrent seeder 控制面: http://127.0.0.1:7073/health
子进程日志目录: C:\Users\home\AppData\Local\Temp\koko-runner\20260425-163747-678-8108-1e32f41e
启动 tusd: tusd -host 0.0.0.0 -port 1081 -base-path /files -upload-dir E:\koko\data\tus -max-size 209715200 -disable-download -hooks-http http://127.0.0.1:8080/internal/tus/hooks -hooks-enabled-events pre-create,post-finish,pre-terminate,post-terminate -hooks-http-forward-headers Authorization,X-Request-ID,X-Koko-Internal-Termination
启动 WebTorrent tracker: pnpm --dir frontend exec bittorrent-tracker --port 7072 --ws --http --stats --http-hostname 127.0.0.1
启动 WebTorrent seeder: node dev-seeder.mjs --port 7073
启动本地 HTTPS 引导: https.ps1 -SkipAppBootstrap -Port 8080
[build] > koko-frontend@0.1.0 dev:watch:supervised E:\koko\frontend
[build] > node build.mjs --watch=forever
[typecheck] > koko-frontend@0.1.0 typecheck:watch E:\koko\frontend
[typecheck] > tsc --noEmit --watch --preserveWatchOutput
[typecheck] 16:37:48 - Starting compilation in watch mode...
[tusd] 2026/04/25 16:37:50.622179 Using 'E:\koko\data\tus' as directory storage.
[tusd] 2026/04/25 16:37:50.682587 Using 200.00MB as maximum size.
[tusd] 2026/04/25 16:37:50.684205 Using 'http://127.0.0.1:8080/internal/tus/hooks' as the endpoint for hooks
[tusd] 2026/04/25 16:37:50.685820 Enabled hook events: pre-create, post-finish, pre-terminate, post-terminate
[tusd] 2026/04/25 16:37:50.688103 Supported tus extensions: creation,creation-with-upload,termination,concatenation,creation-defer-length
[tusd] 2026/04/25 16:37:50.689767 Using 0.0.0.0:1081 as address to listen.
[tusd] 2026/04/25 16:37:50.692483 Using /files as the base path.
[tusd] 2026/04/25 16:37:50.694898 Using /metrics as the metrics path.
[tusd] 2026/04/25 16:37:50.699277 You can now upload files to: http://[::]:1081/files
[https-bootstrap] 已跳过 run.ps1 自动启动。
[build] [koko-build] manifest updated: js=/dist/app-MNEILVM5.js css=/dist/app-TVFJWQ53.css
[tracker] 2026-04-25T08:37:52.154Z HTTP tracker: http://127.0.0.1:7072/announce
[tracker] 2026-04-25T08:37:52.160Z WebSocket tracker: ws://127.0.0.1:7072
[tracker] 2026-04-25T08:37:52.167Z Tracker stats: http://127.0.0.1:7072/stats
[build] [koko-build] app shell precache injected: files=3
[build] [koko-build] watch mode started
[webtorrent-seeder] [dev-seeder] Seeder ready on http://127.0.0.1:7073 (capability=webtorrent)
[build] [koko-build] app shell precache injected: files=3
[build] [koko-build] manifest updated: js=/dist/app-MNEILVM5.js css=/dist/app-TVFJWQ53.css
[https-bootstrap] 后端端口: 8080
[https-bootstrap] Caddyfile: C:\Users\home\AppData\Local\koko\https-runtime\Caddyfile
[https-bootstrap] HTTPS 地址：
[https-bootstrap]   - https://localhost
[https-bootstrap]   - https://127.0.0.1
[https-bootstrap]   - https://192.168.100.104
[https-bootstrap] 注意：不要访问 https://127.0.0.1:8080/ （该端口是后端明文 HTTP 端口）。
[https-bootstrap] 注意：不要访问 https://0.0.0.0:8080/ （0.0.0.0 仅用于监听绑定，不是可访问主机名）。
[https-bootstrap] 使用 Caddy: C:\Users\home\AppData\Local\Microsoft\WinGet\Links\caddy.exe
[backend] [2m2026-04-25T16:37:53.7568007+08:00[0m [32m INFO[0m ThreadId(01) [1mstartup[0m[1m{[0m[3musecase[0m[2m=[0m"服务启动" [3madapter[0m[2m=[0m"entry"[1m}[0m[2m:[0m [2mkoko::entry[0m[2m:[0m 服务启动请求已受理 [3musecase[0m[2m=[0m"服务启动" [3madapter[0m[2m=[0m"entry" [3moutcome[0m[2m=[0m"accepted"
[backend] [2m2026-04-25T16:37:53.9992852+08:00[0m [32m INFO[0m ThreadId(01) [1mstartup[0m[1m{[0m[3musecase[0m[2m=[0m"服务启动" [3madapter[0m[2m=[0m"entry"[1m}[0m[2m:[0m [2msqlx::postgres::notice[0m[2m:[0m 关系 "_sqlx_migrations" 已经存在, 跳过
[backend] [2m2026-04-25T16:37:54.0408564+08:00[0m [32m INFO[0m ThreadId(01) [1mstartup[0m[1m{[0m[3musecase[0m[2m=[0m"服务启动" [3madapter[0m[2m=[0m"entry"[1m}[0m[2m:[0m [2mkoko::shell[0m[2m:[0m 应用数据库连接池配置已加载 [3mdatabase_pool_max_connections[0m[2m=[0m20 [3mdatabase_pool_min_connections[0m[2m=[0m0 [3mdatabase_pool_acquire_timeout_ms[0m[2m=[0m3000 [3mdatabase_pool_connect_timeout_ms[0m[2m=[0m5000
[backend] [2m2026-04-25T16:37:54.2365189+08:00[0m [32m INFO[0m ThreadId(01) [1mstartup[0m[1m{[0m[3musecase[0m[2m=[0m"服务启动" [3madapter[0m[2m=[0m"entry"[1m}[0m[2m:[0m [2mkoko::entry[0m[2m:[0m HTTP 冷路径服务已启动 [3musecase[0m[2m=[0m"服务启动" [3madapter[0m[2m=[0m"entry" [3moutcome[0m[2m=[0m"succeeded" [3mapp_port[0m[2m=[0m8080
[tracker] 2026-04-25T08:37:54.814Z complete: 2d5757303230382d7677355a6e512b524130472f
[tracker] 2026-04-25T08:37:54.930Z complete: 2d5757303230382d7677355a6e512b524130472f
[tracker] 2026-04-25T08:37:55.099Z complete: 2d5757303230382d7677355a6e512b524130472f
[tracker] 2026-04-25T08:37:55.253Z complete: 2d5757303230382d7677355a6e512b524130472f
[tracker] 2026-04-25T08:37:55.464Z complete: 2d5757303230382d7677355a6e512b524130472f
[tracker] 2026-04-25T08:37:55.559Z complete: 2d5757303230382d7677355a6e512b524130472f
[typecheck] 16:37:56 - Found 0 errors. Watching for file changes.
[tracker] 2026-04-25T08:37:59.792Z start: 2d5757303230382d7677355a6e512b524130472f
[tracker] 2026-04-25T08:37:59.964Z start: 2d5757303230382d7677355a6e512b524130472f
[tracker] 2026-04-25T08:38:00.106Z start: 2d5757303230382d7677355a6e512b524130472f
[tracker] 2026-04-25T08:38:00.262Z start: 2d5757303230382d7677355a6e512b524130472f
[tracker] 2026-04-25T08:38:00.479Z start: 2d5757303230382d7677355a6e512b524130472f
[tracker] 2026-04-25T08:38:00.573Z start: 2d5757303230382d7677355a6e512b524130472f
[backend] [2m2026-04-25T16:38:01.9176207+08:00[0m [32m INFO[0m ThreadId(09) [2mkoko::shell::房间外壳[0m[2m:[0m HTTP 请求已受理 [3musecase[0m[2m=[0m"引导匿名身份" [3madapter[0m[2m=[0m"http" [3moutcome[0m[2m=[0m"accepted" [3mrequest_kind[0m[2m=[0m"匿名身份引导"
[backend] [2m2026-04-25T16:38:01.9638054+08:00[0m [32m INFO[0m ThreadId(09) [2mkoko::shell::房间外壳[0m[2m:[0m 引导匿名身份成功 [3musecase[0m[2m=[0m"引导匿名身份" [3madapter[0m[2m=[0m"http" [3moutcome[0m[2m=[0m"succeeded" [3mrequest_kind[0m[2m=[0m"匿名身份引导" [3msession_id[0m[2m=[0m"s-3b774a25d87b"
[backend] [2m2026-04-25T16:38:02.003141+08:00[0m [32m INFO[0m ThreadId(12) [2mkoko::shell::实时外壳[0m[2m:[0m realtime 连接认证已受理 [3musecase[0m[2m=[0m"实时连接认证" [3madapter[0m[2m=[0m"socketioxide" [3moutcome[0m[2m=[0m"accepted" [3msession_id[0m[2m=[0m"s-3b774a25d87b"
[backend] [2m2026-04-25T16:38:02.0061516+08:00[0m [32m INFO[0m ThreadId(11) [2mkoko::shell::实时外壳[0m[2m:[0m realtime 连接认证成功 [3musecase[0m[2m=[0m"实时连接认证" [3madapter[0m[2m=[0m"socketioxide" [3moutcome[0m[2m=[0m"succeeded" [3msession_id[0m[2m=[0m"s-3b774a25d87b"
本地 HTTPS 引导进程超过 25 秒未退出，已结束该引导进程；HTTPS 主服务不受影响。
停止托管进程 [https-bootstrap]...
[backend] [2m2026-04-25T16:38:21.0528818+08:00[0m [32m INFO[0m ThreadId(09) [2mkoko::shell::实时外壳[0m[2m:[0m realtime 连接认证已受理 [3musecase[0m[2m=[0m"实时连接认证" [3madapter[0m[2m=[0m"socketioxide" [3moutcome[0m[2m=[0m"accepted" [3msession_id[0m[2m=[0m""
[backend] [2m2026-04-25T16:38:21.0541053+08:00[0m [32m INFO[0m ThreadId(07) [2mkoko::shell::实时外壳[0m[2m:[0m realtime 连接认证被拒绝 [3musecase[0m[2m=[0m"实时连接认证" [3madapter[0m[2m=[0m"socketioxide" [3moutcome[0m[2m=[0m"rejected" [3msession_id[0m[2m=[0m"" [3merror_code[0m[2m=[0m"invalid_session"
[backend] [2m2026-04-25T16:38:21.0572973+08:00[0m [32m INFO[0m ThreadId(12) [2mkoko::shell::房间外壳[0m[2m:[0m HTTP 请求已受理 [3musecase[0m[2m=[0m"按短码进房或建房" [3madapter[0m[2m=[0m"http" [3moutcome[0m[2m=[0m"accepted" [3mrequest_kind[0m[2m=[0m"短码进房或建房" [3msession_id[0m[2m=[0m""
[backend] [2m2026-04-25T16:38:21.0601191+08:00[0m [33m WARN[0m ThreadId(09) [2mkoko::shell::房间外壳[0m[2m:[0m 按短码进房或建房被拒绝 [3musecase[0m[2m=[0m"按短码进房或建房" [3madapter[0m[2m=[0m"http" [3moutcome[0m[2m=[0m"rejected" [3mrequest_kind[0m[2m=[0m"短码进房或建房" [3msession_id[0m[2m=[0m"" [3merror_code[0m[2m=[0m"invalid_session"
[backend] [2m2026-04-25T16:38:21.0620924+08:00[0m [32m INFO[0m ThreadId(09) [2mkoko::shell::房间外壳[0m[2m:[0m HTTP 请求已受理 [3musecase[0m[2m=[0m"引导匿名身份" [3madapter[0m[2m=[0m"http" [3moutcome[0m[2m=[0m"accepted" [3mrequest_kind[0m[2m=[0m"匿名身份引导"
[backend] [2m2026-04-25T16:38:21.0642292+08:00[0m [32m INFO[0m ThreadId(09) [2mkoko::shell::房间外壳[0m[2m:[0m 引导匿名身份成功 [3musecase[0m[2m=[0m"引导匿名身份" [3madapter[0m[2m=[0m"http" [3moutcome[0m[2m=[0m"succeeded" [3mrequest_kind[0m[2m=[0m"匿名身份引导" [3msession_id[0m[2m=[0m"s-61aba5a41cb7"
[backend] [2m2026-04-25T16:38:21.0720637+08:00[0m [32m INFO[0m ThreadId(07) [2mkoko::shell::房间外壳[0m[2m:[0m HTTP 请求已受理 [3musecase[0m[2m=[0m"引导匿名身份" [3madapter[0m[2m=[0m"http" [3moutcome[0m[2m=[0m"accepted" [3mrequest_kind[0m[2m=[0m"匿名身份引导"
[backend] [2m2026-04-25T16:38:21.0739408+08:00[0m [32m INFO[0m ThreadId(09) [2mkoko::shell::房间外壳[0m[2m:[0m 引导匿名身份成功 [3musecase[0m[2m=[0m"引导匿名身份" [3madapter[0m[2m=[0m"http" [3moutcome[0m[2m=[0m"succeeded" [3mrequest_kind[0m[2m=[0m"匿名身份引导" [3msession_id[0m[2m=[0m"s-61aba5a41cb7"
[backend] [2m2026-04-25T16:38:21.0898909+08:00[0m [32m INFO[0m ThreadId(09) [2mkoko::shell::房间外壳[0m[2m:[0m HTTP 请求已受理 [3musecase[0m[2m=[0m"按短码进房或建房" [3madapter[0m[2m=[0m"http" [3moutcome[0m[2m=[0m"accepted" [3mrequest_kind[0m[2m=[0m"短码进房或建房" [3msession_id[0m[2m=[0m"s-61aba5a41cb7"
[backend] [2m2026-04-25T16:38:21.101853+08:00[0m [32m INFO[0m ThreadId(07) [2mkoko::shell::实时外壳[0m[2m:[0m realtime 连接认证已受理 [3musecase[0m[2m=[0m"实时连接认证" [3madapter[0m[2m=[0m"socketioxide" [3moutcome[0m[2m=[0m"accepted" [3msession_id[0m[2m=[0m"s-61aba5a41cb7"
[backend] [2m2026-04-25T16:38:21.1031466+08:00[0m [32m INFO[0m ThreadId(11) [2mkoko::shell::实时外壳[0m[2m:[0m realtime 连接认证成功 [3musecase[0m[2m=[0m"实时连接认证" [3madapter[0m[2m=[0m"socketioxide" [3moutcome[0m[2m=[0m"succeeded" [3msession_id[0m[2m=[0m"s-61aba5a41cb7"
[backend] [2m2026-04-25T16:38:21.1253148+08:00[0m [32m INFO[0m ThreadId(09) [2mkoko::shell::房间外壳[0m[2m:[0m 按短码进房或建房成功 [3musecase[0m[2m=[0m"按短码进房或建房" [3madapter[0m[2m=[0m"http" [3moutcome[0m[2m=[0m"succeeded" [3mrequest_kind[0m[2m=[0m"短码进房或建房" [3msession_id[0m[2m=[0m"s-61aba5a41cb7" [3mroom_id[0m[2m=[0m"r-50793d744913" [3mevent_position[0m[2m=[0m7
[backend] [2m2026-04-25T16:38:21.1470361+08:00[0m [32m INFO[0m ThreadId(12) [2mkoko::shell::实时外壳[0m[2m:[0m realtime 订阅请求已受理 [3musecase[0m[2m=[0m"订阅房间事件流" [3madapter[0m[2m=[0m"socketioxide" [3moutcome[0m[2m=[0m"accepted" [3mroom_id[0m[2m=[0m"r-50793d744913" [3msession_id[0m[2m=[0m"s-61aba5a41cb7" [3mfrom[0m[2m=[0m7
[backend] [2m2026-04-25T16:38:21.1590883+08:00[0m [32m INFO[0m ThreadId(09) [2mkoko::shell::实时外壳[0m[2m:[0m 订阅房间事件流成功 [3musecase[0m[2m=[0m"订阅房间事件流" [3madapter[0m[2m=[0m"socketioxide" [3moutcome[0m[2m=[0m"succeeded" [3mroom_id[0m[2m=[0m"r-50793d744913" [3msession_id[0m[2m=[0m"s-61aba5a41cb7" [3mfrom[0m[2m=[0m7 [3mevent_position[0m[2m=[0m7
[backend] [2m2026-04-25T16:38:21.5701428+08:00[0m [33m WARN[0m ThreadId(09) [2mkoko::shell[0m[2m:[0m 同源 tracker 代理转发失败 [3musecase[0m[2m=[0m"协作分发tracker代理" [3madapter[0m[2m=[0m"http" [3moutcome[0m[2m=[0m"failed" [3merror_code[0m[2m=[0m"swarm_tracker_proxy_failed" [3mdetail[0m[2m=[0mjoin_ticket_invalid
[tracker] 2026-04-25T08:38:22.099Z complete: 2d5757303230382d503366656a51793338305944
[tracker] 2026-04-25T08:38:22.222Z complete: 2d5757303230382d503366656a51793338305944
[tracker] 2026-04-25T08:38:22.398Z complete: 2d5757303230382d503366656a51793338305944
[tracker] 2026-04-25T08:38:22.505Z start: 2d5757303230382d503366656a51793338305944
[tracker] 2026-04-25T08:38:22.508Z start: 2d5757303230382d503366656a51793338305944
[tracker] 2026-04-25T08:38:22.594Z complete: 2d5757303230382d503366656a51793338305944
[tracker] 2026-04-25T08:38:22.831Z start: 2d5757303230382d503366656a51793338305944
[tracker] 2026-04-25T08:38:22.870Z start: 2d5757303230382d503366656a51793338305944
[tracker] 2026-04-25T08:38:27.534Z update: 2d5757303230382d7677355a6e512b524130472f
[tracker] 2026-04-25T08:38:27.535Z update: 2d5757303230382d7677355a6e512b524130472f
[tracker] 2026-04-25T08:38:27.844Z update: 2d5757303230382d7677355a6e512b524130472f
[tracker] 2026-04-25T08:38:27.890Z update: 2d5757303230382d7677355a6e512b524130472f
[backend] [2m2026-04-25T16:38:32.2507871+08:00[0m [32m INFO[0m ThreadId(11) [2mkoko::shell::媒体上传外壳[0m[2m:[0m 媒体上传占位已创建 [3musecase[0m[2m=[0m"准备媒体上传" [3madapter[0m[2m=[0m"http" [3moutcome[0m[2m=[0m"succeeded" [3mrequest_kind[0m[2m=[0m"媒体上传 prepare" [3msession_id[0m[2m=[0m"s-61aba5a41cb7" [3mattachment_id[0m[2m=[0m"att-9ea1bd13ba13" [3mupload_session_id[0m[2m=[0m"upl-0fcd08e040a44eb089bfcc81730076be" [3mattachment_kind[0m[2m=[0m"video" [3mfile_name[0m[2m=[0m"VID_20230816_152330_532.mp4" [3mbyte_size[0m[2m=[0m10186247
[tusd] 2026/04/25 16:38:32.290950 level=INFO event=RequestIncoming method=POST path="" requestId=a890edc0-47b3-4cf7-9afc-dfe7999b58f2
[tusd] 2026/04/25 16:38:32.292026 level=DEBUG event=HookInvocationStart type=pre-create id=""
[tusd] 2026/04/25 16:38:32.318847 level=DEBUG event=HookInvocationFinish type=pre-create id=""
[tusd] 2026/04/25 16:38:32.320497 level=INFO event=UploadCreated method=POST path="" requestId=a890edc0-47b3-4cf7-9afc-dfe7999b58f2 id=b6c8a187f46fd16d49a03c1329057f02 size=10186247 url=http://192.168.100.104/files/b6c8a187f46fd16d49a03c1329057f02
[tusd] 2026/04/25 16:38:32.323170 level=INFO event=ChunkWriteStart method=POST path="" requestId=a890edc0-47b3-4cf7-9afc-dfe7999b58f2 id=b6c8a187f46fd16d49a03c1329057f02 maxSize=10186247 offset=0
[backend] [2m2026-04-25T16:38:32.5186238+08:00[0m [32m INFO[0m ThreadId(11) [2mkoko::shell::tus_hook外壳[0m[2m:[0m Tus post-finish 已登记上传回执 [3madapter[0m[2m=[0m"tus_hook" [3mhook[0m[2m=[0m"post-finish" [3mattachment_id[0m[2m=[0m"att-9ea1bd13ba13" [3mupload_session_id[0m[2m=[0m"upl-0fcd08e040a44eb089bfcc81730076be" [3mupload_id[0m[2m=[0m"b6c8a187f46fd16d49a03c1329057f02" [3mrequest_id[0m[2m=[0m"a890edc0-47b3-4cf7-9afc-dfe7999b58f2" [3mtransport_role[0m[2m=[0m"single" [3mstorage_locator[0m[2m=[0m"E:\\koko\\data\\tus\\b6c8a187f46fd16d49a03c1329057f02"
[backend] [2m2026-04-25T16:38:32.521055+08:00[0m [32m INFO[0m ThreadId(07) [2mkoko::shell::媒体上传外壳[0m[2m:[0m 媒体上传 complete 重活开始 [3musecase[0m[2m=[0m"完成媒体上传" [3mphase[0m[2m=[0m"complete_heavy_work_enter" [3mattachment_id[0m[2m=[0m"att-9ea1bd13ba13" [3mkind[0m[2m=[0m"video" [3mbyte_size[0m[2m=[0m10186247 [3mmedia_complete_max_concurrency[0m[2m=[0m4
[backend] [2m2026-04-25T16:38:32.5589535+08:00[0m [32m INFO[0m ThreadId(07) [2mkoko::shell::媒体上传外壳[0m[2m:[0m 媒体上传 complete 阶段耗时 [3musecase[0m[2m=[0m"完成媒体上传" [3mphase[0m[2m=[0m"complete_heavy_work_stage" [3mattachment_id[0m[2m=[0m"att-9ea1bd13ba13" [3mkind[0m[2m=[0m"video" [3mbyte_size[0m[2m=[0m10186247 [3mstage[0m[2m=[0m"parse_video" [3mduration_ms[0m[2m=[0m37
[tusd] 2026/04/25 16:38:32.494380 level=INFO event=ChunkWriteComplete method=POST path="" requestId=a890edc0-47b3-4cf7-9afc-dfe7999b58f2 id=b6c8a187f46fd16d49a03c1329057f02 bytesWritten=10186247
[tusd] 2026/04/25 16:38:32.494380 level=INFO event=UploadFinished method=POST path="" requestId=a890edc0-47b3-4cf7-9afc-dfe7999b58f2 id=b6c8a187f46fd16d49a03c1329057f02 size=10186247
[tusd] 2026/04/25 16:38:32.494887 level=INFO event=ResponseOutgoing method=POST path="" requestId=a890edc0-47b3-4cf7-9afc-dfe7999b58f2 id=b6c8a187f46fd16d49a03c1329057f02 status=201 body=""
[tusd] 2026/04/25 16:38:32.495410 level=DEBUG event=HookInvocationStart type=post-finish id=b6c8a187f46fd16d49a03c1329057f02
[tusd] 2026/04/25 16:38:32.519185 level=DEBUG event=HookInvocationFinish type=post-finish id=b6c8a187f46fd16d49a03c1329057f02
[backend] [2m2026-04-25T16:38:32.961447+08:00[0m [32m INFO[0m ThreadId(07) [2mkoko::shell::媒体上传外壳[0m[2m:[0m 媒体上传 complete 阶段耗时 [3musecase[0m[2m=[0m"完成媒体上传" [3mphase[0m[2m=[0m"complete_heavy_work_stage" [3mattachment_id[0m[2m=[0m"att-9ea1bd13ba13" [3mkind[0m[2m=[0m"video" [3mbyte_size[0m[2m=[0m10186247 [3mstage[0m[2m=[0m"build_distribution_request" [3mduration_ms[0m[2m=[0m401
[backend] [2m2026-04-25T16:38:32.9941454+08:00[0m [32m INFO[0m ThreadId(07) [2mkoko::shell::媒体上传外壳[0m[2m:[0m 媒体上传 complete 阶段耗时 [3musecase[0m[2m=[0m"完成媒体上传" [3mphase[0m[2m=[0m"complete_heavy_work_stage" [3mattachment_id[0m[2m=[0m"att-9ea1bd13ba13" [3mkind[0m[2m=[0m"video" [3mbyte_size[0m[2m=[0m10186247 [3mstage[0m[2m=[0m"put_canonical_video" [3mduration_ms[0m[2m=[0m26
[backend] [2m2026-04-25T16:38:33.6767117+08:00[0m [32m INFO[0m ThreadId(07) [2mkoko::shell::媒体上传外壳[0m[2m:[0m 媒体上传 complete 阶段耗时 [3musecase[0m[2m=[0m"完成媒体上传" [3mphase[0m[2m=[0m"complete_heavy_work_stage" [3mattachment_id[0m[2m=[0m"att-9ea1bd13ba13" [3mkind[0m[2m=[0m"video" [3mbyte_size[0m[2m=[0m10186247 [3mstage[0m[2m=[0m"generate_torrent" [3mduration_ms[0m[2m=[0m682
[backend] [2m2026-04-25T16:38:33.7196526+08:00[0m [32m INFO[0m ThreadId(09) [2mkoko::shell::媒体上传外壳[0m[2m:[0m 媒体上传 complete 阶段耗时 [3musecase[0m[2m=[0m"完成媒体上传" [3mphase[0m[2m=[0m"complete_heavy_work_stage" [3mattachment_id[0m[2m=[0m"att-9ea1bd13ba13" [3mkind[0m[2m=[0m"video" [3mbyte_size[0m[2m=[0m10186247 [3mstage[0m[2m=[0m"write_authoritative_snapshot" [3mduration_ms[0m[2m=[0m39
[backend] [2m2026-04-25T16:38:33.7222175+08:00[0m [32m INFO[0m ThreadId(09) [2mkoko::shell::媒体上传外壳[0m[2m:[0m 媒体上传 complete 阶段耗时 [3musecase[0m[2m=[0m"完成媒体上传" [3mphase[0m[2m=[0m"complete_heavy_work_stage" [3mattachment_id[0m[2m=[0m"att-9ea1bd13ba13" [3mkind[0m[2m=[0m"video" [3mbyte_size[0m[2m=[0m10186247 [3mstage[0m[2m=[0m"delete_upload_temp_file" [3mduration_ms[0m[2m=[0m2
[backend] [2m2026-04-25T16:38:33.7901067+08:00[0m [32m INFO[0m ThreadId(11) [2mkoko::shell::媒体上传外壳[0m[2m:[0m 媒体上传 complete 重活完成 [3musecase[0m[2m=[0m"完成媒体上传" [3mphase[0m[2m=[0m"complete_heavy_work_exit" [3mattachment_id[0m[2m=[0m"att-9ea1bd13ba13" [3mkind[0m[2m=[0m"video" [3mbyte_size[0m[2m=[0m10186247 [3mduration_ms[0m[2m=[0m1269
[backend] [2m2026-04-25T16:38:33.799319+08:00[0m [32m INFO[0m ThreadId(09) [2mkoko::shell::媒体资产外壳[0m[2m:[0m HTTP 请求已受理 [3musecase[0m[2m=[0m"读取附件内容" [3madapter[0m[2m=[0m"http" [3moutcome[0m[2m=[0m"accepted" [3mrequest_kind[0m[2m=[0m"附件内容读取" [3mattachment_id[0m[2m=[0m"att-9ea1bd13ba13" [3msession_id[0m[2m=[0m"s-61aba5a41cb7"
[backend] [2m2026-04-25T16:38:33.8683927+08:00[0m [32m INFO[0m ThreadId(09) [2mkoko::shell::媒体资产外壳[0m[2m:[0m 读取附件内容成功 [3musecase[0m[2m=[0m"读取附件内容" [3madapter[0m[2m=[0m"http" [3moutcome[0m[2m=[0m"succeeded" [3mrequest_kind[0m[2m=[0m"附件内容读取" [3mattachment_id[0m[2m=[0m"att-9ea1bd13ba13" [3msession_id[0m[2m=[0m"s-61aba5a41cb7"
[backend] [2m2026-04-25T16:38:33.8992154+08:00[0m [32m INFO[0m ThreadId(12) [2mkoko::shell::媒体资产外壳[0m[2m:[0m HTTP 请求已受理 [3musecase[0m[2m=[0m"读取附件内容" [3madapter[0m[2m=[0m"http" [3moutcome[0m[2m=[0m"accepted" [3mrequest_kind[0m[2m=[0m"附件内容读取" [3mattachment_id[0m[2m=[0m"att-9ea1bd13ba13" [3msession_id[0m[2m=[0m"s-61aba5a41cb7"
[backend] [2m2026-04-25T16:38:33.9016705+08:00[0m [32m INFO[0m ThreadId(12) [2mkoko::shell::媒体资产外壳[0m[2m:[0m HTTP 请求已受理 [3musecase[0m[2m=[0m"读取附件内容" [3madapter[0m[2m=[0m"http" [3moutcome[0m[2m=[0m"accepted" [3mrequest_kind[0m[2m=[0m"附件内容读取" [3mattachment_id[0m[2m=[0m"att-9ea1bd13ba13" [3msession_id[0m[2m=[0m"s-61aba5a41cb7"
[backend] [2m2026-04-25T16:38:33.9148908+08:00[0m [32m INFO[0m ThreadId(09) [2mkoko::shell::媒体资产外壳[0m[2m:[0m 读取附件内容成功 [3musecase[0m[2m=[0m"读取附件内容" [3madapter[0m[2m=[0m"http" [3moutcome[0m[2m=[0m"succeeded" [3mrequest_kind[0m[2m=[0m"附件内容读取" [3mattachment_id[0m[2m=[0m"att-9ea1bd13ba13" [3msession_id[0m[2m=[0m"s-61aba5a41cb7"
[backend] [2m2026-04-25T16:38:33.9283625+08:00[0m [32m INFO[0m ThreadId(12) [2mkoko::shell::媒体资产外壳[0m[2m:[0m 读取附件内容成功 [3musecase[0m[2m=[0m"读取附件内容" [3madapter[0m[2m=[0m"http" [3moutcome[0m[2m=[0m"succeeded" [3mrequest_kind[0m[2m=[0m"附件内容读取" [3mattachment_id[0m[2m=[0m"att-9ea1bd13ba13" [3msession_id[0m[2m=[0m"s-61aba5a41cb7"
[backend] [2m2026-04-25T16:38:33.9317143+08:00[0m [32m INFO[0m ThreadId(07) [2mkoko::shell::媒体资产外壳[0m[2m:[0m HTTP 请求已受理 [3musecase[0m[2m=[0m"读取附件内容" [3madapter[0m[2m=[0m"http" [3moutcome[0m[2m=[0m"accepted" [3mrequest_kind[0m[2m=[0m"附件内容读取" [3mattachment_id[0m[2m=[0m"att-9ea1bd13ba13" [3msession_id[0m[2m=[0m"s-61aba5a41cb7"
[backend] [2m2026-04-25T16:38:33.9492525+08:00[0m [32m INFO[0m ThreadId(12) [2mkoko::shell::媒体资产外壳[0m[2m:[0m HTTP 请求已受理 [3musecase[0m[2m=[0m"读取附件内容" [3madapter[0m[2m=[0m"http" [3moutcome[0m[2m=[0m"accepted" [3mrequest_kind[0m[2m=[0m"附件内容读取" [3mattachment_id[0m[2m=[0m"att-9ea1bd13ba13" [3msession_id[0m[2m=[0m"s-61aba5a41cb7"
[backend] [2m2026-04-25T16:38:33.9508128+08:00[0m [32m INFO[0m ThreadId(12) [2mkoko::shell::媒体资产外壳[0m[2m:[0m HTTP 请求已受理 [3musecase[0m[2m=[0m"读取附件内容" [3madapter[0m[2m=[0m"http" [3moutcome[0m[2m=[0m"accepted" [3mrequest_kind[0m[2m=[0m"附件内容读取" [3mattachment_id[0m[2m=[0m"att-9ea1bd13ba13" [3msession_id[0m[2m=[0m"s-61aba5a41cb7"
[backend] [2m2026-04-25T16:38:33.9534643+08:00[0m [32m INFO[0m ThreadId(12) [2mkoko::shell::媒体资产外壳[0m[2m:[0m HTTP 请求已受理 [3musecase[0m[2m=[0m"读取附件内容" [3madapter[0m[2m=[0m"http" [3moutcome[0m[2m=[0m"accepted" [3mrequest_kind[0m[2m=[0m"附件内容读取" [3mattachment_id[0m[2m=[0m"att-9ea1bd13ba13" [3msession_id[0m[2m=[0m"s-61aba5a41cb7"
[backend] [2m2026-04-25T16:38:33.9652761+08:00[0m [32m INFO[0m ThreadId(12) [2mkoko::shell::媒体资产外壳[0m[2m:[0m 读取附件内容成功 [3musecase[0m[2m=[0m"读取附件内容" [3madapter[0m[2m=[0m"http" [3moutcome[0m[2m=[0m"succeeded" [3mrequest_kind[0m[2m=[0m"附件内容读取" [3mattachment_id[0m[2m=[0m"att-9ea1bd13ba13" [3msession_id[0m[2m=[0m"s-61aba5a41cb7"
[backend] [2m2026-04-25T16:38:33.9700359+08:00[0m [32m INFO[0m ThreadId(12) [2mkoko::shell::媒体资产外壳[0m[2m:[0m 读取附件内容成功 [3musecase[0m[2m=[0m"读取附件内容" [3madapter[0m[2m=[0m"http" [3moutcome[0m[2m=[0m"succeeded" [3mrequest_kind[0m[2m=[0m"附件内容读取" [3mattachment_id[0m[2m=[0m"att-9ea1bd13ba13" [3msession_id[0m[2m=[0m"s-61aba5a41cb7"
[backend] [2m2026-04-25T16:38:33.9775134+08:00[0m [32m INFO[0m ThreadId(12) [2mkoko::shell::媒体资产外壳[0m[2m:[0m 读取附件内容成功 [3musecase[0m[2m=[0m"读取附件内容" [3madapter[0m[2m=[0m"http" [3moutcome[0m[2m=[0m"succeeded" [3mrequest_kind[0m[2m=[0m"附件内容读取" [3mattachment_id[0m[2m=[0m"att-9ea1bd13ba13" [3msession_id[0m[2m=[0m"s-61aba5a41cb7"
[backend] [2m2026-04-25T16:38:33.977479+08:00[0m [32m INFO[0m ThreadId(09) [2mkoko::shell::媒体资产外壳[0m[2m:[0m 读取附件内容成功 [3musecase[0m[2m=[0m"读取附件内容" [3madapter[0m[2m=[0m"http" [3moutcome[0m[2m=[0m"succeeded" [3mrequest_kind[0m[2m=[0m"附件内容读取" [3mattachment_id[0m[2m=[0m"att-9ea1bd13ba13" [3msession_id[0m[2m=[0m"s-61aba5a41cb7"
[backend] [2m2026-04-25T16:38:33.9786131+08:00[0m [32m INFO[0m ThreadId(07) [2mkoko::shell::媒体资产外壳[0m[2m:[0m HTTP 请求已受理 [3musecase[0m[2m=[0m"读取附件内容" [3madapter[0m[2m=[0m"http" [3moutcome[0m[2m=[0m"accepted" [3mrequest_kind[0m[2m=[0m"附件内容读取" [3mattachment_id[0m[2m=[0m"att-9ea1bd13ba13" [3msession_id[0m[2m=[0m"s-61aba5a41cb7"
[backend] [2m2026-04-25T16:38:33.9942603+08:00[0m [32m INFO[0m ThreadId(07) [2mkoko::shell::媒体资产外壳[0m[2m:[0m 读取附件内容成功 [3musecase[0m[2m=[0m"读取附件内容" [3madapter[0m[2m=[0m"http" [3moutcome[0m[2m=[0m"succeeded" [3mrequest_kind[0m[2m=[0m"附件内容读取" [3mattachment_id[0m[2m=[0m"att-9ea1bd13ba13" [3msession_id[0m[2m=[0m"s-61aba5a41cb7"
[backend] [2m2026-04-25T16:38:34.0041317+08:00[0m [32m INFO[0m ThreadId(09) [2mkoko::shell::媒体资产外壳[0m[2m:[0m HTTP 请求已受理 [3musecase[0m[2m=[0m"读取附件内容" [3madapter[0m[2m=[0m"http" [3moutcome[0m[2m=[0m"accepted" [3mrequest_kind[0m[2m=[0m"附件内容读取" [3mattachment_id[0m[2m=[0m"att-9ea1bd13ba13" [3msession_id[0m[2m=[0m"s-61aba5a41cb7"
[backend] [2m2026-04-25T16:38:34.0054264+08:00[0m [32m INFO[0m ThreadId(09) [2mkoko::shell::媒体资产外壳[0m[2m:[0m HTTP 请求已受理 [3musecase[0m[2m=[0m"读取附件内容" [3madapter[0m[2m=[0m"http" [3moutcome[0m[2m=[0m"accepted" [3mrequest_kind[0m[2m=[0m"附件内容读取" [3mattachment_id[0m[2m=[0m"att-9ea1bd13ba13" [3msession_id[0m[2m=[0m"s-61aba5a41cb7"
[backend] [2m2026-04-25T16:38:34.0163154+08:00[0m [32m INFO[0m ThreadId(11) [2mkoko::shell::媒体资产外壳[0m[2m:[0m 读取附件内容成功 [3musecase[0m[2m=[0m"读取附件内容" [3madapter[0m[2m=[0m"http" [3moutcome[0m[2m=[0m"succeeded" [3mrequest_kind[0m[2m=[0m"附件内容读取" [3mattachment_id[0m[2m=[0m"att-9ea1bd13ba13" [3msession_id[0m[2m=[0m"s-61aba5a41cb7"
[backend] [2m2026-04-25T16:38:34.017307+08:00[0m [32m INFO[0m ThreadId(12) [2mkoko::shell::媒体资产外壳[0m[2m:[0m 读取附件内容成功 [3musecase[0m[2m=[0m"读取附件内容" [3madapter[0m[2m=[0m"http" [3moutcome[0m[2m=[0m"succeeded" [3mrequest_kind[0m[2m=[0m"附件内容读取" [3mattachment_id[0m[2m=[0m"att-9ea1bd13ba13" [3msession_id[0m[2m=[0m"s-61aba5a41cb7"
[backend] [2m2026-04-25T16:38:34.0276997+08:00[0m [32m INFO[0m ThreadId(09) [2mkoko::shell::媒体资产外壳[0m[2m:[0m HTTP 请求已受理 [3musecase[0m[2m=[0m"读取附件内容" [3madapter[0m[2m=[0m"http" [3moutcome[0m[2m=[0m"accepted" [3mrequest_kind[0m[2m=[0m"附件内容读取" [3mattachment_id[0m[2m=[0m"att-9ea1bd13ba13" [3msession_id[0m[2m=[0m"s-61aba5a41cb7"
[backend] [2m2026-04-25T16:38:34.0287362+08:00[0m [32m INFO[0m ThreadId(09) [2mkoko::shell::媒体资产外壳[0m[2m:[0m HTTP 请求已受理 [3musecase[0m[2m=[0m"读取附件内容" [3madapter[0m[2m=[0m"http" [3moutcome[0m[2m=[0m"accepted" [3mrequest_kind[0m[2m=[0m"附件内容读取" [3mattachment_id[0m[2m=[0m"att-9ea1bd13ba13" [3msession_id[0m[2m=[0m"s-61aba5a41cb7"
[backend] [2m2026-04-25T16:38:34.0430219+08:00[0m [32m INFO[0m ThreadId(09) [2mkoko::shell::媒体资产外壳[0m[2m:[0m 读取附件内容成功 [3musecase[0m[2m=[0m"读取附件内容" [3madapter[0m[2m=[0m"http" [3moutcome[0m[2m=[0m"succeeded" [3mrequest_kind[0m[2m=[0m"附件内容读取" [3mattachment_id[0m[2m=[0m"att-9ea1bd13ba13" [3msession_id[0m[2m=[0m"s-61aba5a41cb7"
[backend] [2m2026-04-25T16:38:34.0457117+08:00[0m [32m INFO[0m ThreadId(09) [2mkoko::shell::媒体资产外壳[0m[2m:[0m 读取附件内容成功 [3musecase[0m[2m=[0m"读取附件内容" [3madapter[0m[2m=[0m"http" [3moutcome[0m[2m=[0m"succeeded" [3mrequest_kind[0m[2m=[0m"附件内容读取" [3mattachment_id[0m[2m=[0m"att-9ea1bd13ba13" [3msession_id[0m[2m=[0m"s-61aba5a41cb7"
[backend] [2m2026-04-25T16:38:34.0493931+08:00[0m [32m INFO[0m ThreadId(12) [2mkoko::shell::媒体资产外壳[0m[2m:[0m HTTP 请求已受理 [3musecase[0m[2m=[0m"读取附件内容" [3madapter[0m[2m=[0m"http" [3moutcome[0m[2m=[0m"accepted" [3mrequest_kind[0m[2m=[0m"附件内容读取" [3mattachment_id[0m[2m=[0m"att-9ea1bd13ba13" [3msession_id[0m[2m=[0m"s-61aba5a41cb7"
[backend] [2m2026-04-25T16:38:34.0506643+08:00[0m [32m INFO[0m ThreadId(12) [2mkoko::shell::媒体资产外壳[0m[2m:[0m HTTP 请求已受理 [3musecase[0m[2m=[0m"读取附件内容" [3madapter[0m[2m=[0m"http" [3moutcome[0m[2m=[0m"accepted" [3mrequest_kind[0m[2m=[0m"附件内容读取" [3mattachment_id[0m[2m=[0m"att-9ea1bd13ba13" [3msession_id[0m[2m=[0m"s-61aba5a41cb7"
[backend] [2m2026-04-25T16:38:34.0633477+08:00[0m [32m INFO[0m ThreadId(12) [2mkoko::shell::媒体资产外壳[0m[2m:[0m 读取附件内容成功 [3musecase[0m[2m=[0m"读取附件内容" [3madapter[0m[2m=[0m"http" [3moutcome[0m[2m=[0m"succeeded" [3mrequest_kind[0m[2m=[0m"附件内容读取" [3mattachment_id[0m[2m=[0m"att-9ea1bd13ba13" [3msession_id[0m[2m=[0m"s-61aba5a41cb7"
[backend] [2m2026-04-25T16:38:34.0645769+08:00[0m [32m INFO[0m ThreadId(11) [2mkoko::shell::媒体资产外壳[0m[2m:[0m 读取附件内容成功 [3musecase[0m[2m=[0m"读取附件内容" [3madapter[0m[2m=[0m"http" [3moutcome[0m[2m=[0m"succeeded" [3mrequest_kind[0m[2m=[0m"附件内容读取" [3mattachment_id[0m[2m=[0m"att-9ea1bd13ba13" [3msession_id[0m[2m=[0m"s-61aba5a41cb7"
[backend] [2m2026-04-25T16:38:34.0656626+08:00[0m [32m INFO[0m ThreadId(09) [2mkoko::shell::媒体资产外壳[0m[2m:[0m HTTP 请求已受理 [3musecase[0m[2m=[0m"读取附件内容" [3madapter[0m[2m=[0m"http" [3moutcome[0m[2m=[0m"accepted" [3mrequest_kind[0m[2m=[0m"附件内容读取" [3mattachment_id[0m[2m=[0m"att-9ea1bd13ba13" [3msession_id[0m[2m=[0m"s-61aba5a41cb7"
[backend] [2m2026-04-25T16:38:34.0796372+08:00[0m [32m INFO[0m ThreadId(11) [2mkoko::shell::媒体资产外壳[0m[2m:[0m 读取附件内容成功 [3musecase[0m[2m=[0m"读取附件内容" [3madapter[0m[2m=[0m"http" [3moutcome[0m[2m=[0m"succeeded" [3mrequest_kind[0m[2m=[0m"附件内容读取" [3mattachment_id[0m[2m=[0m"att-9ea1bd13ba13" [3msession_id[0m[2m=[0m"s-61aba5a41cb7"
[backend] [2m2026-04-25T16:38:34.1060724+08:00[0m [32m INFO[0m ThreadId(12) [2mkoko::shell::媒体资产外壳[0m[2m:[0m HTTP 请求已受理 [3musecase[0m[2m=[0m"读取附件内容" [3madapter[0m[2m=[0m"http" [3moutcome[0m[2m=[0m"accepted" [3mrequest_kind[0m[2m=[0m"附件内容读取" [3mattachment_id[0m[2m=[0m"att-9ea1bd13ba13" [3msession_id[0m[2m=[0m"s-61aba5a41cb7"
[backend] [2m2026-04-25T16:38:34.1074558+08:00[0m [32m INFO[0m ThreadId(11) [2mkoko::shell::媒体资产外壳[0m[2m:[0m HTTP 请求已受理 [3musecase[0m[2m=[0m"读取附件内容" [3madapter[0m[2m=[0m"http" [3moutcome[0m[2m=[0m"accepted" [3mrequest_kind[0m[2m=[0m"附件内容读取" [3mattachment_id[0m[2m=[0m"att-9ea1bd13ba13" [3msession_id[0m[2m=[0m"s-61aba5a41cb7"
[backend] [2m2026-04-25T16:38:34.1074557+08:00[0m [32m INFO[0m ThreadId(12) [2mkoko::shell::媒体资产外壳[0m[2m:[0m HTTP 请求已受理 [3musecase[0m[2m=[0m"读取附件内容" [3madapter[0m[2m=[0m"http" [3moutcome[0m[2m=[0m"accepted" [3mrequest_kind[0m[2m=[0m"附件内容读取" [3mattachment_id[0m[2m=[0m"att-9ea1bd13ba13" [3msession_id[0m[2m=[0m"s-61aba5a41cb7"
[backend] [2m2026-04-25T16:38:34.1176603+08:00[0m [32m INFO[0m ThreadId(11) [2mkoko::shell::媒体资产外壳[0m[2m:[0m 读取附件内容成功 [3musecase[0m[2m=[0m"读取附件内容" [3madapter[0m[2m=[0m"http" [3moutcome[0m[2m=[0m"succeeded" [3mrequest_kind[0m[2m=[0m"附件内容读取" [3mattachment_id[0m[2m=[0m"att-9ea1bd13ba13" [3msession_id[0m[2m=[0m"s-61aba5a41cb7"
[backend] [2m2026-04-25T16:38:34.1176757+08:00[0m [32m INFO[0m ThreadId(12) [2mkoko::shell::媒体资产外壳[0m[2m:[0m HTTP 请求已受理 [3musecase[0m[2m=[0m"读取附件内容" [3madapter[0m[2m=[0m"http" [3moutcome[0m[2m=[0m"accepted" [3mrequest_kind[0m[2m=[0m"附件内容读取" [3mattachment_id[0m[2m=[0m"att-9ea1bd13ba13" [3msession_id[0m[2m=[0m"s-61aba5a41cb7"
[backend] [2m2026-04-25T16:38:34.1186674+08:00[0m [32m INFO[0m ThreadId(12) [2mkoko::shell::媒体资产外壳[0m[2m:[0m 读取附件内容成功 [3musecase[0m[2m=[0m"读取附件内容" [3madapter[0m[2m=[0m"http" [3moutcome[0m[2m=[0m"succeeded" [3mrequest_kind[0m[2m=[0m"附件内容读取" [3mattachment_id[0m[2m=[0m"att-9ea1bd13ba13" [3msession_id[0m[2m=[0m"s-61aba5a41cb7"
[backend] [2m2026-04-25T16:38:34.1211631+08:00[0m [32m INFO[0m ThreadId(12) [2mkoko::shell::媒体资产外壳[0m[2m:[0m 读取附件内容成功 [3musecase[0m[2m=[0m"读取附件内容" [3madapter[0m[2m=[0m"http" [3moutcome[0m[2m=[0m"succeeded" [3mrequest_kind[0m[2m=[0m"附件内容读取" [3mattachment_id[0m[2m=[0m"att-9ea1bd13ba13" [3msession_id[0m[2m=[0m"s-61aba5a41cb7"
[backend] [2m2026-04-25T16:38:34.135238+08:00[0m [32m INFO[0m ThreadId(12) [2mkoko::shell::媒体资产外壳[0m[2m:[0m 读取附件内容成功 [3musecase[0m[2m=[0m"读取附件内容" [3madapter[0m[2m=[0m"http" [3moutcome[0m[2m=[0m"succeeded" [3mrequest_kind[0m[2m=[0m"附件内容读取" [3mattachment_id[0m[2m=[0m"att-9ea1bd13ba13" [3msession_id[0m[2m=[0m"s-61aba5a41cb7"
[backend] [2m2026-04-25T16:38:34.1524788+08:00[0m [32m INFO[0m ThreadId(11) [2mkoko::shell::媒体资产外壳[0m[2m:[0m HTTP 请求已受理 [3musecase[0m[2m=[0m"读取附件内容" [3madapter[0m[2m=[0m"http" [3moutcome[0m[2m=[0m"accepted" [3mrequest_kind[0m[2m=[0m"附件内容读取" [3mattachment_id[0m[2m=[0m"att-9ea1bd13ba13" [3msession_id[0m[2m=[0m"s-61aba5a41cb7"
[backend] [2m2026-04-25T16:38:34.1641563+08:00[0m [32m INFO[0m ThreadId(11) [2mkoko::shell::媒体资产外壳[0m[2m:[0m 读取附件内容成功 [3musecase[0m[2m=[0m"读取附件内容" [3madapter[0m[2m=[0m"http" [3moutcome[0m[2m=[0m"succeeded" [3mrequest_kind[0m[2m=[0m"附件内容读取" [3mattachment_id[0m[2m=[0m"att-9ea1bd13ba13" [3msession_id[0m[2m=[0m"s-61aba5a41cb7"
[tracker] 2026-04-25T08:38:34.184Z complete: 2d5757303230382d7677355a6e512b524130472f
[backend] [2m2026-04-25T16:38:34.4976035+08:00[0m [32m INFO[0m ThreadId(12) [2mkoko::shell::实时外壳[0m[2m:[0m realtime 创建消息请求已受理 [3musecase[0m[2m=[0m"创建消息" [3madapter[0m[2m=[0m"socketioxide" [3moutcome[0m[2m=[0m"accepted" [3mroom_id[0m[2m=[0m"r-50793d744913" [3msession_id[0m[2m=[0m"s-61aba5a41cb7" [3mclient_message_id[0m[2m=[0m"1e120b4a-bf99-4375-bace-07de9a09bfb9"
[backend] [2m2026-04-25T16:38:34.5285351+08:00[0m [32m INFO[0m ThreadId(12) [2mkoko::shell::实时外壳[0m[2m:[0m 创建消息成功 [3musecase[0m[2m=[0m"创建消息" [3madapter[0m[2m=[0m"socketioxide" [3moutcome[0m[2m=[0m"succeeded" [3mroom_id[0m[2m=[0m"r-50793d744913" [3msession_id[0m[2m=[0m"s-61aba5a41cb7" [3mclient_message_id[0m[2m=[0m"1e120b4a-bf99-4375-bace-07de9a09bfb9" [3mevent_position[0m[2m=[0m8 [3mbroadcast_attempts[0m[2m=[0m1 [3mbroadcast_delivered[0m[2m=[0m1 [3mroom_runtime_continues[0m[2m=[0mtrue
[backend] [2m2026-04-25T16:38:34.7470805+08:00[0m [32m INFO[0m ThreadId(11) [2mkoko::shell::媒体资产外壳[0m[2m:[0m HTTP 请求已受理 [3musecase[0m[2m=[0m"读取附件内容" [3madapter[0m[2m=[0m"http" [3moutcome[0m[2m=[0m"accepted" [3mrequest_kind[0m[2m=[0m"附件内容读取" [3mattachment_id[0m[2m=[0m"att-9ea1bd13ba13" [3msession_id[0m[2m=[0m"s-61aba5a41cb7"
[backend] [2m2026-04-25T16:38:34.7667027+08:00[0m [32m INFO[0m ThreadId(11) [2mkoko::shell::媒体资产外壳[0m[2m:[0m 读取附件内容成功 [3musecase[0m[2m=[0m"读取附件内容" [3madapter[0m[2m=[0m"http" [3moutcome[0m[2m=[0m"succeeded" [3mrequest_kind[0m[2m=[0m"附件内容读取" [3mattachment_id[0m[2m=[0m"att-9ea1bd13ba13" [3msession_id[0m[2m=[0m"s-61aba5a41cb7"
[backend] [2m2026-04-25T16:38:34.8083712+08:00[0m [32m INFO[0m ThreadId(12) [2mkoko::shell::媒体资产外壳[0m[2m:[0m HTTP 请求已受理 [3musecase[0m[2m=[0m"读取附件内容" [3madapter[0m[2m=[0m"http" [3moutcome[0m[2m=[0m"accepted" [3mrequest_kind[0m[2m=[0m"附件内容读取" [3mattachment_id[0m[2m=[0m"att-9ea1bd13ba13" [3msession_id[0m[2m=[0m"s-61aba5a41cb7"
[backend] [2m2026-04-25T16:38:34.8167619+08:00[0m [32m INFO[0m ThreadId(12) [2mkoko::shell::媒体资产外壳[0m[2m:[0m 读取附件内容成功 [3musecase[0m[2m=[0m"读取附件内容" [3madapter[0m[2m=[0m"http" [3moutcome[0m[2m=[0m"succeeded" [3mrequest_kind[0m[2m=[0m"附件内容读取" [3mattachment_id[0m[2m=[0m"att-9ea1bd13ba13" [3msession_id[0m[2m=[0m"s-61aba5a41cb7"
[backend] [2m2026-04-25T16:38:34.8194724+08:00[0m [32m INFO[0m ThreadId(09) [2mkoko::shell::媒体资产外壳[0m[2m:[0m HTTP 请求已受理 [3musecase[0m[2m=[0m"读取附件内容" [3madapter[0m[2m=[0m"http" [3moutcome[0m[2m=[0m"accepted" [3mrequest_kind[0m[2m=[0m"附件内容读取" [3mattachment_id[0m[2m=[0m"att-9ea1bd13ba13" [3msession_id[0m[2m=[0m"s-61aba5a41cb7"
[backend] [2m2026-04-25T16:38:34.8323514+08:00[0m [32m INFO[0m ThreadId(09) [2mkoko::shell::媒体资产外壳[0m[2m:[0m 读取附件内容成功 [3musecase[0m[2m=[0m"读取附件内容" [3madapter[0m[2m=[0m"http" [3moutcome[0m[2m=[0m"succeeded" [3mrequest_kind[0m[2m=[0m"附件内容读取" [3mattachment_id[0m[2m=[0m"att-9ea1bd13ba13" [3msession_id[0m[2m=[0m"s-61aba5a41cb7"
[backend] [2m2026-04-25T16:38:34.8855414+08:00[0m [32m INFO[0m ThreadId(11) [2mkoko::shell::媒体资产外壳[0m[2m:[0m HTTP 请求已受理 [3musecase[0m[2m=[0m"读取附件内容" [3madapter[0m[2m=[0m"http" [3moutcome[0m[2m=[0m"accepted" [3mrequest_kind[0m[2m=[0m"附件内容读取" [3mattachment_id[0m[2m=[0m"att-9ea1bd13ba13" [3msession_id[0m[2m=[0m"s-61aba5a41cb7"
[backend] [2m2026-04-25T16:38:34.9063128+08:00[0m [32m INFO[0m ThreadId(12) [2mkoko::shell::媒体资产外壳[0m[2m:[0m 读取附件内容成功 [3musecase[0m[2m=[0m"读取附件内容" [3madapter[0m[2m=[0m"http" [3moutcome[0m[2m=[0m"succeeded" [3mrequest_kind[0m[2m=[0m"附件内容读取" [3mattachment_id[0m[2m=[0m"att-9ea1bd13ba13" [3msession_id[0m[2m=[0m"s-61aba5a41cb7"
[backend] [2m2026-04-25T16:38:34.9120789+08:00[0m [32m INFO[0m ThreadId(09) [2mkoko::shell::媒体资产外壳[0m[2m:[0m HTTP 请求已受理 [3musecase[0m[2m=[0m"读取附件内容" [3madapter[0m[2m=[0m"http" [3moutcome[0m[2m=[0m"accepted" [3mrequest_kind[0m[2m=[0m"附件内容读取" [3mattachment_id[0m[2m=[0m"att-9ea1bd13ba13" [3msession_id[0m[2m=[0m"s-61aba5a41cb7"
[backend] [2m2026-04-25T16:38:34.9323918+08:00[0m [32m INFO[0m ThreadId(12) [2mkoko::shell::媒体资产外壳[0m[2m:[0m 读取附件内容成功 [3musecase[0m[2m=[0m"读取附件内容" [3madapter[0m[2m=[0m"http" [3moutcome[0m[2m=[0m"succeeded" [3mrequest_kind[0m[2m=[0m"附件内容读取" [3mattachment_id[0m[2m=[0m"att-9ea1bd13ba13" [3msession_id[0m[2m=[0m"s-61aba5a41cb7"
[backend] [2m2026-04-25T16:38:34.9403251+08:00[0m [32m INFO[0m ThreadId(09) [2mkoko::shell::媒体资产外壳[0m[2m:[0m HTTP 请求已受理 [3musecase[0m[2m=[0m"读取附件内容" [3madapter[0m[2m=[0m"http" [3moutcome[0m[2m=[0m"accepted" [3mrequest_kind[0m[2m=[0m"附件内容读取" [3mattachment_id[0m[2m=[0m"att-9ea1bd13ba13" [3msession_id[0m[2m=[0m"s-61aba5a41cb7"
[backend] [2m2026-04-25T16:38:34.9722566+08:00[0m [32m INFO[0m ThreadId(09) [2mkoko::shell::房间外壳[0m[2m:[0m HTTP 请求已受理 [3musecase[0m[2m=[0m"推进房间阅读位置" [3madapter[0m[2m=[0m"http" [3moutcome[0m[2m=[0m"accepted" [3mrequest_kind[0m[2m=[0m"房间阅读位置推进" [3mroom_id[0m[2m=[0m"r-50793d744913" [3msession_id[0m[2m=[0m"s-61aba5a41cb7" [3mevent_position[0m[2m=[0m8
[backend] [2m2026-04-25T16:38:34.9955322+08:00[0m [32m INFO[0m ThreadId(12) [2mkoko::shell::媒体资产外壳[0m[2m:[0m 读取附件内容成功 [3musecase[0m[2m=[0m"读取附件内容" [3madapter[0m[2m=[0m"http" [3moutcome[0m[2m=[0m"succeeded" [3mrequest_kind[0m[2m=[0m"附件内容读取" [3mattachment_id[0m[2m=[0m"att-9ea1bd13ba13" [3msession_id[0m[2m=[0m"s-61aba5a41cb7"
[tracker] 2026-04-25T08:38:34.942Z start: 2d5757303230382d503366656a51793338305944
[backend] [2m2026-04-25T16:38:35.0059197+08:00[0m [32m INFO[0m ThreadId(11) [2mkoko::shell::媒体资产外壳[0m[2m:[0m HTTP 请求已受理 [3musecase[0m[2m=[0m"读取附件内容" [3madapter[0m[2m=[0m"http" [3moutcome[0m[2m=[0m"accepted" [3mrequest_kind[0m[2m=[0m"附件内容读取" [3mattachment_id[0m[2m=[0m"att-9ea1bd13ba13" [3msession_id[0m[2m=[0m"s-61aba5a41cb7"
[backend] [2m2026-04-25T16:38:35.025952+08:00[0m [32m INFO[0m ThreadId(09) [2mkoko::shell::房间外壳[0m[2m:[0m 推进房间阅读位置成功 [3musecase[0m[2m=[0m"推进房间阅读位置" [3madapter[0m[2m=[0m"http" [3moutcome[0m[2m=[0m"succeeded" [3mrequest_kind[0m[2m=[0m"房间阅读位置推进" [3mroom_id[0m[2m=[0m"r-50793d744913" [3msession_id[0m[2m=[0m"s-61aba5a41cb7" [3mevent_position[0m[2m=[0m8
[backend] [2m2026-04-25T16:38:35.0476212+08:00[0m [32m INFO[0m ThreadId(07) [2mkoko::shell::媒体资产外壳[0m[2m:[0m 读取附件内容成功 [3musecase[0m[2m=[0m"读取附件内容" [3madapter[0m[2m=[0m"http" [3moutcome[0m[2m=[0m"succeeded" [3mrequest_kind[0m[2m=[0m"附件内容读取" [3mattachment_id[0m[2m=[0m"att-9ea1bd13ba13" [3msession_id[0m[2m=[0m"s-61aba5a41cb7"
[backend] [2m2026-04-25T16:38:35.0517528+08:00[0m [32m INFO[0m ThreadId(11) [2mkoko::shell::媒体资产外壳[0m[2m:[0m HTTP 请求已受理 [3musecase[0m[2m=[0m"读取附件内容" [3madapter[0m[2m=[0m"http" [3moutcome[0m[2m=[0m"accepted" [3mrequest_kind[0m[2m=[0m"附件内容读取" [3mattachment_id[0m[2m=[0m"att-9ea1bd13ba13" [3msession_id[0m[2m=[0m"s-61aba5a41cb7"
[backend] [2m2026-04-25T16:38:35.07021+08:00[0m [32m INFO[0m ThreadId(11) [2mkoko::shell::媒体资产外壳[0m[2m:[0m 读取附件内容成功 [3musecase[0m[2m=[0m"读取附件内容" [3madapter[0m[2m=[0m"http" [3moutcome[0m[2m=[0m"succeeded" [3mrequest_kind[0m[2m=[0m"附件内容读取" [3mattachment_id[0m[2m=[0m"att-9ea1bd13ba13" [3msession_id[0m[2m=[0m"s-61aba5a41cb7"
[backend] [2m2026-04-25T16:38:35.0749226+08:00[0m [32m INFO[0m ThreadId(09) [2mkoko::shell::媒体资产外壳[0m[2m:[0m HTTP 请求已受理 [3musecase[0m[2m=[0m"读取附件内容" [3madapter[0m[2m=[0m"http" [3moutcome[0m[2m=[0m"accepted" [3mrequest_kind[0m[2m=[0m"附件内容读取" [3mattachment_id[0m[2m=[0m"att-9ea1bd13ba13" [3msession_id[0m[2m=[0m"s-61aba5a41cb7"
[backend] [2m2026-04-25T16:38:35.0904832+08:00[0m [32m INFO[0m ThreadId(07) [2mkoko::shell::媒体资产外壳[0m[2m:[0m 读取附件内容成功 [3musecase[0m[2m=[0m"读取附件内容" [3madapter[0m[2m=[0m"http" [3moutcome[0m[2m=[0m"succeeded" [3mrequest_kind[0m[2m=[0m"附件内容读取" [3mattachment_id[0m[2m=[0m"att-9ea1bd13ba13" [3msession_id[0m[2m=[0m"s-61aba5a41cb7"
[backend] [2m2026-04-25T16:38:35.1409576+08:00[0m [32m INFO[0m ThreadId(11) [2mkoko::shell::媒体资产外壳[0m[2m:[0m HTTP 请求已受理 [3musecase[0m[2m=[0m"读取附件内容" [3madapter[0m[2m=[0m"http" [3moutcome[0m[2m=[0m"accepted" [3mrequest_kind[0m[2m=[0m"附件内容读取" [3mattachment_id[0m[2m=[0m"att-9ea1bd13ba13" [3msession_id[0m[2m=[0m"s-61aba5a41cb7"
[backend] [2m2026-04-25T16:38:35.157402+08:00[0m [32m INFO[0m ThreadId(07) [2mkoko::shell::媒体资产外壳[0m[2m:[0m 读取附件内容成功 [3musecase[0m[2m=[0m"读取附件内容" [3madapter[0m[2m=[0m"http" [3moutcome[0m[2m=[0m"succeeded" [3mrequest_kind[0m[2m=[0m"附件内容读取" [3mattachment_id[0m[2m=[0m"att-9ea1bd13ba13" [3msession_id[0m[2m=[0m"s-61aba5a41cb7"
[backend] [2m2026-04-25T16:38:35.1608144+08:00[0m [32m INFO[0m ThreadId(09) [2mkoko::shell::媒体资产外壳[0m[2m:[0m HTTP 请求已受理 [3musecase[0m[2m=[0m"读取附件内容" [3madapter[0m[2m=[0m"http" [3moutcome[0m[2m=[0m"accepted" [3mrequest_kind[0m[2m=[0m"附件内容读取" [3mattachment_id[0m[2m=[0m"att-9ea1bd13ba13" [3msession_id[0m[2m=[0m"s-61aba5a41cb7"
[backend] [2m2026-04-25T16:38:35.1723705+08:00[0m [32m INFO[0m ThreadId(09) [2mkoko::shell::媒体资产外壳[0m[2m:[0m 读取附件内容成功 [3musecase[0m[2m=[0m"读取附件内容" [3madapter[0m[2m=[0m"http" [3moutcome[0m[2m=[0m"succeeded" [3mrequest_kind[0m[2m=[0m"附件内容读取" [3mattachment_id[0m[2m=[0m"att-9ea1bd13ba13" [3msession_id[0m[2m=[0m"s-61aba5a41cb7"
[backend] [2m2026-04-25T16:38:35.1782535+08:00[0m [32m INFO[0m ThreadId(11) [2mkoko::shell::媒体资产外壳[0m[2m:[0m HTTP 请求已受理 [3musecase[0m[2m=[0m"读取附件内容" [3madapter[0m[2m=[0m"http" [3moutcome[0m[2m=[0m"accepted" [3mrequest_kind[0m[2m=[0m"附件内容读取" [3mattachment_id[0m[2m=[0m"att-9ea1bd13ba13" [3msession_id[0m[2m=[0m"s-61aba5a41cb7"
[backend] [2m2026-04-25T16:38:35.1898801+08:00[0m [32m INFO[0m ThreadId(11) [2mkoko::shell::媒体资产外壳[0m[2m:[0m 读取附件内容成功 [3musecase[0m[2m=[0m"读取附件内容" [3madapter[0m[2m=[0m"http" [3moutcome[0m[2m=[0m"succeeded" [3mrequest_kind[0m[2m=[0m"附件内容读取" [3mattachment_id[0m[2m=[0m"att-9ea1bd13ba13" [3msession_id[0m[2m=[0m"s-61aba5a41cb7"
[backend] [2m2026-04-25T16:38:35.1937566+08:00[0m [32m INFO[0m ThreadId(07) [2mkoko::shell::媒体资产外壳[0m[2m:[0m HTTP 请求已受理 [3musecase[0m[2m=[0m"读取附件内容" [3madapter[0m[2m=[0m"http" [3moutcome[0m[2m=[0m"accepted" [3mrequest_kind[0m[2m=[0m"附件内容读取" [3mattachment_id[0m[2m=[0m"att-9ea1bd13ba13" [3msession_id[0m[2m=[0m"s-61aba5a41cb7"
[backend] [2m2026-04-25T16:38:35.2076049+08:00[0m [32m INFO[0m ThreadId(07) [2mkoko::shell::媒体资产外壳[0m[2m:[0m 读取附件内容成功 [3musecase[0m[2m=[0m"读取附件内容" [3madapter[0m[2m=[0m"http" [3moutcome[0m[2m=[0m"succeeded" [3mrequest_kind[0m[2m=[0m"附件内容读取" [3mattachment_id[0m[2m=[0m"att-9ea1bd13ba13" [3msession_id[0m[2m=[0m"s-61aba5a41cb7"
[backend] [2m2026-04-25T16:38:35.3441874+08:00[0m [32m INFO[0m ThreadId(09) [2mkoko::shell::媒体资产外壳[0m[2m:[0m HTTP 请求已受理 [3musecase[0m[2m=[0m"读取附件内容" [3madapter[0m[2m=[0m"http" [3moutcome[0m[2m=[0m"accepted" [3mrequest_kind[0m[2m=[0m"附件内容读取" [3mattachment_id[0m[2m=[0m"att-9ea1bd13ba13" [3msession_id[0m[2m=[0m"s-61aba5a41cb7"
[backend] [2m2026-04-25T16:38:35.3573122+08:00[0m [32m INFO[0m ThreadId(07) [2mkoko::shell::媒体资产外壳[0m[2m:[0m 读取附件内容成功 [3musecase[0m[2m=[0m"读取附件内容" [3madapter[0m[2m=[0m"http" [3moutcome[0m[2m=[0m"succeeded" [3mrequest_kind[0m[2m=[0m"附件内容读取" [3mattachment_id[0m[2m=[0m"att-9ea1bd13ba13" [3msession_id[0m[2m=[0m"s-61aba5a41cb7"
[backend] [2m2026-04-25T16:38:35.3606338+08:00[0m [32m INFO[0m ThreadId(11) [2mkoko::shell::媒体资产外壳[0m[2m:[0m HTTP 请求已受理 [3musecase[0m[2m=[0m"读取附件内容" [3madapter[0m[2m=[0m"http" [3moutcome[0m[2m=[0m"accepted" [3mrequest_kind[0m[2m=[0m"附件内容读取" [3mattachment_id[0m[2m=[0m"att-9ea1bd13ba13" [3msession_id[0m[2m=[0m"s-61aba5a41cb7"
[backend] [2m2026-04-25T16:38:35.3743106+08:00[0m [32m INFO[0m ThreadId(11) [2mkoko::shell::媒体资产外壳[0m[2m:[0m 读取附件内容成功 [3musecase[0m[2m=[0m"读取附件内容" [3madapter[0m[2m=[0m"http" [3moutcome[0m[2m=[0m"succeeded" [3mrequest_kind[0m[2m=[0m"附件内容读取" [3mattachment_id[0m[2m=[0m"att-9ea1bd13ba13" [3msession_id[0m[2m=[0m"s-61aba5a41cb7"
[backend] [2m2026-04-25T16:38:35.3795559+08:00[0m [32m INFO[0m ThreadId(09) [2mkoko::shell::媒体资产外壳[0m[2m:[0m HTTP 请求已受理 [3musecase[0m[2m=[0m"读取附件内容" [3madapter[0m[2m=[0m"http" [3moutcome[0m[2m=[0m"accepted" [3mrequest_kind[0m[2m=[0m"附件内容读取" [3mattachment_id[0m[2m=[0m"att-9ea1bd13ba13" [3msession_id[0m[2m=[0m"s-61aba5a41cb7"
[backend] [2m2026-04-25T16:38:35.3944004+08:00[0m [32m INFO[0m ThreadId(07) [2mkoko::shell::媒体资产外壳[0m[2m:[0m 读取附件内容成功 [3musecase[0m[2m=[0m"读取附件内容" [3madapter[0m[2m=[0m"http" [3moutcome[0m[2m=[0m"succeeded" [3mrequest_kind[0m[2m=[0m"附件内容读取" [3mattachment_id[0m[2m=[0m"att-9ea1bd13ba13" [3msession_id[0m[2m=[0m"s-61aba5a41cb7"
[backend] [2m2026-04-25T16:38:35.3989043+08:00[0m [32m INFO[0m ThreadId(09) [2mkoko::shell::媒体资产外壳[0m[2m:[0m HTTP 请求已受理 [3musecase[0m[2m=[0m"读取附件内容" [3madapter[0m[2m=[0m"http" [3moutcome[0m[2m=[0m"accepted" [3mrequest_kind[0m[2m=[0m"附件内容读取" [3mattachment_id[0m[2m=[0m"att-9ea1bd13ba13" [3msession_id[0m[2m=[0m"s-61aba5a41cb7"
[backend] [2m2026-04-25T16:38:35.4149434+08:00[0m [32m INFO[0m ThreadId(09) [2mkoko::shell::媒体资产外壳[0m[2m:[0m 读取附件内容成功 [3musecase[0m[2m=[0m"读取附件内容" [3madapter[0m[2m=[0m"http" [3moutcome[0m[2m=[0m"succeeded" [3mrequest_kind[0m[2m=[0m"附件内容读取" [3mattachment_id[0m[2m=[0m"att-9ea1bd13ba13" [3msession_id[0m[2m=[0m"s-61aba5a41cb7"
[backend] [2m2026-04-25T16:38:35.4708944+08:00[0m [32m INFO[0m ThreadId(11) [2mkoko::shell::媒体资产外壳[0m[2m:[0m HTTP 请求已受理 [3musecase[0m[2m=[0m"读取附件内容" [3madapter[0m[2m=[0m"http" [3moutcome[0m[2m=[0m"accepted" [3mrequest_kind[0m[2m=[0m"附件内容读取" [3mattachment_id[0m[2m=[0m"att-9ea1bd13ba13" [3msession_id[0m[2m=[0m"s-61aba5a41cb7"
[backend] [2m2026-04-25T16:38:35.4826249+08:00[0m [32m INFO[0m ThreadId(09) [2mkoko::shell::媒体资产外壳[0m[2m:[0m 读取附件内容成功 [3musecase[0m[2m=[0m"读取附件内容" [3madapter[0m[2m=[0m"http" [3moutcome[0m[2m=[0m"succeeded" [3mrequest_kind[0m[2m=[0m"附件内容读取" [3mattachment_id[0m[2m=[0m"att-9ea1bd13ba13" [3msession_id[0m[2m=[0m"s-61aba5a41cb7"
[backend] [2m2026-04-25T16:38:35.4856649+08:00[0m [32m INFO[0m ThreadId(07) [2mkoko::shell::媒体资产外壳[0m[2m:[0m HTTP 请求已受理 [3musecase[0m[2m=[0m"读取附件内容" [3madapter[0m[2m=[0m"http" [3moutcome[0m[2m=[0m"accepted" [3mrequest_kind[0m[2m=[0m"附件内容读取" [3mattachment_id[0m[2m=[0m"att-9ea1bd13ba13" [3msession_id[0m[2m=[0m"s-61aba5a41cb7"
[backend] [2m2026-04-25T16:38:35.4986097+08:00[0m [32m INFO[0m ThreadId(11) [2mkoko::shell::媒体资产外壳[0m[2m:[0m 读取附件内容成功 [3musecase[0m[2m=[0m"读取附件内容" [3madapter[0m[2m=[0m"http" [3moutcome[0m[2m=[0m"succeeded" [3mrequest_kind[0m[2m=[0m"附件内容读取" [3mattachment_id[0m[2m=[0m"att-9ea1bd13ba13" [3msession_id[0m[2m=[0m"s-61aba5a41cb7"
[backend] [2m2026-04-25T16:38:35.5021323+08:00[0m [32m INFO[0m ThreadId(07) [2mkoko::shell::媒体资产外壳[0m[2m:[0m HTTP 请求已受理 [3musecase[0m[2m=[0m"读取附件内容" [3madapter[0m[2m=[0m"http" [3moutcome[0m[2m=[0m"accepted" [3mrequest_kind[0m[2m=[0m"附件内容读取" [3mattachment_id[0m[2m=[0m"att-9ea1bd13ba13" [3msession_id[0m[2m=[0m"s-61aba5a41cb7"
[backend] [2m2026-04-25T16:38:35.5152333+08:00[0m [32m INFO[0m ThreadId(07) [2mkoko::shell::媒体资产外壳[0m[2m:[0m 读取附件内容成功 [3musecase[0m[2m=[0m"读取附件内容" [3madapter[0m[2m=[0m"http" [3moutcome[0m[2m=[0m"succeeded" [3mrequest_kind[0m[2m=[0m"附件内容读取" [3mattachment_id[0m[2m=[0m"att-9ea1bd13ba13" [3msession_id[0m[2m=[0m"s-61aba5a41cb7"
[tracker] 2026-04-25T08:38:35.579Z complete: 2d5757303230382d503366656a51793338305944
[tracker] 2026-04-25T08:38:38.803Z start: 2d5757303230382d7677355a6e512b524130472f
[tracker] 2026-04-25T08:38:38.813Z update: 2d5757303230382d503366656a51793338305944
[tracker] 2026-04-25T08:38:39.984Z update: 2d5757303230382d7677355a6e512b524130472f
[backend] [2m2026-04-25T16:38:53.471278+08:00[0m [32m INFO[0m ThreadId(09) [2mkoko::shell::房间外壳[0m[2m:[0m HTTP 请求已受理 [3musecase[0m[2m=[0m"按短码进房或建房" [3madapter[0m[2m=[0m"http" [3moutcome[0m[2m=[0m"accepted" [3mrequest_kind[0m[2m=[0m"短码进房或建房" [3msession_id[0m[2m=[0m"s-3b774a25d87b"
[backend] [2m2026-04-25T16:38:53.4927234+08:00[0m [32m INFO[0m ThreadId(07) [2mkoko::shell::房间外壳[0m[2m:[0m 按短码进房或建房成功 [3musecase[0m[2m=[0m"按短码进房或建房" [3madapter[0m[2m=[0m"http" [3moutcome[0m[2m=[0m"succeeded" [3mrequest_kind[0m[2m=[0m"短码进房或建房" [3msession_id[0m[2m=[0m"s-3b774a25d87b" [3mroom_id[0m[2m=[0m"r-50793d744913" [3mevent_position[0m[2m=[0m8
[backend] [2m2026-04-25T16:38:53.5026694+08:00[0m [32m INFO[0m ThreadId(07) [2mkoko::shell::实时外壳[0m[2m:[0m realtime 订阅请求已受理 [3musecase[0m[2m=[0m"订阅房间事件流" [3madapter[0m[2m=[0m"socketioxide" [3moutcome[0m[2m=[0m"accepted" [3mroom_id[0m[2m=[0m"r-50793d744913" [3msession_id[0m[2m=[0m"s-3b774a25d87b" [3mfrom[0m[2m=[0m8
[backend] [2m2026-04-25T16:38:53.5111044+08:00[0m [32m INFO[0m ThreadId(11) [2mkoko::shell::实时外壳[0m[2m:[0m 订阅房间事件流成功 [3musecase[0m[2m=[0m"订阅房间事件流" [3madapter[0m[2m=[0m"socketioxide" [3moutcome[0m[2m=[0m"succeeded" [3mroom_id[0m[2m=[0m"r-50793d744913" [3msession_id[0m[2m=[0m"s-3b774a25d87b" [3mfrom[0m[2m=[0m8 [3mevent_position[0m[2m=[0m8
[backend] [2m2026-04-25T16:38:54.2487019+08:00[0m [32m INFO[0m ThreadId(11) [2mkoko::shell::房间外壳[0m[2m:[0m HTTP 请求已受理 [3musecase[0m[2m=[0m"推进房间阅读位置" [3madapter[0m[2m=[0m"http" [3moutcome[0m[2m=[0m"accepted" [3mrequest_kind[0m[2m=[0m"房间阅读位置推进" [3mroom_id[0m[2m=[0m"r-50793d744913" [3msession_id[0m[2m=[0m"s-3b774a25d87b" [3mevent_position[0m[2m=[0m8
[backend] [2m2026-04-25T16:38:54.2527202+08:00[0m [32m INFO[0m ThreadId(11) [2mkoko::shell::媒体资产外壳[0m[2m:[0m HTTP 请求已受理 [3musecase[0m[2m=[0m"读取附件内容" [3madapter[0m[2m=[0m"http" [3moutcome[0m[2m=[0m"accepted" [3mrequest_kind[0m[2m=[0m"附件内容读取" [3mattachment_id[0m[2m=[0m"att-e1deded9fc9b" [3msession_id[0m[2m=[0m"s-3b774a25d87b"
[backend] [2m2026-04-25T16:38:54.2641089+08:00[0m [32m INFO[0m ThreadId(09) [2mkoko::shell::媒体资产外壳[0m[2m:[0m 读取附件内容成功 [3musecase[0m[2m=[0m"读取附件内容" [3madapter[0m[2m=[0m"http" [3moutcome[0m[2m=[0m"succeeded" [3mrequest_kind[0m[2m=[0m"附件内容读取" [3mattachment_id[0m[2m=[0m"att-e1deded9fc9b" [3msession_id[0m[2m=[0m"s-3b774a25d87b"
[backend] [2m2026-04-25T16:38:54.2699097+08:00[0m [32m INFO[0m ThreadId(10) [2mkoko::shell::房间外壳[0m[2m:[0m 推进房间阅读位置成功 [3musecase[0m[2m=[0m"推进房间阅读位置" [3madapter[0m[2m=[0m"http" [3moutcome[0m[2m=[0m"succeeded" [3mrequest_kind[0m[2m=[0m"房间阅读位置推进" [3mroom_id[0m[2m=[0m"r-50793d744913" [3msession_id[0m[2m=[0m"s-3b774a25d87b" [3mevent_position[0m[2m=[0m8
[backend] [2m2026-04-25T16:38:54.4574139+08:00[0m [32m INFO[0m ThreadId(11) [2mkoko::shell::媒体资产外壳[0m[2m:[0m HTTP 请求已受理 [3musecase[0m[2m=[0m"读取附件内容" [3madapter[0m[2m=[0m"http" [3moutcome[0m[2m=[0m"accepted" [3mrequest_kind[0m[2m=[0m"附件内容读取" [3mattachment_id[0m[2m=[0m"att-10b60d10c9e1" [3msession_id[0m[2m=[0m"s-3b774a25d87b"
[backend] [2m2026-04-25T16:38:54.4596428+08:00[0m [32m INFO[0m ThreadId(11) [2mkoko::shell::媒体资产外壳[0m[2m:[0m HTTP 请求已受理 [3musecase[0m[2m=[0m"读取附件内容" [3madapter[0m[2m=[0m"http" [3moutcome[0m[2m=[0m"accepted" [3mrequest_kind[0m[2m=[0m"附件内容读取" [3mattachment_id[0m[2m=[0m"att-e1deded9fc9b" [3msession_id[0m[2m=[0m"s-3b774a25d87b"
[backend] [2m2026-04-25T16:38:54.4610123+08:00[0m [32m INFO[0m ThreadId(11) [2mkoko::shell::媒体资产外壳[0m[2m:[0m HTTP 请求已受理 [3musecase[0m[2m=[0m"读取附件内容" [3madapter[0m[2m=[0m"http" [3moutcome[0m[2m=[0m"accepted" [3mrequest_kind[0m[2m=[0m"附件内容读取" [3mattachment_id[0m[2m=[0m"att-e1deded9fc9b" [3msession_id[0m[2m=[0m"s-3b774a25d87b"
[backend] [2m2026-04-25T16:38:54.464419+08:00[0m [32m INFO[0m ThreadId(07) [2mkoko::shell::媒体资产外壳[0m[2m:[0m HTTP 请求已受理 [3musecase[0m[2m=[0m"读取附件内容" [3madapter[0m[2m=[0m"http" [3moutcome[0m[2m=[0m"accepted" [3mrequest_kind[0m[2m=[0m"附件内容读取" [3mattachment_id[0m[2m=[0m"att-9ea1bd13ba13" [3msession_id[0m[2m=[0m"s-3b774a25d87b"
[backend] [2m2026-04-25T16:38:54.4671837+08:00[0m [32m INFO[0m ThreadId(10) [2mkoko::shell::媒体资产外壳[0m[2m:[0m HTTP 请求已受理 [3musecase[0m[2m=[0m"读取附件内容" [3madapter[0m[2m=[0m"http" [3moutcome[0m[2m=[0m"accepted" [3mrequest_kind[0m[2m=[0m"附件内容读取" [3mattachment_id[0m[2m=[0m"att-9f6a9ebb48a6" [3msession_id[0m[2m=[0m"s-3b774a25d87b"
[backend] [2m2026-04-25T16:38:54.4691497+08:00[0m [32m INFO[0m ThreadId(09) [2mkoko::shell::媒体资产外壳[0m[2m:[0m HTTP 请求已受理 [3musecase[0m[2m=[0m"读取附件内容" [3madapter[0m[2m=[0m"http" [3moutcome[0m[2m=[0m"accepted" [3mrequest_kind[0m[2m=[0m"附件内容读取" [3mattachment_id[0m[2m=[0m"att-e35bd47b6508" [3msession_id[0m[2m=[0m"s-3b774a25d87b"
[backend] [2m2026-04-25T16:38:54.4718169+08:00[0m [32m INFO[0m ThreadId(11) [2mkoko::shell::媒体资产外壳[0m[2m:[0m 读取附件内容成功 [3musecase[0m[2m=[0m"读取附件内容" [3madapter[0m[2m=[0m"http" [3moutcome[0m[2m=[0m"succeeded" [3mrequest_kind[0m[2m=[0m"附件内容读取" [3mattachment_id[0m[2m=[0m"att-10b60d10c9e1" [3msession_id[0m[2m=[0m"s-3b774a25d87b"
[backend] [2m2026-04-25T16:38:54.4751338+08:00[0m [32m INFO[0m ThreadId(10) [2mkoko::shell::媒体资产外壳[0m[2m:[0m 读取附件内容成功 [3musecase[0m[2m=[0m"读取附件内容" [3madapter[0m[2m=[0m"http" [3moutcome[0m[2m=[0m"succeeded" [3mrequest_kind[0m[2m=[0m"附件内容读取" [3mattachment_id[0m[2m=[0m"att-9ea1bd13ba13" [3msession_id[0m[2m=[0m"s-3b774a25d87b"
[backend] [2m2026-04-25T16:38:54.4770024+08:00[0m [32m INFO[0m ThreadId(10) [2mkoko::shell::媒体资产外壳[0m[2m:[0m 读取附件内容成功 [3musecase[0m[2m=[0m"读取附件内容" [3madapter[0m[2m=[0m"http" [3moutcome[0m[2m=[0m"succeeded" [3mrequest_kind[0m[2m=[0m"附件内容读取" [3mattachment_id[0m[2m=[0m"att-e1deded9fc9b" [3msession_id[0m[2m=[0m"s-3b774a25d87b"
[backend] [2m2026-04-25T16:38:54.4770024+08:00[0m [32m INFO[0m ThreadId(09) [2mkoko::shell::媒体资产外壳[0m[2m:[0m 读取附件内容成功 [3musecase[0m[2m=[0m"读取附件内容" [3madapter[0m[2m=[0m"http" [3moutcome[0m[2m=[0m"succeeded" [3mrequest_kind[0m[2m=[0m"附件内容读取" [3mattachment_id[0m[2m=[0m"att-e1deded9fc9b" [3msession_id[0m[2m=[0m"s-3b774a25d87b"
[backend] [2m2026-04-25T16:38:54.4776695+08:00[0m [32m INFO[0m ThreadId(07) [2mkoko::shell::媒体资产外壳[0m[2m:[0m 读取附件内容成功 [3musecase[0m[2m=[0m"读取附件内容" [3madapter[0m[2m=[0m"http" [3moutcome[0m[2m=[0m"succeeded" [3mrequest_kind[0m[2m=[0m"附件内容读取" [3mattachment_id[0m[2m=[0m"att-9f6a9ebb48a6" [3msession_id[0m[2m=[0m"s-3b774a25d87b"
[backend] [2m2026-04-25T16:38:54.4772241+08:00[0m [32m INFO[0m ThreadId(11) [2mkoko::shell::媒体资产外壳[0m[2m:[0m 读取附件内容成功 [3musecase[0m[2m=[0m"读取附件内容" [3madapter[0m[2m=[0m"http" [3moutcome[0m[2m=[0m"succeeded" [3mrequest_kind[0m[2m=[0m"附件内容读取" [3mattachment_id[0m[2m=[0m"att-e35bd47b6508" [3msession_id[0m[2m=[0m"s-3b774a25d87b"
[backend] [2m2026-04-25T16:38:54.5828403+08:00[0m [32m INFO[0m ThreadId(12) [2mkoko::shell::媒体资产外壳[0m[2m:[0m HTTP 请求已受理 [3musecase[0m[2m=[0m"读取附件内容" [3madapter[0m[2m=[0m"http" [3moutcome[0m[2m=[0m"accepted" [3mrequest_kind[0m[2m=[0m"附件内容读取" [3mattachment_id[0m[2m=[0m"att-5d2bc6f45393" [3msession_id[0m[2m=[0m"s-3b774a25d87b"
[backend] [2m2026-04-25T16:38:54.5873095+08:00[0m [32m INFO[0m ThreadId(12) [2mkoko::shell::媒体资产外壳[0m[2m:[0m HTTP 请求已受理 [3musecase[0m[2m=[0m"读取附件内容" [3madapter[0m[2m=[0m"http" [3moutcome[0m[2m=[0m"accepted" [3mrequest_kind[0m[2m=[0m"附件内容读取" [3mattachment_id[0m[2m=[0m"att-10b60d10c9e1" [3msession_id[0m[2m=[0m"s-3b774a25d87b"
[backend] [2m2026-04-25T16:38:54.5876193+08:00[0m [32m INFO[0m ThreadId(09) [2mkoko::shell::媒体资产外壳[0m[2m:[0m HTTP 请求已受理 [3musecase[0m[2m=[0m"读取附件内容" [3madapter[0m[2m=[0m"http" [3moutcome[0m[2m=[0m"accepted" [3mrequest_kind[0m[2m=[0m"附件内容读取" [3mattachment_id[0m[2m=[0m"att-10b60d10c9e1" [3msession_id[0m[2m=[0m"s-3b774a25d87b"
[backend] [2m2026-04-25T16:38:54.590339+08:00[0m [32m INFO[0m ThreadId(12) [2mkoko::shell::媒体资产外壳[0m[2m:[0m HTTP 请求已受理 [3musecase[0m[2m=[0m"读取附件内容" [3madapter[0m[2m=[0m"http" [3moutcome[0m[2m=[0m"accepted" [3mrequest_kind[0m[2m=[0m"附件内容读取" [3mattachment_id[0m[2m=[0m"att-9ea1bd13ba13" [3msession_id[0m[2m=[0m"s-3b774a25d87b"
[backend] [2m2026-04-25T16:38:54.5922042+08:00[0m [32m INFO[0m ThreadId(07) [2mkoko::shell::媒体资产外壳[0m[2m:[0m HTTP 请求已受理 [3musecase[0m[2m=[0m"读取附件内容" [3madapter[0m[2m=[0m"http" [3moutcome[0m[2m=[0m"accepted" [3mrequest_kind[0m[2m=[0m"附件内容读取" [3mattachment_id[0m[2m=[0m"att-9ea1bd13ba13" [3msession_id[0m[2m=[0m"s-3b774a25d87b"
[backend] [2m2026-04-25T16:38:54.6022722+08:00[0m [32m INFO[0m ThreadId(07) [2mkoko::shell::媒体资产外壳[0m[2m:[0m HTTP 请求已受理 [3musecase[0m[2m=[0m"读取附件内容" [3madapter[0m[2m=[0m"http" [3moutcome[0m[2m=[0m"accepted" [3mrequest_kind[0m[2m=[0m"附件内容读取" [3mattachment_id[0m[2m=[0m"att-e1deded9fc9b" [3msession_id[0m[2m=[0m"s-3b774a25d87b"
[backend] [2m2026-04-25T16:38:54.6055054+08:00[0m [32m INFO[0m ThreadId(07) [2mkoko::shell::媒体资产外壳[0m[2m:[0m 读取附件内容成功 [3musecase[0m[2m=[0m"读取附件内容" [3madapter[0m[2m=[0m"http" [3moutcome[0m[2m=[0m"succeeded" [3mrequest_kind[0m[2m=[0m"附件内容读取" [3mattachment_id[0m[2m=[0m"att-9ea1bd13ba13" [3msession_id[0m[2m=[0m"s-3b774a25d87b"
[backend] [2m2026-04-25T16:38:54.6093454+08:00[0m [32m INFO[0m ThreadId(12) [2mkoko::shell::媒体资产外壳[0m[2m:[0m 读取附件内容成功 [3musecase[0m[2m=[0m"读取附件内容" [3madapter[0m[2m=[0m"http" [3moutcome[0m[2m=[0m"succeeded" [3mrequest_kind[0m[2m=[0m"附件内容读取" [3mattachment_id[0m[2m=[0m"att-9ea1bd13ba13" [3msession_id[0m[2m=[0m"s-3b774a25d87b"
[backend] [2m2026-04-25T16:38:54.6118878+08:00[0m [32m INFO[0m ThreadId(12) [2mkoko::shell::媒体资产外壳[0m[2m:[0m 读取附件内容成功 [3musecase[0m[2m=[0m"读取附件内容" [3madapter[0m[2m=[0m"http" [3moutcome[0m[2m=[0m"succeeded" [3mrequest_kind[0m[2m=[0m"附件内容读取" [3mattachment_id[0m[2m=[0m"att-5d2bc6f45393" [3msession_id[0m[2m=[0m"s-3b774a25d87b"
[backend] [2m2026-04-25T16:38:54.6120474+08:00[0m [32m INFO[0m ThreadId(09) [2mkoko::shell::媒体资产外壳[0m[2m:[0m 读取附件内容成功 [3musecase[0m[2m=[0m"读取附件内容" [3madapter[0m[2m=[0m"http" [3moutcome[0m[2m=[0m"succeeded" [3mrequest_kind[0m[2m=[0m"附件内容读取" [3mattachment_id[0m[2m=[0m"att-10b60d10c9e1" [3msession_id[0m[2m=[0m"s-3b774a25d87b"
[backend] [2m2026-04-25T16:38:54.6121522+08:00[0m [32m INFO[0m ThreadId(07) [2mkoko::shell::媒体资产外壳[0m[2m:[0m 读取附件内容成功 [3musecase[0m[2m=[0m"读取附件内容" [3madapter[0m[2m=[0m"http" [3moutcome[0m[2m=[0m"succeeded" [3mrequest_kind[0m[2m=[0m"附件内容读取" [3mattachment_id[0m[2m=[0m"att-10b60d10c9e1" [3msession_id[0m[2m=[0m"s-3b774a25d87b"
[backend] [2m2026-04-25T16:38:54.6123686+08:00[0m [32m INFO[0m ThreadId(10) [2mkoko::shell::媒体资产外壳[0m[2m:[0m HTTP 请求已受理 [3musecase[0m[2m=[0m"读取附件内容" [3madapter[0m[2m=[0m"http" [3moutcome[0m[2m=[0m"accepted" [3mrequest_kind[0m[2m=[0m"附件内容读取" [3mattachment_id[0m[2m=[0m"att-e1deded9fc9b" [3msession_id[0m[2m=[0m"s-3b774a25d87b"
[backend] [2m2026-04-25T16:38:54.6221257+08:00[0m [32m INFO[0m ThreadId(11) [2mkoko::shell::媒体资产外壳[0m[2m:[0m 读取附件内容成功 [3musecase[0m[2m=[0m"读取附件内容" [3madapter[0m[2m=[0m"http" [3moutcome[0m[2m=[0m"succeeded" [3mrequest_kind[0m[2m=[0m"附件内容读取" [3mattachment_id[0m[2m=[0m"att-e1deded9fc9b" [3msession_id[0m[2m=[0m"s-3b774a25d87b"
[backend] [2m2026-04-25T16:38:54.628085+08:00[0m [32m INFO[0m ThreadId(12) [2mkoko::shell::媒体资产外壳[0m[2m:[0m HTTP 请求已受理 [3musecase[0m[2m=[0m"读取附件内容" [3madapter[0m[2m=[0m"http" [3moutcome[0m[2m=[0m"accepted" [3mrequest_kind[0m[2m=[0m"附件内容读取" [3mattachment_id[0m[2m=[0m"att-e1deded9fc9b" [3msession_id[0m[2m=[0m"s-3b774a25d87b"
[backend] [2m2026-04-25T16:38:54.6301835+08:00[0m [32m INFO[0m ThreadId(09) [2mkoko::shell::媒体资产外壳[0m[2m:[0m 读取附件内容成功 [3musecase[0m[2m=[0m"读取附件内容" [3madapter[0m[2m=[0m"http" [3moutcome[0m[2m=[0m"succeeded" [3mrequest_kind[0m[2m=[0m"附件内容读取" [3mattachment_id[0m[2m=[0m"att-e1deded9fc9b" [3msession_id[0m[2m=[0m"s-3b774a25d87b"
[backend] [2m2026-04-25T16:38:54.6324142+08:00[0m [32m INFO[0m ThreadId(12) [2mkoko::shell::媒体资产外壳[0m[2m:[0m HTTP 请求已受理 [3musecase[0m[2m=[0m"读取附件内容" [3madapter[0m[2m=[0m"http" [3moutcome[0m[2m=[0m"accepted" [3mrequest_kind[0m[2m=[0m"附件内容读取" [3mattachment_id[0m[2m=[0m"att-e1deded9fc9b" [3msession_id[0m[2m=[0m"s-3b774a25d87b"
[backend] [2m2026-04-25T16:38:54.6337787+08:00[0m [32m INFO[0m ThreadId(11) [2mkoko::shell::媒体资产外壳[0m[2m:[0m HTTP 请求已受理 [3musecase[0m[2m=[0m"读取附件内容" [3madapter[0m[2m=[0m"http" [3moutcome[0m[2m=[0m"accepted" [3mrequest_kind[0m[2m=[0m"附件内容读取" [3mattachment_id[0m[2m=[0m"att-e35bd47b6508" [3msession_id[0m[2m=[0m"s-3b774a25d87b"
[backend] [2m2026-04-25T16:38:54.6396669+08:00[0m [32m INFO[0m ThreadId(12) [2mkoko::shell::媒体资产外壳[0m[2m:[0m HTTP 请求已受理 [3musecase[0m[2m=[0m"读取附件内容" [3madapter[0m[2m=[0m"http" [3moutcome[0m[2m=[0m"accepted" [3mrequest_kind[0m[2m=[0m"附件内容读取" [3mattachment_id[0m[2m=[0m"att-e35bd47b6508" [3msession_id[0m[2m=[0m"s-3b774a25d87b"
[backend] [2m2026-04-25T16:38:54.6400576+08:00[0m [32m INFO[0m ThreadId(11) [2mkoko::shell::媒体资产外壳[0m[2m:[0m 读取附件内容成功 [3musecase[0m[2m=[0m"读取附件内容" [3madapter[0m[2m=[0m"http" [3moutcome[0m[2m=[0m"succeeded" [3mrequest_kind[0m[2m=[0m"附件内容读取" [3mattachment_id[0m[2m=[0m"att-e1deded9fc9b" [3msession_id[0m[2m=[0m"s-3b774a25d87b"
[backend] [2m2026-04-25T16:38:54.6408062+08:00[0m [32m INFO[0m ThreadId(10) [2mkoko::shell::媒体资产外壳[0m[2m:[0m HTTP 请求已受理 [3musecase[0m[2m=[0m"读取附件内容" [3madapter[0m[2m=[0m"http" [3moutcome[0m[2m=[0m"accepted" [3mrequest_kind[0m[2m=[0m"附件内容读取" [3mattachment_id[0m[2m=[0m"att-9f6a9ebb48a6" [3msession_id[0m[2m=[0m"s-3b774a25d87b"
[backend] [2m2026-04-25T16:38:54.641507+08:00[0m [32m INFO[0m ThreadId(07) [2mkoko::shell::媒体资产外壳[0m[2m:[0m HTTP 请求已受理 [3musecase[0m[2m=[0m"读取附件内容" [3madapter[0m[2m=[0m"http" [3moutcome[0m[2m=[0m"accepted" [3mrequest_kind[0m[2m=[0m"附件内容读取" [3mattachment_id[0m[2m=[0m"att-9f6a9ebb48a6" [3msession_id[0m[2m=[0m"s-3b774a25d87b"
[backend] [2m2026-04-25T16:38:54.6469676+08:00[0m [32m INFO[0m ThreadId(12) [2mkoko::shell::媒体资产外壳[0m[2m:[0m 读取附件内容成功 [3musecase[0m[2m=[0m"读取附件内容" [3madapter[0m[2m=[0m"http" [3moutcome[0m[2m=[0m"succeeded" [3mrequest_kind[0m[2m=[0m"附件内容读取" [3mattachment_id[0m[2m=[0m"att-e35bd47b6508" [3msession_id[0m[2m=[0m"s-3b774a25d87b"
[backend] [2m2026-04-25T16:38:54.6488642+08:00[0m [32m INFO[0m ThreadId(09) [2mkoko::shell::媒体资产外壳[0m[2m:[0m 读取附件内容成功 [3musecase[0m[2m=[0m"读取附件内容" [3madapter[0m[2m=[0m"http" [3moutcome[0m[2m=[0m"succeeded" [3mrequest_kind[0m[2m=[0m"附件内容读取" [3mattachment_id[0m[2m=[0m"att-e1deded9fc9b" [3msession_id[0m[2m=[0m"s-3b774a25d87b"
[backend] [2m2026-04-25T16:38:54.6536697+08:00[0m [32m INFO[0m ThreadId(11) [2mkoko::shell::媒体资产外壳[0m[2m:[0m 读取附件内容成功 [3musecase[0m[2m=[0m"读取附件内容" [3madapter[0m[2m=[0m"http" [3moutcome[0m[2m=[0m"succeeded" [3mrequest_kind[0m[2m=[0m"附件内容读取" [3mattachment_id[0m[2m=[0m"att-e35bd47b6508" [3msession_id[0m[2m=[0m"s-3b774a25d87b"
[backend] [2m2026-04-25T16:38:54.6587376+08:00[0m [32m INFO[0m ThreadId(07) [2mkoko::shell::媒体资产外壳[0m[2m:[0m 读取附件内容成功 [3musecase[0m[2m=[0m"读取附件内容" [3madapter[0m[2m=[0m"http" [3moutcome[0m[2m=[0m"succeeded" [3mrequest_kind[0m[2m=[0m"附件内容读取" [3mattachment_id[0m[2m=[0m"att-9f6a9ebb48a6" [3msession_id[0m[2m=[0m"s-3b774a25d87b"
[backend] [2m2026-04-25T16:38:54.6587383+08:00[0m [32m INFO[0m ThreadId(11) [2mkoko::shell::媒体资产外壳[0m[2m:[0m 读取附件内容成功 [3musecase[0m[2m=[0m"读取附件内容" [3madapter[0m[2m=[0m"http" [3moutcome[0m[2m=[0m"succeeded" [3mrequest_kind[0m[2m=[0m"附件内容读取" [3mattachment_id[0m[2m=[0m"att-9f6a9ebb48a6" [3msession_id[0m[2m=[0m"s-3b774a25d87b"
[backend] [2m2026-04-25T16:38:54.7583275+08:00[0m [32m INFO[0m ThreadId(09) [2mkoko::shell::媒体资产外壳[0m[2m:[0m HTTP 请求已受理 [3musecase[0m[2m=[0m"读取附件内容" [3madapter[0m[2m=[0m"http" [3moutcome[0m[2m=[0m"accepted" [3mrequest_kind[0m[2m=[0m"附件内容读取" [3mattachment_id[0m[2m=[0m"att-e1deded9fc9b" [3msession_id[0m[2m=[0m"s-3b774a25d87b"
[backend] [2m2026-04-25T16:38:54.7597477+08:00[0m [32m INFO[0m ThreadId(09) [2mkoko::shell::媒体资产外壳[0m[2m:[0m HTTP 请求已受理 [3musecase[0m[2m=[0m"读取附件内容" [3madapter[0m[2m=[0m"http" [3moutcome[0m[2m=[0m"accepted" [3mrequest_kind[0m[2m=[0m"附件内容读取" [3mattachment_id[0m[2m=[0m"att-e1deded9fc9b" [3msession_id[0m[2m=[0m"s-3b774a25d87b"
[backend] [2m2026-04-25T16:38:54.760902+08:00[0m [32m INFO[0m ThreadId(09) [2mkoko::shell::媒体资产外壳[0m[2m:[0m HTTP 请求已受理 [3musecase[0m[2m=[0m"读取附件内容" [3madapter[0m[2m=[0m"http" [3moutcome[0m[2m=[0m"accepted" [3mrequest_kind[0m[2m=[0m"附件内容读取" [3mattachment_id[0m[2m=[0m"att-e1deded9fc9b" [3msession_id[0m[2m=[0m"s-3b774a25d87b"
[backend] [2m2026-04-25T16:38:54.7609017+08:00[0m [32m INFO[0m ThreadId(07) [2mkoko::shell::媒体资产外壳[0m[2m:[0m HTTP 请求已受理 [3musecase[0m[2m=[0m"读取附件内容" [3madapter[0m[2m=[0m"http" [3moutcome[0m[2m=[0m"accepted" [3mrequest_kind[0m[2m=[0m"附件内容读取" [3mattachment_id[0m[2m=[0m"att-e1deded9fc9b" [3msession_id[0m[2m=[0m"s-3b774a25d87b"
[backend] [2m2026-04-25T16:38:54.7811887+08:00[0m [32m INFO[0m ThreadId(09) [2mkoko::shell::媒体资产外壳[0m[2m:[0m 读取附件内容成功 [3musecase[0m[2m=[0m"读取附件内容" [3madapter[0m[2m=[0m"http" [3moutcome[0m[2m=[0m"succeeded" [3mrequest_kind[0m[2m=[0m"附件内容读取" [3mattachment_id[0m[2m=[0m"att-e1deded9fc9b" [3msession_id[0m[2m=[0m"s-3b774a25d87b"
[backend] [2m2026-04-25T16:38:54.7811925+08:00[0m [32m INFO[0m ThreadId(13) [2mkoko::shell::媒体资产外壳[0m[2m:[0m 读取附件内容成功 [3musecase[0m[2m=[0m"读取附件内容" [3madapter[0m[2m=[0m"http" [3moutcome[0m[2m=[0m"succeeded" [3mrequest_kind[0m[2m=[0m"附件内容读取" [3mattachment_id[0m[2m=[0m"att-e1deded9fc9b" [3msession_id[0m[2m=[0m"s-3b774a25d87b"
[backend] [2m2026-04-25T16:38:54.7811868+08:00[0m [32m INFO[0m ThreadId(07) [2mkoko::shell::媒体资产外壳[0m[2m:[0m 读取附件内容成功 [3musecase[0m[2m=[0m"读取附件内容" [3madapter[0m[2m=[0m"http" [3moutcome[0m[2m=[0m"succeeded" [3mrequest_kind[0m[2m=[0m"附件内容读取" [3mattachment_id[0m[2m=[0m"att-e1deded9fc9b" [3msession_id[0m[2m=[0m"s-3b774a25d87b"
[backend] [2m2026-04-25T16:38:54.7813639+08:00[0m [32m INFO[0m ThreadId(10) [2mkoko::shell::媒体资产外壳[0m[2m:[0m 读取附件内容成功 [3musecase[0m[2m=[0m"读取附件内容" [3madapter[0m[2m=[0m"http" [3moutcome[0m[2m=[0m"succeeded" [3mrequest_kind[0m[2m=[0m"附件内容读取" [3mattachment_id[0m[2m=[0m"att-e1deded9fc9b" [3msession_id[0m[2m=[0m"s-3b774a25d87b"
[tracker] 2026-04-25T08:38:54.730Z start: 2d5757303230382d564f594651326c6753477054
[tracker] 2026-04-25T08:38:54.732Z start: 2d5757303230382d564f594651326c6753477054
[tracker] 2026-04-25T08:38:54.734Z start: 2d5757303230382d564f594651326c6753477054
[tracker] 2026-04-25T08:38:54.735Z start: 2d5757303230382d564f594651326c6753477054
[tracker] 2026-04-25T08:38:54.771Z update: 2d5757303230382d503366656a51793338305944
[tracker] 2026-04-25T08:38:54.772Z update: 2d5757303230382d503366656a51793338305944
[tracker] 2026-04-25T08:38:54.772Z update: 2d5757303230382d503366656a51793338305944
[backend] [2m2026-04-25T16:38:54.9678508+08:00[0m [32m INFO[0m ThreadId(11) [2mkoko::shell::媒体资产外壳[0m[2m:[0m HTTP 请求已受理 [3musecase[0m[2m=[0m"读取附件内容" [3madapter[0m[2m=[0m"http" [3moutcome[0m[2m=[0m"accepted" [3mrequest_kind[0m[2m=[0m"附件内容读取" [3mattachment_id[0m[2m=[0m"att-e1deded9fc9b" [3msession_id[0m[2m=[0m"s-3b774a25d87b"
[backend] [2m2026-04-25T16:38:54.9693194+08:00[0m [32m INFO[0m ThreadId(11) [2mkoko::shell::媒体资产外壳[0m[2m:[0m HTTP 请求已受理 [3musecase[0m[2m=[0m"读取附件内容" [3madapter[0m[2m=[0m"http" [3moutcome[0m[2m=[0m"accepted" [3mrequest_kind[0m[2m=[0m"附件内容读取" [3mattachment_id[0m[2m=[0m"att-e1deded9fc9b" [3msession_id[0m[2m=[0m"s-3b774a25d87b"
[backend] [2m2026-04-25T16:38:54.9703477+08:00[0m [32m INFO[0m ThreadId(11) [2mkoko::shell::媒体资产外壳[0m[2m:[0m HTTP 请求已受理 [3musecase[0m[2m=[0m"读取附件内容" [3madapter[0m[2m=[0m"http" [3moutcome[0m[2m=[0m"accepted" [3mrequest_kind[0m[2m=[0m"附件内容读取" [3mattachment_id[0m[2m=[0m"att-e1deded9fc9b" [3msession_id[0m[2m=[0m"s-3b774a25d87b"
[backend] [2m2026-04-25T16:38:54.973456+08:00[0m [32m INFO[0m ThreadId(10) [2mkoko::shell::媒体资产外壳[0m[2m:[0m HTTP 请求已受理 [3musecase[0m[2m=[0m"读取附件内容" [3madapter[0m[2m=[0m"http" [3moutcome[0m[2m=[0m"accepted" [3mrequest_kind[0m[2m=[0m"附件内容读取" [3mattachment_id[0m[2m=[0m"att-e1deded9fc9b" [3msession_id[0m[2m=[0m"s-3b774a25d87b"
[backend] [2m2026-04-25T16:38:54.9834492+08:00[0m [32m INFO[0m ThreadId(11) [2mkoko::shell::媒体资产外壳[0m[2m:[0m HTTP 请求已受理 [3musecase[0m[2m=[0m"读取附件内容" [3madapter[0m[2m=[0m"http" [3moutcome[0m[2m=[0m"accepted" [3mrequest_kind[0m[2m=[0m"附件内容读取" [3mattachment_id[0m[2m=[0m"att-9ea1bd13ba13" [3msession_id[0m[2m=[0m"s-3b774a25d87b"
[backend] [2m2026-04-25T16:38:54.9855842+08:00[0m [32m INFO[0m ThreadId(11) [2mkoko::shell::媒体资产外壳[0m[2m:[0m HTTP 请求已受理 [3musecase[0m[2m=[0m"读取附件内容" [3madapter[0m[2m=[0m"http" [3moutcome[0m[2m=[0m"accepted" [3mrequest_kind[0m[2m=[0m"附件内容读取" [3mattachment_id[0m[2m=[0m"att-9ea1bd13ba13" [3msession_id[0m[2m=[0m"s-3b774a25d87b"
[backend] [2m2026-04-25T16:38:54.994112+08:00[0m [32m INFO[0m ThreadId(13) [2mkoko::shell::媒体资产外壳[0m[2m:[0m 读取附件内容成功 [3musecase[0m[2m=[0m"读取附件内容" [3madapter[0m[2m=[0m"http" [3moutcome[0m[2m=[0m"succeeded" [3mrequest_kind[0m[2m=[0m"附件内容读取" [3mattachment_id[0m[2m=[0m"att-e1deded9fc9b" [3msession_id[0m[2m=[0m"s-3b774a25d87b"
[backend] [2m2026-04-25T16:38:54.9941118+08:00[0m [32m INFO[0m ThreadId(10) [2mkoko::shell::媒体资产外壳[0m[2m:[0m 读取附件内容成功 [3musecase[0m[2m=[0m"读取附件内容" [3madapter[0m[2m=[0m"http" [3moutcome[0m[2m=[0m"succeeded" [3mrequest_kind[0m[2m=[0m"附件内容读取" [3mattachment_id[0m[2m=[0m"att-e1deded9fc9b" [3msession_id[0m[2m=[0m"s-3b774a25d87b"
[backend] [2m2026-04-25T16:38:54.9954539+08:00[0m [32m INFO[0m ThreadId(07) [2mkoko::shell::媒体资产外壳[0m[2m:[0m 读取附件内容成功 [3musecase[0m[2m=[0m"读取附件内容" [3madapter[0m[2m=[0m"http" [3moutcome[0m[2m=[0m"succeeded" [3mrequest_kind[0m[2m=[0m"附件内容读取" [3mattachment_id[0m[2m=[0m"att-9ea1bd13ba13" [3msession_id[0m[2m=[0m"s-3b774a25d87b"
[backend] [2m2026-04-25T16:38:54.9987139+08:00[0m [32m INFO[0m ThreadId(10) [2mkoko::shell::媒体资产外壳[0m[2m:[0m 读取附件内容成功 [3musecase[0m[2m=[0m"读取附件内容" [3madapter[0m[2m=[0m"http" [3moutcome[0m[2m=[0m"succeeded" [3mrequest_kind[0m[2m=[0m"附件内容读取" [3mattachment_id[0m[2m=[0m"att-e1deded9fc9b" [3msession_id[0m[2m=[0m"s-3b774a25d87b"
[backend] [2m2026-04-25T16:38:54.9993201+08:00[0m [32m INFO[0m ThreadId(07) [2mkoko::shell::媒体资产外壳[0m[2m:[0m 读取附件内容成功 [3musecase[0m[2m=[0m"读取附件内容" [3madapter[0m[2m=[0m"http" [3moutcome[0m[2m=[0m"succeeded" [3mrequest_kind[0m[2m=[0m"附件内容读取" [3mattachment_id[0m[2m=[0m"att-e1deded9fc9b" [3msession_id[0m[2m=[0m"s-3b774a25d87b"
[backend] [2m2026-04-25T16:38:55.0008176+08:00[0m [32m INFO[0m ThreadId(09) [2mkoko::shell::媒体资产外壳[0m[2m:[0m HTTP 请求已受理 [3musecase[0m[2m=[0m"读取附件内容" [3madapter[0m[2m=[0m"http" [3moutcome[0m[2m=[0m"accepted" [3mrequest_kind[0m[2m=[0m"附件内容读取" [3mattachment_id[0m[2m=[0m"att-9ea1bd13ba13" [3msession_id[0m[2m=[0m"s-3b774a25d87b"
[backend] [2m2026-04-25T16:38:55.0021302+08:00[0m [32m INFO[0m ThreadId(09) [2mkoko::shell::媒体资产外壳[0m[2m:[0m 读取附件内容成功 [3musecase[0m[2m=[0m"读取附件内容" [3madapter[0m[2m=[0m"http" [3moutcome[0m[2m=[0m"succeeded" [3mrequest_kind[0m[2m=[0m"附件内容读取" [3mattachment_id[0m[2m=[0m"att-9ea1bd13ba13" [3msession_id[0m[2m=[0m"s-3b774a25d87b"
[backend] [2m2026-04-25T16:38:55.0127523+08:00[0m [32m INFO[0m ThreadId(07) [2mkoko::shell::媒体资产外壳[0m[2m:[0m 读取附件内容成功 [3musecase[0m[2m=[0m"读取附件内容" [3madapter[0m[2m=[0m"http" [3moutcome[0m[2m=[0m"succeeded" [3mrequest_kind[0m[2m=[0m"附件内容读取" [3mattachment_id[0m[2m=[0m"att-9ea1bd13ba13" [3msession_id[0m[2m=[0m"s-3b774a25d87b"
[backend] [2m2026-04-25T16:38:55.0237943+08:00[0m [32m INFO[0m ThreadId(13) [2mkoko::shell::媒体资产外壳[0m[2m:[0m HTTP 请求已受理 [3musecase[0m[2m=[0m"读取附件内容" [3madapter[0m[2m=[0m"http" [3moutcome[0m[2m=[0m"accepted" [3mrequest_kind[0m[2m=[0m"附件内容读取" [3mattachment_id[0m[2m=[0m"att-4e0480d9e16e" [3msession_id[0m[2m=[0m"s-3b774a25d87b"
[backend] [2m2026-04-25T16:38:55.0269605+08:00[0m [32m INFO[0m ThreadId(09) [2mkoko::shell::媒体资产外壳[0m[2m:[0m HTTP 请求已受理 [3musecase[0m[2m=[0m"读取附件内容" [3madapter[0m[2m=[0m"http" [3moutcome[0m[2m=[0m"accepted" [3mrequest_kind[0m[2m=[0m"附件内容读取" [3mattachment_id[0m[2m=[0m"att-5d2bc6f45393" [3msession_id[0m[2m=[0m"s-3b774a25d87b"
[backend] [2m2026-04-25T16:38:55.0316564+08:00[0m [32m INFO[0m ThreadId(13) [2mkoko::shell::媒体资产外壳[0m[2m:[0m HTTP 请求已受理 [3musecase[0m[2m=[0m"读取附件内容" [3madapter[0m[2m=[0m"http" [3moutcome[0m[2m=[0m"accepted" [3mrequest_kind[0m[2m=[0m"附件内容读取" [3mattachment_id[0m[2m=[0m"att-5d2bc6f45393" [3msession_id[0m[2m=[0m"s-3b774a25d87b"
[backend] [2m2026-04-25T16:38:55.0324261+08:00[0m [32m INFO[0m ThreadId(09) [2mkoko::shell::媒体资产外壳[0m[2m:[0m HTTP 请求已受理 [3musecase[0m[2m=[0m"读取附件内容" [3madapter[0m[2m=[0m"http" [3moutcome[0m[2m=[0m"accepted" [3mrequest_kind[0m[2m=[0m"附件内容读取" [3mattachment_id[0m[2m=[0m"att-10b60d10c9e1" [3msession_id[0m[2m=[0m"s-3b774a25d87b"
[backend] [2m2026-04-25T16:38:55.0329667+08:00[0m [32m INFO[0m ThreadId(13) [2mkoko::shell::媒体资产外壳[0m[2m:[0m 读取附件内容成功 [3musecase[0m[2m=[0m"读取附件内容" [3madapter[0m[2m=[0m"http" [3moutcome[0m[2m=[0m"succeeded" [3mrequest_kind[0m[2m=[0m"附件内容读取" [3mattachment_id[0m[2m=[0m"att-4e0480d9e16e" [3msession_id[0m[2m=[0m"s-3b774a25d87b"
[backend] [2m2026-04-25T16:38:55.0344633+08:00[0m [32m INFO[0m ThreadId(07) [2mkoko::shell::媒体资产外壳[0m[2m:[0m HTTP 请求已受理 [3musecase[0m[2m=[0m"读取附件内容" [3madapter[0m[2m=[0m"http" [3moutcome[0m[2m=[0m"accepted" [3mrequest_kind[0m[2m=[0m"附件内容读取" [3mattachment_id[0m[2m=[0m"att-10b60d10c9e1" [3msession_id[0m[2m=[0m"s-3b774a25d87b"
[backend] [2m2026-04-25T16:38:55.0357444+08:00[0m [32m INFO[0m ThreadId(07) [2mkoko::shell::媒体资产外壳[0m[2m:[0m HTTP 请求已受理 [3musecase[0m[2m=[0m"读取附件内容" [3madapter[0m[2m=[0m"http" [3moutcome[0m[2m=[0m"accepted" [3mrequest_kind[0m[2m=[0m"附件内容读取" [3mattachment_id[0m[2m=[0m"att-10b60d10c9e1" [3msession_id[0m[2m=[0m"s-3b774a25d87b"
[backend] [2m2026-04-25T16:38:55.0373916+08:00[0m [32m INFO[0m ThreadId(07) [2mkoko::shell::媒体资产外壳[0m[2m:[0m HTTP 请求已受理 [3musecase[0m[2m=[0m"读取附件内容" [3madapter[0m[2m=[0m"http" [3moutcome[0m[2m=[0m"accepted" [3mrequest_kind[0m[2m=[0m"附件内容读取" [3mattachment_id[0m[2m=[0m"att-e35bd47b6508" [3msession_id[0m[2m=[0m"s-3b774a25d87b"
[backend] [2m2026-04-25T16:38:55.0473404+08:00[0m [32m INFO[0m ThreadId(10) [2mkoko::shell::媒体资产外壳[0m[2m:[0m 读取附件内容成功 [3musecase[0m[2m=[0m"读取附件内容" [3madapter[0m[2m=[0m"http" [3moutcome[0m[2m=[0m"succeeded" [3mrequest_kind[0m[2m=[0m"附件内容读取" [3mattachment_id[0m[2m=[0m"att-5d2bc6f45393" [3msession_id[0m[2m=[0m"s-3b774a25d87b"
[backend] [2m2026-04-25T16:38:55.0520268+08:00[0m [32m INFO[0m ThreadId(10) [2mkoko::shell::媒体资产外壳[0m[2m:[0m 读取附件内容成功 [3musecase[0m[2m=[0m"读取附件内容" [3madapter[0m[2m=[0m"http" [3moutcome[0m[2m=[0m"succeeded" [3mrequest_kind[0m[2m=[0m"附件内容读取" [3mattachment_id[0m[2m=[0m"att-10b60d10c9e1" [3msession_id[0m[2m=[0m"s-3b774a25d87b"
[backend] [2m2026-04-25T16:38:55.0530766+08:00[0m [32m INFO[0m ThreadId(07) [2mkoko::shell::媒体资产外壳[0m[2m:[0m 读取附件内容成功 [3musecase[0m[2m=[0m"读取附件内容" [3madapter[0m[2m=[0m"http" [3moutcome[0m[2m=[0m"succeeded" [3mrequest_kind[0m[2m=[0m"附件内容读取" [3mattachment_id[0m[2m=[0m"att-5d2bc6f45393" [3msession_id[0m[2m=[0m"s-3b774a25d87b"
[backend] [2m2026-04-25T16:38:55.0535398+08:00[0m [32m INFO[0m ThreadId(13) [2mkoko::shell::媒体资产外壳[0m[2m:[0m 读取附件内容成功 [3musecase[0m[2m=[0m"读取附件内容" [3madapter[0m[2m=[0m"http" [3moutcome[0m[2m=[0m"succeeded" [3mrequest_kind[0m[2m=[0m"附件内容读取" [3mattachment_id[0m[2m=[0m"att-e35bd47b6508" [3msession_id[0m[2m=[0m"s-3b774a25d87b"
[backend] [2m2026-04-25T16:38:55.0547837+08:00[0m [32m INFO[0m ThreadId(09) [2mkoko::shell::媒体资产外壳[0m[2m:[0m 读取附件内容成功 [3musecase[0m[2m=[0m"读取附件内容" [3madapter[0m[2m=[0m"http" [3moutcome[0m[2m=[0m"succeeded" [3mrequest_kind[0m[2m=[0m"附件内容读取" [3mattachment_id[0m[2m=[0m"att-10b60d10c9e1" [3msession_id[0m[2m=[0m"s-3b774a25d87b"
[backend] [2m2026-04-25T16:38:55.0559663+08:00[0m [32m INFO[0m ThreadId(12) [2mkoko::shell::媒体资产外壳[0m[2m:[0m HTTP 请求已受理 [3musecase[0m[2m=[0m"读取附件内容" [3madapter[0m[2m=[0m"http" [3moutcome[0m[2m=[0m"accepted" [3mrequest_kind[0m[2m=[0m"附件内容读取" [3mattachment_id[0m[2m=[0m"att-e35bd47b6508" [3msession_id[0m[2m=[0m"s-3b774a25d87b"
[backend] [2m2026-04-25T16:38:55.0548091+08:00[0m [32m INFO[0m ThreadId(11) [2mkoko::shell::媒体资产外壳[0m[2m:[0m 读取附件内容成功 [3musecase[0m[2m=[0m"读取附件内容" [3madapter[0m[2m=[0m"http" [3moutcome[0m[2m=[0m"succeeded" [3mrequest_kind[0m[2m=[0m"附件内容读取" [3mattachment_id[0m[2m=[0m"att-10b60d10c9e1" [3msession_id[0m[2m=[0m"s-3b774a25d87b"
[backend] [2m2026-04-25T16:38:55.0670221+08:00[0m [32m INFO[0m ThreadId(13) [2mkoko::shell::媒体资产外壳[0m[2m:[0m HTTP 请求已受理 [3musecase[0m[2m=[0m"读取附件内容" [3madapter[0m[2m=[0m"http" [3moutcome[0m[2m=[0m"accepted" [3mrequest_kind[0m[2m=[0m"附件内容读取" [3mattachment_id[0m[2m=[0m"att-e35bd47b6508" [3msession_id[0m[2m=[0m"s-3b774a25d87b"
[backend] [2m2026-04-25T16:38:55.0695009+08:00[0m [32m INFO[0m ThreadId(07) [2mkoko::shell::媒体资产外壳[0m[2m:[0m 读取附件内容成功 [3musecase[0m[2m=[0m"读取附件内容" [3madapter[0m[2m=[0m"http" [3moutcome[0m[2m=[0m"succeeded" [3mrequest_kind[0m[2m=[0m"附件内容读取" [3mattachment_id[0m[2m=[0m"att-e35bd47b6508" [3msession_id[0m[2m=[0m"s-3b774a25d87b"
[backend] [2m2026-04-25T16:38:55.0732987+08:00[0m [32m INFO[0m ThreadId(11) [2mkoko::shell::媒体资产外壳[0m[2m:[0m HTTP 请求已受理 [3musecase[0m[2m=[0m"读取附件内容" [3madapter[0m[2m=[0m"http" [3moutcome[0m[2m=[0m"accepted" [3mrequest_kind[0m[2m=[0m"附件内容读取" [3mattachment_id[0m[2m=[0m"att-9f6a9ebb48a6" [3msession_id[0m[2m=[0m"s-3b774a25d87b"
[backend] [2m2026-04-25T16:38:55.0747616+08:00[0m [32m INFO[0m ThreadId(11) [2mkoko::shell::媒体资产外壳[0m[2m:[0m HTTP 请求已受理 [3musecase[0m[2m=[0m"读取附件内容" [3madapter[0m[2m=[0m"http" [3moutcome[0m[2m=[0m"accepted" [3mrequest_kind[0m[2m=[0m"附件内容读取" [3mattachment_id[0m[2m=[0m"att-9f6a9ebb48a6" [3msession_id[0m[2m=[0m"s-3b774a25d87b"
[backend] [2m2026-04-25T16:38:55.076039+08:00[0m [32m INFO[0m ThreadId(11) [2mkoko::shell::媒体资产外壳[0m[2m:[0m HTTP 请求已受理 [3musecase[0m[2m=[0m"读取附件内容" [3madapter[0m[2m=[0m"http" [3moutcome[0m[2m=[0m"accepted" [3mrequest_kind[0m[2m=[0m"附件内容读取" [3mattachment_id[0m[2m=[0m"att-9f6a9ebb48a6" [3msession_id[0m[2m=[0m"s-3b774a25d87b"
[backend] [2m2026-04-25T16:38:55.0789688+08:00[0m [32m INFO[0m ThreadId(13) [2mkoko::shell::媒体资产外壳[0m[2m:[0m 读取附件内容成功 [3musecase[0m[2m=[0m"读取附件内容" [3madapter[0m[2m=[0m"http" [3moutcome[0m[2m=[0m"succeeded" [3mrequest_kind[0m[2m=[0m"附件内容读取" [3mattachment_id[0m[2m=[0m"att-e35bd47b6508" [3msession_id[0m[2m=[0m"s-3b774a25d87b"
[backend] [2m2026-04-25T16:38:55.0933324+08:00[0m [32m INFO[0m ThreadId(07) [2mkoko::shell::媒体资产外壳[0m[2m:[0m 读取附件内容成功 [3musecase[0m[2m=[0m"读取附件内容" [3madapter[0m[2m=[0m"http" [3moutcome[0m[2m=[0m"succeeded" [3mrequest_kind[0m[2m=[0m"附件内容读取" [3mattachment_id[0m[2m=[0m"att-9f6a9ebb48a6" [3msession_id[0m[2m=[0m"s-3b774a25d87b"
[backend] [2m2026-04-25T16:38:55.0933324+08:00[0m [32m INFO[0m ThreadId(10) [2mkoko::shell::媒体资产外壳[0m[2m:[0m 读取附件内容成功 [3musecase[0m[2m=[0m"读取附件内容" [3madapter[0m[2m=[0m"http" [3moutcome[0m[2m=[0m"succeeded" [3mrequest_kind[0m[2m=[0m"附件内容读取" [3mattachment_id[0m[2m=[0m"att-9f6a9ebb48a6" [3msession_id[0m[2m=[0m"s-3b774a25d87b"
[backend] [2m2026-04-25T16:38:55.1019973+08:00[0m [32m INFO[0m ThreadId(10) [2mkoko::shell::媒体资产外壳[0m[2m:[0m 读取附件内容成功 [3musecase[0m[2m=[0m"读取附件内容" [3madapter[0m[2m=[0m"http" [3moutcome[0m[2m=[0m"succeeded" [3mrequest_kind[0m[2m=[0m"附件内容读取" [3mattachment_id[0m[2m=[0m"att-9f6a9ebb48a6" [3msession_id[0m[2m=[0m"s-3b774a25d87b"
[tracker] 2026-04-25T08:38:54.989Z start: 2d5757303230382d564f594651326c6753477054
[tracker] 2026-04-25T08:38:55.080Z start: 2d5757303230382d564f594651326c6753477054
[tracker] 2026-04-25T08:38:55.095Z update: 2d5757303230382d503366656a51793338305944
[backend] [2m2026-04-25T16:38:55.2303489+08:00[0m [32m INFO[0m ThreadId(13) [2mkoko::shell::媒体资产外壳[0m[2m:[0m HTTP 请求已受理 [3musecase[0m[2m=[0m"读取附件内容" [3madapter[0m[2m=[0m"http" [3moutcome[0m[2m=[0m"accepted" [3mrequest_kind[0m[2m=[0m"附件内容读取" [3mattachment_id[0m[2m=[0m"att-9ea1bd13ba13" [3msession_id[0m[2m=[0m"s-3b774a25d87b"
[backend] [2m2026-04-25T16:38:55.2357668+08:00[0m [32m INFO[0m ThreadId(13) [2mkoko::shell::媒体资产外壳[0m[2m:[0m HTTP 请求已受理 [3musecase[0m[2m=[0m"读取附件内容" [3madapter[0m[2m=[0m"http" [3moutcome[0m[2m=[0m"accepted" [3mrequest_kind[0m[2m=[0m"附件内容读取" [3mattachment_id[0m[2m=[0m"att-9ea1bd13ba13" [3msession_id[0m[2m=[0m"s-3b774a25d87b"
[backend] [2m2026-04-25T16:38:55.2375605+08:00[0m [32m INFO[0m ThreadId(13) [2mkoko::shell::媒体资产外壳[0m[2m:[0m HTTP 请求已受理 [3musecase[0m[2m=[0m"读取附件内容" [3madapter[0m[2m=[0m"http" [3moutcome[0m[2m=[0m"accepted" [3mrequest_kind[0m[2m=[0m"附件内容读取" [3mattachment_id[0m[2m=[0m"att-9ea1bd13ba13" [3msession_id[0m[2m=[0m"s-3b774a25d87b"
[backend] [2m2026-04-25T16:38:55.2389273+08:00[0m [32m INFO[0m ThreadId(13) [2mkoko::shell::媒体资产外壳[0m[2m:[0m HTTP 请求已受理 [3musecase[0m[2m=[0m"读取附件内容" [3madapter[0m[2m=[0m"http" [3moutcome[0m[2m=[0m"accepted" [3mrequest_kind[0m[2m=[0m"附件内容读取" [3mattachment_id[0m[2m=[0m"att-9ea1bd13ba13" [3msession_id[0m[2m=[0m"s-3b774a25d87b"
[backend] [2m2026-04-25T16:38:55.2537315+08:00[0m [32m INFO[0m ThreadId(10) [2mkoko::shell::媒体资产外壳[0m[2m:[0m 读取附件内容成功 [3musecase[0m[2m=[0m"读取附件内容" [3madapter[0m[2m=[0m"http" [3moutcome[0m[2m=[0m"succeeded" [3mrequest_kind[0m[2m=[0m"附件内容读取" [3mattachment_id[0m[2m=[0m"att-9ea1bd13ba13" [3msession_id[0m[2m=[0m"s-3b774a25d87b"
[backend] [2m2026-04-25T16:38:55.2555831+08:00[0m [32m INFO[0m ThreadId(13) [2mkoko::shell::媒体资产外壳[0m[2m:[0m 读取附件内容成功 [3musecase[0m[2m=[0m"读取附件内容" [3madapter[0m[2m=[0m"http" [3moutcome[0m[2m=[0m"succeeded" [3mrequest_kind[0m[2m=[0m"附件内容读取" [3mattachment_id[0m[2m=[0m"att-9ea1bd13ba13" [3msession_id[0m[2m=[0m"s-3b774a25d87b"
[backend] [2m2026-04-25T16:38:55.2560083+08:00[0m [32m INFO[0m ThreadId(07) [2mkoko::shell::媒体资产外壳[0m[2m:[0m 读取附件内容成功 [3musecase[0m[2m=[0m"读取附件内容" [3madapter[0m[2m=[0m"http" [3moutcome[0m[2m=[0m"succeeded" [3mrequest_kind[0m[2m=[0m"附件内容读取" [3mattachment_id[0m[2m=[0m"att-9ea1bd13ba13" [3msession_id[0m[2m=[0m"s-3b774a25d87b"
[backend] [2m2026-04-25T16:38:55.2589554+08:00[0m [32m INFO[0m ThreadId(09) [2mkoko::shell::媒体资产外壳[0m[2m:[0m 读取附件内容成功 [3musecase[0m[2m=[0m"读取附件内容" [3madapter[0m[2m=[0m"http" [3moutcome[0m[2m=[0m"succeeded" [3mrequest_kind[0m[2m=[0m"附件内容读取" [3mattachment_id[0m[2m=[0m"att-9ea1bd13ba13" [3msession_id[0m[2m=[0m"s-3b774a25d87b"
[backend] [2m2026-04-25T16:38:55.2743736+08:00[0m [32m INFO[0m ThreadId(13) [2mkoko::shell::媒体资产外壳[0m[2m:[0m HTTP 请求已受理 [3musecase[0m[2m=[0m"读取附件内容" [3madapter[0m[2m=[0m"http" [3moutcome[0m[2m=[0m"accepted" [3mrequest_kind[0m[2m=[0m"附件内容读取" [3mattachment_id[0m[2m=[0m"att-e35bd47b6508" [3msession_id[0m[2m=[0m"s-3b774a25d87b"
[backend] [2m2026-04-25T16:38:55.2786329+08:00[0m [32m INFO[0m ThreadId(13) [2mkoko::shell::媒体资产外壳[0m[2m:[0m HTTP 请求已受理 [3musecase[0m[2m=[0m"读取附件内容" [3madapter[0m[2m=[0m"http" [3moutcome[0m[2m=[0m"accepted" [3mrequest_kind[0m[2m=[0m"附件内容读取" [3mattachment_id[0m[2m=[0m"att-e35bd47b6508" [3msession_id[0m[2m=[0m"s-3b774a25d87b"
[backend] [2m2026-04-25T16:38:55.2795463+08:00[0m [32m INFO[0m ThreadId(10) [2mkoko::shell::媒体资产外壳[0m[2m:[0m HTTP 请求已受理 [3musecase[0m[2m=[0m"读取附件内容" [3madapter[0m[2m=[0m"http" [3moutcome[0m[2m=[0m"accepted" [3mrequest_kind[0m[2m=[0m"附件内容读取" [3mattachment_id[0m[2m=[0m"att-e35bd47b6508" [3msession_id[0m[2m=[0m"s-3b774a25d87b"
[backend] [2m2026-04-25T16:38:55.295068+08:00[0m [32m INFO[0m ThreadId(10) [2mkoko::shell::媒体资产外壳[0m[2m:[0m HTTP 请求已受理 [3musecase[0m[2m=[0m"读取附件内容" [3madapter[0m[2m=[0m"http" [3moutcome[0m[2m=[0m"accepted" [3mrequest_kind[0m[2m=[0m"附件内容读取" [3mattachment_id[0m[2m=[0m"att-e35bd47b6508" [3msession_id[0m[2m=[0m"s-3b774a25d87b"
[backend] [2m2026-04-25T16:38:55.2963291+08:00[0m [32m INFO[0m ThreadId(09) [2mkoko::shell::媒体资产外壳[0m[2m:[0m 读取附件内容成功 [3musecase[0m[2m=[0m"读取附件内容" [3madapter[0m[2m=[0m"http" [3moutcome[0m[2m=[0m"succeeded" [3mrequest_kind[0m[2m=[0m"附件内容读取" [3mattachment_id[0m[2m=[0m"att-e35bd47b6508" [3msession_id[0m[2m=[0m"s-3b774a25d87b"
[backend] [2m2026-04-25T16:38:55.2966186+08:00[0m [32m INFO[0m ThreadId(10) [2mkoko::shell::媒体资产外壳[0m[2m:[0m HTTP 请求已受理 [3musecase[0m[2m=[0m"读取附件内容" [3madapter[0m[2m=[0m"http" [3moutcome[0m[2m=[0m"accepted" [3mrequest_kind[0m[2m=[0m"附件内容读取" [3mattachment_id[0m[2m=[0m"att-10b60d10c9e1" [3msession_id[0m[2m=[0m"s-3b774a25d87b"
[backend] [2m2026-04-25T16:38:55.2963541+08:00[0m [32m INFO[0m ThreadId(12) [2mkoko::shell::媒体资产外壳[0m[2m:[0m 读取附件内容成功 [3musecase[0m[2m=[0m"读取附件内容" [3madapter[0m[2m=[0m"http" [3moutcome[0m[2m=[0m"succeeded" [3mrequest_kind[0m[2m=[0m"附件内容读取" [3mattachment_id[0m[2m=[0m"att-e35bd47b6508" [3msession_id[0m[2m=[0m"s-3b774a25d87b"
[backend] [2m2026-04-25T16:38:55.2968331+08:00[0m [32m INFO[0m ThreadId(13) [2mkoko::shell::媒体资产外壳[0m[2m:[0m HTTP 请求已受理 [3musecase[0m[2m=[0m"读取附件内容" [3madapter[0m[2m=[0m"http" [3moutcome[0m[2m=[0m"accepted" [3mrequest_kind[0m[2m=[0m"附件内容读取" [3mattachment_id[0m[2m=[0m"att-10b60d10c9e1" [3msession_id[0m[2m=[0m"s-3b774a25d87b"
[backend] [2m2026-04-25T16:38:55.3033226+08:00[0m [32m INFO[0m ThreadId(12) [2mkoko::shell::媒体资产外壳[0m[2m:[0m 读取附件内容成功 [3musecase[0m[2m=[0m"读取附件内容" [3madapter[0m[2m=[0m"http" [3moutcome[0m[2m=[0m"succeeded" [3mrequest_kind[0m[2m=[0m"附件内容读取" [3mattachment_id[0m[2m=[0m"att-e35bd47b6508" [3msession_id[0m[2m=[0m"s-3b774a25d87b"
[backend] [2m2026-04-25T16:38:55.3113945+08:00[0m [32m INFO[0m ThreadId(12) [2mkoko::shell::媒体资产外壳[0m[2m:[0m 读取附件内容成功 [3musecase[0m[2m=[0m"读取附件内容" [3madapter[0m[2m=[0m"http" [3moutcome[0m[2m=[0m"succeeded" [3mrequest_kind[0m[2m=[0m"附件内容读取" [3mattachment_id[0m[2m=[0m"att-e35bd47b6508" [3msession_id[0m[2m=[0m"s-3b774a25d87b"
[backend] [2m2026-04-25T16:38:55.314548+08:00[0m [32m INFO[0m ThreadId(09) [2mkoko::shell::媒体资产外壳[0m[2m:[0m 读取附件内容成功 [3musecase[0m[2m=[0m"读取附件内容" [3madapter[0m[2m=[0m"http" [3moutcome[0m[2m=[0m"succeeded" [3mrequest_kind[0m[2m=[0m"附件内容读取" [3mattachment_id[0m[2m=[0m"att-10b60d10c9e1" [3msession_id[0m[2m=[0m"s-3b774a25d87b"
[backend] [2m2026-04-25T16:38:55.31445+08:00[0m [32m INFO[0m ThreadId(10) [2mkoko::shell::媒体资产外壳[0m[2m:[0m HTTP 请求已受理 [3musecase[0m[2m=[0m"读取附件内容" [3madapter[0m[2m=[0m"http" [3moutcome[0m[2m=[0m"accepted" [3mrequest_kind[0m[2m=[0m"附件内容读取" [3mattachment_id[0m[2m=[0m"att-10b60d10c9e1" [3msession_id[0m[2m=[0m"s-3b774a25d87b"
[backend] [2m2026-04-25T16:38:55.3153197+08:00[0m [32m INFO[0m ThreadId(13) [2mkoko::shell::媒体资产外壳[0m[2m:[0m HTTP 请求已受理 [3musecase[0m[2m=[0m"读取附件内容" [3madapter[0m[2m=[0m"http" [3moutcome[0m[2m=[0m"accepted" [3mrequest_kind[0m[2m=[0m"附件内容读取" [3mattachment_id[0m[2m=[0m"att-10b60d10c9e1" [3msession_id[0m[2m=[0m"s-3b774a25d87b"
[backend] [2m2026-04-25T16:38:55.3215781+08:00[0m [32m INFO[0m ThreadId(12) [2mkoko::shell::媒体资产外壳[0m[2m:[0m 读取附件内容成功 [3musecase[0m[2m=[0m"读取附件内容" [3madapter[0m[2m=[0m"http" [3moutcome[0m[2m=[0m"succeeded" [3mrequest_kind[0m[2m=[0m"附件内容读取" [3mattachment_id[0m[2m=[0m"att-10b60d10c9e1" [3msession_id[0m[2m=[0m"s-3b774a25d87b"
[backend] [2m2026-04-25T16:38:55.3229453+08:00[0m [32m INFO[0m ThreadId(07) [2mkoko::shell::媒体资产外壳[0m[2m:[0m HTTP 请求已受理 [3musecase[0m[2m=[0m"读取附件内容" [3madapter[0m[2m=[0m"http" [3moutcome[0m[2m=[0m"accepted" [3mrequest_kind[0m[2m=[0m"附件内容读取" [3mattachment_id[0m[2m=[0m"att-e1deded9fc9b" [3msession_id[0m[2m=[0m"s-3b774a25d87b"
[backend] [2m2026-04-25T16:38:55.3303071+08:00[0m [32m INFO[0m ThreadId(10) [2mkoko::shell::媒体资产外壳[0m[2m:[0m 读取附件内容成功 [3musecase[0m[2m=[0m"读取附件内容" [3madapter[0m[2m=[0m"http" [3moutcome[0m[2m=[0m"succeeded" [3mrequest_kind[0m[2m=[0m"附件内容读取" [3mattachment_id[0m[2m=[0m"att-10b60d10c9e1" [3msession_id[0m[2m=[0m"s-3b774a25d87b"
[backend] [2m2026-04-25T16:38:55.3321523+08:00[0m [32m INFO[0m ThreadId(09) [2mkoko::shell::媒体资产外壳[0m[2m:[0m HTTP 请求已受理 [3musecase[0m[2m=[0m"读取附件内容" [3madapter[0m[2m=[0m"http" [3moutcome[0m[2m=[0m"accepted" [3mrequest_kind[0m[2m=[0m"附件内容读取" [3mattachment_id[0m[2m=[0m"att-5d2bc6f45393" [3msession_id[0m[2m=[0m"s-3b774a25d87b"
[backend] [2m2026-04-25T16:38:55.3351462+08:00[0m [32m INFO[0m ThreadId(10) [2mkoko::shell::媒体资产外壳[0m[2m:[0m 读取附件内容成功 [3musecase[0m[2m=[0m"读取附件内容" [3madapter[0m[2m=[0m"http" [3moutcome[0m[2m=[0m"succeeded" [3mrequest_kind[0m[2m=[0m"附件内容读取" [3mattachment_id[0m[2m=[0m"att-10b60d10c9e1" [3msession_id[0m[2m=[0m"s-3b774a25d87b"
[backend] [2m2026-04-25T16:38:55.3353389+08:00[0m [32m INFO[0m ThreadId(09) [2mkoko::shell::媒体资产外壳[0m[2m:[0m HTTP 请求已受理 [3musecase[0m[2m=[0m"读取附件内容" [3madapter[0m[2m=[0m"http" [3moutcome[0m[2m=[0m"accepted" [3mrequest_kind[0m[2m=[0m"附件内容读取" [3mattachment_id[0m[2m=[0m"att-5d2bc6f45393" [3msession_id[0m[2m=[0m"s-3b774a25d87b"
[backend] [2m2026-04-25T16:38:55.3374687+08:00[0m [32m INFO[0m ThreadId(10) [2mkoko::shell::媒体资产外壳[0m[2m:[0m 读取附件内容成功 [3musecase[0m[2m=[0m"读取附件内容" [3madapter[0m[2m=[0m"http" [3moutcome[0m[2m=[0m"succeeded" [3mrequest_kind[0m[2m=[0m"附件内容读取" [3mattachment_id[0m[2m=[0m"att-e1deded9fc9b" [3msession_id[0m[2m=[0m"s-3b774a25d87b"
[backend] [2m2026-04-25T16:38:55.3509771+08:00[0m [32m INFO[0m ThreadId(10) [2mkoko::shell::媒体资产外壳[0m[2m:[0m HTTP 请求已受理 [3musecase[0m[2m=[0m"读取附件内容" [3madapter[0m[2m=[0m"http" [3moutcome[0m[2m=[0m"accepted" [3mrequest_kind[0m[2m=[0m"附件内容读取" [3mattachment_id[0m[2m=[0m"att-5d2bc6f45393" [3msession_id[0m[2m=[0m"s-3b774a25d87b"
[backend] [2m2026-04-25T16:38:55.3509702+08:00[0m [32m INFO[0m ThreadId(13) [2mkoko::shell::媒体资产外壳[0m[2m:[0m 读取附件内容成功 [3musecase[0m[2m=[0m"读取附件内容" [3madapter[0m[2m=[0m"http" [3moutcome[0m[2m=[0m"succeeded" [3mrequest_kind[0m[2m=[0m"附件内容读取" [3mattachment_id[0m[2m=[0m"att-5d2bc6f45393" [3msession_id[0m[2m=[0m"s-3b774a25d87b"
[backend] [2m2026-04-25T16:38:55.3509742+08:00[0m [32m INFO[0m ThreadId(09) [2mkoko::shell::媒体资产外壳[0m[2m:[0m 读取附件内容成功 [3musecase[0m[2m=[0m"读取附件内容" [3madapter[0m[2m=[0m"http" [3moutcome[0m[2m=[0m"succeeded" [3mrequest_kind[0m[2m=[0m"附件内容读取" [3mattachment_id[0m[2m=[0m"att-5d2bc6f45393" [3msession_id[0m[2m=[0m"s-3b774a25d87b"
[backend] [2m2026-04-25T16:38:55.3516077+08:00[0m [32m INFO[0m ThreadId(07) [2mkoko::shell::媒体资产外壳[0m[2m:[0m HTTP 请求已受理 [3musecase[0m[2m=[0m"读取附件内容" [3madapter[0m[2m=[0m"http" [3moutcome[0m[2m=[0m"accepted" [3mrequest_kind[0m[2m=[0m"附件内容读取" [3mattachment_id[0m[2m=[0m"att-4e0480d9e16e" [3msession_id[0m[2m=[0m"s-3b774a25d87b"
[backend] [2m2026-04-25T16:38:55.3548244+08:00[0m [32m INFO[0m ThreadId(10) [2mkoko::shell::媒体资产外壳[0m[2m:[0m HTTP 请求已受理 [3musecase[0m[2m=[0m"读取附件内容" [3madapter[0m[2m=[0m"http" [3moutcome[0m[2m=[0m"accepted" [3mrequest_kind[0m[2m=[0m"附件内容读取" [3mattachment_id[0m[2m=[0m"att-4e0480d9e16e" [3msession_id[0m[2m=[0m"s-3b774a25d87b"
[backend] [2m2026-04-25T16:38:55.369576+08:00[0m [32m INFO[0m ThreadId(12) [2mkoko::shell::媒体资产外壳[0m[2m:[0m 读取附件内容成功 [3musecase[0m[2m=[0m"读取附件内容" [3madapter[0m[2m=[0m"http" [3moutcome[0m[2m=[0m"succeeded" [3mrequest_kind[0m[2m=[0m"附件内容读取" [3mattachment_id[0m[2m=[0m"att-4e0480d9e16e" [3msession_id[0m[2m=[0m"s-3b774a25d87b"
[backend] [2m2026-04-25T16:38:55.3702324+08:00[0m [32m INFO[0m ThreadId(10) [2mkoko::shell::媒体资产外壳[0m[2m:[0m 读取附件内容成功 [3musecase[0m[2m=[0m"读取附件内容" [3madapter[0m[2m=[0m"http" [3moutcome[0m[2m=[0m"succeeded" [3mrequest_kind[0m[2m=[0m"附件内容读取" [3mattachment_id[0m[2m=[0m"att-4e0480d9e16e" [3msession_id[0m[2m=[0m"s-3b774a25d87b"
[backend] [2m2026-04-25T16:38:55.3713237+08:00[0m [32m INFO[0m ThreadId(09) [2mkoko::shell::媒体资产外壳[0m[2m:[0m HTTP 请求已受理 [3musecase[0m[2m=[0m"读取附件内容" [3madapter[0m[2m=[0m"http" [3moutcome[0m[2m=[0m"accepted" [3mrequest_kind[0m[2m=[0m"附件内容读取" [3mattachment_id[0m[2m=[0m"att-9f6a9ebb48a6" [3msession_id[0m[2m=[0m"s-3b774a25d87b"
[backend] [2m2026-04-25T16:38:55.3714548+08:00[0m [32m INFO[0m ThreadId(07) [2mkoko::shell::媒体资产外壳[0m[2m:[0m HTTP 请求已受理 [3musecase[0m[2m=[0m"读取附件内容" [3madapter[0m[2m=[0m"http" [3moutcome[0m[2m=[0m"accepted" [3mrequest_kind[0m[2m=[0m"附件内容读取" [3mattachment_id[0m[2m=[0m"att-9f6a9ebb48a6" [3msession_id[0m[2m=[0m"s-3b774a25d87b"
[backend] [2m2026-04-25T16:38:55.3720136+08:00[0m [32m INFO[0m ThreadId(13) [2mkoko::shell::媒体资产外壳[0m[2m:[0m 读取附件内容成功 [3musecase[0m[2m=[0m"读取附件内容" [3madapter[0m[2m=[0m"http" [3moutcome[0m[2m=[0m"succeeded" [3mrequest_kind[0m[2m=[0m"附件内容读取" [3mattachment_id[0m[2m=[0m"att-5d2bc6f45393" [3msession_id[0m[2m=[0m"s-3b774a25d87b"
[backend] [2m2026-04-25T16:38:55.3726102+08:00[0m [32m INFO[0m ThreadId(11) [2mkoko::shell::媒体资产外壳[0m[2m:[0m HTTP 请求已受理 [3musecase[0m[2m=[0m"读取附件内容" [3madapter[0m[2m=[0m"http" [3moutcome[0m[2m=[0m"accepted" [3mrequest_kind[0m[2m=[0m"附件内容读取" [3mattachment_id[0m[2m=[0m"att-9f6a9ebb48a6" [3msession_id[0m[2m=[0m"s-3b774a25d87b"
[backend] [2m2026-04-25T16:38:55.3887102+08:00[0m [32m INFO[0m ThreadId(13) [2mkoko::shell::媒体资产外壳[0m[2m:[0m HTTP 请求已受理 [3musecase[0m[2m=[0m"读取附件内容" [3madapter[0m[2m=[0m"http" [3moutcome[0m[2m=[0m"accepted" [3mrequest_kind[0m[2m=[0m"附件内容读取" [3mattachment_id[0m[2m=[0m"att-9f6a9ebb48a6" [3msession_id[0m[2m=[0m"s-3b774a25d87b"
[backend] [2m2026-04-25T16:38:55.3905025+08:00[0m [32m INFO[0m ThreadId(09) [2mkoko::shell::媒体资产外壳[0m[2m:[0m 读取附件内容成功 [3musecase[0m[2m=[0m"读取附件内容" [3madapter[0m[2m=[0m"http" [3moutcome[0m[2m=[0m"succeeded" [3mrequest_kind[0m[2m=[0m"附件内容读取" [3mattachment_id[0m[2m=[0m"att-9f6a9ebb48a6" [3msession_id[0m[2m=[0m"s-3b774a25d87b"
[backend] [2m2026-04-25T16:38:55.3905331+08:00[0m [32m INFO[0m ThreadId(10) [2mkoko::shell::媒体资产外壳[0m[2m:[0m 读取附件内容成功 [3musecase[0m[2m=[0m"读取附件内容" [3madapter[0m[2m=[0m"http" [3moutcome[0m[2m=[0m"succeeded" [3mrequest_kind[0m[2m=[0m"附件内容读取" [3mattachment_id[0m[2m=[0m"att-9f6a9ebb48a6" [3msession_id[0m[2m=[0m"s-3b774a25d87b"
[backend] [2m2026-04-25T16:38:55.399915+08:00[0m [32m INFO[0m ThreadId(09) [2mkoko::shell::媒体资产外壳[0m[2m:[0m 读取附件内容成功 [3musecase[0m[2m=[0m"读取附件内容" [3madapter[0m[2m=[0m"http" [3moutcome[0m[2m=[0m"succeeded" [3mrequest_kind[0m[2m=[0m"附件内容读取" [3mattachment_id[0m[2m=[0m"att-9f6a9ebb48a6" [3msession_id[0m[2m=[0m"s-3b774a25d87b"
[backend] [2m2026-04-25T16:38:55.413155+08:00[0m [32m INFO[0m ThreadId(09) [2mkoko::shell::媒体资产外壳[0m[2m:[0m 读取附件内容成功 [3musecase[0m[2m=[0m"读取附件内容" [3madapter[0m[2m=[0m"http" [3moutcome[0m[2m=[0m"succeeded" [3mrequest_kind[0m[2m=[0m"附件内容读取" [3mattachment_id[0m[2m=[0m"att-9f6a9ebb48a6" [3msession_id[0m[2m=[0m"s-3b774a25d87b"
[tracker] 2026-04-25T08:38:55.457Z start: 2d5757303230382d564f594651326c6753477054
[tracker] 2026-04-25T08:38:55.473Z update: 2d5757303230382d503366656a51793338305944
[backend] [2m2026-04-25T16:38:55.6224288+08:00[0m [32m INFO[0m ThreadId(11) [2mkoko::shell::媒体资产外壳[0m[2m:[0m HTTP 请求已受理 [3musecase[0m[2m=[0m"读取附件内容" [3madapter[0m[2m=[0m"http" [3moutcome[0m[2m=[0m"accepted" [3mrequest_kind[0m[2m=[0m"附件内容读取" [3mattachment_id[0m[2m=[0m"att-5d2bc6f45393" [3msession_id[0m[2m=[0m"s-3b774a25d87b"
[backend] [2m2026-04-25T16:38:55.6257659+08:00[0m [32m INFO[0m ThreadId(11) [2mkoko::shell::媒体资产外壳[0m[2m:[0m HTTP 请求已受理 [3musecase[0m[2m=[0m"读取附件内容" [3madapter[0m[2m=[0m"http" [3moutcome[0m[2m=[0m"accepted" [3mrequest_kind[0m[2m=[0m"附件内容读取" [3mattachment_id[0m[2m=[0m"att-5d2bc6f45393" [3msession_id[0m[2m=[0m"s-3b774a25d87b"
[backend] [2m2026-04-25T16:38:55.6272098+08:00[0m [32m INFO[0m ThreadId(11) [2mkoko::shell::媒体资产外壳[0m[2m:[0m HTTP 请求已受理 [3musecase[0m[2m=[0m"读取附件内容" [3madapter[0m[2m=[0m"http" [3moutcome[0m[2m=[0m"accepted" [3mrequest_kind[0m[2m=[0m"附件内容读取" [3mattachment_id[0m[2m=[0m"att-5d2bc6f45393" [3msession_id[0m[2m=[0m"s-3b774a25d87b"
[backend] [2m2026-04-25T16:38:55.6319472+08:00[0m [32m INFO[0m ThreadId(11) [2mkoko::shell::媒体资产外壳[0m[2m:[0m HTTP 请求已受理 [3musecase[0m[2m=[0m"读取附件内容" [3madapter[0m[2m=[0m"http" [3moutcome[0m[2m=[0m"accepted" [3mrequest_kind[0m[2m=[0m"附件内容读取" [3mattachment_id[0m[2m=[0m"att-5d2bc6f45393" [3msession_id[0m[2m=[0m"s-3b774a25d87b"
[backend] [2m2026-04-25T16:38:55.6394303+08:00[0m [32m INFO[0m ThreadId(11) [2mkoko::shell::媒体资产外壳[0m[2m:[0m 读取附件内容成功 [3musecase[0m[2m=[0m"读取附件内容" [3madapter[0m[2m=[0m"http" [3moutcome[0m[2m=[0m"succeeded" [3mrequest_kind[0m[2m=[0m"附件内容读取" [3mattachment_id[0m[2m=[0m"att-5d2bc6f45393" [3msession_id[0m[2m=[0m"s-3b774a25d87b"
[backend] [2m2026-04-25T16:38:55.6474033+08:00[0m [32m INFO[0m ThreadId(11) [2mkoko::shell::媒体资产外壳[0m[2m:[0m 读取附件内容成功 [3musecase[0m[2m=[0m"读取附件内容" [3madapter[0m[2m=[0m"http" [3moutcome[0m[2m=[0m"succeeded" [3mrequest_kind[0m[2m=[0m"附件内容读取" [3mattachment_id[0m[2m=[0m"att-5d2bc6f45393" [3msession_id[0m[2m=[0m"s-3b774a25d87b"
[backend] [2m2026-04-25T16:38:55.6490397+08:00[0m [32m INFO[0m ThreadId(10) [2mkoko::shell::媒体资产外壳[0m[2m:[0m 读取附件内容成功 [3musecase[0m[2m=[0m"读取附件内容" [3madapter[0m[2m=[0m"http" [3moutcome[0m[2m=[0m"succeeded" [3mrequest_kind[0m[2m=[0m"附件内容读取" [3mattachment_id[0m[2m=[0m"att-5d2bc6f45393" [3msession_id[0m[2m=[0m"s-3b774a25d87b"
[backend] [2m2026-04-25T16:38:55.6490397+08:00[0m [32m INFO[0m ThreadId(07) [2mkoko::shell::媒体资产外壳[0m[2m:[0m 读取附件内容成功 [3musecase[0m[2m=[0m"读取附件内容" [3madapter[0m[2m=[0m"http" [3moutcome[0m[2m=[0m"succeeded" [3mrequest_kind[0m[2m=[0m"附件内容读取" [3mattachment_id[0m[2m=[0m"att-5d2bc6f45393" [3msession_id[0m[2m=[0m"s-3b774a25d87b"
[backend] [2m2026-04-25T16:38:55.6844695+08:00[0m [32m INFO[0m ThreadId(09) [2mkoko::shell::媒体资产外壳[0m[2m:[0m HTTP 请求已受理 [3musecase[0m[2m=[0m"读取附件内容" [3madapter[0m[2m=[0m"http" [3moutcome[0m[2m=[0m"accepted" [3mrequest_kind[0m[2m=[0m"附件内容读取" [3mattachment_id[0m[2m=[0m"att-9ea1bd13ba13" [3msession_id[0m[2m=[0m"s-3b774a25d87b"
[backend] [2m2026-04-25T16:38:55.6861735+08:00[0m [32m INFO[0m ThreadId(09) [2mkoko::shell::媒体资产外壳[0m[2m:[0m HTTP 请求已受理 [3musecase[0m[2m=[0m"读取附件内容" [3madapter[0m[2m=[0m"http" [3moutcome[0m[2m=[0m"accepted" [3mrequest_kind[0m[2m=[0m"附件内容读取" [3mattachment_id[0m[2m=[0m"att-9ea1bd13ba13" [3msession_id[0m[2m=[0m"s-3b774a25d87b"
[backend] [2m2026-04-25T16:38:55.6877537+08:00[0m [32m INFO[0m ThreadId(09) [2mkoko::shell::媒体资产外壳[0m[2m:[0m HTTP 请求已受理 [3musecase[0m[2m=[0m"读取附件内容" [3madapter[0m[2m=[0m"http" [3moutcome[0m[2m=[0m"accepted" [3mrequest_kind[0m[2m=[0m"附件内容读取" [3mattachment_id[0m[2m=[0m"att-9ea1bd13ba13" [3msession_id[0m[2m=[0m"s-3b774a25d87b"
[backend] [2m2026-04-25T16:38:55.6907421+08:00[0m [32m INFO[0m ThreadId(09) [2mkoko::shell::媒体资产外壳[0m[2m:[0m HTTP 请求已受理 [3musecase[0m[2m=[0m"读取附件内容" [3madapter[0m[2m=[0m"http" [3moutcome[0m[2m=[0m"accepted" [3mrequest_kind[0m[2m=[0m"附件内容读取" [3mattachment_id[0m[2m=[0m"att-9ea1bd13ba13" [3msession_id[0m[2m=[0m"s-3b774a25d87b"
[backend] [2m2026-04-25T16:38:55.7040229+08:00[0m [32m INFO[0m ThreadId(09) [2mkoko::shell::媒体资产外壳[0m[2m:[0m HTTP 请求已受理 [3musecase[0m[2m=[0m"读取附件内容" [3madapter[0m[2m=[0m"http" [3moutcome[0m[2m=[0m"accepted" [3mrequest_kind[0m[2m=[0m"附件内容读取" [3mattachment_id[0m[2m=[0m"att-10b60d10c9e1" [3msession_id[0m[2m=[0m"s-3b774a25d87b"
[backend] [2m2026-04-25T16:38:55.7042845+08:00[0m [32m INFO[0m ThreadId(10) [2mkoko::shell::媒体资产外壳[0m[2m:[0m 读取附件内容成功 [3musecase[0m[2m=[0m"读取附件内容" [3madapter[0m[2m=[0m"http" [3moutcome[0m[2m=[0m"succeeded" [3mrequest_kind[0m[2m=[0m"附件内容读取" [3mattachment_id[0m[2m=[0m"att-9ea1bd13ba13" [3msession_id[0m[2m=[0m"s-3b774a25d87b"
[backend] [2m2026-04-25T16:38:55.7072478+08:00[0m [32m INFO[0m ThreadId(07) [2mkoko::shell::媒体资产外壳[0m[2m:[0m HTTP 请求已受理 [3musecase[0m[2m=[0m"读取附件内容" [3madapter[0m[2m=[0m"http" [3moutcome[0m[2m=[0m"accepted" [3mrequest_kind[0m[2m=[0m"附件内容读取" [3mattachment_id[0m[2m=[0m"att-10b60d10c9e1" [3msession_id[0m[2m=[0m"s-3b774a25d87b"
[backend] [2m2026-04-25T16:38:55.7094826+08:00[0m [32m INFO[0m ThreadId(07) [2mkoko::shell::媒体资产外壳[0m[2m:[0m 读取附件内容成功 [3musecase[0m[2m=[0m"读取附件内容" [3madapter[0m[2m=[0m"http" [3moutcome[0m[2m=[0m"succeeded" [3mrequest_kind[0m[2m=[0m"附件内容读取" [3mattachment_id[0m[2m=[0m"att-9ea1bd13ba13" [3msession_id[0m[2m=[0m"s-3b774a25d87b"
[backend] [2m2026-04-25T16:38:55.7095434+08:00[0m [32m INFO[0m ThreadId(10) [2mkoko::shell::媒体资产外壳[0m[2m:[0m 读取附件内容成功 [3musecase[0m[2m=[0m"读取附件内容" [3madapter[0m[2m=[0m"http" [3moutcome[0m[2m=[0m"succeeded" [3mrequest_kind[0m[2m=[0m"附件内容读取" [3mattachment_id[0m[2m=[0m"att-9ea1bd13ba13" [3msession_id[0m[2m=[0m"s-3b774a25d87b"
[backend] [2m2026-04-25T16:38:55.7128424+08:00[0m [32m INFO[0m ThreadId(10) [2mkoko::shell::媒体资产外壳[0m[2m:[0m HTTP 请求已受理 [3musecase[0m[2m=[0m"读取附件内容" [3madapter[0m[2m=[0m"http" [3moutcome[0m[2m=[0m"accepted" [3mrequest_kind[0m[2m=[0m"附件内容读取" [3mattachment_id[0m[2m=[0m"att-10b60d10c9e1" [3msession_id[0m[2m=[0m"s-3b774a25d87b"
[backend] [2m2026-04-25T16:38:55.7305209+08:00[0m [32m INFO[0m ThreadId(10) [2mkoko::shell::媒体资产外壳[0m[2m:[0m HTTP 请求已受理 [3musecase[0m[2m=[0m"读取附件内容" [3madapter[0m[2m=[0m"http" [3moutcome[0m[2m=[0m"accepted" [3mrequest_kind[0m[2m=[0m"附件内容读取" [3mattachment_id[0m[2m=[0m"att-10b60d10c9e1" [3msession_id[0m[2m=[0m"s-3b774a25d87b"
[backend] [2m2026-04-25T16:38:55.7315038+08:00[0m [32m INFO[0m ThreadId(09) [2mkoko::shell::媒体资产外壳[0m[2m:[0m 读取附件内容成功 [3musecase[0m[2m=[0m"读取附件内容" [3madapter[0m[2m=[0m"http" [3moutcome[0m[2m=[0m"succeeded" [3mrequest_kind[0m[2m=[0m"附件内容读取" [3mattachment_id[0m[2m=[0m"att-10b60d10c9e1" [3msession_id[0m[2m=[0m"s-3b774a25d87b"
[backend] [2m2026-04-25T16:38:55.7373861+08:00[0m [32m INFO[0m ThreadId(10) [2mkoko::shell::媒体资产外壳[0m[2m:[0m 读取附件内容成功 [3musecase[0m[2m=[0m"读取附件内容" [3madapter[0m[2m=[0m"http" [3moutcome[0m[2m=[0m"succeeded" [3mrequest_kind[0m[2m=[0m"附件内容读取" [3mattachment_id[0m[2m=[0m"att-10b60d10c9e1" [3msession_id[0m[2m=[0m"s-3b774a25d87b"
[backend] [2m2026-04-25T16:38:55.7373883+08:00[0m [32m INFO[0m ThreadId(11) [2mkoko::shell::媒体资产外壳[0m[2m:[0m 读取附件内容成功 [3musecase[0m[2m=[0m"读取附件内容" [3madapter[0m[2m=[0m"http" [3moutcome[0m[2m=[0m"succeeded" [3mrequest_kind[0m[2m=[0m"附件内容读取" [3mattachment_id[0m[2m=[0m"att-10b60d10c9e1" [3msession_id[0m[2m=[0m"s-3b774a25d87b"
[backend] [2m2026-04-25T16:38:55.7410472+08:00[0m [32m INFO[0m ThreadId(10) [2mkoko::shell::媒体资产外壳[0m[2m:[0m 读取附件内容成功 [3musecase[0m[2m=[0m"读取附件内容" [3madapter[0m[2m=[0m"http" [3moutcome[0m[2m=[0m"succeeded" [3mrequest_kind[0m[2m=[0m"附件内容读取" [3mattachment_id[0m[2m=[0m"att-9ea1bd13ba13" [3msession_id[0m[2m=[0m"s-3b774a25d87b"
[backend] [2m2026-04-25T16:38:55.7512192+08:00[0m [32m INFO[0m ThreadId(10) [2mkoko::shell::媒体资产外壳[0m[2m:[0m 读取附件内容成功 [3musecase[0m[2m=[0m"读取附件内容" [3madapter[0m[2m=[0m"http" [3moutcome[0m[2m=[0m"succeeded" [3mrequest_kind[0m[2m=[0m"附件内容读取" [3mattachment_id[0m[2m=[0m"att-10b60d10c9e1" [3msession_id[0m[2m=[0m"s-3b774a25d87b"
[backend] [2m2026-04-25T16:38:55.7683686+08:00[0m [32m INFO[0m ThreadId(07) [2mkoko::shell::媒体资产外壳[0m[2m:[0m HTTP 请求已受理 [3musecase[0m[2m=[0m"读取附件内容" [3madapter[0m[2m=[0m"http" [3moutcome[0m[2m=[0m"accepted" [3mrequest_kind[0m[2m=[0m"附件内容读取" [3mattachment_id[0m[2m=[0m"att-e35bd47b6508" [3msession_id[0m[2m=[0m"s-3b774a25d87b"
[backend] [2m2026-04-25T16:38:55.7695145+08:00[0m [32m INFO[0m ThreadId(07) [2mkoko::shell::媒体资产外壳[0m[2m:[0m HTTP 请求已受理 [3musecase[0m[2m=[0m"读取附件内容" [3madapter[0m[2m=[0m"http" [3moutcome[0m[2m=[0m"accepted" [3mrequest_kind[0m[2m=[0m"附件内容读取" [3mattachment_id[0m[2m=[0m"att-e35bd47b6508" [3msession_id[0m[2m=[0m"s-3b774a25d87b"
[backend] [2m2026-04-25T16:38:55.7706402+08:00[0m [32m INFO[0m ThreadId(07) [2mkoko::shell::媒体资产外壳[0m[2m:[0m HTTP 请求已受理 [3musecase[0m[2m=[0m"读取附件内容" [3madapter[0m[2m=[0m"http" [3moutcome[0m[2m=[0m"accepted" [3mrequest_kind[0m[2m=[0m"附件内容读取" [3mattachment_id[0m[2m=[0m"att-e35bd47b6508" [3msession_id[0m[2m=[0m"s-3b774a25d87b"
[backend] [2m2026-04-25T16:38:55.7716674+08:00[0m [32m INFO[0m ThreadId(07) [2mkoko::shell::媒体资产外壳[0m[2m:[0m HTTP 请求已受理 [3musecase[0m[2m=[0m"读取附件内容" [3madapter[0m[2m=[0m"http" [3moutcome[0m[2m=[0m"accepted" [3mrequest_kind[0m[2m=[0m"附件内容读取" [3mattachment_id[0m[2m=[0m"att-e35bd47b6508" [3msession_id[0m[2m=[0m"s-3b774a25d87b"
[backend] [2m2026-04-25T16:38:55.7733269+08:00[0m [32m INFO[0m ThreadId(07) [2mkoko::shell::媒体资产外壳[0m[2m:[0m HTTP 请求已受理 [3musecase[0m[2m=[0m"读取附件内容" [3madapter[0m[2m=[0m"http" [3moutcome[0m[2m=[0m"accepted" [3mrequest_kind[0m[2m=[0m"附件内容读取" [3mattachment_id[0m[2m=[0m"att-9f6a9ebb48a6" [3msession_id[0m[2m=[0m"s-3b774a25d87b"
[backend] [2m2026-04-25T16:38:55.7732002+08:00[0m [32m INFO[0m ThreadId(11) [2mkoko::shell::媒体资产外壳[0m[2m:[0m HTTP 请求已受理 [3musecase[0m[2m=[0m"读取附件内容" [3madapter[0m[2m=[0m"http" [3moutcome[0m[2m=[0m"accepted" [3mrequest_kind[0m[2m=[0m"附件内容读取" [3mattachment_id[0m[2m=[0m"att-9f6a9ebb48a6" [3msession_id[0m[2m=[0m"s-3b774a25d87b"
[backend] [2m2026-04-25T16:38:55.7861686+08:00[0m [32m INFO[0m ThreadId(10) [2mkoko::shell::媒体资产外壳[0m[2m:[0m 读取附件内容成功 [3musecase[0m[2m=[0m"读取附件内容" [3madapter[0m[2m=[0m"http" [3moutcome[0m[2m=[0m"succeeded" [3mrequest_kind[0m[2m=[0m"附件内容读取" [3mattachment_id[0m[2m=[0m"att-e35bd47b6508" [3msession_id[0m[2m=[0m"s-3b774a25d87b"
[backend] [2m2026-04-25T16:38:55.7933249+08:00[0m [32m INFO[0m ThreadId(10) [2mkoko::shell::媒体资产外壳[0m[2m:[0m 读取附件内容成功 [3musecase[0m[2m=[0m"读取附件内容" [3madapter[0m[2m=[0m"http" [3moutcome[0m[2m=[0m"succeeded" [3mrequest_kind[0m[2m=[0m"附件内容读取" [3mattachment_id[0m[2m=[0m"att-9f6a9ebb48a6" [3msession_id[0m[2m=[0m"s-3b774a25d87b"
[backend] [2m2026-04-25T16:38:55.7978434+08:00[0m [32m INFO[0m ThreadId(10) [2mkoko::shell::媒体资产外壳[0m[2m:[0m 读取附件内容成功 [3musecase[0m[2m=[0m"读取附件内容" [3madapter[0m[2m=[0m"http" [3moutcome[0m[2m=[0m"succeeded" [3mrequest_kind[0m[2m=[0m"附件内容读取" [3mattachment_id[0m[2m=[0m"att-9f6a9ebb48a6" [3msession_id[0m[2m=[0m"s-3b774a25d87b"
[backend] [2m2026-04-25T16:38:55.7981437+08:00[0m [32m INFO[0m ThreadId(13) [2mkoko::shell::媒体资产外壳[0m[2m:[0m 读取附件内容成功 [3musecase[0m[2m=[0m"读取附件内容" [3madapter[0m[2m=[0m"http" [3moutcome[0m[2m=[0m"succeeded" [3mrequest_kind[0m[2m=[0m"附件内容读取" [3mattachment_id[0m[2m=[0m"att-e35bd47b6508" [3msession_id[0m[2m=[0m"s-3b774a25d87b"
[backend] [2m2026-04-25T16:38:55.7984248+08:00[0m [32m INFO[0m ThreadId(11) [2mkoko::shell::媒体资产外壳[0m[2m:[0m 读取附件内容成功 [3musecase[0m[2m=[0m"读取附件内容" [3madapter[0m[2m=[0m"http" [3moutcome[0m[2m=[0m"succeeded" [3mrequest_kind[0m[2m=[0m"附件内容读取" [3mattachment_id[0m[2m=[0m"att-e35bd47b6508" [3msession_id[0m[2m=[0m"s-3b774a25d87b"
[backend] [2m2026-04-25T16:38:55.7987546+08:00[0m [32m INFO[0m ThreadId(07) [2mkoko::shell::媒体资产外壳[0m[2m:[0m 读取附件内容成功 [3musecase[0m[2m=[0m"读取附件内容" [3madapter[0m[2m=[0m"http" [3moutcome[0m[2m=[0m"succeeded" [3mrequest_kind[0m[2m=[0m"附件内容读取" [3mattachment_id[0m[2m=[0m"att-e35bd47b6508" [3msession_id[0m[2m=[0m"s-3b774a25d87b"
[backend] [2m2026-04-25T16:38:55.8102412+08:00[0m [32m INFO[0m ThreadId(09) [2mkoko::shell::媒体资产外壳[0m[2m:[0m HTTP 请求已受理 [3musecase[0m[2m=[0m"读取附件内容" [3madapter[0m[2m=[0m"http" [3moutcome[0m[2m=[0m"accepted" [3mrequest_kind[0m[2m=[0m"附件内容读取" [3mattachment_id[0m[2m=[0m"att-9f6a9ebb48a6" [3msession_id[0m[2m=[0m"s-3b774a25d87b"
[backend] [2m2026-04-25T16:38:55.8113995+08:00[0m [32m INFO[0m ThreadId(09) [2mkoko::shell::媒体资产外壳[0m[2m:[0m HTTP 请求已受理 [3musecase[0m[2m=[0m"读取附件内容" [3madapter[0m[2m=[0m"http" [3moutcome[0m[2m=[0m"accepted" [3mrequest_kind[0m[2m=[0m"附件内容读取" [3mattachment_id[0m[2m=[0m"att-9f6a9ebb48a6" [3msession_id[0m[2m=[0m"s-3b774a25d87b"
[backend] [2m2026-04-25T16:38:55.8266077+08:00[0m [32m INFO[0m ThreadId(13) [2mkoko::shell::媒体资产外壳[0m[2m:[0m 读取附件内容成功 [3musecase[0m[2m=[0m"读取附件内容" [3madapter[0m[2m=[0m"http" [3moutcome[0m[2m=[0m"succeeded" [3mrequest_kind[0m[2m=[0m"附件内容读取" [3mattachment_id[0m[2m=[0m"att-9f6a9ebb48a6" [3msession_id[0m[2m=[0m"s-3b774a25d87b"
[backend] [2m2026-04-25T16:38:55.826622+08:00[0m [32m INFO[0m ThreadId(11) [2mkoko::shell::媒体资产外壳[0m[2m:[0m 读取附件内容成功 [3musecase[0m[2m=[0m"读取附件内容" [3madapter[0m[2m=[0m"http" [3moutcome[0m[2m=[0m"succeeded" [3mrequest_kind[0m[2m=[0m"附件内容读取" [3mattachment_id[0m[2m=[0m"att-9f6a9ebb48a6" [3msession_id[0m[2m=[0m"s-3b774a25d87b"
[backend] [2m2026-04-25T16:38:56.1090405+08:00[0m [32m INFO[0m ThreadId(10) [2mkoko::shell::媒体资产外壳[0m[2m:[0m HTTP 请求已受理 [3musecase[0m[2m=[0m"读取附件内容" [3madapter[0m[2m=[0m"http" [3moutcome[0m[2m=[0m"accepted" [3mrequest_kind[0m[2m=[0m"附件内容读取" [3mattachment_id[0m[2m=[0m"att-5d2bc6f45393" [3msession_id[0m[2m=[0m"s-3b774a25d87b"
[backend] [2m2026-04-25T16:38:56.1104065+08:00[0m [32m INFO[0m ThreadId(10) [2mkoko::shell::媒体资产外壳[0m[2m:[0m HTTP 请求已受理 [3musecase[0m[2m=[0m"读取附件内容" [3madapter[0m[2m=[0m"http" [3moutcome[0m[2m=[0m"accepted" [3mrequest_kind[0m[2m=[0m"附件内容读取" [3mattachment_id[0m[2m=[0m"att-5d2bc6f45393" [3msession_id[0m[2m=[0m"s-3b774a25d87b"
[backend] [2m2026-04-25T16:38:56.1115771+08:00[0m [32m INFO[0m ThreadId(10) [2mkoko::shell::媒体资产外壳[0m[2m:[0m HTTP 请求已受理 [3musecase[0m[2m=[0m"读取附件内容" [3madapter[0m[2m=[0m"http" [3moutcome[0m[2m=[0m"accepted" [3mrequest_kind[0m[2m=[0m"附件内容读取" [3mattachment_id[0m[2m=[0m"att-5d2bc6f45393" [3msession_id[0m[2m=[0m"s-3b774a25d87b"
[backend] [2m2026-04-25T16:38:56.1130772+08:00[0m [32m INFO[0m ThreadId(10) [2mkoko::shell::媒体资产外壳[0m[2m:[0m HTTP 请求已受理 [3musecase[0m[2m=[0m"读取附件内容" [3madapter[0m[2m=[0m"http" [3moutcome[0m[2m=[0m"accepted" [3mrequest_kind[0m[2m=[0m"附件内容读取" [3mattachment_id[0m[2m=[0m"att-5d2bc6f45393" [3msession_id[0m[2m=[0m"s-3b774a25d87b"
[tracker] 2026-04-25T08:38:56.115Z complete: 2d5757303230382d564f594651326c6753477054
[backend] [2m2026-04-25T16:38:56.1232869+08:00[0m [32m INFO[0m ThreadId(10) [2mkoko::shell::媒体资产外壳[0m[2m:[0m 读取附件内容成功 [3musecase[0m[2m=[0m"读取附件内容" [3madapter[0m[2m=[0m"http" [3moutcome[0m[2m=[0m"succeeded" [3mrequest_kind[0m[2m=[0m"附件内容读取" [3mattachment_id[0m[2m=[0m"att-5d2bc6f45393" [3msession_id[0m[2m=[0m"s-3b774a25d87b"
[backend] [2m2026-04-25T16:38:56.1283264+08:00[0m [32m INFO[0m ThreadId(10) [2mkoko::shell::媒体资产外壳[0m[2m:[0m 读取附件内容成功 [3musecase[0m[2m=[0m"读取附件内容" [3madapter[0m[2m=[0m"http" [3moutcome[0m[2m=[0m"succeeded" [3mrequest_kind[0m[2m=[0m"附件内容读取" [3mattachment_id[0m[2m=[0m"att-5d2bc6f45393" [3msession_id[0m[2m=[0m"s-3b774a25d87b"
[backend] [2m2026-04-25T16:38:56.132559+08:00[0m [32m INFO[0m ThreadId(10) [2mkoko::shell::媒体资产外壳[0m[2m:[0m 读取附件内容成功 [3musecase[0m[2m=[0m"读取附件内容" [3madapter[0m[2m=[0m"http" [3moutcome[0m[2m=[0m"succeeded" [3mrequest_kind[0m[2m=[0m"附件内容读取" [3mattachment_id[0m[2m=[0m"att-5d2bc6f45393" [3msession_id[0m[2m=[0m"s-3b774a25d87b"
[backend] [2m2026-04-25T16:38:56.1326636+08:00[0m [32m INFO[0m ThreadId(07) [2mkoko::shell::媒体资产外壳[0m[2m:[0m 读取附件内容成功 [3musecase[0m[2m=[0m"读取附件内容" [3madapter[0m[2m=[0m"http" [3moutcome[0m[2m=[0m"succeeded" [3mrequest_kind[0m[2m=[0m"附件内容读取" [3mattachment_id[0m[2m=[0m"att-5d2bc6f45393" [3msession_id[0m[2m=[0m"s-3b774a25d87b"
[backend] [2m2026-04-25T16:38:56.1563437+08:00[0m [32m INFO[0m ThreadId(13) [2mkoko::shell::媒体资产外壳[0m[2m:[0m HTTP 请求已受理 [3musecase[0m[2m=[0m"读取附件内容" [3madapter[0m[2m=[0m"http" [3moutcome[0m[2m=[0m"accepted" [3mrequest_kind[0m[2m=[0m"附件内容读取" [3mattachment_id[0m[2m=[0m"att-4e0480d9e16e" [3msession_id[0m[2m=[0m"s-3b774a25d87b"
[backend] [2m2026-04-25T16:38:56.1609376+08:00[0m [32m INFO[0m ThreadId(13) [2mkoko::shell::媒体资产外壳[0m[2m:[0m HTTP 请求已受理 [3musecase[0m[2m=[0m"读取附件内容" [3madapter[0m[2m=[0m"http" [3moutcome[0m[2m=[0m"accepted" [3mrequest_kind[0m[2m=[0m"附件内容读取" [3mattachment_id[0m[2m=[0m"att-4e0480d9e16e" [3msession_id[0m[2m=[0m"s-3b774a25d87b"
[backend] [2m2026-04-25T16:38:56.1759949+08:00[0m [32m INFO[0m ThreadId(10) [2mkoko::shell::媒体资产外壳[0m[2m:[0m 读取附件内容成功 [3musecase[0m[2m=[0m"读取附件内容" [3madapter[0m[2m=[0m"http" [3moutcome[0m[2m=[0m"succeeded" [3mrequest_kind[0m[2m=[0m"附件内容读取" [3mattachment_id[0m[2m=[0m"att-4e0480d9e16e" [3msession_id[0m[2m=[0m"s-3b774a25d87b"
[backend] [2m2026-04-25T16:38:56.1814568+08:00[0m [32m INFO[0m ThreadId(10) [2mkoko::shell::媒体资产外壳[0m[2m:[0m 读取附件内容成功 [3musecase[0m[2m=[0m"读取附件内容" [3madapter[0m[2m=[0m"http" [3moutcome[0m[2m=[0m"succeeded" [3mrequest_kind[0m[2m=[0m"附件内容读取" [3mattachment_id[0m[2m=[0m"att-4e0480d9e16e" [3msession_id[0m[2m=[0m"s-3b774a25d87b"
[backend] [2m2026-04-25T16:38:56.3552214+08:00[0m [32m INFO[0m ThreadId(13) [2mkoko::shell::媒体资产外壳[0m[2m:[0m HTTP 请求已受理 [3musecase[0m[2m=[0m"读取附件内容" [3madapter[0m[2m=[0m"http" [3moutcome[0m[2m=[0m"accepted" [3mrequest_kind[0m[2m=[0m"附件内容读取" [3mattachment_id[0m[2m=[0m"att-10b60d10c9e1" [3msession_id[0m[2m=[0m"s-3b774a25d87b"
[backend] [2m2026-04-25T16:38:56.357919+08:00[0m [32m INFO[0m ThreadId(13) [2mkoko::shell::媒体资产外壳[0m[2m:[0m HTTP 请求已受理 [3musecase[0m[2m=[0m"读取附件内容" [3madapter[0m[2m=[0m"http" [3moutcome[0m[2m=[0m"accepted" [3mrequest_kind[0m[2m=[0m"附件内容读取" [3mattachment_id[0m[2m=[0m"att-10b60d10c9e1" [3msession_id[0m[2m=[0m"s-3b774a25d87b"
[backend] [2m2026-04-25T16:38:56.3595091+08:00[0m [32m INFO[0m ThreadId(13) [2mkoko::shell::媒体资产外壳[0m[2m:[0m HTTP 请求已受理 [3musecase[0m[2m=[0m"读取附件内容" [3madapter[0m[2m=[0m"http" [3moutcome[0m[2m=[0m"accepted" [3mrequest_kind[0m[2m=[0m"附件内容读取" [3mattachment_id[0m[2m=[0m"att-10b60d10c9e1" [3msession_id[0m[2m=[0m"s-3b774a25d87b"
[backend] [2m2026-04-25T16:38:56.3595502+08:00[0m [32m INFO[0m ThreadId(08) [2mkoko::shell::媒体资产外壳[0m[2m:[0m HTTP 请求已受理 [3musecase[0m[2m=[0m"读取附件内容" [3madapter[0m[2m=[0m"http" [3moutcome[0m[2m=[0m"accepted" [3mrequest_kind[0m[2m=[0m"附件内容读取" [3mattachment_id[0m[2m=[0m"att-10b60d10c9e1" [3msession_id[0m[2m=[0m"s-3b774a25d87b"
[backend] [2m2026-04-25T16:38:56.3711437+08:00[0m [32m INFO[0m ThreadId(07) [2mkoko::shell::媒体资产外壳[0m[2m:[0m HTTP 请求已受理 [3musecase[0m[2m=[0m"读取附件内容" [3madapter[0m[2m=[0m"http" [3moutcome[0m[2m=[0m"accepted" [3mrequest_kind[0m[2m=[0m"附件内容读取" [3mattachment_id[0m[2m=[0m"att-5d2bc6f45393" [3msession_id[0m[2m=[0m"s-3b774a25d87b"
[backend] [2m2026-04-25T16:38:56.3733784+08:00[0m [32m INFO[0m ThreadId(07) [2mkoko::shell::媒体资产外壳[0m[2m:[0m HTTP 请求已受理 [3musecase[0m[2m=[0m"读取附件内容" [3madapter[0m[2m=[0m"http" [3moutcome[0m[2m=[0m"accepted" [3mrequest_kind[0m[2m=[0m"附件内容读取" [3mattachment_id[0m[2m=[0m"att-5d2bc6f45393" [3msession_id[0m[2m=[0m"s-3b774a25d87b"
[backend] [2m2026-04-25T16:38:56.3742103+08:00[0m [32m INFO[0m ThreadId(12) [2mkoko::shell::媒体资产外壳[0m[2m:[0m 读取附件内容成功 [3musecase[0m[2m=[0m"读取附件内容" [3madapter[0m[2m=[0m"http" [3moutcome[0m[2m=[0m"succeeded" [3mrequest_kind[0m[2m=[0m"附件内容读取" [3mattachment_id[0m[2m=[0m"att-10b60d10c9e1" [3msession_id[0m[2m=[0m"s-3b774a25d87b"
[backend] [2m2026-04-25T16:38:56.3754417+08:00[0m [32m INFO[0m ThreadId(07) [2mkoko::shell::媒体资产外壳[0m[2m:[0m 读取附件内容成功 [3musecase[0m[2m=[0m"读取附件内容" [3madapter[0m[2m=[0m"http" [3moutcome[0m[2m=[0m"succeeded" [3mrequest_kind[0m[2m=[0m"附件内容读取" [3mattachment_id[0m[2m=[0m"att-10b60d10c9e1" [3msession_id[0m[2m=[0m"s-3b774a25d87b"
[backend] [2m2026-04-25T16:38:56.3761449+08:00[0m [32m INFO[0m ThreadId(08) [2mkoko::shell::媒体资产外壳[0m[2m:[0m 读取附件内容成功 [3musecase[0m[2m=[0m"读取附件内容" [3madapter[0m[2m=[0m"http" [3moutcome[0m[2m=[0m"succeeded" [3mrequest_kind[0m[2m=[0m"附件内容读取" [3mattachment_id[0m[2m=[0m"att-10b60d10c9e1" [3msession_id[0m[2m=[0m"s-3b774a25d87b"
[backend] [2m2026-04-25T16:38:56.3759263+08:00[0m [32m INFO[0m ThreadId(13) [2mkoko::shell::媒体资产外壳[0m[2m:[0m 读取附件内容成功 [3musecase[0m[2m=[0m"读取附件内容" [3madapter[0m[2m=[0m"http" [3moutcome[0m[2m=[0m"succeeded" [3mrequest_kind[0m[2m=[0m"附件内容读取" [3mattachment_id[0m[2m=[0m"att-10b60d10c9e1" [3msession_id[0m[2m=[0m"s-3b774a25d87b"
[backend] [2m2026-04-25T16:38:56.383542+08:00[0m [32m INFO[0m ThreadId(07) [2mkoko::shell::媒体资产外壳[0m[2m:[0m HTTP 请求已受理 [3musecase[0m[2m=[0m"读取附件内容" [3madapter[0m[2m=[0m"http" [3moutcome[0m[2m=[0m"accepted" [3mrequest_kind[0m[2m=[0m"附件内容读取" [3mattachment_id[0m[2m=[0m"att-5d2bc6f45393" [3msession_id[0m[2m=[0m"s-3b774a25d87b"
[backend] [2m2026-04-25T16:38:56.3839787+08:00[0m [32m INFO[0m ThreadId(13) [2mkoko::shell::媒体资产外壳[0m[2m:[0m 读取附件内容成功 [3musecase[0m[2m=[0m"读取附件内容" [3madapter[0m[2m=[0m"http" [3moutcome[0m[2m=[0m"succeeded" [3mrequest_kind[0m[2m=[0m"附件内容读取" [3mattachment_id[0m[2m=[0m"att-5d2bc6f45393" [3msession_id[0m[2m=[0m"s-3b774a25d87b"
[backend] [2m2026-04-25T16:38:56.3885867+08:00[0m [32m INFO[0m ThreadId(07) [2mkoko::shell::媒体资产外壳[0m[2m:[0m HTTP 请求已受理 [3musecase[0m[2m=[0m"读取附件内容" [3madapter[0m[2m=[0m"http" [3moutcome[0m[2m=[0m"accepted" [3mrequest_kind[0m[2m=[0m"附件内容读取" [3mattachment_id[0m[2m=[0m"att-5d2bc6f45393" [3msession_id[0m[2m=[0m"s-3b774a25d87b"
[backend] [2m2026-04-25T16:38:56.3923693+08:00[0m [32m INFO[0m ThreadId(11) [2mkoko::shell::媒体资产外壳[0m[2m:[0m 读取附件内容成功 [3musecase[0m[2m=[0m"读取附件内容" [3madapter[0m[2m=[0m"http" [3moutcome[0m[2m=[0m"succeeded" [3mrequest_kind[0m[2m=[0m"附件内容读取" [3mattachment_id[0m[2m=[0m"att-5d2bc6f45393" [3msession_id[0m[2m=[0m"s-3b774a25d87b"
[backend] [2m2026-04-25T16:38:56.4020622+08:00[0m [32m INFO[0m ThreadId(11) [2mkoko::shell::媒体资产外壳[0m[2m:[0m 读取附件内容成功 [3musecase[0m[2m=[0m"读取附件内容" [3madapter[0m[2m=[0m"http" [3moutcome[0m[2m=[0m"succeeded" [3mrequest_kind[0m[2m=[0m"附件内容读取" [3mattachment_id[0m[2m=[0m"att-5d2bc6f45393" [3msession_id[0m[2m=[0m"s-3b774a25d87b"
[backend] [2m2026-04-25T16:38:56.4042243+08:00[0m [32m INFO[0m ThreadId(11) [2mkoko::shell::媒体资产外壳[0m[2m:[0m 读取附件内容成功 [3musecase[0m[2m=[0m"读取附件内容" [3madapter[0m[2m=[0m"http" [3moutcome[0m[2m=[0m"succeeded" [3mrequest_kind[0m[2m=[0m"附件内容读取" [3mattachment_id[0m[2m=[0m"att-5d2bc6f45393" [3msession_id[0m[2m=[0m"s-3b774a25d87b"
[backend] [2m2026-04-25T16:38:56.4060243+08:00[0m [32m INFO[0m ThreadId(10) [2mkoko::shell::媒体资产外壳[0m[2m:[0m HTTP 请求已受理 [3musecase[0m[2m=[0m"读取附件内容" [3madapter[0m[2m=[0m"http" [3moutcome[0m[2m=[0m"accepted" [3mrequest_kind[0m[2m=[0m"附件内容读取" [3mattachment_id[0m[2m=[0m"att-4e0480d9e16e" [3msession_id[0m[2m=[0m"s-3b774a25d87b"
[backend] [2m2026-04-25T16:38:56.4063317+08:00[0m [32m INFO[0m ThreadId(11) [2mkoko::shell::媒体资产外壳[0m[2m:[0m HTTP 请求已受理 [3musecase[0m[2m=[0m"读取附件内容" [3madapter[0m[2m=[0m"http" [3moutcome[0m[2m=[0m"accepted" [3mrequest_kind[0m[2m=[0m"附件内容读取" [3mattachment_id[0m[2m=[0m"att-4e0480d9e16e" [3msession_id[0m[2m=[0m"s-3b774a25d87b"
[backend] [2m2026-04-25T16:38:56.4086608+08:00[0m [32m INFO[0m ThreadId(10) [2mkoko::shell::媒体资产外壳[0m[2m:[0m HTTP 请求已受理 [3musecase[0m[2m=[0m"读取附件内容" [3madapter[0m[2m=[0m"http" [3moutcome[0m[2m=[0m"accepted" [3mrequest_kind[0m[2m=[0m"附件内容读取" [3mattachment_id[0m[2m=[0m"att-4e0480d9e16e" [3msession_id[0m[2m=[0m"s-3b774a25d87b"
[backend] [2m2026-04-25T16:38:56.4109122+08:00[0m [32m INFO[0m ThreadId(13) [2mkoko::shell::媒体资产外壳[0m[2m:[0m HTTP 请求已受理 [3musecase[0m[2m=[0m"读取附件内容" [3madapter[0m[2m=[0m"http" [3moutcome[0m[2m=[0m"accepted" [3mrequest_kind[0m[2m=[0m"附件内容读取" [3mattachment_id[0m[2m=[0m"att-9f6a9ebb48a6" [3msession_id[0m[2m=[0m"s-3b774a25d87b"
[backend] [2m2026-04-25T16:38:56.4150147+08:00[0m [32m INFO[0m ThreadId(10) [2mkoko::shell::媒体资产外壳[0m[2m:[0m HTTP 请求已受理 [3musecase[0m[2m=[0m"读取附件内容" [3madapter[0m[2m=[0m"http" [3moutcome[0m[2m=[0m"accepted" [3mrequest_kind[0m[2m=[0m"附件内容读取" [3mattachment_id[0m[2m=[0m"att-9f6a9ebb48a6" [3msession_id[0m[2m=[0m"s-3b774a25d87b"
[backend] [2m2026-04-25T16:38:56.4161511+08:00[0m [32m INFO[0m ThreadId(07) [2mkoko::shell::媒体资产外壳[0m[2m:[0m HTTP 请求已受理 [3musecase[0m[2m=[0m"读取附件内容" [3madapter[0m[2m=[0m"http" [3moutcome[0m[2m=[0m"accepted" [3mrequest_kind[0m[2m=[0m"附件内容读取" [3mattachment_id[0m[2m=[0m"att-9f6a9ebb48a6" [3msession_id[0m[2m=[0m"s-3b774a25d87b"
[backend] [2m2026-04-25T16:38:56.4198012+08:00[0m [32m INFO[0m ThreadId(07) [2mkoko::shell::媒体资产外壳[0m[2m:[0m 读取附件内容成功 [3musecase[0m[2m=[0m"读取附件内容" [3madapter[0m[2m=[0m"http" [3moutcome[0m[2m=[0m"succeeded" [3mrequest_kind[0m[2m=[0m"附件内容读取" [3mattachment_id[0m[2m=[0m"att-4e0480d9e16e" [3msession_id[0m[2m=[0m"s-3b774a25d87b"
[backend] [2m2026-04-25T16:38:56.4252636+08:00[0m [32m INFO[0m ThreadId(07) [2mkoko::shell::媒体资产外壳[0m[2m:[0m 读取附件内容成功 [3musecase[0m[2m=[0m"读取附件内容" [3madapter[0m[2m=[0m"http" [3moutcome[0m[2m=[0m"succeeded" [3mrequest_kind[0m[2m=[0m"附件内容读取" [3mattachment_id[0m[2m=[0m"att-9f6a9ebb48a6" [3msession_id[0m[2m=[0m"s-3b774a25d87b"
[backend] [2m2026-04-25T16:38:56.4255324+08:00[0m [32m INFO[0m ThreadId(10) [2mkoko::shell::媒体资产外壳[0m[2m:[0m 读取附件内容成功 [3musecase[0m[2m=[0m"读取附件内容" [3madapter[0m[2m=[0m"http" [3moutcome[0m[2m=[0m"succeeded" [3mrequest_kind[0m[2m=[0m"附件内容读取" [3mattachment_id[0m[2m=[0m"att-4e0480d9e16e" [3msession_id[0m[2m=[0m"s-3b774a25d87b"
[backend] [2m2026-04-25T16:38:56.4256178+08:00[0m [32m INFO[0m ThreadId(13) [2mkoko::shell::媒体资产外壳[0m[2m:[0m 读取附件内容成功 [3musecase[0m[2m=[0m"读取附件内容" [3madapter[0m[2m=[0m"http" [3moutcome[0m[2m=[0m"succeeded" [3mrequest_kind[0m[2m=[0m"附件内容读取" [3mattachment_id[0m[2m=[0m"att-4e0480d9e16e" [3msession_id[0m[2m=[0m"s-3b774a25d87b"
[backend] [2m2026-04-25T16:38:56.4280776+08:00[0m [32m INFO[0m ThreadId(11) [2mkoko::shell::媒体资产外壳[0m[2m:[0m HTTP 请求已受理 [3musecase[0m[2m=[0m"读取附件内容" [3madapter[0m[2m=[0m"http" [3moutcome[0m[2m=[0m"accepted" [3mrequest_kind[0m[2m=[0m"附件内容读取" [3mattachment_id[0m[2m=[0m"att-9f6a9ebb48a6" [3msession_id[0m[2m=[0m"s-3b774a25d87b"
[backend] [2m2026-04-25T16:38:56.4291359+08:00[0m [32m INFO[0m ThreadId(08) [2mkoko::shell::媒体资产外壳[0m[2m:[0m 读取附件内容成功 [3musecase[0m[2m=[0m"读取附件内容" [3madapter[0m[2m=[0m"http" [3moutcome[0m[2m=[0m"succeeded" [3mrequest_kind[0m[2m=[0m"附件内容读取" [3mattachment_id[0m[2m=[0m"att-9f6a9ebb48a6" [3msession_id[0m[2m=[0m"s-3b774a25d87b"
[backend] [2m2026-04-25T16:38:56.4291359+08:00[0m [32m INFO[0m ThreadId(12) [2mkoko::shell::媒体资产外壳[0m[2m:[0m 读取附件内容成功 [3musecase[0m[2m=[0m"读取附件内容" [3madapter[0m[2m=[0m"http" [3moutcome[0m[2m=[0m"succeeded" [3mrequest_kind[0m[2m=[0m"附件内容读取" [3mattachment_id[0m[2m=[0m"att-9f6a9ebb48a6" [3msession_id[0m[2m=[0m"s-3b774a25d87b"
[backend] [2m2026-04-25T16:38:56.4407585+08:00[0m [32m INFO[0m ThreadId(09) [2mkoko::shell::媒体资产外壳[0m[2m:[0m 读取附件内容成功 [3musecase[0m[2m=[0m"读取附件内容" [3madapter[0m[2m=[0m"http" [3moutcome[0m[2m=[0m"succeeded" [3mrequest_kind[0m[2m=[0m"附件内容读取" [3mattachment_id[0m[2m=[0m"att-9f6a9ebb48a6" [3msession_id[0m[2m=[0m"s-3b774a25d87b"
[backend] [2m2026-04-25T16:38:56.4433329+08:00[0m [32m INFO[0m ThreadId(08) [2mkoko::shell::媒体资产外壳[0m[2m:[0m HTTP 请求已受理 [3musecase[0m[2m=[0m"读取附件内容" [3madapter[0m[2m=[0m"http" [3moutcome[0m[2m=[0m"accepted" [3mrequest_kind[0m[2m=[0m"附件内容读取" [3mattachment_id[0m[2m=[0m"att-9ea1bd13ba13" [3msession_id[0m[2m=[0m"s-3b774a25d87b"
[backend] [2m2026-04-25T16:38:56.4469811+08:00[0m [32m INFO[0m ThreadId(08) [2mkoko::shell::媒体资产外壳[0m[2m:[0m HTTP 请求已受理 [3musecase[0m[2m=[0m"读取附件内容" [3madapter[0m[2m=[0m"http" [3moutcome[0m[2m=[0m"accepted" [3mrequest_kind[0m[2m=[0m"附件内容读取" [3mattachment_id[0m[2m=[0m"att-9ea1bd13ba13" [3msession_id[0m[2m=[0m"s-3b774a25d87b"
[backend] [2m2026-04-25T16:38:56.4474475+08:00[0m [32m INFO[0m ThreadId(09) [2mkoko::shell::媒体资产外壳[0m[2m:[0m HTTP 请求已受理 [3musecase[0m[2m=[0m"读取附件内容" [3madapter[0m[2m=[0m"http" [3moutcome[0m[2m=[0m"accepted" [3mrequest_kind[0m[2m=[0m"附件内容读取" [3mattachment_id[0m[2m=[0m"att-9ea1bd13ba13" [3msession_id[0m[2m=[0m"s-3b774a25d87b"
[backend] [2m2026-04-25T16:38:56.4487359+08:00[0m [32m INFO[0m ThreadId(10) [2mkoko::shell::媒体资产外壳[0m[2m:[0m HTTP 请求已受理 [3musecase[0m[2m=[0m"读取附件内容" [3madapter[0m[2m=[0m"http" [3moutcome[0m[2m=[0m"accepted" [3mrequest_kind[0m[2m=[0m"附件内容读取" [3mattachment_id[0m[2m=[0m"att-9ea1bd13ba13" [3msession_id[0m[2m=[0m"s-3b774a25d87b"
[backend] [2m2026-04-25T16:38:56.4505144+08:00[0m [32m INFO[0m ThreadId(12) [2mkoko::shell::媒体资产外壳[0m[2m:[0m 读取附件内容成功 [3musecase[0m[2m=[0m"读取附件内容" [3madapter[0m[2m=[0m"http" [3moutcome[0m[2m=[0m"succeeded" [3mrequest_kind[0m[2m=[0m"附件内容读取" [3mattachment_id[0m[2m=[0m"att-9ea1bd13ba13" [3msession_id[0m[2m=[0m"s-3b774a25d87b"
[backend] [2m2026-04-25T16:38:56.4589377+08:00[0m [32m INFO[0m ThreadId(09) [2mkoko::shell::媒体资产外壳[0m[2m:[0m 读取附件内容成功 [3musecase[0m[2m=[0m"读取附件内容" [3madapter[0m[2m=[0m"http" [3moutcome[0m[2m=[0m"succeeded" [3mrequest_kind[0m[2m=[0m"附件内容读取" [3mattachment_id[0m[2m=[0m"att-9ea1bd13ba13" [3msession_id[0m[2m=[0m"s-3b774a25d87b"
[backend] [2m2026-04-25T16:38:56.4603387+08:00[0m [32m INFO[0m ThreadId(08) [2mkoko::shell::媒体资产外壳[0m[2m:[0m 读取附件内容成功 [3musecase[0m[2m=[0m"读取附件内容" [3madapter[0m[2m=[0m"http" [3moutcome[0m[2m=[0m"succeeded" [3mrequest_kind[0m[2m=[0m"附件内容读取" [3mattachment_id[0m[2m=[0m"att-9ea1bd13ba13" [3msession_id[0m[2m=[0m"s-3b774a25d87b"
[backend] [2m2026-04-25T16:38:56.4607934+08:00[0m [32m INFO[0m ThreadId(09) [2mkoko::shell::媒体资产外壳[0m[2m:[0m 读取附件内容成功 [3musecase[0m[2m=[0m"读取附件内容" [3madapter[0m[2m=[0m"http" [3moutcome[0m[2m=[0m"succeeded" [3mrequest_kind[0m[2m=[0m"附件内容读取" [3mattachment_id[0m[2m=[0m"att-9ea1bd13ba13" [3msession_id[0m[2m=[0m"s-3b774a25d87b"
[backend] [2m2026-04-25T16:38:56.9497063+08:00[0m [32m INFO[0m ThreadId(10) [2mkoko::shell::媒体资产外壳[0m[2m:[0m HTTP 请求已受理 [3musecase[0m[2m=[0m"读取附件内容" [3madapter[0m[2m=[0m"http" [3moutcome[0m[2m=[0m"accepted" [3mrequest_kind[0m[2m=[0m"附件内容读取" [3mattachment_id[0m[2m=[0m"att-e35bd47b6508" [3msession_id[0m[2m=[0m"s-3b774a25d87b"
[backend] [2m2026-04-25T16:38:56.9524783+08:00[0m [32m INFO[0m ThreadId(08) [2mkoko::shell::媒体资产外壳[0m[2m:[0m HTTP 请求已受理 [3musecase[0m[2m=[0m"读取附件内容" [3madapter[0m[2m=[0m"http" [3moutcome[0m[2m=[0m"accepted" [3mrequest_kind[0m[2m=[0m"附件内容读取" [3mattachment_id[0m[2m=[0m"att-e35bd47b6508" [3msession_id[0m[2m=[0m"s-3b774a25d87b"
[backend] [2m2026-04-25T16:38:56.9538089+08:00[0m [32m INFO[0m ThreadId(08) [2mkoko::shell::媒体资产外壳[0m[2m:[0m HTTP 请求已受理 [3musecase[0m[2m=[0m"读取附件内容" [3madapter[0m[2m=[0m"http" [3moutcome[0m[2m=[0m"accepted" [3mrequest_kind[0m[2m=[0m"附件内容读取" [3mattachment_id[0m[2m=[0m"att-e35bd47b6508" [3msession_id[0m[2m=[0m"s-3b774a25d87b"
[backend] [2m2026-04-25T16:38:56.9539938+08:00[0m [32m INFO[0m ThreadId(09) [2mkoko::shell::媒体资产外壳[0m[2m:[0m HTTP 请求已受理 [3musecase[0m[2m=[0m"读取附件内容" [3madapter[0m[2m=[0m"http" [3moutcome[0m[2m=[0m"accepted" [3mrequest_kind[0m[2m=[0m"附件内容读取" [3mattachment_id[0m[2m=[0m"att-e35bd47b6508" [3msession_id[0m[2m=[0m"s-3b774a25d87b"
[backend] [2m2026-04-25T16:38:56.9679953+08:00[0m [32m INFO[0m ThreadId(08) [2mkoko::shell::媒体资产外壳[0m[2m:[0m 读取附件内容成功 [3musecase[0m[2m=[0m"读取附件内容" [3madapter[0m[2m=[0m"http" [3moutcome[0m[2m=[0m"succeeded" [3mrequest_kind[0m[2m=[0m"附件内容读取" [3mattachment_id[0m[2m=[0m"att-e35bd47b6508" [3msession_id[0m[2m=[0m"s-3b774a25d87b"
[backend] [2m2026-04-25T16:38:56.9744817+08:00[0m [32m INFO[0m ThreadId(08) [2mkoko::shell::媒体资产外壳[0m[2m:[0m 读取附件内容成功 [3musecase[0m[2m=[0m"读取附件内容" [3madapter[0m[2m=[0m"http" [3moutcome[0m[2m=[0m"succeeded" [3mrequest_kind[0m[2m=[0m"附件内容读取" [3mattachment_id[0m[2m=[0m"att-e35bd47b6508" [3msession_id[0m[2m=[0m"s-3b774a25d87b"
[backend] [2m2026-04-25T16:38:56.9747203+08:00[0m [32m INFO[0m ThreadId(09) [2mkoko::shell::媒体资产外壳[0m[2m:[0m 读取附件内容成功 [3musecase[0m[2m=[0m"读取附件内容" [3madapter[0m[2m=[0m"http" [3moutcome[0m[2m=[0m"succeeded" [3mrequest_kind[0m[2m=[0m"附件内容读取" [3mattachment_id[0m[2m=[0m"att-e35bd47b6508" [3msession_id[0m[2m=[0m"s-3b774a25d87b"
[backend] [2m2026-04-25T16:38:56.9751074+08:00[0m [32m INFO[0m ThreadId(12) [2mkoko::shell::媒体资产外壳[0m[2m:[0m 读取附件内容成功 [3musecase[0m[2m=[0m"读取附件内容" [3madapter[0m[2m=[0m"http" [3moutcome[0m[2m=[0m"succeeded" [3mrequest_kind[0m[2m=[0m"附件内容读取" [3mattachment_id[0m[2m=[0m"att-e35bd47b6508" [3msession_id[0m[2m=[0m"s-3b774a25d87b"
[backend] [2m2026-04-25T16:38:57.1816901+08:00[0m [32m INFO[0m ThreadId(10) [2mkoko::shell::媒体资产外壳[0m[2m:[0m HTTP 请求已受理 [3musecase[0m[2m=[0m"读取附件内容" [3madapter[0m[2m=[0m"http" [3moutcome[0m[2m=[0m"accepted" [3mrequest_kind[0m[2m=[0m"附件内容读取" [3mattachment_id[0m[2m=[0m"att-5d2bc6f45393" [3msession_id[0m[2m=[0m"s-3b774a25d87b"
[backend] [2m2026-04-25T16:38:57.1844004+08:00[0m [32m INFO[0m ThreadId(10) [2mkoko::shell::媒体资产外壳[0m[2m:[0m HTTP 请求已受理 [3musecase[0m[2m=[0m"读取附件内容" [3madapter[0m[2m=[0m"http" [3moutcome[0m[2m=[0m"accepted" [3mrequest_kind[0m[2m=[0m"附件内容读取" [3mattachment_id[0m[2m=[0m"att-5d2bc6f45393" [3msession_id[0m[2m=[0m"s-3b774a25d87b"
[backend] [2m2026-04-25T16:38:57.1915946+08:00[0m [32m INFO[0m ThreadId(10) [2mkoko::shell::媒体资产外壳[0m[2m:[0m HTTP 请求已受理 [3musecase[0m[2m=[0m"读取附件内容" [3madapter[0m[2m=[0m"http" [3moutcome[0m[2m=[0m"accepted" [3mrequest_kind[0m[2m=[0m"附件内容读取" [3mattachment_id[0m[2m=[0m"att-5d2bc6f45393" [3msession_id[0m[2m=[0m"s-3b774a25d87b"
[backend] [2m2026-04-25T16:38:57.1963784+08:00[0m [32m INFO[0m ThreadId(09) [2mkoko::shell::媒体资产外壳[0m[2m:[0m HTTP 请求已受理 [3musecase[0m[2m=[0m"读取附件内容" [3madapter[0m[2m=[0m"http" [3moutcome[0m[2m=[0m"accepted" [3mrequest_kind[0m[2m=[0m"附件内容读取" [3mattachment_id[0m[2m=[0m"att-5d2bc6f45393" [3msession_id[0m[2m=[0m"s-3b774a25d87b"
[backend] [2m2026-04-25T16:38:57.1976398+08:00[0m [32m INFO[0m ThreadId(09) [2mkoko::shell::媒体资产外壳[0m[2m:[0m HTTP 请求已受理 [3musecase[0m[2m=[0m"读取附件内容" [3madapter[0m[2m=[0m"http" [3moutcome[0m[2m=[0m"accepted" [3mrequest_kind[0m[2m=[0m"附件内容读取" [3mattachment_id[0m[2m=[0m"att-10b60d10c9e1" [3msession_id[0m[2m=[0m"s-3b774a25d87b"
[backend] [2m2026-04-25T16:38:57.1976667+08:00[0m [32m INFO[0m ThreadId(10) [2mkoko::shell::媒体资产外壳[0m[2m:[0m HTTP 请求已受理 [3musecase[0m[2m=[0m"读取附件内容" [3madapter[0m[2m=[0m"http" [3moutcome[0m[2m=[0m"accepted" [3mrequest_kind[0m[2m=[0m"附件内容读取" [3mattachment_id[0m[2m=[0m"att-10b60d10c9e1" [3msession_id[0m[2m=[0m"s-3b774a25d87b"
[backend] [2m2026-04-25T16:38:57.2008122+08:00[0m [32m INFO[0m ThreadId(09) [2mkoko::shell::媒体资产外壳[0m[2m:[0m 读取附件内容成功 [3musecase[0m[2m=[0m"读取附件内容" [3madapter[0m[2m=[0m"http" [3moutcome[0m[2m=[0m"succeeded" [3mrequest_kind[0m[2m=[0m"附件内容读取" [3mattachment_id[0m[2m=[0m"att-5d2bc6f45393" [3msession_id[0m[2m=[0m"s-3b774a25d87b"
[backend] [2m2026-04-25T16:38:57.2045366+08:00[0m [32m INFO[0m ThreadId(11) [2mkoko::shell::媒体资产外壳[0m[2m:[0m 读取附件内容成功 [3musecase[0m[2m=[0m"读取附件内容" [3madapter[0m[2m=[0m"http" [3moutcome[0m[2m=[0m"succeeded" [3mrequest_kind[0m[2m=[0m"附件内容读取" [3mattachment_id[0m[2m=[0m"att-5d2bc6f45393" [3msession_id[0m[2m=[0m"s-3b774a25d87b"
[backend] [2m2026-04-25T16:38:57.2055223+08:00[0m [32m INFO[0m ThreadId(10) [2mkoko::shell::媒体资产外壳[0m[2m:[0m 读取附件内容成功 [3musecase[0m[2m=[0m"读取附件内容" [3madapter[0m[2m=[0m"http" [3moutcome[0m[2m=[0m"succeeded" [3mrequest_kind[0m[2m=[0m"附件内容读取" [3mattachment_id[0m[2m=[0m"att-10b60d10c9e1" [3msession_id[0m[2m=[0m"s-3b774a25d87b"
[backend] [2m2026-04-25T16:38:57.2070689+08:00[0m [32m INFO[0m ThreadId(12) [2mkoko::shell::媒体资产外壳[0m[2m:[0m HTTP 请求已受理 [3musecase[0m[2m=[0m"读取附件内容" [3madapter[0m[2m=[0m"http" [3moutcome[0m[2m=[0m"accepted" [3mrequest_kind[0m[2m=[0m"附件内容读取" [3mattachment_id[0m[2m=[0m"att-10b60d10c9e1" [3msession_id[0m[2m=[0m"s-3b774a25d87b"
[backend] [2m2026-04-25T16:38:57.2096392+08:00[0m [32m INFO[0m ThreadId(10) [2mkoko::shell::媒体资产外壳[0m[2m:[0m HTTP 请求已受理 [3musecase[0m[2m=[0m"读取附件内容" [3madapter[0m[2m=[0m"http" [3moutcome[0m[2m=[0m"accepted" [3mrequest_kind[0m[2m=[0m"附件内容读取" [3mattachment_id[0m[2m=[0m"att-10b60d10c9e1" [3msession_id[0m[2m=[0m"s-3b774a25d87b"
[backend] [2m2026-04-25T16:38:57.2109493+08:00[0m [32m INFO[0m ThreadId(10) [2mkoko::shell::媒体资产外壳[0m[2m:[0m HTTP 请求已受理 [3musecase[0m[2m=[0m"读取附件内容" [3madapter[0m[2m=[0m"http" [3moutcome[0m[2m=[0m"accepted" [3mrequest_kind[0m[2m=[0m"附件内容读取" [3mattachment_id[0m[2m=[0m"att-e35bd47b6508" [3msession_id[0m[2m=[0m"s-3b774a25d87b"
[backend] [2m2026-04-25T16:38:57.2122884+08:00[0m [32m INFO[0m ThreadId(12) [2mkoko::shell::媒体资产外壳[0m[2m:[0m 读取附件内容成功 [3musecase[0m[2m=[0m"读取附件内容" [3madapter[0m[2m=[0m"http" [3moutcome[0m[2m=[0m"succeeded" [3mrequest_kind[0m[2m=[0m"附件内容读取" [3mattachment_id[0m[2m=[0m"att-5d2bc6f45393" [3msession_id[0m[2m=[0m"s-3b774a25d87b"
[backend] [2m2026-04-25T16:38:57.2123307+08:00[0m [32m INFO[0m ThreadId(11) [2mkoko::shell::媒体资产外壳[0m[2m:[0m 读取附件内容成功 [3musecase[0m[2m=[0m"读取附件内容" [3madapter[0m[2m=[0m"http" [3moutcome[0m[2m=[0m"succeeded" [3mrequest_kind[0m[2m=[0m"附件内容读取" [3mattachment_id[0m[2m=[0m"att-5d2bc6f45393" [3msession_id[0m[2m=[0m"s-3b774a25d87b"
[backend] [2m2026-04-25T16:38:57.2137022+08:00[0m [32m INFO[0m ThreadId(09) [2mkoko::shell::媒体资产外壳[0m[2m:[0m 读取附件内容成功 [3musecase[0m[2m=[0m"读取附件内容" [3madapter[0m[2m=[0m"http" [3moutcome[0m[2m=[0m"succeeded" [3mrequest_kind[0m[2m=[0m"附件内容读取" [3mattachment_id[0m[2m=[0m"att-10b60d10c9e1" [3msession_id[0m[2m=[0m"s-3b774a25d87b"
[backend] [2m2026-04-25T16:38:57.2184871+08:00[0m [32m INFO[0m ThreadId(10) [2mkoko::shell::媒体资产外壳[0m[2m:[0m 读取附件内容成功 [3musecase[0m[2m=[0m"读取附件内容" [3madapter[0m[2m=[0m"http" [3moutcome[0m[2m=[0m"succeeded" [3mrequest_kind[0m[2m=[0m"附件内容读取" [3mattachment_id[0m[2m=[0m"att-e35bd47b6508" [3msession_id[0m[2m=[0m"s-3b774a25d87b"
[backend] [2m2026-04-25T16:38:57.2246889+08:00[0m [32m INFO[0m ThreadId(09) [2mkoko::shell::媒体资产外壳[0m[2m:[0m 读取附件内容成功 [3musecase[0m[2m=[0m"读取附件内容" [3madapter[0m[2m=[0m"http" [3moutcome[0m[2m=[0m"succeeded" [3mrequest_kind[0m[2m=[0m"附件内容读取" [3mattachment_id[0m[2m=[0m"att-10b60d10c9e1" [3msession_id[0m[2m=[0m"s-3b774a25d87b"
[backend] [2m2026-04-25T16:38:57.2246896+08:00[0m [32m INFO[0m ThreadId(10) [2mkoko::shell::媒体资产外壳[0m[2m:[0m 读取附件内容成功 [3musecase[0m[2m=[0m"读取附件内容" [3madapter[0m[2m=[0m"http" [3moutcome[0m[2m=[0m"succeeded" [3mrequest_kind[0m[2m=[0m"附件内容读取" [3mattachment_id[0m[2m=[0m"att-10b60d10c9e1" [3msession_id[0m[2m=[0m"s-3b774a25d87b"
[backend] [2m2026-04-25T16:38:57.2266558+08:00[0m [32m INFO[0m ThreadId(12) [2mkoko::shell::媒体资产外壳[0m[2m:[0m HTTP 请求已受理 [3musecase[0m[2m=[0m"读取附件内容" [3madapter[0m[2m=[0m"http" [3moutcome[0m[2m=[0m"accepted" [3mrequest_kind[0m[2m=[0m"附件内容读取" [3mattachment_id[0m[2m=[0m"att-e35bd47b6508" [3msession_id[0m[2m=[0m"s-3b774a25d87b"
[backend] [2m2026-04-25T16:38:57.2288736+08:00[0m [32m INFO[0m ThreadId(12) [2mkoko::shell::媒体资产外壳[0m[2m:[0m HTTP 请求已受理 [3musecase[0m[2m=[0m"读取附件内容" [3madapter[0m[2m=[0m"http" [3moutcome[0m[2m=[0m"accepted" [3mrequest_kind[0m[2m=[0m"附件内容读取" [3mattachment_id[0m[2m=[0m"att-e35bd47b6508" [3msession_id[0m[2m=[0m"s-3b774a25d87b"
[backend] [2m2026-04-25T16:38:57.2327915+08:00[0m [32m INFO[0m ThreadId(10) [2mkoko::shell::媒体资产外壳[0m[2m:[0m HTTP 请求已受理 [3musecase[0m[2m=[0m"读取附件内容" [3madapter[0m[2m=[0m"http" [3moutcome[0m[2m=[0m"accepted" [3mrequest_kind[0m[2m=[0m"附件内容读取" [3mattachment_id[0m[2m=[0m"att-e35bd47b6508" [3msession_id[0m[2m=[0m"s-3b774a25d87b"
[backend] [2m2026-04-25T16:38:57.2380207+08:00[0m [32m INFO[0m ThreadId(12) [2mkoko::shell::媒体资产外壳[0m[2m:[0m 读取附件内容成功 [3musecase[0m[2m=[0m"读取附件内容" [3madapter[0m[2m=[0m"http" [3moutcome[0m[2m=[0m"succeeded" [3mrequest_kind[0m[2m=[0m"附件内容读取" [3mattachment_id[0m[2m=[0m"att-e35bd47b6508" [3msession_id[0m[2m=[0m"s-3b774a25d87b"
[backend] [2m2026-04-25T16:38:57.2383009+08:00[0m [32m INFO[0m ThreadId(09) [2mkoko::shell::媒体资产外壳[0m[2m:[0m HTTP 请求已受理 [3musecase[0m[2m=[0m"读取附件内容" [3madapter[0m[2m=[0m"http" [3moutcome[0m[2m=[0m"accepted" [3mrequest_kind[0m[2m=[0m"附件内容读取" [3mattachment_id[0m[2m=[0m"att-9f6a9ebb48a6" [3msession_id[0m[2m=[0m"s-3b774a25d87b"
[backend] [2m2026-04-25T16:38:57.2389014+08:00[0m [32m INFO[0m ThreadId(13) [2mkoko::shell::媒体资产外壳[0m[2m:[0m HTTP 请求已受理 [3musecase[0m[2m=[0m"读取附件内容" [3madapter[0m[2m=[0m"http" [3moutcome[0m[2m=[0m"accepted" [3mrequest_kind[0m[2m=[0m"附件内容读取" [3mattachment_id[0m[2m=[0m"att-9f6a9ebb48a6" [3msession_id[0m[2m=[0m"s-3b774a25d87b"
[backend] [2m2026-04-25T16:38:57.2395496+08:00[0m [32m INFO[0m ThreadId(09) [2mkoko::shell::媒体资产外壳[0m[2m:[0m HTTP 请求已受理 [3musecase[0m[2m=[0m"读取附件内容" [3madapter[0m[2m=[0m"http" [3moutcome[0m[2m=[0m"accepted" [3mrequest_kind[0m[2m=[0m"附件内容读取" [3mattachment_id[0m[2m=[0m"att-9f6a9ebb48a6" [3msession_id[0m[2m=[0m"s-3b774a25d87b"
[backend] [2m2026-04-25T16:38:57.2403418+08:00[0m [32m INFO[0m ThreadId(09) [2mkoko::shell::媒体资产外壳[0m[2m:[0m 读取附件内容成功 [3musecase[0m[2m=[0m"读取附件内容" [3madapter[0m[2m=[0m"http" [3moutcome[0m[2m=[0m"succeeded" [3mrequest_kind[0m[2m=[0m"附件内容读取" [3mattachment_id[0m[2m=[0m"att-e35bd47b6508" [3msession_id[0m[2m=[0m"s-3b774a25d87b"
[backend] [2m2026-04-25T16:38:57.2459028+08:00[0m [32m INFO[0m ThreadId(09) [2mkoko::shell::媒体资产外壳[0m[2m:[0m 读取附件内容成功 [3musecase[0m[2m=[0m"读取附件内容" [3madapter[0m[2m=[0m"http" [3moutcome[0m[2m=[0m"succeeded" [3mrequest_kind[0m[2m=[0m"附件内容读取" [3mattachment_id[0m[2m=[0m"att-e35bd47b6508" [3msession_id[0m[2m=[0m"s-3b774a25d87b"
[backend] [2m2026-04-25T16:38:57.2520267+08:00[0m [32m INFO[0m ThreadId(13) [2mkoko::shell::媒体资产外壳[0m[2m:[0m HTTP 请求已受理 [3musecase[0m[2m=[0m"读取附件内容" [3madapter[0m[2m=[0m"http" [3moutcome[0m[2m=[0m"accepted" [3mrequest_kind[0m[2m=[0m"附件内容读取" [3mattachment_id[0m[2m=[0m"att-9f6a9ebb48a6" [3msession_id[0m[2m=[0m"s-3b774a25d87b"
[backend] [2m2026-04-25T16:38:57.25324+08:00[0m [32m INFO[0m ThreadId(13) [2mkoko::shell::媒体资产外壳[0m[2m:[0m HTTP 请求已受理 [3musecase[0m[2m=[0m"读取附件内容" [3madapter[0m[2m=[0m"http" [3moutcome[0m[2m=[0m"accepted" [3mrequest_kind[0m[2m=[0m"附件内容读取" [3mattachment_id[0m[2m=[0m"att-4e0480d9e16e" [3msession_id[0m[2m=[0m"s-3b774a25d87b"
[backend] [2m2026-04-25T16:38:57.2533724+08:00[0m [32m INFO[0m ThreadId(12) [2mkoko::shell::媒体资产外壳[0m[2m:[0m 读取附件内容成功 [3musecase[0m[2m=[0m"读取附件内容" [3madapter[0m[2m=[0m"http" [3moutcome[0m[2m=[0m"succeeded" [3mrequest_kind[0m[2m=[0m"附件内容读取" [3mattachment_id[0m[2m=[0m"att-9f6a9ebb48a6" [3msession_id[0m[2m=[0m"s-3b774a25d87b"
[backend] [2m2026-04-25T16:38:57.2534017+08:00[0m [32m INFO[0m ThreadId(11) [2mkoko::shell::媒体资产外壳[0m[2m:[0m 读取附件内容成功 [3musecase[0m[2m=[0m"读取附件内容" [3madapter[0m[2m=[0m"http" [3moutcome[0m[2m=[0m"succeeded" [3mrequest_kind[0m[2m=[0m"附件内容读取" [3mattachment_id[0m[2m=[0m"att-9f6a9ebb48a6" [3msession_id[0m[2m=[0m"s-3b774a25d87b"
[backend] [2m2026-04-25T16:38:57.2533923+08:00[0m [32m INFO[0m ThreadId(09) [2mkoko::shell::媒体资产外壳[0m[2m:[0m 读取附件内容成功 [3musecase[0m[2m=[0m"读取附件内容" [3madapter[0m[2m=[0m"http" [3moutcome[0m[2m=[0m"succeeded" [3mrequest_kind[0m[2m=[0m"附件内容读取" [3mattachment_id[0m[2m=[0m"att-9f6a9ebb48a6" [3msession_id[0m[2m=[0m"s-3b774a25d87b"
[backend] [2m2026-04-25T16:38:57.2646091+08:00[0m [32m INFO[0m ThreadId(13) [2mkoko::shell::媒体资产外壳[0m[2m:[0m 读取附件内容成功 [3musecase[0m[2m=[0m"读取附件内容" [3madapter[0m[2m=[0m"http" [3moutcome[0m[2m=[0m"succeeded" [3mrequest_kind[0m[2m=[0m"附件内容读取" [3mattachment_id[0m[2m=[0m"att-9f6a9ebb48a6" [3msession_id[0m[2m=[0m"s-3b774a25d87b"
[backend] [2m2026-04-25T16:38:57.2656589+08:00[0m [32m INFO[0m ThreadId(11) [2mkoko::shell::媒体资产外壳[0m[2m:[0m 读取附件内容成功 [3musecase[0m[2m=[0m"读取附件内容" [3madapter[0m[2m=[0m"http" [3moutcome[0m[2m=[0m"succeeded" [3mrequest_kind[0m[2m=[0m"附件内容读取" [3mattachment_id[0m[2m=[0m"att-4e0480d9e16e" [3msession_id[0m[2m=[0m"s-3b774a25d87b"
[backend] [2m2026-04-25T16:38:57.266503+08:00[0m [32m INFO[0m ThreadId(12) [2mkoko::shell::媒体资产外壳[0m[2m:[0m HTTP 请求已受理 [3musecase[0m[2m=[0m"读取附件内容" [3madapter[0m[2m=[0m"http" [3moutcome[0m[2m=[0m"accepted" [3mrequest_kind[0m[2m=[0m"附件内容读取" [3mattachment_id[0m[2m=[0m"att-4e0480d9e16e" [3msession_id[0m[2m=[0m"s-3b774a25d87b"
[backend] [2m2026-04-25T16:38:57.2674408+08:00[0m [32m INFO[0m ThreadId(11) [2mkoko::shell::媒体资产外壳[0m[2m:[0m HTTP 请求已受理 [3musecase[0m[2m=[0m"读取附件内容" [3madapter[0m[2m=[0m"http" [3moutcome[0m[2m=[0m"accepted" [3mrequest_kind[0m[2m=[0m"附件内容读取" [3mattachment_id[0m[2m=[0m"att-4e0480d9e16e" [3msession_id[0m[2m=[0m"s-3b774a25d87b"
[backend] [2m2026-04-25T16:38:57.2799147+08:00[0m [32m INFO[0m ThreadId(09) [2mkoko::shell::媒体资产外壳[0m[2m:[0m 读取附件内容成功 [3musecase[0m[2m=[0m"读取附件内容" [3madapter[0m[2m=[0m"http" [3moutcome[0m[2m=[0m"succeeded" [3mrequest_kind[0m[2m=[0m"附件内容读取" [3mattachment_id[0m[2m=[0m"att-4e0480d9e16e" [3msession_id[0m[2m=[0m"s-3b774a25d87b"
[backend] [2m2026-04-25T16:38:57.2799494+08:00[0m [32m INFO[0m ThreadId(12) [2mkoko::shell::媒体资产外壳[0m[2m:[0m 读取附件内容成功 [3musecase[0m[2m=[0m"读取附件内容" [3madapter[0m[2m=[0m"http" [3moutcome[0m[2m=[0m"succeeded" [3mrequest_kind[0m[2m=[0m"附件内容读取" [3mattachment_id[0m[2m=[0m"att-4e0480d9e16e" [3msession_id[0m[2m=[0m"s-3b774a25d87b"
[tracker] 2026-04-25T08:38:57.274Z complete: 2d5757303230382d564f594651326c6753477054
[backend] [2m2026-04-25T16:38:57.4309885+08:00[0m [32m INFO[0m ThreadId(11) [2mkoko::shell::媒体资产外壳[0m[2m:[0m HTTP 请求已受理 [3musecase[0m[2m=[0m"读取附件内容" [3madapter[0m[2m=[0m"http" [3moutcome[0m[2m=[0m"accepted" [3mrequest_kind[0m[2m=[0m"附件内容读取" [3mattachment_id[0m[2m=[0m"att-e35bd47b6508" [3msession_id[0m[2m=[0m"s-3b774a25d87b"
[backend] [2m2026-04-25T16:38:57.4328157+08:00[0m [32m INFO[0m ThreadId(11) [2mkoko::shell::媒体资产外壳[0m[2m:[0m HTTP 请求已受理 [3musecase[0m[2m=[0m"读取附件内容" [3madapter[0m[2m=[0m"http" [3moutcome[0m[2m=[0m"accepted" [3mrequest_kind[0m[2m=[0m"附件内容读取" [3mattachment_id[0m[2m=[0m"att-e35bd47b6508" [3msession_id[0m[2m=[0m"s-3b774a25d87b"
[backend] [2m2026-04-25T16:38:57.4339332+08:00[0m [32m INFO[0m ThreadId(09) [2mkoko::shell::媒体资产外壳[0m[2m:[0m HTTP 请求已受理 [3musecase[0m[2m=[0m"读取附件内容" [3madapter[0m[2m=[0m"http" [3moutcome[0m[2m=[0m"accepted" [3mrequest_kind[0m[2m=[0m"附件内容读取" [3mattachment_id[0m[2m=[0m"att-e35bd47b6508" [3msession_id[0m[2m=[0m"s-3b774a25d87b"
[backend] [2m2026-04-25T16:38:57.434+08:00[0m [32m INFO[0m ThreadId(11) [2mkoko::shell::媒体资产外壳[0m[2m:[0m HTTP 请求已受理 [3musecase[0m[2m=[0m"读取附件内容" [3madapter[0m[2m=[0m"http" [3moutcome[0m[2m=[0m"accepted" [3mrequest_kind[0m[2m=[0m"附件内容读取" [3mattachment_id[0m[2m=[0m"att-e35bd47b6508" [3msession_id[0m[2m=[0m"s-3b774a25d87b"
[backend] [2m2026-04-25T16:38:57.4367821+08:00[0m [32m INFO[0m ThreadId(11) [2mkoko::shell::媒体资产外壳[0m[2m:[0m HTTP 请求已受理 [3musecase[0m[2m=[0m"读取附件内容" [3madapter[0m[2m=[0m"http" [3moutcome[0m[2m=[0m"accepted" [3mrequest_kind[0m[2m=[0m"附件内容读取" [3mattachment_id[0m[2m=[0m"att-5d2bc6f45393" [3msession_id[0m[2m=[0m"s-3b774a25d87b"
[backend] [2m2026-04-25T16:38:57.4371519+08:00[0m [32m INFO[0m ThreadId(12) [2mkoko::shell::媒体资产外壳[0m[2m:[0m HTTP 请求已受理 [3musecase[0m[2m=[0m"读取附件内容" [3madapter[0m[2m=[0m"http" [3moutcome[0m[2m=[0m"accepted" [3mrequest_kind[0m[2m=[0m"附件内容读取" [3mattachment_id[0m[2m=[0m"att-5d2bc6f45393" [3msession_id[0m[2m=[0m"s-3b774a25d87b"
[backend] [2m2026-04-25T16:38:57.4425484+08:00[0m [32m INFO[0m ThreadId(10) [2mkoko::shell::媒体资产外壳[0m[2m:[0m 读取附件内容成功 [3musecase[0m[2m=[0m"读取附件内容" [3madapter[0m[2m=[0m"http" [3moutcome[0m[2m=[0m"succeeded" [3mrequest_kind[0m[2m=[0m"附件内容读取" [3mattachment_id[0m[2m=[0m"att-e35bd47b6508" [3msession_id[0m[2m=[0m"s-3b774a25d87b"
[backend] [2m2026-04-25T16:38:57.4478724+08:00[0m [32m INFO[0m ThreadId(10) [2mkoko::shell::媒体资产外壳[0m[2m:[0m 读取附件内容成功 [3musecase[0m[2m=[0m"读取附件内容" [3madapter[0m[2m=[0m"http" [3moutcome[0m[2m=[0m"succeeded" [3mrequest_kind[0m[2m=[0m"附件内容读取" [3mattachment_id[0m[2m=[0m"att-5d2bc6f45393" [3msession_id[0m[2m=[0m"s-3b774a25d87b"
[backend] [2m2026-04-25T16:38:57.4518522+08:00[0m [32m INFO[0m ThreadId(12) [2mkoko::shell::媒体资产外壳[0m[2m:[0m HTTP 请求已受理 [3musecase[0m[2m=[0m"读取附件内容" [3madapter[0m[2m=[0m"http" [3moutcome[0m[2m=[0m"accepted" [3mrequest_kind[0m[2m=[0m"附件内容读取" [3mattachment_id[0m[2m=[0m"att-5d2bc6f45393" [3msession_id[0m[2m=[0m"s-3b774a25d87b"
[backend] [2m2026-04-25T16:38:57.4545095+08:00[0m [32m INFO[0m ThreadId(10) [2mkoko::shell::媒体资产外壳[0m[2m:[0m 读取附件内容成功 [3musecase[0m[2m=[0m"读取附件内容" [3madapter[0m[2m=[0m"http" [3moutcome[0m[2m=[0m"succeeded" [3mrequest_kind[0m[2m=[0m"附件内容读取" [3mattachment_id[0m[2m=[0m"att-5d2bc6f45393" [3msession_id[0m[2m=[0m"s-3b774a25d87b"
[backend] [2m2026-04-25T16:38:57.4557452+08:00[0m [32m INFO[0m ThreadId(12) [2mkoko::shell::媒体资产外壳[0m[2m:[0m 读取附件内容成功 [3musecase[0m[2m=[0m"读取附件内容" [3madapter[0m[2m=[0m"http" [3moutcome[0m[2m=[0m"succeeded" [3mrequest_kind[0m[2m=[0m"附件内容读取" [3mattachment_id[0m[2m=[0m"att-e35bd47b6508" [3msession_id[0m[2m=[0m"s-3b774a25d87b"
[backend] [2m2026-04-25T16:38:57.4557503+08:00[0m [32m INFO[0m ThreadId(13) [2mkoko::shell::媒体资产外壳[0m[2m:[0m 读取附件内容成功 [3musecase[0m[2m=[0m"读取附件内容" [3madapter[0m[2m=[0m"http" [3moutcome[0m[2m=[0m"succeeded" [3mrequest_kind[0m[2m=[0m"附件内容读取" [3mattachment_id[0m[2m=[0m"att-e35bd47b6508" [3msession_id[0m[2m=[0m"s-3b774a25d87b"
[backend] [2m2026-04-25T16:38:57.455886+08:00[0m [32m INFO[0m ThreadId(08) [2mkoko::shell::媒体资产外壳[0m[2m:[0m 读取附件内容成功 [3musecase[0m[2m=[0m"读取附件内容" [3madapter[0m[2m=[0m"http" [3moutcome[0m[2m=[0m"succeeded" [3mrequest_kind[0m[2m=[0m"附件内容读取" [3mattachment_id[0m[2m=[0m"att-e35bd47b6508" [3msession_id[0m[2m=[0m"s-3b774a25d87b"
[backend] [2m2026-04-25T16:38:57.4739753+08:00[0m [32m INFO[0m ThreadId(11) [2mkoko::shell::媒体资产外壳[0m[2m:[0m HTTP 请求已受理 [3musecase[0m[2m=[0m"读取附件内容" [3madapter[0m[2m=[0m"http" [3moutcome[0m[2m=[0m"accepted" [3mrequest_kind[0m[2m=[0m"附件内容读取" [3mattachment_id[0m[2m=[0m"att-5d2bc6f45393" [3msession_id[0m[2m=[0m"s-3b774a25d87b"
[backend] [2m2026-04-25T16:38:57.4764137+08:00[0m [32m INFO[0m ThreadId(12) [2mkoko::shell::媒体资产外壳[0m[2m:[0m 读取附件内容成功 [3musecase[0m[2m=[0m"读取附件内容" [3madapter[0m[2m=[0m"http" [3moutcome[0m[2m=[0m"succeeded" [3mrequest_kind[0m[2m=[0m"附件内容读取" [3mattachment_id[0m[2m=[0m"att-5d2bc6f45393" [3msession_id[0m[2m=[0m"s-3b774a25d87b"
[backend] [2m2026-04-25T16:38:57.4934842+08:00[0m [32m INFO[0m ThreadId(12) [2mkoko::shell::媒体资产外壳[0m[2m:[0m 读取附件内容成功 [3musecase[0m[2m=[0m"读取附件内容" [3madapter[0m[2m=[0m"http" [3moutcome[0m[2m=[0m"succeeded" [3mrequest_kind[0m[2m=[0m"附件内容读取" [3mattachment_id[0m[2m=[0m"att-5d2bc6f45393" [3msession_id[0m[2m=[0m"s-3b774a25d87b"
[backend] [2m2026-04-25T16:38:57.4952584+08:00[0m [32m INFO[0m ThreadId(11) [2mkoko::shell::媒体资产外壳[0m[2m:[0m HTTP 请求已受理 [3musecase[0m[2m=[0m"读取附件内容" [3madapter[0m[2m=[0m"http" [3moutcome[0m[2m=[0m"accepted" [3mrequest_kind[0m[2m=[0m"附件内容读取" [3mattachment_id[0m[2m=[0m"att-4e0480d9e16e" [3msession_id[0m[2m=[0m"s-3b774a25d87b"
[backend] [2m2026-04-25T16:38:57.4979865+08:00[0m [32m INFO[0m ThreadId(11) [2mkoko::shell::媒体资产外壳[0m[2m:[0m HTTP 请求已受理 [3musecase[0m[2m=[0m"读取附件内容" [3madapter[0m[2m=[0m"http" [3moutcome[0m[2m=[0m"accepted" [3mrequest_kind[0m[2m=[0m"附件内容读取" [3mattachment_id[0m[2m=[0m"att-4e0480d9e16e" [3msession_id[0m[2m=[0m"s-3b774a25d87b"
[backend] [2m2026-04-25T16:38:57.5009604+08:00[0m [32m INFO[0m ThreadId(11) [2mkoko::shell::媒体资产外壳[0m[2m:[0m HTTP 请求已受理 [3musecase[0m[2m=[0m"读取附件内容" [3madapter[0m[2m=[0m"http" [3moutcome[0m[2m=[0m"accepted" [3mrequest_kind[0m[2m=[0m"附件内容读取" [3mattachment_id[0m[2m=[0m"att-4e0480d9e16e" [3msession_id[0m[2m=[0m"s-3b774a25d87b"
[backend] [2m2026-04-25T16:38:57.5020105+08:00[0m [32m INFO[0m ThreadId(08) [2mkoko::shell::媒体资产外壳[0m[2m:[0m HTTP 请求已受理 [3musecase[0m[2m=[0m"读取附件内容" [3madapter[0m[2m=[0m"http" [3moutcome[0m[2m=[0m"accepted" [3mrequest_kind[0m[2m=[0m"附件内容读取" [3mattachment_id[0m[2m=[0m"att-4e0480d9e16e" [3msession_id[0m[2m=[0m"s-3b774a25d87b"
[backend] [2m2026-04-25T16:38:57.5024785+08:00[0m [32m INFO[0m ThreadId(11) [2mkoko::shell::媒体资产外壳[0m[2m:[0m HTTP 请求已受理 [3musecase[0m[2m=[0m"读取附件内容" [3madapter[0m[2m=[0m"http" [3moutcome[0m[2m=[0m"accepted" [3mrequest_kind[0m[2m=[0m"附件内容读取" [3mattachment_id[0m[2m=[0m"att-10b60d10c9e1" [3msession_id[0m[2m=[0m"s-3b774a25d87b"
[backend] [2m2026-04-25T16:38:57.5038328+08:00[0m [32m INFO[0m ThreadId(13) [2mkoko::shell::媒体资产外壳[0m[2m:[0m HTTP 请求已受理 [3musecase[0m[2m=[0m"读取附件内容" [3madapter[0m[2m=[0m"http" [3moutcome[0m[2m=[0m"accepted" [3mrequest_kind[0m[2m=[0m"附件内容读取" [3mattachment_id[0m[2m=[0m"att-10b60d10c9e1" [3msession_id[0m[2m=[0m"s-3b774a25d87b"
[backend] [2m2026-04-25T16:38:57.5093518+08:00[0m [32m INFO[0m ThreadId(08) [2mkoko::shell::媒体资产外壳[0m[2m:[0m 读取附件内容成功 [3musecase[0m[2m=[0m"读取附件内容" [3madapter[0m[2m=[0m"http" [3moutcome[0m[2m=[0m"succeeded" [3mrequest_kind[0m[2m=[0m"附件内容读取" [3mattachment_id[0m[2m=[0m"att-4e0480d9e16e" [3msession_id[0m[2m=[0m"s-3b774a25d87b"
[backend] [2m2026-04-25T16:38:57.5107766+08:00[0m [32m INFO[0m ThreadId(10) [2mkoko::shell::媒体资产外壳[0m[2m:[0m 读取附件内容成功 [3musecase[0m[2m=[0m"读取附件内容" [3madapter[0m[2m=[0m"http" [3moutcome[0m[2m=[0m"succeeded" [3mrequest_kind[0m[2m=[0m"附件内容读取" [3mattachment_id[0m[2m=[0m"att-4e0480d9e16e" [3msession_id[0m[2m=[0m"s-3b774a25d87b"
[backend] [2m2026-04-25T16:38:57.5147033+08:00[0m [32m INFO[0m ThreadId(10) [2mkoko::shell::媒体资产外壳[0m[2m:[0m 读取附件内容成功 [3musecase[0m[2m=[0m"读取附件内容" [3madapter[0m[2m=[0m"http" [3moutcome[0m[2m=[0m"succeeded" [3mrequest_kind[0m[2m=[0m"附件内容读取" [3mattachment_id[0m[2m=[0m"att-10b60d10c9e1" [3msession_id[0m[2m=[0m"s-3b774a25d87b"
[backend] [2m2026-04-25T16:38:57.5178666+08:00[0m [32m INFO[0m ThreadId(10) [2mkoko::shell::媒体资产外壳[0m[2m:[0m 读取附件内容成功 [3musecase[0m[2m=[0m"读取附件内容" [3madapter[0m[2m=[0m"http" [3moutcome[0m[2m=[0m"succeeded" [3mrequest_kind[0m[2m=[0m"附件内容读取" [3mattachment_id[0m[2m=[0m"att-10b60d10c9e1" [3msession_id[0m[2m=[0m"s-3b774a25d87b"
[backend] [2m2026-04-25T16:38:57.5188245+08:00[0m [32m INFO[0m ThreadId(11) [2mkoko::shell::媒体资产外壳[0m[2m:[0m 读取附件内容成功 [3musecase[0m[2m=[0m"读取附件内容" [3madapter[0m[2m=[0m"http" [3moutcome[0m[2m=[0m"succeeded" [3mrequest_kind[0m[2m=[0m"附件内容读取" [3mattachment_id[0m[2m=[0m"att-4e0480d9e16e" [3msession_id[0m[2m=[0m"s-3b774a25d87b"
[backend] [2m2026-04-25T16:38:57.5188245+08:00[0m [32m INFO[0m ThreadId(08) [2mkoko::shell::媒体资产外壳[0m[2m:[0m 读取附件内容成功 [3musecase[0m[2m=[0m"读取附件内容" [3madapter[0m[2m=[0m"http" [3moutcome[0m[2m=[0m"succeeded" [3mrequest_kind[0m[2m=[0m"附件内容读取" [3mattachment_id[0m[2m=[0m"att-4e0480d9e16e" [3msession_id[0m[2m=[0m"s-3b774a25d87b"
[backend] [2m2026-04-25T16:38:57.5274288+08:00[0m [32m INFO[0m ThreadId(13) [2mkoko::shell::媒体资产外壳[0m[2m:[0m HTTP 请求已受理 [3musecase[0m[2m=[0m"读取附件内容" [3madapter[0m[2m=[0m"http" [3moutcome[0m[2m=[0m"accepted" [3mrequest_kind[0m[2m=[0m"附件内容读取" [3mattachment_id[0m[2m=[0m"att-9f6a9ebb48a6" [3msession_id[0m[2m=[0m"s-3b774a25d87b"
[backend] [2m2026-04-25T16:38:57.5352764+08:00[0m [32m INFO[0m ThreadId(13) [2mkoko::shell::媒体资产外壳[0m[2m:[0m HTTP 请求已受理 [3musecase[0m[2m=[0m"读取附件内容" [3madapter[0m[2m=[0m"http" [3moutcome[0m[2m=[0m"accepted" [3mrequest_kind[0m[2m=[0m"附件内容读取" [3mattachment_id[0m[2m=[0m"att-9f6a9ebb48a6" [3msession_id[0m[2m=[0m"s-3b774a25d87b"
[backend] [2m2026-04-25T16:38:57.5374151+08:00[0m [32m INFO[0m ThreadId(13) [2mkoko::shell::媒体资产外壳[0m[2m:[0m HTTP 请求已受理 [3musecase[0m[2m=[0m"读取附件内容" [3madapter[0m[2m=[0m"http" [3moutcome[0m[2m=[0m"accepted" [3mrequest_kind[0m[2m=[0m"附件内容读取" [3mattachment_id[0m[2m=[0m"att-9f6a9ebb48a6" [3msession_id[0m[2m=[0m"s-3b774a25d87b"
[backend] [2m2026-04-25T16:38:57.5389178+08:00[0m [32m INFO[0m ThreadId(11) [2mkoko::shell::媒体资产外壳[0m[2m:[0m HTTP 请求已受理 [3musecase[0m[2m=[0m"读取附件内容" [3madapter[0m[2m=[0m"http" [3moutcome[0m[2m=[0m"accepted" [3mrequest_kind[0m[2m=[0m"附件内容读取" [3mattachment_id[0m[2m=[0m"att-9f6a9ebb48a6" [3msession_id[0m[2m=[0m"s-3b774a25d87b"
[backend] [2m2026-04-25T16:38:57.5394818+08:00[0m [32m INFO[0m ThreadId(13) [2mkoko::shell::媒体资产外壳[0m[2m:[0m 读取附件内容成功 [3musecase[0m[2m=[0m"读取附件内容" [3madapter[0m[2m=[0m"http" [3moutcome[0m[2m=[0m"succeeded" [3mrequest_kind[0m[2m=[0m"附件内容读取" [3mattachment_id[0m[2m=[0m"att-9f6a9ebb48a6" [3msession_id[0m[2m=[0m"s-3b774a25d87b"
[backend] [2m2026-04-25T16:38:57.5487085+08:00[0m [32m INFO[0m ThreadId(10) [2mkoko::shell::媒体资产外壳[0m[2m:[0m 读取附件内容成功 [3musecase[0m[2m=[0m"读取附件内容" [3madapter[0m[2m=[0m"http" [3moutcome[0m[2m=[0m"succeeded" [3mrequest_kind[0m[2m=[0m"附件内容读取" [3mattachment_id[0m[2m=[0m"att-9f6a9ebb48a6" [3msession_id[0m[2m=[0m"s-3b774a25d87b"
[backend] [2m2026-04-25T16:38:57.5512538+08:00[0m [32m INFO[0m ThreadId(10) [2mkoko::shell::媒体资产外壳[0m[2m:[0m 读取附件内容成功 [3musecase[0m[2m=[0m"读取附件内容" [3madapter[0m[2m=[0m"http" [3moutcome[0m[2m=[0m"succeeded" [3mrequest_kind[0m[2m=[0m"附件内容读取" [3mattachment_id[0m[2m=[0m"att-9f6a9ebb48a6" [3msession_id[0m[2m=[0m"s-3b774a25d87b"
[backend] [2m2026-04-25T16:38:57.5513136+08:00[0m [32m INFO[0m ThreadId(12) [2mkoko::shell::媒体资产外壳[0m[2m:[0m 读取附件内容成功 [3musecase[0m[2m=[0m"读取附件内容" [3madapter[0m[2m=[0m"http" [3moutcome[0m[2m=[0m"succeeded" [3mrequest_kind[0m[2m=[0m"附件内容读取" [3mattachment_id[0m[2m=[0m"att-9f6a9ebb48a6" [3msession_id[0m[2m=[0m"s-3b774a25d87b"
[backend] [2m2026-04-25T16:38:57.8073454+08:00[0m [32m INFO[0m ThreadId(13) [2mkoko::shell::媒体资产外壳[0m[2m:[0m HTTP 请求已受理 [3musecase[0m[2m=[0m"读取附件内容" [3madapter[0m[2m=[0m"http" [3moutcome[0m[2m=[0m"accepted" [3mrequest_kind[0m[2m=[0m"附件内容读取" [3mattachment_id[0m[2m=[0m"att-5d2bc6f45393" [3msession_id[0m[2m=[0m"s-3b774a25d87b"
[backend] [2m2026-04-25T16:38:57.8112635+08:00[0m [32m INFO[0m ThreadId(10) [2mkoko::shell::媒体资产外壳[0m[2m:[0m HTTP 请求已受理 [3musecase[0m[2m=[0m"读取附件内容" [3madapter[0m[2m=[0m"http" [3moutcome[0m[2m=[0m"accepted" [3mrequest_kind[0m[2m=[0m"附件内容读取" [3mattachment_id[0m[2m=[0m"att-5d2bc6f45393" [3msession_id[0m[2m=[0m"s-3b774a25d87b"
[backend] [2m2026-04-25T16:38:57.8173562+08:00[0m [32m INFO[0m ThreadId(10) [2mkoko::shell::媒体资产外壳[0m[2m:[0m HTTP 请求已受理 [3musecase[0m[2m=[0m"读取附件内容" [3madapter[0m[2m=[0m"http" [3moutcome[0m[2m=[0m"accepted" [3mrequest_kind[0m[2m=[0m"附件内容读取" [3mattachment_id[0m[2m=[0m"att-5d2bc6f45393" [3msession_id[0m[2m=[0m"s-3b774a25d87b"
[backend] [2m2026-04-25T16:38:57.8206623+08:00[0m [32m INFO[0m ThreadId(10) [2mkoko::shell::媒体资产外壳[0m[2m:[0m HTTP 请求已受理 [3musecase[0m[2m=[0m"读取附件内容" [3madapter[0m[2m=[0m"http" [3moutcome[0m[2m=[0m"accepted" [3mrequest_kind[0m[2m=[0m"附件内容读取" [3mattachment_id[0m[2m=[0m"att-5d2bc6f45393" [3msession_id[0m[2m=[0m"s-3b774a25d87b"
[backend] [2m2026-04-25T16:38:57.8283955+08:00[0m [32m INFO[0m ThreadId(10) [2mkoko::shell::媒体资产外壳[0m[2m:[0m 读取附件内容成功 [3musecase[0m[2m=[0m"读取附件内容" [3madapter[0m[2m=[0m"http" [3moutcome[0m[2m=[0m"succeeded" [3mrequest_kind[0m[2m=[0m"附件内容读取" [3mattachment_id[0m[2m=[0m"att-5d2bc6f45393" [3msession_id[0m[2m=[0m"s-3b774a25d87b"
[backend] [2m2026-04-25T16:38:57.8300547+08:00[0m [32m INFO[0m ThreadId(11) [2mkoko::shell::媒体资产外壳[0m[2m:[0m HTTP 请求已受理 [3musecase[0m[2m=[0m"读取附件内容" [3madapter[0m[2m=[0m"http" [3moutcome[0m[2m=[0m"accepted" [3mrequest_kind[0m[2m=[0m"附件内容读取" [3mattachment_id[0m[2m=[0m"att-4e0480d9e16e" [3msession_id[0m[2m=[0m"s-3b774a25d87b"
[backend] [2m2026-04-25T16:38:57.8285901+08:00[0m [32m INFO[0m ThreadId(12) [2mkoko::shell::媒体资产外壳[0m[2m:[0m 读取附件内容成功 [3musecase[0m[2m=[0m"读取附件内容" [3madapter[0m[2m=[0m"http" [3moutcome[0m[2m=[0m"succeeded" [3mrequest_kind[0m[2m=[0m"附件内容读取" [3mattachment_id[0m[2m=[0m"att-5d2bc6f45393" [3msession_id[0m[2m=[0m"s-3b774a25d87b"
[backend] [2m2026-04-25T16:38:57.8317123+08:00[0m [32m INFO[0m ThreadId(11) [2mkoko::shell::媒体资产外壳[0m[2m:[0m HTTP 请求已受理 [3musecase[0m[2m=[0m"读取附件内容" [3madapter[0m[2m=[0m"http" [3moutcome[0m[2m=[0m"accepted" [3mrequest_kind[0m[2m=[0m"附件内容读取" [3mattachment_id[0m[2m=[0m"att-4e0480d9e16e" [3msession_id[0m[2m=[0m"s-3b774a25d87b"
[backend] [2m2026-04-25T16:38:57.8346337+08:00[0m [32m INFO[0m ThreadId(11) [2mkoko::shell::媒体资产外壳[0m[2m:[0m 读取附件内容成功 [3musecase[0m[2m=[0m"读取附件内容" [3madapter[0m[2m=[0m"http" [3moutcome[0m[2m=[0m"succeeded" [3mrequest_kind[0m[2m=[0m"附件内容读取" [3mattachment_id[0m[2m=[0m"att-5d2bc6f45393" [3msession_id[0m[2m=[0m"s-3b774a25d87b"
[backend] [2m2026-04-25T16:38:57.8392972+08:00[0m [32m INFO[0m ThreadId(08) [2mkoko::shell::媒体资产外壳[0m[2m:[0m HTTP 请求已受理 [3musecase[0m[2m=[0m"读取附件内容" [3madapter[0m[2m=[0m"http" [3moutcome[0m[2m=[0m"accepted" [3mrequest_kind[0m[2m=[0m"附件内容读取" [3mattachment_id[0m[2m=[0m"att-4e0480d9e16e" [3msession_id[0m[2m=[0m"s-3b774a25d87b"
[backend] [2m2026-04-25T16:38:57.8424329+08:00[0m [32m INFO[0m ThreadId(12) [2mkoko::shell::媒体资产外壳[0m[2m:[0m 读取附件内容成功 [3musecase[0m[2m=[0m"读取附件内容" [3madapter[0m[2m=[0m"http" [3moutcome[0m[2m=[0m"succeeded" [3mrequest_kind[0m[2m=[0m"附件内容读取" [3mattachment_id[0m[2m=[0m"att-5d2bc6f45393" [3msession_id[0m[2m=[0m"s-3b774a25d87b"
[backend] [2m2026-04-25T16:38:57.8434322+08:00[0m [32m INFO[0m ThreadId(13) [2mkoko::shell::媒体资产外壳[0m[2m:[0m 读取附件内容成功 [3musecase[0m[2m=[0m"读取附件内容" [3madapter[0m[2m=[0m"http" [3moutcome[0m[2m=[0m"succeeded" [3mrequest_kind[0m[2m=[0m"附件内容读取" [3mattachment_id[0m[2m=[0m"att-4e0480d9e16e" [3msession_id[0m[2m=[0m"s-3b774a25d87b"
[backend] [2m2026-04-25T16:38:57.8459517+08:00[0m [32m INFO[0m ThreadId(08) [2mkoko::shell::媒体资产外壳[0m[2m:[0m HTTP 请求已受理 [3musecase[0m[2m=[0m"读取附件内容" [3madapter[0m[2m=[0m"http" [3moutcome[0m[2m=[0m"accepted" [3mrequest_kind[0m[2m=[0m"附件内容读取" [3mattachment_id[0m[2m=[0m"att-4e0480d9e16e" [3msession_id[0m[2m=[0m"s-3b774a25d87b"
[backend] [2m2026-04-25T16:38:57.8491646+08:00[0m [32m INFO[0m ThreadId(08) [2mkoko::shell::媒体资产外壳[0m[2m:[0m HTTP 请求已受理 [3musecase[0m[2m=[0m"读取附件内容" [3madapter[0m[2m=[0m"http" [3moutcome[0m[2m=[0m"accepted" [3mrequest_kind[0m[2m=[0m"附件内容读取" [3mattachment_id[0m[2m=[0m"att-e35bd47b6508" [3msession_id[0m[2m=[0m"s-3b774a25d87b"
[backend] [2m2026-04-25T16:38:57.8507971+08:00[0m [32m INFO[0m ThreadId(08) [2mkoko::shell::媒体资产外壳[0m[2m:[0m HTTP 请求已受理 [3musecase[0m[2m=[0m"读取附件内容" [3madapter[0m[2m=[0m"http" [3moutcome[0m[2m=[0m"accepted" [3mrequest_kind[0m[2m=[0m"附件内容读取" [3mattachment_id[0m[2m=[0m"att-e35bd47b6508" [3msession_id[0m[2m=[0m"s-3b774a25d87b"
[backend] [2m2026-04-25T16:38:57.8543203+08:00[0m [32m INFO[0m ThreadId(08) [2mkoko::shell::媒体资产外壳[0m[2m:[0m 读取附件内容成功 [3musecase[0m[2m=[0m"读取附件内容" [3madapter[0m[2m=[0m"http" [3moutcome[0m[2m=[0m"succeeded" [3mrequest_kind[0m[2m=[0m"附件内容读取" [3mattachment_id[0m[2m=[0m"att-4e0480d9e16e" [3msession_id[0m[2m=[0m"s-3b774a25d87b"
[backend] [2m2026-04-25T16:38:57.8543925+08:00[0m [32m INFO[0m ThreadId(12) [2mkoko::shell::媒体资产外壳[0m[2m:[0m HTTP 请求已受理 [3musecase[0m[2m=[0m"读取附件内容" [3madapter[0m[2m=[0m"http" [3moutcome[0m[2m=[0m"accepted" [3mrequest_kind[0m[2m=[0m"附件内容读取" [3mattachment_id[0m[2m=[0m"att-9f6a9ebb48a6" [3msession_id[0m[2m=[0m"s-3b774a25d87b"
[backend] [2m2026-04-25T16:38:57.8569311+08:00[0m [32m INFO[0m ThreadId(11) [2mkoko::shell::媒体资产外壳[0m[2m:[0m 读取附件内容成功 [3musecase[0m[2m=[0m"读取附件内容" [3madapter[0m[2m=[0m"http" [3moutcome[0m[2m=[0m"succeeded" [3mrequest_kind[0m[2m=[0m"附件内容读取" [3mattachment_id[0m[2m=[0m"att-e35bd47b6508" [3msession_id[0m[2m=[0m"s-3b774a25d87b"
[backend] [2m2026-04-25T16:38:57.8612509+08:00[0m [32m INFO[0m ThreadId(13) [2mkoko::shell::媒体资产外壳[0m[2m:[0m HTTP 请求已受理 [3musecase[0m[2m=[0m"读取附件内容" [3madapter[0m[2m=[0m"http" [3moutcome[0m[2m=[0m"accepted" [3mrequest_kind[0m[2m=[0m"附件内容读取" [3mattachment_id[0m[2m=[0m"att-9f6a9ebb48a6" [3msession_id[0m[2m=[0m"s-3b774a25d87b"
[backend] [2m2026-04-25T16:38:57.8612902+08:00[0m [32m INFO[0m ThreadId(08) [2mkoko::shell::媒体资产外壳[0m[2m:[0m 读取附件内容成功 [3musecase[0m[2m=[0m"读取附件内容" [3madapter[0m[2m=[0m"http" [3moutcome[0m[2m=[0m"succeeded" [3mrequest_kind[0m[2m=[0m"附件内容读取" [3mattachment_id[0m[2m=[0m"att-4e0480d9e16e" [3msession_id[0m[2m=[0m"s-3b774a25d87b"
[backend] [2m2026-04-25T16:38:57.8615023+08:00[0m [32m INFO[0m ThreadId(12) [2mkoko::shell::媒体资产外壳[0m[2m:[0m HTTP 请求已受理 [3musecase[0m[2m=[0m"读取附件内容" [3madapter[0m[2m=[0m"http" [3moutcome[0m[2m=[0m"accepted" [3mrequest_kind[0m[2m=[0m"附件内容读取" [3mattachment_id[0m[2m=[0m"att-9f6a9ebb48a6" [3msession_id[0m[2m=[0m"s-3b774a25d87b"
[backend] [2m2026-04-25T16:38:57.8615848+08:00[0m [32m INFO[0m ThreadId(11) [2mkoko::shell::媒体资产外壳[0m[2m:[0m 读取附件内容成功 [3musecase[0m[2m=[0m"读取附件内容" [3madapter[0m[2m=[0m"http" [3moutcome[0m[2m=[0m"succeeded" [3mrequest_kind[0m[2m=[0m"附件内容读取" [3mattachment_id[0m[2m=[0m"att-4e0480d9e16e" [3msession_id[0m[2m=[0m"s-3b774a25d87b"
[backend] [2m2026-04-25T16:38:57.8667748+08:00[0m [32m INFO[0m ThreadId(13) [2mkoko::shell::媒体资产外壳[0m[2m:[0m 读取附件内容成功 [3musecase[0m[2m=[0m"读取附件内容" [3madapter[0m[2m=[0m"http" [3moutcome[0m[2m=[0m"succeeded" [3mrequest_kind[0m[2m=[0m"附件内容读取" [3mattachment_id[0m[2m=[0m"att-9f6a9ebb48a6" [3msession_id[0m[2m=[0m"s-3b774a25d87b"
[backend] [2m2026-04-25T16:38:57.8681711+08:00[0m [32m INFO[0m ThreadId(09) [2mkoko::shell::媒体资产外壳[0m[2m:[0m 读取附件内容成功 [3musecase[0m[2m=[0m"读取附件内容" [3madapter[0m[2m=[0m"http" [3moutcome[0m[2m=[0m"succeeded" [3mrequest_kind[0m[2m=[0m"附件内容读取" [3mattachment_id[0m[2m=[0m"att-e35bd47b6508" [3msession_id[0m[2m=[0m"s-3b774a25d87b"
[backend] [2m2026-04-25T16:38:57.8764827+08:00[0m [32m INFO[0m ThreadId(11) [2mkoko::shell::媒体资产外壳[0m[2m:[0m HTTP 请求已受理 [3musecase[0m[2m=[0m"读取附件内容" [3madapter[0m[2m=[0m"http" [3moutcome[0m[2m=[0m"accepted" [3mrequest_kind[0m[2m=[0m"附件内容读取" [3mattachment_id[0m[2m=[0m"att-9f6a9ebb48a6" [3msession_id[0m[2m=[0m"s-3b774a25d87b"
[backend] [2m2026-04-25T16:38:57.8777838+08:00[0m [32m INFO[0m ThreadId(09) [2mkoko::shell::媒体资产外壳[0m[2m:[0m 读取附件内容成功 [3musecase[0m[2m=[0m"读取附件内容" [3madapter[0m[2m=[0m"http" [3moutcome[0m[2m=[0m"succeeded" [3mrequest_kind[0m[2m=[0m"附件内容读取" [3mattachment_id[0m[2m=[0m"att-9f6a9ebb48a6" [3msession_id[0m[2m=[0m"s-3b774a25d87b"
[backend] [2m2026-04-25T16:38:57.8775859+08:00[0m [32m INFO[0m ThreadId(08) [2mkoko::shell::媒体资产外壳[0m[2m:[0m 读取附件内容成功 [3musecase[0m[2m=[0m"读取附件内容" [3madapter[0m[2m=[0m"http" [3moutcome[0m[2m=[0m"succeeded" [3mrequest_kind[0m[2m=[0m"附件内容读取" [3mattachment_id[0m[2m=[0m"att-9f6a9ebb48a6" [3msession_id[0m[2m=[0m"s-3b774a25d87b"
[backend] [2m2026-04-25T16:38:57.8887902+08:00[0m [32m INFO[0m ThreadId(08) [2mkoko::shell::媒体资产外壳[0m[2m:[0m 读取附件内容成功 [3musecase[0m[2m=[0m"读取附件内容" [3madapter[0m[2m=[0m"http" [3moutcome[0m[2m=[0m"succeeded" [3mrequest_kind[0m[2m=[0m"附件内容读取" [3mattachment_id[0m[2m=[0m"att-9f6a9ebb48a6" [3msession_id[0m[2m=[0m"s-3b774a25d87b"
[tracker] 2026-04-25T08:38:57.916Z complete: 2d5757303230382d564f594651326c6753477054
[backend] [2m2026-04-25T16:38:58.029414+08:00[0m [32m INFO[0m ThreadId(08) [2mkoko::shell::媒体资产外壳[0m[2m:[0m HTTP 请求已受理 [3musecase[0m[2m=[0m"读取附件内容" [3madapter[0m[2m=[0m"http" [3moutcome[0m[2m=[0m"accepted" [3mrequest_kind[0m[2m=[0m"附件内容读取" [3mattachment_id[0m[2m=[0m"att-4e0480d9e16e" [3msession_id[0m[2m=[0m"s-3b774a25d87b"
[backend] [2m2026-04-25T16:38:58.0310882+08:00[0m [32m INFO[0m ThreadId(08) [2mkoko::shell::媒体资产外壳[0m[2m:[0m HTTP 请求已受理 [3musecase[0m[2m=[0m"读取附件内容" [3madapter[0m[2m=[0m"http" [3moutcome[0m[2m=[0m"accepted" [3mrequest_kind[0m[2m=[0m"附件内容读取" [3mattachment_id[0m[2m=[0m"att-4e0480d9e16e" [3msession_id[0m[2m=[0m"s-3b774a25d87b"
[backend] [2m2026-04-25T16:38:58.0328274+08:00[0m [32m INFO[0m ThreadId(08) [2mkoko::shell::媒体资产外壳[0m[2m:[0m HTTP 请求已受理 [3musecase[0m[2m=[0m"读取附件内容" [3madapter[0m[2m=[0m"http" [3moutcome[0m[2m=[0m"accepted" [3mrequest_kind[0m[2m=[0m"附件内容读取" [3mattachment_id[0m[2m=[0m"att-4e0480d9e16e" [3msession_id[0m[2m=[0m"s-3b774a25d87b"
[backend] [2m2026-04-25T16:38:58.034397+08:00[0m [32m INFO[0m ThreadId(08) [2mkoko::shell::媒体资产外壳[0m[2m:[0m HTTP 请求已受理 [3musecase[0m[2m=[0m"读取附件内容" [3madapter[0m[2m=[0m"http" [3moutcome[0m[2m=[0m"accepted" [3mrequest_kind[0m[2m=[0m"附件内容读取" [3mattachment_id[0m[2m=[0m"att-4e0480d9e16e" [3msession_id[0m[2m=[0m"s-3b774a25d87b"
[backend] [2m2026-04-25T16:38:58.0457061+08:00[0m [32m INFO[0m ThreadId(08) [2mkoko::shell::媒体资产外壳[0m[2m:[0m HTTP 请求已受理 [3musecase[0m[2m=[0m"读取附件内容" [3madapter[0m[2m=[0m"http" [3moutcome[0m[2m=[0m"accepted" [3mrequest_kind[0m[2m=[0m"附件内容读取" [3mattachment_id[0m[2m=[0m"att-5d2bc6f45393" [3msession_id[0m[2m=[0m"s-3b774a25d87b"
[backend] [2m2026-04-25T16:38:58.0471558+08:00[0m [32m INFO[0m ThreadId(08) [2mkoko::shell::媒体资产外壳[0m[2m:[0m HTTP 请求已受理 [3musecase[0m[2m=[0m"读取附件内容" [3madapter[0m[2m=[0m"http" [3moutcome[0m[2m=[0m"accepted" [3mrequest_kind[0m[2m=[0m"附件内容读取" [3mattachment_id[0m[2m=[0m"att-5d2bc6f45393" [3msession_id[0m[2m=[0m"s-3b774a25d87b"
[backend] [2m2026-04-25T16:38:58.0472544+08:00[0m [32m INFO[0m ThreadId(09) [2mkoko::shell::媒体资产外壳[0m[2m:[0m 读取附件内容成功 [3musecase[0m[2m=[0m"读取附件内容" [3madapter[0m[2m=[0m"http" [3moutcome[0m[2m=[0m"succeeded" [3mrequest_kind[0m[2m=[0m"附件内容读取" [3mattachment_id[0m[2m=[0m"att-4e0480d9e16e" [3msession_id[0m[2m=[0m"s-3b774a25d87b"
[backend] [2m2026-04-25T16:38:58.0490966+08:00[0m [32m INFO[0m ThreadId(09) [2mkoko::shell::媒体资产外壳[0m[2m:[0m 读取附件内容成功 [3musecase[0m[2m=[0m"读取附件内容" [3madapter[0m[2m=[0m"http" [3moutcome[0m[2m=[0m"succeeded" [3mrequest_kind[0m[2m=[0m"附件内容读取" [3mattachment_id[0m[2m=[0m"att-4e0480d9e16e" [3msession_id[0m[2m=[0m"s-3b774a25d87b"
[backend] [2m2026-04-25T16:38:58.0490965+08:00[0m [32m INFO[0m ThreadId(13) [2mkoko::shell::媒体资产外壳[0m[2m:[0m 读取附件内容成功 [3musecase[0m[2m=[0m"读取附件内容" [3madapter[0m[2m=[0m"http" [3moutcome[0m[2m=[0m"succeeded" [3mrequest_kind[0m[2m=[0m"附件内容读取" [3mattachment_id[0m[2m=[0m"att-4e0480d9e16e" [3msession_id[0m[2m=[0m"s-3b774a25d87b"
[backend] [2m2026-04-25T16:38:58.0552323+08:00[0m [32m INFO[0m ThreadId(13) [2mkoko::shell::媒体资产外壳[0m[2m:[0m 读取附件内容成功 [3musecase[0m[2m=[0m"读取附件内容" [3madapter[0m[2m=[0m"http" [3moutcome[0m[2m=[0m"succeeded" [3mrequest_kind[0m[2m=[0m"附件内容读取" [3mattachment_id[0m[2m=[0m"att-4e0480d9e16e" [3msession_id[0m[2m=[0m"s-3b774a25d87b"
[backend] [2m2026-04-25T16:38:58.0584505+08:00[0m [32m INFO[0m ThreadId(13) [2mkoko::shell::媒体资产外壳[0m[2m:[0m 读取附件内容成功 [3musecase[0m[2m=[0m"读取附件内容" [3madapter[0m[2m=[0m"http" [3moutcome[0m[2m=[0m"succeeded" [3mrequest_kind[0m[2m=[0m"附件内容读取" [3mattachment_id[0m[2m=[0m"att-5d2bc6f45393" [3msession_id[0m[2m=[0m"s-3b774a25d87b"
[backend] [2m2026-04-25T16:38:58.0605349+08:00[0m [32m INFO[0m ThreadId(08) [2mkoko::shell::媒体资产外壳[0m[2m:[0m HTTP 请求已受理 [3musecase[0m[2m=[0m"读取附件内容" [3madapter[0m[2m=[0m"http" [3moutcome[0m[2m=[0m"accepted" [3mrequest_kind[0m[2m=[0m"附件内容读取" [3mattachment_id[0m[2m=[0m"att-5d2bc6f45393" [3msession_id[0m[2m=[0m"s-3b774a25d87b"
[backend] [2m2026-04-25T16:38:58.0625133+08:00[0m [32m INFO[0m ThreadId(08) [2mkoko::shell::媒体资产外壳[0m[2m:[0m 读取附件内容成功 [3musecase[0m[2m=[0m"读取附件内容" [3madapter[0m[2m=[0m"http" [3moutcome[0m[2m=[0m"succeeded" [3mrequest_kind[0m[2m=[0m"附件内容读取" [3mattachment_id[0m[2m=[0m"att-5d2bc6f45393" [3msession_id[0m[2m=[0m"s-3b774a25d87b"
[backend] [2m2026-04-25T16:38:58.0643111+08:00[0m [32m INFO[0m ThreadId(12) [2mkoko::shell::媒体资产外壳[0m[2m:[0m HTTP 请求已受理 [3musecase[0m[2m=[0m"读取附件内容" [3madapter[0m[2m=[0m"http" [3moutcome[0m[2m=[0m"accepted" [3mrequest_kind[0m[2m=[0m"附件内容读取" [3mattachment_id[0m[2m=[0m"att-5d2bc6f45393" [3msession_id[0m[2m=[0m"s-3b774a25d87b"
[backend] [2m2026-04-25T16:38:58.0748587+08:00[0m [32m INFO[0m ThreadId(11) [2mkoko::shell::媒体资产外壳[0m[2m:[0m 读取附件内容成功 [3musecase[0m[2m=[0m"读取附件内容" [3madapter[0m[2m=[0m"http" [3moutcome[0m[2m=[0m"succeeded" [3mrequest_kind[0m[2m=[0m"附件内容读取" [3mattachment_id[0m[2m=[0m"att-5d2bc6f45393" [3msession_id[0m[2m=[0m"s-3b774a25d87b"
[backend] [2m2026-04-25T16:38:58.0780195+08:00[0m [32m INFO[0m ThreadId(13) [2mkoko::shell::媒体资产外壳[0m[2m:[0m 读取附件内容成功 [3musecase[0m[2m=[0m"读取附件内容" [3madapter[0m[2m=[0m"http" [3moutcome[0m[2m=[0m"succeeded" [3mrequest_kind[0m[2m=[0m"附件内容读取" [3mattachment_id[0m[2m=[0m"att-5d2bc6f45393" [3msession_id[0m[2m=[0m"s-3b774a25d87b"
[backend] [2m2026-04-25T16:38:58.0820795+08:00[0m [32m INFO[0m ThreadId(12) [2mkoko::shell::媒体资产外壳[0m[2m:[0m HTTP 请求已受理 [3musecase[0m[2m=[0m"读取附件内容" [3madapter[0m[2m=[0m"http" [3moutcome[0m[2m=[0m"accepted" [3mrequest_kind[0m[2m=[0m"附件内容读取" [3mattachment_id[0m[2m=[0m"att-9f6a9ebb48a6" [3msession_id[0m[2m=[0m"s-3b774a25d87b"
[backend] [2m2026-04-25T16:38:58.0960033+08:00[0m [32m INFO[0m ThreadId(13) [2mkoko::shell::媒体资产外壳[0m[2m:[0m 读取附件内容成功 [3musecase[0m[2m=[0m"读取附件内容" [3madapter[0m[2m=[0m"http" [3moutcome[0m[2m=[0m"succeeded" [3mrequest_kind[0m[2m=[0m"附件内容读取" [3mattachment_id[0m[2m=[0m"att-9f6a9ebb48a6" [3msession_id[0m[2m=[0m"s-3b774a25d87b"
[tracker] 2026-04-25T08:38:58.146Z complete: 2d5757303230382d564f594651326c6753477054
[backend] [2m2026-04-25T16:38:58.2326156+08:00[0m [32m INFO[0m ThreadId(13) [2mkoko::shell::媒体资产外壳[0m[2m:[0m HTTP 请求已受理 [3musecase[0m[2m=[0m"读取附件内容" [3madapter[0m[2m=[0m"http" [3moutcome[0m[2m=[0m"accepted" [3mrequest_kind[0m[2m=[0m"附件内容读取" [3mattachment_id[0m[2m=[0m"att-5d2bc6f45393" [3msession_id[0m[2m=[0m"s-3b774a25d87b"
[backend] [2m2026-04-25T16:38:58.2355003+08:00[0m [32m INFO[0m ThreadId(13) [2mkoko::shell::媒体资产外壳[0m[2m:[0m HTTP 请求已受理 [3musecase[0m[2m=[0m"读取附件内容" [3madapter[0m[2m=[0m"http" [3moutcome[0m[2m=[0m"accepted" [3mrequest_kind[0m[2m=[0m"附件内容读取" [3mattachment_id[0m[2m=[0m"att-5d2bc6f45393" [3msession_id[0m[2m=[0m"s-3b774a25d87b"
[backend] [2m2026-04-25T16:38:58.2356827+08:00[0m [32m INFO[0m ThreadId(12) [2mkoko::shell::媒体资产外壳[0m[2m:[0m HTTP 请求已受理 [3musecase[0m[2m=[0m"读取附件内容" [3madapter[0m[2m=[0m"http" [3moutcome[0m[2m=[0m"accepted" [3mrequest_kind[0m[2m=[0m"附件内容读取" [3mattachment_id[0m[2m=[0m"att-5d2bc6f45393" [3msession_id[0m[2m=[0m"s-3b774a25d87b"
[backend] [2m2026-04-25T16:38:58.2360897+08:00[0m [32m INFO[0m ThreadId(11) [2mkoko::shell::媒体资产外壳[0m[2m:[0m HTTP 请求已受理 [3musecase[0m[2m=[0m"读取附件内容" [3madapter[0m[2m=[0m"http" [3moutcome[0m[2m=[0m"accepted" [3mrequest_kind[0m[2m=[0m"附件内容读取" [3mattachment_id[0m[2m=[0m"att-5d2bc6f45393" [3msession_id[0m[2m=[0m"s-3b774a25d87b"
[backend] [2m2026-04-25T16:38:58.2396269+08:00[0m [32m INFO[0m ThreadId(08) [2mkoko::shell::媒体资产外壳[0m[2m:[0m HTTP 请求已受理 [3musecase[0m[2m=[0m"读取附件内容" [3madapter[0m[2m=[0m"http" [3moutcome[0m[2m=[0m"accepted" [3mrequest_kind[0m[2m=[0m"附件内容读取" [3mattachment_id[0m[2m=[0m"att-4e0480d9e16e" [3msession_id[0m[2m=[0m"s-3b774a25d87b"
[backend] [2m2026-04-25T16:38:58.2424979+08:00[0m [32m INFO[0m ThreadId(08) [2mkoko::shell::媒体资产外壳[0m[2m:[0m HTTP 请求已受理 [3musecase[0m[2m=[0m"读取附件内容" [3madapter[0m[2m=[0m"http" [3moutcome[0m[2m=[0m"accepted" [3mrequest_kind[0m[2m=[0m"附件内容读取" [3mattachment_id[0m[2m=[0m"att-4e0480d9e16e" [3msession_id[0m[2m=[0m"s-3b774a25d87b"
[backend] [2m2026-04-25T16:38:58.2529543+08:00[0m [32m INFO[0m ThreadId(11) [2mkoko::shell::媒体资产外壳[0m[2m:[0m 读取附件内容成功 [3musecase[0m[2m=[0m"读取附件内容" [3madapter[0m[2m=[0m"http" [3moutcome[0m[2m=[0m"succeeded" [3mrequest_kind[0m[2m=[0m"附件内容读取" [3mattachment_id[0m[2m=[0m"att-5d2bc6f45393" [3msession_id[0m[2m=[0m"s-3b774a25d87b"
[backend] [2m2026-04-25T16:38:58.2535847+08:00[0m [32m INFO[0m ThreadId(09) [2mkoko::shell::媒体资产外壳[0m[2m:[0m 读取附件内容成功 [3musecase[0m[2m=[0m"读取附件内容" [3madapter[0m[2m=[0m"http" [3moutcome[0m[2m=[0m"succeeded" [3mrequest_kind[0m[2m=[0m"附件内容读取" [3mattachment_id[0m[2m=[0m"att-4e0480d9e16e" [3msession_id[0m[2m=[0m"s-3b774a25d87b"
[backend] [2m2026-04-25T16:38:58.255145+08:00[0m [32m INFO[0m ThreadId(12) [2mkoko::shell::媒体资产外壳[0m[2m:[0m 读取附件内容成功 [3musecase[0m[2m=[0m"读取附件内容" [3madapter[0m[2m=[0m"http" [3moutcome[0m[2m=[0m"succeeded" [3mrequest_kind[0m[2m=[0m"附件内容读取" [3mattachment_id[0m[2m=[0m"att-5d2bc6f45393" [3msession_id[0m[2m=[0m"s-3b774a25d87b"
[backend] [2m2026-04-25T16:38:58.2551415+08:00[0m [32m INFO[0m ThreadId(11) [2mkoko::shell::媒体资产外壳[0m[2m:[0m 读取附件内容成功 [3musecase[0m[2m=[0m"读取附件内容" [3madapter[0m[2m=[0m"http" [3moutcome[0m[2m=[0m"succeeded" [3mrequest_kind[0m[2m=[0m"附件内容读取" [3mattachment_id[0m[2m=[0m"att-5d2bc6f45393" [3msession_id[0m[2m=[0m"s-3b774a25d87b"
[backend] [2m2026-04-25T16:38:58.2551592+08:00[0m [32m INFO[0m ThreadId(08) [2mkoko::shell::媒体资产外壳[0m[2m:[0m 读取附件内容成功 [3musecase[0m[2m=[0m"读取附件内容" [3madapter[0m[2m=[0m"http" [3moutcome[0m[2m=[0m"succeeded" [3mrequest_kind[0m[2m=[0m"附件内容读取" [3mattachment_id[0m[2m=[0m"att-5d2bc6f45393" [3msession_id[0m[2m=[0m"s-3b774a25d87b"
[backend] [2m2026-04-25T16:38:58.2599525+08:00[0m [32m INFO[0m ThreadId(12) [2mkoko::shell::媒体资产外壳[0m[2m:[0m 读取附件内容成功 [3musecase[0m[2m=[0m"读取附件内容" [3madapter[0m[2m=[0m"http" [3moutcome[0m[2m=[0m"succeeded" [3mrequest_kind[0m[2m=[0m"附件内容读取" [3mattachment_id[0m[2m=[0m"att-4e0480d9e16e" [3msession_id[0m[2m=[0m"s-3b774a25d87b"
[backend] [2m2026-04-25T16:38:58.2650271+08:00[0m [32m INFO[0m ThreadId(09) [2mkoko::shell::媒体资产外壳[0m[2m:[0m HTTP 请求已受理 [3musecase[0m[2m=[0m"读取附件内容" [3madapter[0m[2m=[0m"http" [3moutcome[0m[2m=[0m"accepted" [3mrequest_kind[0m[2m=[0m"附件内容读取" [3mattachment_id[0m[2m=[0m"att-4e0480d9e16e" [3msession_id[0m[2m=[0m"s-3b774a25d87b"
[backend] [2m2026-04-25T16:38:58.2760395+08:00[0m [32m INFO[0m ThreadId(09) [2mkoko::shell::媒体资产外壳[0m[2m:[0m HTTP 请求已受理 [3musecase[0m[2m=[0m"读取附件内容" [3madapter[0m[2m=[0m"http" [3moutcome[0m[2m=[0m"accepted" [3mrequest_kind[0m[2m=[0m"附件内容读取" [3mattachment_id[0m[2m=[0m"att-4e0480d9e16e" [3msession_id[0m[2m=[0m"s-3b774a25d87b"
[backend] [2m2026-04-25T16:38:58.2804024+08:00[0m [32m INFO[0m ThreadId(08) [2mkoko::shell::媒体资产外壳[0m[2m:[0m 读取附件内容成功 [3musecase[0m[2m=[0m"读取附件内容" [3madapter[0m[2m=[0m"http" [3moutcome[0m[2m=[0m"succeeded" [3mrequest_kind[0m[2m=[0m"附件内容读取" [3mattachment_id[0m[2m=[0m"att-4e0480d9e16e" [3msession_id[0m[2m=[0m"s-3b774a25d87b"
[backend] [2m2026-04-25T16:38:58.2874871+08:00[0m [32m INFO[0m ThreadId(11) [2mkoko::shell::媒体资产外壳[0m[2m:[0m 读取附件内容成功 [3musecase[0m[2m=[0m"读取附件内容" [3madapter[0m[2m=[0m"http" [3moutcome[0m[2m=[0m"succeeded" [3mrequest_kind[0m[2m=[0m"附件内容读取" [3mattachment_id[0m[2m=[0m"att-4e0480d9e16e" [3msession_id[0m[2m=[0m"s-3b774a25d87b"
[backend] [2m2026-04-25T16:38:58.3571952+08:00[0m [32m INFO[0m ThreadId(13) [2mkoko::shell::媒体资产外壳[0m[2m:[0m HTTP 请求已受理 [3musecase[0m[2m=[0m"读取附件内容" [3madapter[0m[2m=[0m"http" [3moutcome[0m[2m=[0m"accepted" [3mrequest_kind[0m[2m=[0m"附件内容读取" [3mattachment_id[0m[2m=[0m"att-4e0480d9e16e" [3msession_id[0m[2m=[0m"s-3b774a25d87b"
[backend] [2m2026-04-25T16:38:58.3624736+08:00[0m [32m INFO[0m ThreadId(08) [2mkoko::shell::媒体资产外壳[0m[2m:[0m HTTP 请求已受理 [3musecase[0m[2m=[0m"读取附件内容" [3madapter[0m[2m=[0m"http" [3moutcome[0m[2m=[0m"accepted" [3mrequest_kind[0m[2m=[0m"附件内容读取" [3mattachment_id[0m[2m=[0m"att-4e0480d9e16e" [3msession_id[0m[2m=[0m"s-3b774a25d87b"
[backend] [2m2026-04-25T16:38:58.369211+08:00[0m [32m INFO[0m ThreadId(08) [2mkoko::shell::媒体资产外壳[0m[2m:[0m HTTP 请求已受理 [3musecase[0m[2m=[0m"读取附件内容" [3madapter[0m[2m=[0m"http" [3moutcome[0m[2m=[0m"accepted" [3mrequest_kind[0m[2m=[0m"附件内容读取" [3mattachment_id[0m[2m=[0m"att-4e0480d9e16e" [3msession_id[0m[2m=[0m"s-3b774a25d87b"
[backend] [2m2026-04-25T16:38:58.369709+08:00[0m [32m INFO[0m ThreadId(13) [2mkoko::shell::媒体资产外壳[0m[2m:[0m 读取附件内容成功 [3musecase[0m[2m=[0m"读取附件内容" [3madapter[0m[2m=[0m"http" [3moutcome[0m[2m=[0m"succeeded" [3mrequest_kind[0m[2m=[0m"附件内容读取" [3mattachment_id[0m[2m=[0m"att-4e0480d9e16e" [3msession_id[0m[2m=[0m"s-3b774a25d87b"
[backend] [2m2026-04-25T16:38:58.3729615+08:00[0m [32m INFO[0m ThreadId(09) [2mkoko::shell::媒体资产外壳[0m[2m:[0m HTTP 请求已受理 [3musecase[0m[2m=[0m"读取附件内容" [3madapter[0m[2m=[0m"http" [3moutcome[0m[2m=[0m"accepted" [3mrequest_kind[0m[2m=[0m"附件内容读取" [3mattachment_id[0m[2m=[0m"att-4e0480d9e16e" [3msession_id[0m[2m=[0m"s-3b774a25d87b"
[backend] [2m2026-04-25T16:38:58.3763425+08:00[0m [32m INFO[0m ThreadId(11) [2mkoko::shell::媒体资产外壳[0m[2m:[0m 读取附件内容成功 [3musecase[0m[2m=[0m"读取附件内容" [3madapter[0m[2m=[0m"http" [3moutcome[0m[2m=[0m"succeeded" [3mrequest_kind[0m[2m=[0m"附件内容读取" [3mattachment_id[0m[2m=[0m"att-4e0480d9e16e" [3msession_id[0m[2m=[0m"s-3b774a25d87b"
[backend] [2m2026-04-25T16:38:58.3777927+08:00[0m [32m INFO[0m ThreadId(09) [2mkoko::shell::媒体资产外壳[0m[2m:[0m HTTP 请求已受理 [3musecase[0m[2m=[0m"读取附件内容" [3madapter[0m[2m=[0m"http" [3moutcome[0m[2m=[0m"accepted" [3mrequest_kind[0m[2m=[0m"附件内容读取" [3mattachment_id[0m[2m=[0m"att-5d2bc6f45393" [3msession_id[0m[2m=[0m"s-3b774a25d87b"
[backend] [2m2026-04-25T16:38:58.3819661+08:00[0m [32m INFO[0m ThreadId(09) [2mkoko::shell::媒体资产外壳[0m[2m:[0m HTTP 请求已受理 [3musecase[0m[2m=[0m"读取附件内容" [3madapter[0m[2m=[0m"http" [3moutcome[0m[2m=[0m"accepted" [3mrequest_kind[0m[2m=[0m"附件内容读取" [3mattachment_id[0m[2m=[0m"att-5d2bc6f45393" [3msession_id[0m[2m=[0m"s-3b774a25d87b"
[backend] [2m2026-04-25T16:38:58.38286+08:00[0m [32m INFO[0m ThreadId(09) [2mkoko::shell::媒体资产外壳[0m[2m:[0m 读取附件内容成功 [3musecase[0m[2m=[0m"读取附件内容" [3madapter[0m[2m=[0m"http" [3moutcome[0m[2m=[0m"succeeded" [3mrequest_kind[0m[2m=[0m"附件内容读取" [3mattachment_id[0m[2m=[0m"att-4e0480d9e16e" [3msession_id[0m[2m=[0m"s-3b774a25d87b"
[backend] [2m2026-04-25T16:38:58.3840201+08:00[0m [32m INFO[0m ThreadId(08) [2mkoko::shell::媒体资产外壳[0m[2m:[0m HTTP 请求已受理 [3musecase[0m[2m=[0m"读取附件内容" [3madapter[0m[2m=[0m"http" [3moutcome[0m[2m=[0m"accepted" [3mrequest_kind[0m[2m=[0m"附件内容读取" [3mattachment_id[0m[2m=[0m"att-5d2bc6f45393" [3msession_id[0m[2m=[0m"s-3b774a25d87b"
[backend] [2m2026-04-25T16:38:58.3852137+08:00[0m [32m INFO[0m ThreadId(09) [2mkoko::shell::媒体资产外壳[0m[2m:[0m 读取附件内容成功 [3musecase[0m[2m=[0m"读取附件内容" [3madapter[0m[2m=[0m"http" [3moutcome[0m[2m=[0m"succeeded" [3mrequest_kind[0m[2m=[0m"附件内容读取" [3mattachment_id[0m[2m=[0m"att-4e0480d9e16e" [3msession_id[0m[2m=[0m"s-3b774a25d87b"
[backend] [2m2026-04-25T16:38:58.3897897+08:00[0m [32m INFO[0m ThreadId(09) [2mkoko::shell::媒体资产外壳[0m[2m:[0m 读取附件内容成功 [3musecase[0m[2m=[0m"读取附件内容" [3madapter[0m[2m=[0m"http" [3moutcome[0m[2m=[0m"succeeded" [3mrequest_kind[0m[2m=[0m"附件内容读取" [3mattachment_id[0m[2m=[0m"att-5d2bc6f45393" [3msession_id[0m[2m=[0m"s-3b774a25d87b"
[backend] [2m2026-04-25T16:38:58.3952908+08:00[0m [32m INFO[0m ThreadId(09) [2mkoko::shell::媒体资产外壳[0m[2m:[0m 读取附件内容成功 [3musecase[0m[2m=[0m"读取附件内容" [3madapter[0m[2m=[0m"http" [3moutcome[0m[2m=[0m"succeeded" [3mrequest_kind[0m[2m=[0m"附件内容读取" [3mattachment_id[0m[2m=[0m"att-5d2bc6f45393" [3msession_id[0m[2m=[0m"s-3b774a25d87b"
[backend] [2m2026-04-25T16:38:58.3952867+08:00[0m [32m INFO[0m ThreadId(11) [2mkoko::shell::媒体资产外壳[0m[2m:[0m 读取附件内容成功 [3musecase[0m[2m=[0m"读取附件内容" [3madapter[0m[2m=[0m"http" [3moutcome[0m[2m=[0m"succeeded" [3mrequest_kind[0m[2m=[0m"附件内容读取" [3mattachment_id[0m[2m=[0m"att-5d2bc6f45393" [3msession_id[0m[2m=[0m"s-3b774a25d87b"
[backend] [2m2026-04-25T16:38:58.4031451+08:00[0m [32m INFO[0m ThreadId(08) [2mkoko::shell::媒体资产外壳[0m[2m:[0m HTTP 请求已受理 [3musecase[0m[2m=[0m"读取附件内容" [3madapter[0m[2m=[0m"http" [3moutcome[0m[2m=[0m"accepted" [3mrequest_kind[0m[2m=[0m"附件内容读取" [3mattachment_id[0m[2m=[0m"att-5d2bc6f45393" [3msession_id[0m[2m=[0m"s-3b774a25d87b"
[backend] [2m2026-04-25T16:38:58.4121207+08:00[0m [32m INFO[0m ThreadId(08) [2mkoko::shell::媒体资产外壳[0m[2m:[0m 读取附件内容成功 [3musecase[0m[2m=[0m"读取附件内容" [3madapter[0m[2m=[0m"http" [3moutcome[0m[2m=[0m"succeeded" [3mrequest_kind[0m[2m=[0m"附件内容读取" [3mattachment_id[0m[2m=[0m"att-5d2bc6f45393" [3msession_id[0m[2m=[0m"s-3b774a25d87b"
[tracker] 2026-04-25T08:38:58.286Z complete: 2d5757303230382d564f594651326c6753477054
[backend] [2m2026-04-25T16:38:58.5690343+08:00[0m [32m INFO[0m ThreadId(09) [2mkoko::shell::媒体资产外壳[0m[2m:[0m HTTP 请求已受理 [3musecase[0m[2m=[0m"读取附件内容" [3madapter[0m[2m=[0m"http" [3moutcome[0m[2m=[0m"accepted" [3mrequest_kind[0m[2m=[0m"附件内容读取" [3mattachment_id[0m[2m=[0m"att-5d2bc6f45393" [3msession_id[0m[2m=[0m"s-3b774a25d87b"
[backend] [2m2026-04-25T16:38:58.5709503+08:00[0m [32m INFO[0m ThreadId(09) [2mkoko::shell::媒体资产外壳[0m[2m:[0m HTTP 请求已受理 [3musecase[0m[2m=[0m"读取附件内容" [3madapter[0m[2m=[0m"http" [3moutcome[0m[2m=[0m"accepted" [3mrequest_kind[0m[2m=[0m"附件内容读取" [3mattachment_id[0m[2m=[0m"att-5d2bc6f45393" [3msession_id[0m[2m=[0m"s-3b774a25d87b"
[backend] [2m2026-04-25T16:38:58.5721882+08:00[0m [32m INFO[0m ThreadId(09) [2mkoko::shell::媒体资产外壳[0m[2m:[0m HTTP 请求已受理 [3musecase[0m[2m=[0m"读取附件内容" [3madapter[0m[2m=[0m"http" [3moutcome[0m[2m=[0m"accepted" [3mrequest_kind[0m[2m=[0m"附件内容读取" [3mattachment_id[0m[2m=[0m"att-5d2bc6f45393" [3msession_id[0m[2m=[0m"s-3b774a25d87b"
[backend] [2m2026-04-25T16:38:58.573922+08:00[0m [32m INFO[0m ThreadId(09) [2mkoko::shell::媒体资产外壳[0m[2m:[0m HTTP 请求已受理 [3musecase[0m[2m=[0m"读取附件内容" [3madapter[0m[2m=[0m"http" [3moutcome[0m[2m=[0m"accepted" [3mrequest_kind[0m[2m=[0m"附件内容读取" [3mattachment_id[0m[2m=[0m"att-5d2bc6f45393" [3msession_id[0m[2m=[0m"s-3b774a25d87b"
[backend] [2m2026-04-25T16:38:58.5752605+08:00[0m [32m INFO[0m ThreadId(09) [2mkoko::shell::媒体资产外壳[0m[2m:[0m HTTP 请求已受理 [3musecase[0m[2m=[0m"读取附件内容" [3madapter[0m[2m=[0m"http" [3moutcome[0m[2m=[0m"accepted" [3mrequest_kind[0m[2m=[0m"附件内容读取" [3mattachment_id[0m[2m=[0m"att-4e0480d9e16e" [3msession_id[0m[2m=[0m"s-3b774a25d87b"
[backend] [2m2026-04-25T16:38:58.5801277+08:00[0m [32m INFO[0m ThreadId(08) [2mkoko::shell::媒体资产外壳[0m[2m:[0m HTTP 请求已受理 [3musecase[0m[2m=[0m"读取附件内容" [3madapter[0m[2m=[0m"http" [3moutcome[0m[2m=[0m"accepted" [3mrequest_kind[0m[2m=[0m"附件内容读取" [3mattachment_id[0m[2m=[0m"att-4e0480d9e16e" [3msession_id[0m[2m=[0m"s-3b774a25d87b"
[backend] [2m2026-04-25T16:38:58.5856898+08:00[0m [32m INFO[0m ThreadId(12) [2mkoko::shell::媒体资产外壳[0m[2m:[0m 读取附件内容成功 [3musecase[0m[2m=[0m"读取附件内容" [3madapter[0m[2m=[0m"http" [3moutcome[0m[2m=[0m"succeeded" [3mrequest_kind[0m[2m=[0m"附件内容读取" [3mattachment_id[0m[2m=[0m"att-4e0480d9e16e" [3msession_id[0m[2m=[0m"s-3b774a25d87b"
[backend] [2m2026-04-25T16:38:58.5921503+08:00[0m [32m INFO[0m ThreadId(11) [2mkoko::shell::媒体资产外壳[0m[2m:[0m 读取附件内容成功 [3musecase[0m[2m=[0m"读取附件内容" [3madapter[0m[2m=[0m"http" [3moutcome[0m[2m=[0m"succeeded" [3mrequest_kind[0m[2m=[0m"附件内容读取" [3mattachment_id[0m[2m=[0m"att-5d2bc6f45393" [3msession_id[0m[2m=[0m"s-3b774a25d87b"
[backend] [2m2026-04-25T16:38:58.5941934+08:00[0m [32m INFO[0m ThreadId(13) [2mkoko::shell::媒体资产外壳[0m[2m:[0m 读取附件内容成功 [3musecase[0m[2m=[0m"读取附件内容" [3madapter[0m[2m=[0m"http" [3moutcome[0m[2m=[0m"succeeded" [3mrequest_kind[0m[2m=[0m"附件内容读取" [3mattachment_id[0m[2m=[0m"att-5d2bc6f45393" [3msession_id[0m[2m=[0m"s-3b774a25d87b"
[backend] [2m2026-04-25T16:38:58.5941544+08:00[0m [32m INFO[0m ThreadId(11) [2mkoko::shell::媒体资产外壳[0m[2m:[0m 读取附件内容成功 [3musecase[0m[2m=[0m"读取附件内容" [3madapter[0m[2m=[0m"http" [3moutcome[0m[2m=[0m"succeeded" [3mrequest_kind[0m[2m=[0m"附件内容读取" [3mattachment_id[0m[2m=[0m"att-5d2bc6f45393" [3msession_id[0m[2m=[0m"s-3b774a25d87b"
[backend] [2m2026-04-25T16:38:58.5941435+08:00[0m [32m INFO[0m ThreadId(12) [2mkoko::shell::媒体资产外壳[0m[2m:[0m 读取附件内容成功 [3musecase[0m[2m=[0m"读取附件内容" [3madapter[0m[2m=[0m"http" [3moutcome[0m[2m=[0m"succeeded" [3mrequest_kind[0m[2m=[0m"附件内容读取" [3mattachment_id[0m[2m=[0m"att-5d2bc6f45393" [3msession_id[0m[2m=[0m"s-3b774a25d87b"
[backend] [2m2026-04-25T16:38:58.5951616+08:00[0m [32m INFO[0m ThreadId(09) [2mkoko::shell::媒体资产外壳[0m[2m:[0m 读取附件内容成功 [3musecase[0m[2m=[0m"读取附件内容" [3madapter[0m[2m=[0m"http" [3moutcome[0m[2m=[0m"succeeded" [3mrequest_kind[0m[2m=[0m"附件内容读取" [3mattachment_id[0m[2m=[0m"att-4e0480d9e16e" [3msession_id[0m[2m=[0m"s-3b774a25d87b"
[backend] [2m2026-04-25T16:38:58.6065467+08:00[0m [32m INFO[0m ThreadId(08) [2mkoko::shell::媒体资产外壳[0m[2m:[0m HTTP 请求已受理 [3musecase[0m[2m=[0m"读取附件内容" [3madapter[0m[2m=[0m"http" [3moutcome[0m[2m=[0m"accepted" [3mrequest_kind[0m[2m=[0m"附件内容读取" [3mattachment_id[0m[2m=[0m"att-4e0480d9e16e" [3msession_id[0m[2m=[0m"s-3b774a25d87b"
[backend] [2m2026-04-25T16:38:58.6111285+08:00[0m [32m INFO[0m ThreadId(09) [2mkoko::shell::媒体资产外壳[0m[2m:[0m HTTP 请求已受理 [3musecase[0m[2m=[0m"读取附件内容" [3madapter[0m[2m=[0m"http" [3moutcome[0m[2m=[0m"accepted" [3mrequest_kind[0m[2m=[0m"附件内容读取" [3mattachment_id[0m[2m=[0m"att-4e0480d9e16e" [3msession_id[0m[2m=[0m"s-3b774a25d87b"
[backend] [2m2026-04-25T16:38:58.6179273+08:00[0m [32m INFO[0m ThreadId(12) [2mkoko::shell::媒体资产外壳[0m[2m:[0m 读取附件内容成功 [3musecase[0m[2m=[0m"读取附件内容" [3madapter[0m[2m=[0m"http" [3moutcome[0m[2m=[0m"succeeded" [3mrequest_kind[0m[2m=[0m"附件内容读取" [3mattachment_id[0m[2m=[0m"att-4e0480d9e16e" [3msession_id[0m[2m=[0m"s-3b774a25d87b"
[backend] [2m2026-04-25T16:38:58.6241984+08:00[0m [32m INFO[0m ThreadId(12) [2mkoko::shell::媒体资产外壳[0m[2m:[0m 读取附件内容成功 [3musecase[0m[2m=[0m"读取附件内容" [3madapter[0m[2m=[0m"http" [3moutcome[0m[2m=[0m"succeeded" [3mrequest_kind[0m[2m=[0m"附件内容读取" [3mattachment_id[0m[2m=[0m"att-4e0480d9e16e" [3msession_id[0m[2m=[0m"s-3b774a25d87b"
[backend] [2m2026-04-25T16:38:58.7158303+08:00[0m [32m INFO[0m ThreadId(09) [2mkoko::shell::媒体资产外壳[0m[2m:[0m HTTP 请求已受理 [3musecase[0m[2m=[0m"读取附件内容" [3madapter[0m[2m=[0m"http" [3moutcome[0m[2m=[0m"accepted" [3mrequest_kind[0m[2m=[0m"附件内容读取" [3mattachment_id[0m[2m=[0m"att-5d2bc6f45393" [3msession_id[0m[2m=[0m"s-3b774a25d87b"
[backend] [2m2026-04-25T16:38:58.7234654+08:00[0m [32m INFO[0m ThreadId(12) [2mkoko::shell::媒体资产外壳[0m[2m:[0m HTTP 请求已受理 [3musecase[0m[2m=[0m"读取附件内容" [3madapter[0m[2m=[0m"http" [3moutcome[0m[2m=[0m"accepted" [3mrequest_kind[0m[2m=[0m"附件内容读取" [3mattachment_id[0m[2m=[0m"att-4e0480d9e16e" [3msession_id[0m[2m=[0m"s-3b774a25d87b"
[backend] [2m2026-04-25T16:38:58.7257848+08:00[0m [32m INFO[0m ThreadId(08) [2mkoko::shell::媒体资产外壳[0m[2m:[0m HTTP 请求已受理 [3musecase[0m[2m=[0m"读取附件内容" [3madapter[0m[2m=[0m"http" [3moutcome[0m[2m=[0m"accepted" [3mrequest_kind[0m[2m=[0m"附件内容读取" [3mattachment_id[0m[2m=[0m"att-4e0480d9e16e" [3msession_id[0m[2m=[0m"s-3b774a25d87b"
[backend] [2m2026-04-25T16:38:58.7296487+08:00[0m [32m INFO[0m ThreadId(12) [2mkoko::shell::媒体资产外壳[0m[2m:[0m HTTP 请求已受理 [3musecase[0m[2m=[0m"读取附件内容" [3madapter[0m[2m=[0m"http" [3moutcome[0m[2m=[0m"accepted" [3mrequest_kind[0m[2m=[0m"附件内容读取" [3mattachment_id[0m[2m=[0m"att-4e0480d9e16e" [3msession_id[0m[2m=[0m"s-3b774a25d87b"
[backend] [2m2026-04-25T16:38:58.7302261+08:00[0m [32m INFO[0m ThreadId(08) [2mkoko::shell::媒体资产外壳[0m[2m:[0m 读取附件内容成功 [3musecase[0m[2m=[0m"读取附件内容" [3madapter[0m[2m=[0m"http" [3moutcome[0m[2m=[0m"succeeded" [3mrequest_kind[0m[2m=[0m"附件内容读取" [3mattachment_id[0m[2m=[0m"att-5d2bc6f45393" [3msession_id[0m[2m=[0m"s-3b774a25d87b"
[backend] [2m2026-04-25T16:38:58.7310954+08:00[0m [32m INFO[0m ThreadId(11) [2mkoko::shell::媒体资产外壳[0m[2m:[0m HTTP 请求已受理 [3musecase[0m[2m=[0m"读取附件内容" [3madapter[0m[2m=[0m"http" [3moutcome[0m[2m=[0m"accepted" [3mrequest_kind[0m[2m=[0m"附件内容读取" [3mattachment_id[0m[2m=[0m"att-4e0480d9e16e" [3msession_id[0m[2m=[0m"s-3b774a25d87b"
[backend] [2m2026-04-25T16:38:58.7377227+08:00[0m [32m INFO[0m ThreadId(11) [2mkoko::shell::媒体资产外壳[0m[2m:[0m 读取附件内容成功 [3musecase[0m[2m=[0m"读取附件内容" [3madapter[0m[2m=[0m"http" [3moutcome[0m[2m=[0m"succeeded" [3mrequest_kind[0m[2m=[0m"附件内容读取" [3mattachment_id[0m[2m=[0m"att-4e0480d9e16e" [3msession_id[0m[2m=[0m"s-3b774a25d87b"
[backend] [2m2026-04-25T16:38:58.7431037+08:00[0m [32m INFO[0m ThreadId(11) [2mkoko::shell::媒体资产外壳[0m[2m:[0m 读取附件内容成功 [3musecase[0m[2m=[0m"读取附件内容" [3madapter[0m[2m=[0m"http" [3moutcome[0m[2m=[0m"succeeded" [3mrequest_kind[0m[2m=[0m"附件内容读取" [3mattachment_id[0m[2m=[0m"att-4e0480d9e16e" [3msession_id[0m[2m=[0m"s-3b774a25d87b"
[backend] [2m2026-04-25T16:38:58.7513441+08:00[0m [32m INFO[0m ThreadId(11) [2mkoko::shell::媒体资产外壳[0m[2m:[0m 读取附件内容成功 [3musecase[0m[2m=[0m"读取附件内容" [3madapter[0m[2m=[0m"http" [3moutcome[0m[2m=[0m"succeeded" [3mrequest_kind[0m[2m=[0m"附件内容读取" [3mattachment_id[0m[2m=[0m"att-4e0480d9e16e" [3msession_id[0m[2m=[0m"s-3b774a25d87b"
[backend] [2m2026-04-25T16:38:58.7513698+08:00[0m [32m INFO[0m ThreadId(08) [2mkoko::shell::媒体资产外壳[0m[2m:[0m 读取附件内容成功 [3musecase[0m[2m=[0m"读取附件内容" [3madapter[0m[2m=[0m"http" [3moutcome[0m[2m=[0m"succeeded" [3mrequest_kind[0m[2m=[0m"附件内容读取" [3mattachment_id[0m[2m=[0m"att-4e0480d9e16e" [3msession_id[0m[2m=[0m"s-3b774a25d87b"
[backend] [2m2026-04-25T16:38:58.8851674+08:00[0m [32m INFO[0m ThreadId(09) [2mkoko::shell::媒体资产外壳[0m[2m:[0m HTTP 请求已受理 [3musecase[0m[2m=[0m"读取附件内容" [3madapter[0m[2m=[0m"http" [3moutcome[0m[2m=[0m"accepted" [3mrequest_kind[0m[2m=[0m"附件内容读取" [3mattachment_id[0m[2m=[0m"att-4e0480d9e16e" [3msession_id[0m[2m=[0m"s-3b774a25d87b"
[backend] [2m2026-04-25T16:38:58.886787+08:00[0m [32m INFO[0m ThreadId(09) [2mkoko::shell::媒体资产外壳[0m[2m:[0m HTTP 请求已受理 [3musecase[0m[2m=[0m"读取附件内容" [3madapter[0m[2m=[0m"http" [3moutcome[0m[2m=[0m"accepted" [3mrequest_kind[0m[2m=[0m"附件内容读取" [3mattachment_id[0m[2m=[0m"att-4e0480d9e16e" [3msession_id[0m[2m=[0m"s-3b774a25d87b"
[backend] [2m2026-04-25T16:38:58.8867908+08:00[0m [32m INFO[0m ThreadId(11) [2mkoko::shell::媒体资产外壳[0m[2m:[0m HTTP 请求已受理 [3musecase[0m[2m=[0m"读取附件内容" [3madapter[0m[2m=[0m"http" [3moutcome[0m[2m=[0m"accepted" [3mrequest_kind[0m[2m=[0m"附件内容读取" [3mattachment_id[0m[2m=[0m"att-4e0480d9e16e" [3msession_id[0m[2m=[0m"s-3b774a25d87b"
[backend] [2m2026-04-25T16:38:58.8878463+08:00[0m [32m INFO[0m ThreadId(10) [2mkoko::shell::媒体资产外壳[0m[2m:[0m HTTP 请求已受理 [3musecase[0m[2m=[0m"读取附件内容" [3madapter[0m[2m=[0m"http" [3moutcome[0m[2m=[0m"accepted" [3mrequest_kind[0m[2m=[0m"附件内容读取" [3mattachment_id[0m[2m=[0m"att-4e0480d9e16e" [3msession_id[0m[2m=[0m"s-3b774a25d87b"
[backend] [2m2026-04-25T16:38:58.8958742+08:00[0m [32m INFO[0m ThreadId(12) [2mkoko::shell::媒体资产外壳[0m[2m:[0m 读取附件内容成功 [3musecase[0m[2m=[0m"读取附件内容" [3madapter[0m[2m=[0m"http" [3moutcome[0m[2m=[0m"succeeded" [3mrequest_kind[0m[2m=[0m"附件内容读取" [3mattachment_id[0m[2m=[0m"att-4e0480d9e16e" [3msession_id[0m[2m=[0m"s-3b774a25d87b"
[backend] [2m2026-04-25T16:38:58.9052279+08:00[0m [32m INFO[0m ThreadId(09) [2mkoko::shell::媒体资产外壳[0m[2m:[0m 读取附件内容成功 [3musecase[0m[2m=[0m"读取附件内容" [3madapter[0m[2m=[0m"http" [3moutcome[0m[2m=[0m"succeeded" [3mrequest_kind[0m[2m=[0m"附件内容读取" [3mattachment_id[0m[2m=[0m"att-4e0480d9e16e" [3msession_id[0m[2m=[0m"s-3b774a25d87b"
[backend] [2m2026-04-25T16:38:58.9052279+08:00[0m [32m INFO[0m ThreadId(12) [2mkoko::shell::媒体资产外壳[0m[2m:[0m 读取附件内容成功 [3musecase[0m[2m=[0m"读取附件内容" [3madapter[0m[2m=[0m"http" [3moutcome[0m[2m=[0m"succeeded" [3mrequest_kind[0m[2m=[0m"附件内容读取" [3mattachment_id[0m[2m=[0m"att-4e0480d9e16e" [3msession_id[0m[2m=[0m"s-3b774a25d87b"
[backend] [2m2026-04-25T16:38:58.9052795+08:00[0m [32m INFO[0m ThreadId(11) [2mkoko::shell::媒体资产外壳[0m[2m:[0m 读取附件内容成功 [3musecase[0m[2m=[0m"读取附件内容" [3madapter[0m[2m=[0m"http" [3moutcome[0m[2m=[0m"succeeded" [3mrequest_kind[0m[2m=[0m"附件内容读取" [3mattachment_id[0m[2m=[0m"att-4e0480d9e16e" [3msession_id[0m[2m=[0m"s-3b774a25d87b"
[backend] [2m2026-04-25T16:38:58.9056908+08:00[0m [32m INFO[0m ThreadId(10) [2mkoko::shell::媒体资产外壳[0m[2m:[0m HTTP 请求已受理 [3musecase[0m[2m=[0m"读取附件内容" [3madapter[0m[2m=[0m"http" [3moutcome[0m[2m=[0m"accepted" [3mrequest_kind[0m[2m=[0m"附件内容读取" [3mattachment_id[0m[2m=[0m"att-4e0480d9e16e" [3msession_id[0m[2m=[0m"s-3b774a25d87b"
[backend] [2m2026-04-25T16:38:58.9204701+08:00[0m [32m INFO[0m ThreadId(11) [2mkoko::shell::媒体资产外壳[0m[2m:[0m 读取附件内容成功 [3musecase[0m[2m=[0m"读取附件内容" [3madapter[0m[2m=[0m"http" [3moutcome[0m[2m=[0m"succeeded" [3mrequest_kind[0m[2m=[0m"附件内容读取" [3mattachment_id[0m[2m=[0m"att-4e0480d9e16e" [3msession_id[0m[2m=[0m"s-3b774a25d87b"
[tracker] 2026-04-25T08:38:58.965Z complete: 2d5757303230382d564f594651326c6753477054
[backend] [2m2026-04-25T16:38:59.0052674+08:00[0m [32m INFO[0m ThreadId(09) [2mkoko::shell::媒体资产外壳[0m[2m:[0m HTTP 请求已受理 [3musecase[0m[2m=[0m"读取附件内容" [3madapter[0m[2m=[0m"http" [3moutcome[0m[2m=[0m"accepted" [3mrequest_kind[0m[2m=[0m"附件内容读取" [3mattachment_id[0m[2m=[0m"att-4e0480d9e16e" [3msession_id[0m[2m=[0m"s-3b774a25d87b"
[backend] [2m2026-04-25T16:38:59.0071437+08:00[0m [32m INFO[0m ThreadId(09) [2mkoko::shell::媒体资产外壳[0m[2m:[0m HTTP 请求已受理 [3musecase[0m[2m=[0m"读取附件内容" [3madapter[0m[2m=[0m"http" [3moutcome[0m[2m=[0m"accepted" [3mrequest_kind[0m[2m=[0m"附件内容读取" [3mattachment_id[0m[2m=[0m"att-4e0480d9e16e" [3msession_id[0m[2m=[0m"s-3b774a25d87b"
[backend] [2m2026-04-25T16:38:59.0073629+08:00[0m [32m INFO[0m ThreadId(10) [2mkoko::shell::媒体资产外壳[0m[2m:[0m HTTP 请求已受理 [3musecase[0m[2m=[0m"读取附件内容" [3madapter[0m[2m=[0m"http" [3moutcome[0m[2m=[0m"accepted" [3mrequest_kind[0m[2m=[0m"附件内容读取" [3mattachment_id[0m[2m=[0m"att-4e0480d9e16e" [3msession_id[0m[2m=[0m"s-3b774a25d87b"
[backend] [2m2026-04-25T16:38:59.0073616+08:00[0m [32m INFO[0m ThreadId(11) [2mkoko::shell::媒体资产外壳[0m[2m:[0m HTTP 请求已受理 [3musecase[0m[2m=[0m"读取附件内容" [3madapter[0m[2m=[0m"http" [3moutcome[0m[2m=[0m"accepted" [3mrequest_kind[0m[2m=[0m"附件内容读取" [3mattachment_id[0m[2m=[0m"att-4e0480d9e16e" [3msession_id[0m[2m=[0m"s-3b774a25d87b"
[backend] [2m2026-04-25T16:38:59.013873+08:00[0m [32m INFO[0m ThreadId(10) [2mkoko::shell::媒体资产外壳[0m[2m:[0m 读取附件内容成功 [3musecase[0m[2m=[0m"读取附件内容" [3madapter[0m[2m=[0m"http" [3moutcome[0m[2m=[0m"succeeded" [3mrequest_kind[0m[2m=[0m"附件内容读取" [3mattachment_id[0m[2m=[0m"att-4e0480d9e16e" [3msession_id[0m[2m=[0m"s-3b774a25d87b"
[backend] [2m2026-04-25T16:38:59.0216649+08:00[0m [32m INFO[0m ThreadId(08) [2mkoko::shell::媒体资产外壳[0m[2m:[0m 读取附件内容成功 [3musecase[0m[2m=[0m"读取附件内容" [3madapter[0m[2m=[0m"http" [3moutcome[0m[2m=[0m"succeeded" [3mrequest_kind[0m[2m=[0m"附件内容读取" [3mattachment_id[0m[2m=[0m"att-4e0480d9e16e" [3msession_id[0m[2m=[0m"s-3b774a25d87b"
[backend] [2m2026-04-25T16:38:59.0216545+08:00[0m [32m INFO[0m ThreadId(10) [2mkoko::shell::媒体资产外壳[0m[2m:[0m 读取附件内容成功 [3musecase[0m[2m=[0m"读取附件内容" [3madapter[0m[2m=[0m"http" [3moutcome[0m[2m=[0m"succeeded" [3mrequest_kind[0m[2m=[0m"附件内容读取" [3mattachment_id[0m[2m=[0m"att-4e0480d9e16e" [3msession_id[0m[2m=[0m"s-3b774a25d87b"
[backend] [2m2026-04-25T16:38:59.0225471+08:00[0m [32m INFO[0m ThreadId(11) [2mkoko::shell::媒体资产外壳[0m[2m:[0m HTTP 请求已受理 [3musecase[0m[2m=[0m"读取附件内容" [3madapter[0m[2m=[0m"http" [3moutcome[0m[2m=[0m"accepted" [3mrequest_kind[0m[2m=[0m"附件内容读取" [3mattachment_id[0m[2m=[0m"att-4e0480d9e16e" [3msession_id[0m[2m=[0m"s-3b774a25d87b"
[backend] [2m2026-04-25T16:38:59.0216545+08:00[0m [32m INFO[0m ThreadId(09) [2mkoko::shell::媒体资产外壳[0m[2m:[0m 读取附件内容成功 [3musecase[0m[2m=[0m"读取附件内容" [3madapter[0m[2m=[0m"http" [3moutcome[0m[2m=[0m"succeeded" [3mrequest_kind[0m[2m=[0m"附件内容读取" [3mattachment_id[0m[2m=[0m"att-4e0480d9e16e" [3msession_id[0m[2m=[0m"s-3b774a25d87b"
[backend] [2m2026-04-25T16:38:59.0378301+08:00[0m [32m INFO[0m ThreadId(08) [2mkoko::shell::媒体资产外壳[0m[2m:[0m 读取附件内容成功 [3musecase[0m[2m=[0m"读取附件内容" [3madapter[0m[2m=[0m"http" [3moutcome[0m[2m=[0m"succeeded" [3mrequest_kind[0m[2m=[0m"附件内容读取" [3mattachment_id[0m[2m=[0m"att-4e0480d9e16e" [3msession_id[0m[2m=[0m"s-3b774a25d87b"
[backend] [2m2026-04-25T16:38:59.077873+08:00[0m [32m INFO[0m ThreadId(09) [2mkoko::shell::媒体资产外壳[0m[2m:[0m HTTP 请求已受理 [3musecase[0m[2m=[0m"读取附件内容" [3madapter[0m[2m=[0m"http" [3moutcome[0m[2m=[0m"accepted" [3mrequest_kind[0m[2m=[0m"附件内容读取" [3mattachment_id[0m[2m=[0m"att-4e0480d9e16e" [3msession_id[0m[2m=[0m"s-3b774a25d87b"
[backend] [2m2026-04-25T16:38:59.089121+08:00[0m [32m INFO[0m ThreadId(08) [2mkoko::shell::媒体资产外壳[0m[2m:[0m HTTP 请求已受理 [3musecase[0m[2m=[0m"读取附件内容" [3madapter[0m[2m=[0m"http" [3moutcome[0m[2m=[0m"accepted" [3mrequest_kind[0m[2m=[0m"附件内容读取" [3mattachment_id[0m[2m=[0m"att-4e0480d9e16e" [3msession_id[0m[2m=[0m"s-3b774a25d87b"
[backend] [2m2026-04-25T16:38:59.0950512+08:00[0m [32m INFO[0m ThreadId(08) [2mkoko::shell::媒体资产外壳[0m[2m:[0m HTTP 请求已受理 [3musecase[0m[2m=[0m"读取附件内容" [3madapter[0m[2m=[0m"http" [3moutcome[0m[2m=[0m"accepted" [3mrequest_kind[0m[2m=[0m"附件内容读取" [3mattachment_id[0m[2m=[0m"att-4e0480d9e16e" [3msession_id[0m[2m=[0m"s-3b774a25d87b"
[backend] [2m2026-04-25T16:38:59.0967911+08:00[0m [32m INFO[0m ThreadId(08) [2mkoko::shell::媒体资产外壳[0m[2m:[0m 读取附件内容成功 [3musecase[0m[2m=[0m"读取附件内容" [3madapter[0m[2m=[0m"http" [3moutcome[0m[2m=[0m"succeeded" [3mrequest_kind[0m[2m=[0m"附件内容读取" [3mattachment_id[0m[2m=[0m"att-4e0480d9e16e" [3msession_id[0m[2m=[0m"s-3b774a25d87b"
[backend] [2m2026-04-25T16:38:59.1040335+08:00[0m [32m INFO[0m ThreadId(10) [2mkoko::shell::媒体资产外壳[0m[2m:[0m HTTP 请求已受理 [3musecase[0m[2m=[0m"读取附件内容" [3madapter[0m[2m=[0m"http" [3moutcome[0m[2m=[0m"accepted" [3mrequest_kind[0m[2m=[0m"附件内容读取" [3mattachment_id[0m[2m=[0m"att-4e0480d9e16e" [3msession_id[0m[2m=[0m"s-3b774a25d87b"
[backend] [2m2026-04-25T16:38:59.1122323+08:00[0m [32m INFO[0m ThreadId(11) [2mkoko::shell::媒体资产外壳[0m[2m:[0m 读取附件内容成功 [3musecase[0m[2m=[0m"读取附件内容" [3madapter[0m[2m=[0m"http" [3moutcome[0m[2m=[0m"succeeded" [3mrequest_kind[0m[2m=[0m"附件内容读取" [3mattachment_id[0m[2m=[0m"att-4e0480d9e16e" [3msession_id[0m[2m=[0m"s-3b774a25d87b"
[backend] [2m2026-04-25T16:38:59.114763+08:00[0m [32m INFO[0m ThreadId(11) [2mkoko::shell::媒体资产外壳[0m[2m:[0m 读取附件内容成功 [3musecase[0m[2m=[0m"读取附件内容" [3madapter[0m[2m=[0m"http" [3moutcome[0m[2m=[0m"succeeded" [3mrequest_kind[0m[2m=[0m"附件内容读取" [3mattachment_id[0m[2m=[0m"att-4e0480d9e16e" [3msession_id[0m[2m=[0m"s-3b774a25d87b"
[backend] [2m2026-04-25T16:38:59.1204147+08:00[0m [32m INFO[0m ThreadId(11) [2mkoko::shell::媒体资产外壳[0m[2m:[0m 读取附件内容成功 [3musecase[0m[2m=[0m"读取附件内容" [3madapter[0m[2m=[0m"http" [3moutcome[0m[2m=[0m"succeeded" [3mrequest_kind[0m[2m=[0m"附件内容读取" [3mattachment_id[0m[2m=[0m"att-4e0480d9e16e" [3msession_id[0m[2m=[0m"s-3b774a25d87b"
[backend] [2m2026-04-25T16:38:59.1882338+08:00[0m [32m INFO[0m ThreadId(09) [2mkoko::shell::媒体资产外壳[0m[2m:[0m HTTP 请求已受理 [3musecase[0m[2m=[0m"读取附件内容" [3madapter[0m[2m=[0m"http" [3moutcome[0m[2m=[0m"accepted" [3mrequest_kind[0m[2m=[0m"附件内容读取" [3mattachment_id[0m[2m=[0m"att-4e0480d9e16e" [3msession_id[0m[2m=[0m"s-3b774a25d87b"
[backend] [2m2026-04-25T16:38:59.1912219+08:00[0m [32m INFO[0m ThreadId(09) [2mkoko::shell::媒体资产外壳[0m[2m:[0m HTTP 请求已受理 [3musecase[0m[2m=[0m"读取附件内容" [3madapter[0m[2m=[0m"http" [3moutcome[0m[2m=[0m"accepted" [3mrequest_kind[0m[2m=[0m"附件内容读取" [3mattachment_id[0m[2m=[0m"att-4e0480d9e16e" [3msession_id[0m[2m=[0m"s-3b774a25d87b"
[backend] [2m2026-04-25T16:38:59.1977619+08:00[0m [32m INFO[0m ThreadId(11) [2mkoko::shell::媒体资产外壳[0m[2m:[0m HTTP 请求已受理 [3musecase[0m[2m=[0m"读取附件内容" [3madapter[0m[2m=[0m"http" [3moutcome[0m[2m=[0m"accepted" [3mrequest_kind[0m[2m=[0m"附件内容读取" [3mattachment_id[0m[2m=[0m"att-4e0480d9e16e" [3msession_id[0m[2m=[0m"s-3b774a25d87b"
[backend] [2m2026-04-25T16:38:59.1998014+08:00[0m [32m INFO[0m ThreadId(08) [2mkoko::shell::媒体资产外壳[0m[2m:[0m HTTP 请求已受理 [3musecase[0m[2m=[0m"读取附件内容" [3madapter[0m[2m=[0m"http" [3moutcome[0m[2m=[0m"accepted" [3mrequest_kind[0m[2m=[0m"附件内容读取" [3mattachment_id[0m[2m=[0m"att-4e0480d9e16e" [3msession_id[0m[2m=[0m"s-3b774a25d87b"
[backend] [2m2026-04-25T16:38:59.2004064+08:00[0m [32m INFO[0m ThreadId(11) [2mkoko::shell::媒体资产外壳[0m[2m:[0m 读取附件内容成功 [3musecase[0m[2m=[0m"读取附件内容" [3madapter[0m[2m=[0m"http" [3moutcome[0m[2m=[0m"succeeded" [3mrequest_kind[0m[2m=[0m"附件内容读取" [3mattachment_id[0m[2m=[0m"att-4e0480d9e16e" [3msession_id[0m[2m=[0m"s-3b774a25d87b"
[backend] [2m2026-04-25T16:38:59.2050407+08:00[0m [32m INFO[0m ThreadId(08) [2mkoko::shell::媒体资产外壳[0m[2m:[0m 读取附件内容成功 [3musecase[0m[2m=[0m"读取附件内容" [3madapter[0m[2m=[0m"http" [3moutcome[0m[2m=[0m"succeeded" [3mrequest_kind[0m[2m=[0m"附件内容读取" [3mattachment_id[0m[2m=[0m"att-4e0480d9e16e" [3msession_id[0m[2m=[0m"s-3b774a25d87b"
[backend] [2m2026-04-25T16:38:59.2116462+08:00[0m [32m INFO[0m ThreadId(11) [2mkoko::shell::媒体资产外壳[0m[2m:[0m 读取附件内容成功 [3musecase[0m[2m=[0m"读取附件内容" [3madapter[0m[2m=[0m"http" [3moutcome[0m[2m=[0m"succeeded" [3mrequest_kind[0m[2m=[0m"附件内容读取" [3mattachment_id[0m[2m=[0m"att-4e0480d9e16e" [3msession_id[0m[2m=[0m"s-3b774a25d87b"
[backend] [2m2026-04-25T16:38:59.2116461+08:00[0m [32m INFO[0m ThreadId(08) [2mkoko::shell::媒体资产外壳[0m[2m:[0m 读取附件内容成功 [3musecase[0m[2m=[0m"读取附件内容" [3madapter[0m[2m=[0m"http" [3moutcome[0m[2m=[0m"succeeded" [3mrequest_kind[0m[2m=[0m"附件内容读取" [3mattachment_id[0m[2m=[0m"att-4e0480d9e16e" [3msession_id[0m[2m=[0m"s-3b774a25d87b"
[backend] [2m2026-04-25T16:38:59.2306241+08:00[0m [32m INFO[0m ThreadId(10) [2mkoko::shell::媒体资产外壳[0m[2m:[0m HTTP 请求已受理 [3musecase[0m[2m=[0m"读取附件内容" [3madapter[0m[2m=[0m"http" [3moutcome[0m[2m=[0m"accepted" [3mrequest_kind[0m[2m=[0m"附件内容读取" [3mattachment_id[0m[2m=[0m"att-4e0480d9e16e" [3msession_id[0m[2m=[0m"s-3b774a25d87b"
[backend] [2m2026-04-25T16:38:59.2321271+08:00[0m [32m INFO[0m ThreadId(10) [2mkoko::shell::媒体资产外壳[0m[2m:[0m HTTP 请求已受理 [3musecase[0m[2m=[0m"读取附件内容" [3madapter[0m[2m=[0m"http" [3moutcome[0m[2m=[0m"accepted" [3mrequest_kind[0m[2m=[0m"附件内容读取" [3mattachment_id[0m[2m=[0m"att-4e0480d9e16e" [3msession_id[0m[2m=[0m"s-3b774a25d87b"
[backend] [2m2026-04-25T16:38:59.2437606+08:00[0m [32m INFO[0m ThreadId(09) [2mkoko::shell::媒体资产外壳[0m[2m:[0m 读取附件内容成功 [3musecase[0m[2m=[0m"读取附件内容" [3madapter[0m[2m=[0m"http" [3moutcome[0m[2m=[0m"succeeded" [3mrequest_kind[0m[2m=[0m"附件内容读取" [3mattachment_id[0m[2m=[0m"att-4e0480d9e16e" [3msession_id[0m[2m=[0m"s-3b774a25d87b"
[backend] [2m2026-04-25T16:38:59.245959+08:00[0m [32m INFO[0m ThreadId(08) [2mkoko::shell::媒体资产外壳[0m[2m:[0m 读取附件内容成功 [3musecase[0m[2m=[0m"读取附件内容" [3madapter[0m[2m=[0m"http" [3moutcome[0m[2m=[0m"succeeded" [3mrequest_kind[0m[2m=[0m"附件内容读取" [3mattachment_id[0m[2m=[0m"att-4e0480d9e16e" [3msession_id[0m[2m=[0m"s-3b774a25d87b"
[backend] [2m2026-04-25T16:38:59.3090921+08:00[0m [32m INFO[0m ThreadId(12) [2mkoko::shell::媒体资产外壳[0m[2m:[0m HTTP 请求已受理 [3musecase[0m[2m=[0m"读取附件内容" [3madapter[0m[2m=[0m"http" [3moutcome[0m[2m=[0m"accepted" [3mrequest_kind[0m[2m=[0m"附件内容读取" [3mattachment_id[0m[2m=[0m"att-4e0480d9e16e" [3msession_id[0m[2m=[0m"s-3b774a25d87b"
[backend] [2m2026-04-25T16:38:59.3105782+08:00[0m [32m INFO[0m ThreadId(12) [2mkoko::shell::媒体资产外壳[0m[2m:[0m HTTP 请求已受理 [3musecase[0m[2m=[0m"读取附件内容" [3madapter[0m[2m=[0m"http" [3moutcome[0m[2m=[0m"accepted" [3mrequest_kind[0m[2m=[0m"附件内容读取" [3mattachment_id[0m[2m=[0m"att-4e0480d9e16e" [3msession_id[0m[2m=[0m"s-3b774a25d87b"
[backend] [2m2026-04-25T16:38:59.3118002+08:00[0m [32m INFO[0m ThreadId(12) [2mkoko::shell::媒体资产外壳[0m[2m:[0m HTTP 请求已受理 [3musecase[0m[2m=[0m"读取附件内容" [3madapter[0m[2m=[0m"http" [3moutcome[0m[2m=[0m"accepted" [3mrequest_kind[0m[2m=[0m"附件内容读取" [3mattachment_id[0m[2m=[0m"att-4e0480d9e16e" [3msession_id[0m[2m=[0m"s-3b774a25d87b"
[backend] [2m2026-04-25T16:38:59.320934+08:00[0m [32m INFO[0m ThreadId(09) [2mkoko::shell::媒体资产外壳[0m[2m:[0m HTTP 请求已受理 [3musecase[0m[2m=[0m"读取附件内容" [3madapter[0m[2m=[0m"http" [3moutcome[0m[2m=[0m"accepted" [3mrequest_kind[0m[2m=[0m"附件内容读取" [3mattachment_id[0m[2m=[0m"att-4e0480d9e16e" [3msession_id[0m[2m=[0m"s-3b774a25d87b"
[backend] [2m2026-04-25T16:38:59.3477401+08:00[0m [32m INFO[0m ThreadId(09) [2mkoko::shell::媒体资产外壳[0m[2m:[0m 读取附件内容成功 [3musecase[0m[2m=[0m"读取附件内容" [3madapter[0m[2m=[0m"http" [3moutcome[0m[2m=[0m"succeeded" [3mrequest_kind[0m[2m=[0m"附件内容读取" [3mattachment_id[0m[2m=[0m"att-4e0480d9e16e" [3msession_id[0m[2m=[0m"s-3b774a25d87b"
[backend] [2m2026-04-25T16:38:59.3477549+08:00[0m [32m INFO[0m ThreadId(12) [2mkoko::shell::媒体资产外壳[0m[2m:[0m 读取附件内容成功 [3musecase[0m[2m=[0m"读取附件内容" [3madapter[0m[2m=[0m"http" [3moutcome[0m[2m=[0m"succeeded" [3mrequest_kind[0m[2m=[0m"附件内容读取" [3mattachment_id[0m[2m=[0m"att-4e0480d9e16e" [3msession_id[0m[2m=[0m"s-3b774a25d87b"
[backend] [2m2026-04-25T16:38:59.3478205+08:00[0m [32m INFO[0m ThreadId(11) [2mkoko::shell::媒体资产外壳[0m[2m:[0m 读取附件内容成功 [3musecase[0m[2m=[0m"读取附件内容" [3madapter[0m[2m=[0m"http" [3moutcome[0m[2m=[0m"succeeded" [3mrequest_kind[0m[2m=[0m"附件内容读取" [3mattachment_id[0m[2m=[0m"att-4e0480d9e16e" [3msession_id[0m[2m=[0m"s-3b774a25d87b"
[backend] [2m2026-04-25T16:38:59.3545377+08:00[0m [32m INFO[0m ThreadId(12) [2mkoko::shell::媒体资产外壳[0m[2m:[0m 读取附件内容成功 [3musecase[0m[2m=[0m"读取附件内容" [3madapter[0m[2m=[0m"http" [3moutcome[0m[2m=[0m"succeeded" [3mrequest_kind[0m[2m=[0m"附件内容读取" [3mattachment_id[0m[2m=[0m"att-4e0480d9e16e" [3msession_id[0m[2m=[0m"s-3b774a25d87b"
[backend] [2m2026-04-25T16:38:59.3832048+08:00[0m [32m INFO[0m ThreadId(10) [2mkoko::shell::媒体资产外壳[0m[2m:[0m HTTP 请求已受理 [3musecase[0m[2m=[0m"读取附件内容" [3madapter[0m[2m=[0m"http" [3moutcome[0m[2m=[0m"accepted" [3mrequest_kind[0m[2m=[0m"附件内容读取" [3mattachment_id[0m[2m=[0m"att-4e0480d9e16e" [3msession_id[0m[2m=[0m"s-3b774a25d87b"
[backend] [2m2026-04-25T16:38:59.3849612+08:00[0m [32m INFO[0m ThreadId(10) [2mkoko::shell::媒体资产外壳[0m[2m:[0m HTTP 请求已受理 [3musecase[0m[2m=[0m"读取附件内容" [3madapter[0m[2m=[0m"http" [3moutcome[0m[2m=[0m"accepted" [3mrequest_kind[0m[2m=[0m"附件内容读取" [3mattachment_id[0m[2m=[0m"att-4e0480d9e16e" [3msession_id[0m[2m=[0m"s-3b774a25d87b"
[backend] [2m2026-04-25T16:38:59.399849+08:00[0m [32m INFO[0m ThreadId(10) [2mkoko::shell::媒体资产外壳[0m[2m:[0m 读取附件内容成功 [3musecase[0m[2m=[0m"读取附件内容" [3madapter[0m[2m=[0m"http" [3moutcome[0m[2m=[0m"succeeded" [3mrequest_kind[0m[2m=[0m"附件内容读取" [3mattachment_id[0m[2m=[0m"att-4e0480d9e16e" [3msession_id[0m[2m=[0m"s-3b774a25d87b"
[backend] [2m2026-04-25T16:38:59.3998491+08:00[0m [32m INFO[0m ThreadId(09) [2mkoko::shell::媒体资产外壳[0m[2m:[0m 读取附件内容成功 [3musecase[0m[2m=[0m"读取附件内容" [3madapter[0m[2m=[0m"http" [3moutcome[0m[2m=[0m"succeeded" [3mrequest_kind[0m[2m=[0m"附件内容读取" [3mattachment_id[0m[2m=[0m"att-4e0480d9e16e" [3msession_id[0m[2m=[0m"s-3b774a25d87b"
[backend] [2m2026-04-25T16:38:59.4080651+08:00[0m [32m INFO[0m ThreadId(11) [2mkoko::shell::媒体资产外壳[0m[2m:[0m HTTP 请求已受理 [3musecase[0m[2m=[0m"读取附件内容" [3madapter[0m[2m=[0m"http" [3moutcome[0m[2m=[0m"accepted" [3mrequest_kind[0m[2m=[0m"附件内容读取" [3mattachment_id[0m[2m=[0m"att-4e0480d9e16e" [3msession_id[0m[2m=[0m"s-3b774a25d87b"
[backend] [2m2026-04-25T16:38:59.4097726+08:00[0m [32m INFO[0m ThreadId(11) [2mkoko::shell::媒体资产外壳[0m[2m:[0m HTTP 请求已受理 [3musecase[0m[2m=[0m"读取附件内容" [3madapter[0m[2m=[0m"http" [3moutcome[0m[2m=[0m"accepted" [3mrequest_kind[0m[2m=[0m"附件内容读取" [3mattachment_id[0m[2m=[0m"att-4e0480d9e16e" [3msession_id[0m[2m=[0m"s-3b774a25d87b"
[backend] [2m2026-04-25T16:38:59.4204584+08:00[0m [32m INFO[0m ThreadId(10) [2mkoko::shell::媒体资产外壳[0m[2m:[0m 读取附件内容成功 [3musecase[0m[2m=[0m"读取附件内容" [3madapter[0m[2m=[0m"http" [3moutcome[0m[2m=[0m"succeeded" [3mrequest_kind[0m[2m=[0m"附件内容读取" [3mattachment_id[0m[2m=[0m"att-4e0480d9e16e" [3msession_id[0m[2m=[0m"s-3b774a25d87b"
[backend] [2m2026-04-25T16:38:59.4243519+08:00[0m [32m INFO[0m ThreadId(10) [2mkoko::shell::媒体资产外壳[0m[2m:[0m 读取附件内容成功 [3musecase[0m[2m=[0m"读取附件内容" [3madapter[0m[2m=[0m"http" [3moutcome[0m[2m=[0m"succeeded" [3mrequest_kind[0m[2m=[0m"附件内容读取" [3mattachment_id[0m[2m=[0m"att-4e0480d9e16e" [3msession_id[0m[2m=[0m"s-3b774a25d87b"
[backend] [2m2026-04-25T16:38:59.4585175+08:00[0m [32m INFO[0m ThreadId(09) [2mkoko::shell::媒体资产外壳[0m[2m:[0m HTTP 请求已受理 [3musecase[0m[2m=[0m"读取附件内容" [3madapter[0m[2m=[0m"http" [3moutcome[0m[2m=[0m"accepted" [3mrequest_kind[0m[2m=[0m"附件内容读取" [3mattachment_id[0m[2m=[0m"att-4e0480d9e16e" [3msession_id[0m[2m=[0m"s-3b774a25d87b"
[backend] [2m2026-04-25T16:38:59.45984+08:00[0m [32m INFO[0m ThreadId(09) [2mkoko::shell::媒体资产外壳[0m[2m:[0m HTTP 请求已受理 [3musecase[0m[2m=[0m"读取附件内容" [3madapter[0m[2m=[0m"http" [3moutcome[0m[2m=[0m"accepted" [3mrequest_kind[0m[2m=[0m"附件内容读取" [3mattachment_id[0m[2m=[0m"att-4e0480d9e16e" [3msession_id[0m[2m=[0m"s-3b774a25d87b"
[backend] [2m2026-04-25T16:38:59.465181+08:00[0m [32m INFO[0m ThreadId(08) [2mkoko::shell::媒体资产外壳[0m[2m:[0m HTTP 请求已受理 [3musecase[0m[2m=[0m"读取附件内容" [3madapter[0m[2m=[0m"http" [3moutcome[0m[2m=[0m"accepted" [3mrequest_kind[0m[2m=[0m"附件内容读取" [3mattachment_id[0m[2m=[0m"att-4e0480d9e16e" [3msession_id[0m[2m=[0m"s-3b774a25d87b"
[backend] [2m2026-04-25T16:38:59.4728222+08:00[0m [32m INFO[0m ThreadId(12) [2mkoko::shell::媒体资产外壳[0m[2m:[0m 读取附件内容成功 [3musecase[0m[2m=[0m"读取附件内容" [3madapter[0m[2m=[0m"http" [3moutcome[0m[2m=[0m"succeeded" [3mrequest_kind[0m[2m=[0m"附件内容读取" [3mattachment_id[0m[2m=[0m"att-4e0480d9e16e" [3msession_id[0m[2m=[0m"s-3b774a25d87b"
[backend] [2m2026-04-25T16:38:59.4727121+08:00[0m [32m INFO[0m ThreadId(10) [2mkoko::shell::媒体资产外壳[0m[2m:[0m 读取附件内容成功 [3musecase[0m[2m=[0m"读取附件内容" [3madapter[0m[2m=[0m"http" [3moutcome[0m[2m=[0m"succeeded" [3mrequest_kind[0m[2m=[0m"附件内容读取" [3mattachment_id[0m[2m=[0m"att-4e0480d9e16e" [3msession_id[0m[2m=[0m"s-3b774a25d87b"
[backend] [2m2026-04-25T16:38:59.480694+08:00[0m [32m INFO[0m ThreadId(10) [2mkoko::shell::媒体资产外壳[0m[2m:[0m 读取附件内容成功 [3musecase[0m[2m=[0m"读取附件内容" [3madapter[0m[2m=[0m"http" [3moutcome[0m[2m=[0m"succeeded" [3mrequest_kind[0m[2m=[0m"附件内容读取" [3mattachment_id[0m[2m=[0m"att-4e0480d9e16e" [3msession_id[0m[2m=[0m"s-3b774a25d87b"
[backend] [2m2026-04-25T16:38:59.4846179+08:00[0m [32m INFO[0m ThreadId(08) [2mkoko::shell::媒体资产外壳[0m[2m:[0m HTTP 请求已受理 [3musecase[0m[2m=[0m"读取附件内容" [3madapter[0m[2m=[0m"http" [3moutcome[0m[2m=[0m"accepted" [3mrequest_kind[0m[2m=[0m"附件内容读取" [3mattachment_id[0m[2m=[0m"att-4e0480d9e16e" [3msession_id[0m[2m=[0m"s-3b774a25d87b"
[backend] [2m2026-04-25T16:38:59.4924633+08:00[0m [32m INFO[0m ThreadId(08) [2mkoko::shell::媒体资产外壳[0m[2m:[0m 读取附件内容成功 [3musecase[0m[2m=[0m"读取附件内容" [3madapter[0m[2m=[0m"http" [3moutcome[0m[2m=[0m"succeeded" [3mrequest_kind[0m[2m=[0m"附件内容读取" [3mattachment_id[0m[2m=[0m"att-4e0480d9e16e" [3msession_id[0m[2m=[0m"s-3b774a25d87b"
[backend] [2m2026-04-25T16:38:59.5453704+08:00[0m [32m INFO[0m ThreadId(12) [2mkoko::shell::媒体资产外壳[0m[2m:[0m HTTP 请求已受理 [3musecase[0m[2m=[0m"读取附件内容" [3madapter[0m[2m=[0m"http" [3moutcome[0m[2m=[0m"accepted" [3mrequest_kind[0m[2m=[0m"附件内容读取" [3mattachment_id[0m[2m=[0m"att-4e0480d9e16e" [3msession_id[0m[2m=[0m"s-3b774a25d87b"
[backend] [2m2026-04-25T16:38:59.5492242+08:00[0m [32m INFO[0m ThreadId(12) [2mkoko::shell::媒体资产外壳[0m[2m:[0m HTTP 请求已受理 [3musecase[0m[2m=[0m"读取附件内容" [3madapter[0m[2m=[0m"http" [3moutcome[0m[2m=[0m"accepted" [3mrequest_kind[0m[2m=[0m"附件内容读取" [3mattachment_id[0m[2m=[0m"att-4e0480d9e16e" [3msession_id[0m[2m=[0m"s-3b774a25d87b"
[backend] [2m2026-04-25T16:38:59.5510352+08:00[0m [32m INFO[0m ThreadId(12) [2mkoko::shell::媒体资产外壳[0m[2m:[0m HTTP 请求已受理 [3musecase[0m[2m=[0m"读取附件内容" [3madapter[0m[2m=[0m"http" [3moutcome[0m[2m=[0m"accepted" [3mrequest_kind[0m[2m=[0m"附件内容读取" [3mattachment_id[0m[2m=[0m"att-4e0480d9e16e" [3msession_id[0m[2m=[0m"s-3b774a25d87b"
[backend] [2m2026-04-25T16:38:59.5525309+08:00[0m [32m INFO[0m ThreadId(10) [2mkoko::shell::媒体资产外壳[0m[2m:[0m HTTP 请求已受理 [3musecase[0m[2m=[0m"读取附件内容" [3madapter[0m[2m=[0m"http" [3moutcome[0m[2m=[0m"accepted" [3mrequest_kind[0m[2m=[0m"附件内容读取" [3mattachment_id[0m[2m=[0m"att-4e0480d9e16e" [3msession_id[0m[2m=[0m"s-3b774a25d87b"
[backend] [2m2026-04-25T16:38:59.5574748+08:00[0m [32m INFO[0m ThreadId(12) [2mkoko::shell::媒体资产外壳[0m[2m:[0m 读取附件内容成功 [3musecase[0m[2m=[0m"读取附件内容" [3madapter[0m[2m=[0m"http" [3moutcome[0m[2m=[0m"succeeded" [3mrequest_kind[0m[2m=[0m"附件内容读取" [3mattachment_id[0m[2m=[0m"att-4e0480d9e16e" [3msession_id[0m[2m=[0m"s-3b774a25d87b"
[backend] [2m2026-04-25T16:38:59.568274+08:00[0m [32m INFO[0m ThreadId(08) [2mkoko::shell::媒体资产外壳[0m[2m:[0m 读取附件内容成功 [3musecase[0m[2m=[0m"读取附件内容" [3madapter[0m[2m=[0m"http" [3moutcome[0m[2m=[0m"succeeded" [3mrequest_kind[0m[2m=[0m"附件内容读取" [3mattachment_id[0m[2m=[0m"att-4e0480d9e16e" [3msession_id[0m[2m=[0m"s-3b774a25d87b"
[backend] [2m2026-04-25T16:38:59.5682559+08:00[0m [32m INFO[0m ThreadId(10) [2mkoko::shell::媒体资产外壳[0m[2m:[0m 读取附件内容成功 [3musecase[0m[2m=[0m"读取附件内容" [3madapter[0m[2m=[0m"http" [3moutcome[0m[2m=[0m"succeeded" [3mrequest_kind[0m[2m=[0m"附件内容读取" [3mattachment_id[0m[2m=[0m"att-4e0480d9e16e" [3msession_id[0m[2m=[0m"s-3b774a25d87b"
[backend] [2m2026-04-25T16:38:59.5683112+08:00[0m [32m INFO[0m ThreadId(12) [2mkoko::shell::媒体资产外壳[0m[2m:[0m 读取附件内容成功 [3musecase[0m[2m=[0m"读取附件内容" [3madapter[0m[2m=[0m"http" [3moutcome[0m[2m=[0m"succeeded" [3mrequest_kind[0m[2m=[0m"附件内容读取" [3mattachment_id[0m[2m=[0m"att-4e0480d9e16e" [3msession_id[0m[2m=[0m"s-3b774a25d87b"
[backend] [2m2026-04-25T16:38:59.6295104+08:00[0m [32m INFO[0m ThreadId(09) [2mkoko::shell::媒体资产外壳[0m[2m:[0m HTTP 请求已受理 [3musecase[0m[2m=[0m"读取附件内容" [3madapter[0m[2m=[0m"http" [3moutcome[0m[2m=[0m"accepted" [3mrequest_kind[0m[2m=[0m"附件内容读取" [3mattachment_id[0m[2m=[0m"att-4e0480d9e16e" [3msession_id[0m[2m=[0m"s-3b774a25d87b"
[backend] [2m2026-04-25T16:38:59.6436291+08:00[0m [32m INFO[0m ThreadId(09) [2mkoko::shell::媒体资产外壳[0m[2m:[0m 读取附件内容成功 [3musecase[0m[2m=[0m"读取附件内容" [3madapter[0m[2m=[0m"http" [3moutcome[0m[2m=[0m"succeeded" [3mrequest_kind[0m[2m=[0m"附件内容读取" [3mattachment_id[0m[2m=[0m"att-4e0480d9e16e" [3msession_id[0m[2m=[0m"s-3b774a25d87b"
[backend] [2m2026-04-25T16:38:59.6541367+08:00[0m [32m INFO[0m ThreadId(08) [2mkoko::shell::媒体资产外壳[0m[2m:[0m HTTP 请求已受理 [3musecase[0m[2m=[0m"读取附件内容" [3madapter[0m[2m=[0m"http" [3moutcome[0m[2m=[0m"accepted" [3mrequest_kind[0m[2m=[0m"附件内容读取" [3mattachment_id[0m[2m=[0m"att-4e0480d9e16e" [3msession_id[0m[2m=[0m"s-3b774a25d87b"
[backend] [2m2026-04-25T16:38:59.6552612+08:00[0m [32m INFO[0m ThreadId(08) [2mkoko::shell::媒体资产外壳[0m[2m:[0m HTTP 请求已受理 [3musecase[0m[2m=[0m"读取附件内容" [3madapter[0m[2m=[0m"http" [3moutcome[0m[2m=[0m"accepted" [3mrequest_kind[0m[2m=[0m"附件内容读取" [3mattachment_id[0m[2m=[0m"att-4e0480d9e16e" [3msession_id[0m[2m=[0m"s-3b774a25d87b"
[backend] [2m2026-04-25T16:38:59.6564835+08:00[0m [32m INFO[0m ThreadId(08) [2mkoko::shell::媒体资产外壳[0m[2m:[0m HTTP 请求已受理 [3musecase[0m[2m=[0m"读取附件内容" [3madapter[0m[2m=[0m"http" [3moutcome[0m[2m=[0m"accepted" [3mrequest_kind[0m[2m=[0m"附件内容读取" [3mattachment_id[0m[2m=[0m"att-4e0480d9e16e" [3msession_id[0m[2m=[0m"s-3b774a25d87b"
[backend] [2m2026-04-25T16:38:59.6701153+08:00[0m [32m INFO[0m ThreadId(11) [2mkoko::shell::媒体资产外壳[0m[2m:[0m 读取附件内容成功 [3musecase[0m[2m=[0m"读取附件内容" [3madapter[0m[2m=[0m"http" [3moutcome[0m[2m=[0m"succeeded" [3mrequest_kind[0m[2m=[0m"附件内容读取" [3mattachment_id[0m[2m=[0m"att-4e0480d9e16e" [3msession_id[0m[2m=[0m"s-3b774a25d87b"
[backend] [2m2026-04-25T16:38:59.6701591+08:00[0m [32m INFO[0m ThreadId(09) [2mkoko::shell::媒体资产外壳[0m[2m:[0m 读取附件内容成功 [3musecase[0m[2m=[0m"读取附件内容" [3madapter[0m[2m=[0m"http" [3moutcome[0m[2m=[0m"succeeded" [3mrequest_kind[0m[2m=[0m"附件内容读取" [3mattachment_id[0m[2m=[0m"att-4e0480d9e16e" [3msession_id[0m[2m=[0m"s-3b774a25d87b"
[backend] [2m2026-04-25T16:38:59.6701155+08:00[0m [32m INFO[0m ThreadId(08) [2mkoko::shell::媒体资产外壳[0m[2m:[0m 读取附件内容成功 [3musecase[0m[2m=[0m"读取附件内容" [3madapter[0m[2m=[0m"http" [3moutcome[0m[2m=[0m"succeeded" [3mrequest_kind[0m[2m=[0m"附件内容读取" [3mattachment_id[0m[2m=[0m"att-4e0480d9e16e" [3msession_id[0m[2m=[0m"s-3b774a25d87b"
[backend] [2m2026-04-25T16:38:59.770209+08:00[0m [32m INFO[0m ThreadId(12) [2mkoko::shell::媒体资产外壳[0m[2m:[0m HTTP 请求已受理 [3musecase[0m[2m=[0m"读取附件内容" [3madapter[0m[2m=[0m"http" [3moutcome[0m[2m=[0m"accepted" [3mrequest_kind[0m[2m=[0m"附件内容读取" [3mattachment_id[0m[2m=[0m"att-4e0480d9e16e" [3msession_id[0m[2m=[0m"s-3b774a25d87b"
[tracker] 2026-04-25T08:38:59.764Z update: 2d5757303230382d7677355a6e512b524130472f
[tracker] 2026-04-25T08:38:59.765Z update: 2d5757303230382d7677355a6e512b524130472f
[tracker] 2026-04-25T08:38:59.766Z update: 2d5757303230382d7677355a6e512b524130472f
[tracker] 2026-04-25T08:38:59.767Z update: 2d5757303230382d7677355a6e512b524130472f
[backend] [2m2026-04-25T16:38:59.7811433+08:00[0m [32m INFO[0m ThreadId(08) [2mkoko::shell::媒体资产外壳[0m[2m:[0m 读取附件内容成功 [3musecase[0m[2m=[0m"读取附件内容" [3madapter[0m[2m=[0m"http" [3moutcome[0m[2m=[0m"succeeded" [3mrequest_kind[0m[2m=[0m"附件内容读取" [3mattachment_id[0m[2m=[0m"att-4e0480d9e16e" [3msession_id[0m[2m=[0m"s-3b774a25d87b"
[backend] [2m2026-04-25T16:38:59.8289013+08:00[0m [32m INFO[0m ThreadId(09) [2mkoko::shell::媒体资产外壳[0m[2m:[0m HTTP 请求已受理 [3musecase[0m[2m=[0m"读取附件内容" [3madapter[0m[2m=[0m"http" [3moutcome[0m[2m=[0m"accepted" [3mrequest_kind[0m[2m=[0m"附件内容读取" [3mattachment_id[0m[2m=[0m"att-4e0480d9e16e" [3msession_id[0m[2m=[0m"s-3b774a25d87b"
[backend] [2m2026-04-25T16:38:59.8340592+08:00[0m [32m INFO[0m ThreadId(09) [2mkoko::shell::媒体资产外壳[0m[2m:[0m HTTP 请求已受理 [3musecase[0m[2m=[0m"读取附件内容" [3madapter[0m[2m=[0m"http" [3moutcome[0m[2m=[0m"accepted" [3mrequest_kind[0m[2m=[0m"附件内容读取" [3mattachment_id[0m[2m=[0m"att-4e0480d9e16e" [3msession_id[0m[2m=[0m"s-3b774a25d87b"
[backend] [2m2026-04-25T16:38:59.8345713+08:00[0m [32m INFO[0m ThreadId(11) [2mkoko::shell::媒体资产外壳[0m[2m:[0m HTTP 请求已受理 [3musecase[0m[2m=[0m"读取附件内容" [3madapter[0m[2m=[0m"http" [3moutcome[0m[2m=[0m"accepted" [3mrequest_kind[0m[2m=[0m"附件内容读取" [3mattachment_id[0m[2m=[0m"att-4e0480d9e16e" [3msession_id[0m[2m=[0m"s-3b774a25d87b"
[backend] [2m2026-04-25T16:38:59.841553+08:00[0m [32m INFO[0m ThreadId(11) [2mkoko::shell::媒体资产外壳[0m[2m:[0m 读取附件内容成功 [3musecase[0m[2m=[0m"读取附件内容" [3madapter[0m[2m=[0m"http" [3moutcome[0m[2m=[0m"succeeded" [3mrequest_kind[0m[2m=[0m"附件内容读取" [3mattachment_id[0m[2m=[0m"att-4e0480d9e16e" [3msession_id[0m[2m=[0m"s-3b774a25d87b"
[backend] [2m2026-04-25T16:38:59.8491953+08:00[0m [32m INFO[0m ThreadId(12) [2mkoko::shell::媒体资产外壳[0m[2m:[0m 读取附件内容成功 [3musecase[0m[2m=[0m"读取附件内容" [3madapter[0m[2m=[0m"http" [3moutcome[0m[2m=[0m"succeeded" [3mrequest_kind[0m[2m=[0m"附件内容读取" [3mattachment_id[0m[2m=[0m"att-4e0480d9e16e" [3msession_id[0m[2m=[0m"s-3b774a25d87b"
[backend] [2m2026-04-25T16:38:59.8491954+08:00[0m [32m INFO[0m ThreadId(11) [2mkoko::shell::媒体资产外壳[0m[2m:[0m 读取附件内容成功 [3musecase[0m[2m=[0m"读取附件内容" [3madapter[0m[2m=[0m"http" [3moutcome[0m[2m=[0m"succeeded" [3mrequest_kind[0m[2m=[0m"附件内容读取" [3mattachment_id[0m[2m=[0m"att-4e0480d9e16e" [3msession_id[0m[2m=[0m"s-3b774a25d87b"
[backend] [2m2026-04-25T16:38:59.8741403+08:00[0m [32m INFO[0m ThreadId(09) [2mkoko::shell::媒体资产外壳[0m[2m:[0m HTTP 请求已受理 [3musecase[0m[2m=[0m"读取附件内容" [3madapter[0m[2m=[0m"http" [3moutcome[0m[2m=[0m"accepted" [3mrequest_kind[0m[2m=[0m"附件内容读取" [3mattachment_id[0m[2m=[0m"att-4e0480d9e16e" [3msession_id[0m[2m=[0m"s-3b774a25d87b"
[backend] [2m2026-04-25T16:38:59.88425+08:00[0m [32m INFO[0m ThreadId(12) [2mkoko::shell::媒体资产外壳[0m[2m:[0m 读取附件内容成功 [3musecase[0m[2m=[0m"读取附件内容" [3madapter[0m[2m=[0m"http" [3moutcome[0m[2m=[0m"succeeded" [3mrequest_kind[0m[2m=[0m"附件内容读取" [3mattachment_id[0m[2m=[0m"att-4e0480d9e16e" [3msession_id[0m[2m=[0m"s-3b774a25d87b"
[backend] [2m2026-04-25T16:38:59.8911336+08:00[0m [32m INFO[0m ThreadId(09) [2mkoko::shell::媒体资产外壳[0m[2m:[0m HTTP 请求已受理 [3musecase[0m[2m=[0m"读取附件内容" [3madapter[0m[2m=[0m"http" [3moutcome[0m[2m=[0m"accepted" [3mrequest_kind[0m[2m=[0m"附件内容读取" [3mattachment_id[0m[2m=[0m"att-4e0480d9e16e" [3msession_id[0m[2m=[0m"s-3b774a25d87b"
[backend] [2m2026-04-25T16:38:59.9031889+08:00[0m [32m INFO[0m ThreadId(12) [2mkoko::shell::媒体资产外壳[0m[2m:[0m 读取附件内容成功 [3musecase[0m[2m=[0m"读取附件内容" [3madapter[0m[2m=[0m"http" [3moutcome[0m[2m=[0m"succeeded" [3mrequest_kind[0m[2m=[0m"附件内容读取" [3mattachment_id[0m[2m=[0m"att-4e0480d9e16e" [3msession_id[0m[2m=[0m"s-3b774a25d87b"
[backend] [2m2026-04-25T16:38:59.9203859+08:00[0m [32m INFO[0m ThreadId(09) [2mkoko::shell::媒体资产外壳[0m[2m:[0m HTTP 请求已受理 [3musecase[0m[2m=[0m"读取附件内容" [3madapter[0m[2m=[0m"http" [3moutcome[0m[2m=[0m"accepted" [3mrequest_kind[0m[2m=[0m"附件内容读取" [3mattachment_id[0m[2m=[0m"att-4e0480d9e16e" [3msession_id[0m[2m=[0m"s-3b774a25d87b"
[backend] [2m2026-04-25T16:38:59.9241445+08:00[0m [32m INFO[0m ThreadId(09) [2mkoko::shell::媒体资产外壳[0m[2m:[0m HTTP 请求已受理 [3musecase[0m[2m=[0m"读取附件内容" [3madapter[0m[2m=[0m"http" [3moutcome[0m[2m=[0m"accepted" [3mrequest_kind[0m[2m=[0m"附件内容读取" [3mattachment_id[0m[2m=[0m"att-4e0480d9e16e" [3msession_id[0m[2m=[0m"s-3b774a25d87b"
[backend] [2m2026-04-25T16:38:59.9406982+08:00[0m [32m INFO[0m ThreadId(11) [2mkoko::shell::媒体资产外壳[0m[2m:[0m 读取附件内容成功 [3musecase[0m[2m=[0m"读取附件内容" [3madapter[0m[2m=[0m"http" [3moutcome[0m[2m=[0m"succeeded" [3mrequest_kind[0m[2m=[0m"附件内容读取" [3mattachment_id[0m[2m=[0m"att-4e0480d9e16e" [3msession_id[0m[2m=[0m"s-3b774a25d87b"
[backend] [2m2026-04-25T16:38:59.9406982+08:00[0m [32m INFO[0m ThreadId(08) [2mkoko::shell::媒体资产外壳[0m[2m:[0m 读取附件内容成功 [3musecase[0m[2m=[0m"读取附件内容" [3madapter[0m[2m=[0m"http" [3moutcome[0m[2m=[0m"succeeded" [3mrequest_kind[0m[2m=[0m"附件内容读取" [3mattachment_id[0m[2m=[0m"att-4e0480d9e16e" [3msession_id[0m[2m=[0m"s-3b774a25d87b"
[backend] [2m2026-04-25T16:38:59.9795182+08:00[0m [32m INFO[0m ThreadId(09) [2mkoko::shell::媒体资产外壳[0m[2m:[0m HTTP 请求已受理 [3musecase[0m[2m=[0m"读取附件内容" [3madapter[0m[2m=[0m"http" [3moutcome[0m[2m=[0m"accepted" [3mrequest_kind[0m[2m=[0m"附件内容读取" [3mattachment_id[0m[2m=[0m"att-4e0480d9e16e" [3msession_id[0m[2m=[0m"s-3b774a25d87b"
[backend] [2m2026-04-25T16:38:59.990741+08:00[0m [32m INFO[0m ThreadId(09) [2mkoko::shell::媒体资产外壳[0m[2m:[0m 读取附件内容成功 [3musecase[0m[2m=[0m"读取附件内容" [3madapter[0m[2m=[0m"http" [3moutcome[0m[2m=[0m"succeeded" [3mrequest_kind[0m[2m=[0m"附件内容读取" [3mattachment_id[0m[2m=[0m"att-4e0480d9e16e" [3msession_id[0m[2m=[0m"s-3b774a25d87b"
[tracker] 2026-04-25T08:39:00.013Z update: 2d5757303230382d7677355a6e512b524130472f
[tracker] 2026-04-25T08:39:00.093Z update: 2d5757303230382d7677355a6e512b524130472f
[backend] [2m2026-04-25T16:39:00.050596+08:00[0m [32m INFO[0m ThreadId(08) [2mkoko::shell::媒体资产外壳[0m[2m:[0m HTTP 请求已受理 [3musecase[0m[2m=[0m"读取附件内容" [3madapter[0m[2m=[0m"http" [3moutcome[0m[2m=[0m"accepted" [3mrequest_kind[0m[2m=[0m"附件内容读取" [3mattachment_id[0m[2m=[0m"att-4e0480d9e16e" [3msession_id[0m[2m=[0m"s-3b774a25d87b"
[backend] [2m2026-04-25T16:39:00.0517524+08:00[0m [32m INFO[0m ThreadId(08) [2mkoko::shell::媒体资产外壳[0m[2m:[0m HTTP 请求已受理 [3musecase[0m[2m=[0m"读取附件内容" [3madapter[0m[2m=[0m"http" [3moutcome[0m[2m=[0m"accepted" [3mrequest_kind[0m[2m=[0m"附件内容读取" [3mattachment_id[0m[2m=[0m"att-4e0480d9e16e" [3msession_id[0m[2m=[0m"s-3b774a25d87b"
[backend] [2m2026-04-25T16:39:00.0531162+08:00[0m [32m INFO[0m ThreadId(08) [2mkoko::shell::媒体资产外壳[0m[2m:[0m HTTP 请求已受理 [3musecase[0m[2m=[0m"读取附件内容" [3madapter[0m[2m=[0m"http" [3moutcome[0m[2m=[0m"accepted" [3mrequest_kind[0m[2m=[0m"附件内容读取" [3mattachment_id[0m[2m=[0m"att-4e0480d9e16e" [3msession_id[0m[2m=[0m"s-3b774a25d87b"
[backend] [2m2026-04-25T16:39:00.0633344+08:00[0m [32m INFO[0m ThreadId(11) [2mkoko::shell::媒体资产外壳[0m[2m:[0m HTTP 请求已受理 [3musecase[0m[2m=[0m"读取附件内容" [3madapter[0m[2m=[0m"http" [3moutcome[0m[2m=[0m"accepted" [3mrequest_kind[0m[2m=[0m"附件内容读取" [3mattachment_id[0m[2m=[0m"att-4e0480d9e16e" [3msession_id[0m[2m=[0m"s-3b774a25d87b"
[backend] [2m2026-04-25T16:39:00.0713396+08:00[0m [32m INFO[0m ThreadId(08) [2mkoko::shell::媒体资产外壳[0m[2m:[0m 读取附件内容成功 [3musecase[0m[2m=[0m"读取附件内容" [3madapter[0m[2m=[0m"http" [3moutcome[0m[2m=[0m"succeeded" [3mrequest_kind[0m[2m=[0m"附件内容读取" [3mattachment_id[0m[2m=[0m"att-4e0480d9e16e" [3msession_id[0m[2m=[0m"s-3b774a25d87b"
[backend] [2m2026-04-25T16:39:00.0712879+08:00[0m [32m INFO[0m ThreadId(11) [2mkoko::shell::媒体资产外壳[0m[2m:[0m 读取附件内容成功 [3musecase[0m[2m=[0m"读取附件内容" [3madapter[0m[2m=[0m"http" [3moutcome[0m[2m=[0m"succeeded" [3mrequest_kind[0m[2m=[0m"附件内容读取" [3mattachment_id[0m[2m=[0m"att-4e0480d9e16e" [3msession_id[0m[2m=[0m"s-3b774a25d87b"
[backend] [2m2026-04-25T16:39:00.0714213+08:00[0m [32m INFO[0m ThreadId(12) [2mkoko::shell::媒体资产外壳[0m[2m:[0m 读取附件内容成功 [3musecase[0m[2m=[0m"读取附件内容" [3madapter[0m[2m=[0m"http" [3moutcome[0m[2m=[0m"succeeded" [3mrequest_kind[0m[2m=[0m"附件内容读取" [3mattachment_id[0m[2m=[0m"att-4e0480d9e16e" [3msession_id[0m[2m=[0m"s-3b774a25d87b"
[backend] [2m2026-04-25T16:39:00.0784701+08:00[0m [32m INFO[0m ThreadId(12) [2mkoko::shell::媒体资产外壳[0m[2m:[0m 读取附件内容成功 [3musecase[0m[2m=[0m"读取附件内容" [3madapter[0m[2m=[0m"http" [3moutcome[0m[2m=[0m"succeeded" [3mrequest_kind[0m[2m=[0m"附件内容读取" [3mattachment_id[0m[2m=[0m"att-4e0480d9e16e" [3msession_id[0m[2m=[0m"s-3b774a25d87b"
[backend] [2m2026-04-25T16:39:00.1512406+08:00[0m [32m INFO[0m ThreadId(10) [2mkoko::shell::媒体资产外壳[0m[2m:[0m HTTP 请求已受理 [3musecase[0m[2m=[0m"读取附件内容" [3madapter[0m[2m=[0m"http" [3moutcome[0m[2m=[0m"accepted" [3mrequest_kind[0m[2m=[0m"附件内容读取" [3mattachment_id[0m[2m=[0m"att-4e0480d9e16e" [3msession_id[0m[2m=[0m"s-3b774a25d87b"
[backend] [2m2026-04-25T16:39:00.1796243+08:00[0m [32m INFO[0m ThreadId(10) [2mkoko::shell::媒体资产外壳[0m[2m:[0m 读取附件内容成功 [3musecase[0m[2m=[0m"读取附件内容" [3madapter[0m[2m=[0m"http" [3moutcome[0m[2m=[0m"succeeded" [3mrequest_kind[0m[2m=[0m"附件内容读取" [3mattachment_id[0m[2m=[0m"att-4e0480d9e16e" [3msession_id[0m[2m=[0m"s-3b774a25d87b"
[tracker] 2026-04-25T08:39:00.255Z complete: 2d5757303230382d564f594651326c6753477054
[tracker] 2026-04-25T08:39:00.480Z update: 2d5757303230382d7677355a6e512b524130472f
[tracker] 2026-04-25T08:39:36.257Z update: 2d5757303230382d503366656a51793338305944
[tracker] 2026-04-25T08:39:36.267Z update: 2d5757303230382d564f594651326c6753477054
[tracker] 2026-04-25T08:39:41.264Z update: 2d5757303230382d7677355a6e512b524130472f
[tracker] 2026-04-25T08:40:04.828Z update: 2d5757303230382d7677355a6e512b524130472f
[tracker] 2026-04-25T08:40:04.837Z update: 2d5757303230382d564f594651326c6753477054
[tracker] 2026-04-25T08:40:04.838Z update: 2d5757303230382d503366656a51793338305944
[tracker] 2026-04-25T08:40:05.000Z update: 2d5757303230382d7677355a6e512b524130472f
[tracker] 2026-04-25T08:40:05.008Z update: 2d5757303230382d564f594651326c6753477054
[tracker] 2026-04-25T08:40:05.140Z update: 2d5757303230382d7677355a6e512b524130472f
[tracker] 2026-04-25T08:40:05.150Z update: 2d5757303230382d564f594651326c6753477054
[tracker] 2026-04-25T08:40:05.151Z update: 2d5757303230382d503366656a51793338305944
[tracker] 2026-04-25T08:40:05.295Z update: 2d5757303230382d7677355a6e512b524130472f
[tracker] 2026-04-25T08:40:05.302Z update: 2d5757303230382d564f594651326c6753477054
[tracker] 2026-04-25T08:40:05.303Z update: 2d5757303230382d503366656a51793338305944
[tracker] 2026-04-25T08:40:05.513Z update: 2d5757303230382d7677355a6e512b524130472f
[tracker] 2026-04-25T08:40:05.522Z update: 2d5757303230382d564f594651326c6753477054
[tracker] 2026-04-25T08:40:05.523Z update: 2d5757303230382d503366656a51793338305944
[tracker] 2026-04-25T08:40:05.599Z update: 2d5757303230382d7677355a6e512b524130472f
[tracker] 2026-04-25T08:40:05.618Z update: 2d5757303230382d564f594651326c6753477054
[tracker] 2026-04-25T08:40:05.634Z update: 2d5757303230382d503366656a51793338305944
