跳过前端完整首轮构建；由 dev:watch:supervised 负责启动基线构建。需要完整门禁时加 -ForceInitialFrontendBuild。
前端增量编译: pnpm --dir frontend run dev:watch:supervised
前端类型守卫: pnpm --dir frontend run typecheck:watch
启动后端: cargo run --target-dir target\\launcher-run
[38;5;208m+========================================================================+[0m
[1;38;5;208m| 本机访问入口（日志再多也先看这里）                                                      |[0m
[38;5;208m| http://127.0.0.1:8080/                                                 |[0m
[38;5;208m+========================================================================+[0m
访问入口: http://127.0.0.1:8080/
tusd 监听: http://0.0.0.0:1081/files
WebTorrent tracker upstream: ws://127.0.0.1:7072
WebTorrent tracker 浏览器公开 announce: ws://127.0.0.1:8080/api/swarm/announce
WebTorrent tracker stats: http://127.0.0.1:7072/stats
WebTorrent seeder 私有 announce: ws://127.0.0.1:8080/api/swarm/announce
WebTorrent seeder 控制面: http://127.0.0.1:7073/health
子进程日志目录: C:\Users\home\AppData\Local\Temp\koko-runner\20260425-164055-055-15332-7e57fc21
启动 tusd: tusd -host 0.0.0.0 -port 1081 -base-path /files -upload-dir E:\koko\data\tus -max-size 209715200 -disable-download -hooks-http http://127.0.0.1:8080/internal/tus/hooks -hooks-enabled-events pre-create,post-finish,pre-terminate,post-terminate -hooks-http-forward-headers Authorization,X-Request-ID,X-Koko-Internal-Termination
启动 WebTorrent tracker: pnpm --dir frontend exec bittorrent-tracker --port 7072 --ws --http --stats --http-hostname 127.0.0.1
启动 WebTorrent seeder: node dev-seeder.mjs --port 7073
启动本地 HTTPS 引导: https.ps1 -SkipAppBootstrap -Port 8080
[build] > koko-frontend@0.1.0 dev:watch:supervised E:\koko\frontend
[build] > node build.mjs --watch=forever
[typecheck] > koko-frontend@0.1.0 typecheck:watch E:\koko\frontend
[typecheck] > tsc --noEmit --watch --preserveWatchOutput
[typecheck] 16:40:56 - Starting compilation in watch mode...
[tusd] 2026/04/25 16:40:57.270301 Using 'E:\koko\data\tus' as directory storage.
[tusd] 2026/04/25 16:40:57.374376 Using 200.00MB as maximum size.
[tusd] 2026/04/25 16:40:57.379434 Using 'http://127.0.0.1:8080/internal/tus/hooks' as the endpoint for hooks
[tusd] 2026/04/25 16:40:57.383536 Enabled hook events: pre-create, post-finish, pre-terminate, post-terminate
[tusd] 2026/04/25 16:40:57.387275 Supported tus extensions: creation,creation-with-upload,termination,concatenation,creation-defer-length
[tusd] 2026/04/25 16:40:57.394318 Using 0.0.0.0:1081 as address to listen.
[tusd] 2026/04/25 16:40:57.397550 Using /files as the base path.
[tusd] 2026/04/25 16:40:57.401189 Using /metrics as the metrics path.
[tusd] 2026/04/25 16:40:57.410220 You can now upload files to: http://[::]:1081/files
[https-bootstrap] 已跳过 run.ps1 自动启动。
[tracker] 2026-04-25T08:40:58.711Z HTTP tracker: http://127.0.0.1:7072/announce
[tracker] 2026-04-25T08:40:58.717Z WebSocket tracker: ws://127.0.0.1:7072
[tracker] 2026-04-25T08:40:58.719Z Tracker stats: http://127.0.0.1:7072/stats
[webtorrent-seeder] [dev-seeder] Seeder ready on http://127.0.0.1:7073 (capability=webtorrent)
[build] [koko-build] manifest updated: js=/dist/app-MNEILVM5.js css=/dist/app-TVFJWQ53.css
[build] [koko-build] app shell precache injected: files=3
[build] [koko-build] watch mode started
[https-bootstrap] 后端端口: 8080
[https-bootstrap] Caddyfile: C:\Users\home\AppData\Local\koko\https-runtime\Caddyfile
[https-bootstrap] HTTPS 地址：
[https-bootstrap]   - https://localhost
[https-bootstrap]   - https://127.0.0.1
[https-bootstrap]   - https://192.168.100.104
[https-bootstrap] 注意：不要访问 https://127.0.0.1:8080/ （该端口是后端明文 HTTP 端口）。
[https-bootstrap] 注意：不要访问 https://0.0.0.0:8080/ （0.0.0.0 仅用于监听绑定，不是可访问主机名）。
[https-bootstrap] 使用 Caddy: C:\Users\home\AppData\Local\Microsoft\WinGet\Links\caddy.exe
[build] [koko-build] app shell precache injected: files=3
[backend] [2m2026-04-25T16:41:00.4469029+08:00[0m [32m INFO[0m ThreadId(01) [1mstartup[0m[1m{[0m[3musecase[0m[2m=[0m"服务启动" [3madapter[0m[2m=[0m"entry"[1m}[0m[2m:[0m [2mkoko::entry[0m[2m:[0m 服务启动请求已受理 [3musecase[0m[2m=[0m"服务启动" [3madapter[0m[2m=[0m"entry" [3moutcome[0m[2m=[0m"accepted"
[build] [koko-build] manifest updated: js=/dist/app-MNEILVM5.js css=/dist/app-TVFJWQ53.css
[backend] [2m2026-04-25T16:41:00.6935355+08:00[0m [32m INFO[0m ThreadId(01) [1mstartup[0m[1m{[0m[3musecase[0m[2m=[0m"服务启动" [3madapter[0m[2m=[0m"entry"[1m}[0m[2m:[0m [2msqlx::postgres::notice[0m[2m:[0m 关系 "_sqlx_migrations" 已经存在, 跳过
[backend] [2m2026-04-25T16:41:00.7031147+08:00[0m [32m INFO[0m ThreadId(01) [1mstartup[0m[1m{[0m[3musecase[0m[2m=[0m"服务启动" [3madapter[0m[2m=[0m"entry"[1m}[0m[2m:[0m [2mkoko::shell[0m[2m:[0m 应用数据库连接池配置已加载 [3mdatabase_pool_max_connections[0m[2m=[0m20 [3mdatabase_pool_min_connections[0m[2m=[0m0 [3mdatabase_pool_acquire_timeout_ms[0m[2m=[0m3000 [3mdatabase_pool_connect_timeout_ms[0m[2m=[0m5000
[backend] [2m2026-04-25T16:41:00.9171179+08:00[0m [32m INFO[0m ThreadId(01) [1mstartup[0m[1m{[0m[3musecase[0m[2m=[0m"服务启动" [3madapter[0m[2m=[0m"entry"[1m}[0m[2m:[0m [2mkoko::entry[0m[2m:[0m HTTP 冷路径服务已启动 [3musecase[0m[2m=[0m"服务启动" [3madapter[0m[2m=[0m"entry" [3moutcome[0m[2m=[0m"succeeded" [3mapp_port[0m[2m=[0m8080
[backend] [2m2026-04-25T16:41:01.1181733+08:00[0m [32m INFO[0m ThreadId(10) [2mkoko::shell::实时外壳[0m[2m:[0m realtime 连接认证已受理 [3musecase[0m[2m=[0m"实时连接认证" [3madapter[0m[2m=[0m"socketioxide" [3moutcome[0m[2m=[0m"accepted" [3msession_id[0m[2m=[0m"s-61aba5a41cb7"
[backend] [2m2026-04-25T16:41:01.119782+08:00[0m [32m INFO[0m ThreadId(02) [2mkoko::shell::实时外壳[0m[2m:[0m realtime 连接认证成功 [3musecase[0m[2m=[0m"实时连接认证" [3madapter[0m[2m=[0m"socketioxide" [3moutcome[0m[2m=[0m"succeeded" [3msession_id[0m[2m=[0m"s-61aba5a41cb7"
[backend] [2m2026-04-25T16:41:01.129129+08:00[0m [32m INFO[0m ThreadId(02) [2mkoko::shell::实时外壳[0m[2m:[0m realtime 订阅请求已受理 [3musecase[0m[2m=[0m"订阅房间事件流" [3madapter[0m[2m=[0m"socketioxide" [3moutcome[0m[2m=[0m"accepted" [3mroom_id[0m[2m=[0m"r-50793d744913" [3msession_id[0m[2m=[0m"s-61aba5a41cb7" [3mfrom[0m[2m=[0m7
[backend] [2m2026-04-25T16:41:01.1298856+08:00[0m [32m INFO[0m ThreadId(07) [2mkoko::shell::实时外壳[0m[2m:[0m realtime 订阅请求已受理 [3musecase[0m[2m=[0m"订阅房间事件流" [3madapter[0m[2m=[0m"socketioxide" [3moutcome[0m[2m=[0m"accepted" [3mroom_id[0m[2m=[0m"r-50793d744913" [3msession_id[0m[2m=[0m"s-61aba5a41cb7" [3mfrom[0m[2m=[0m8
[backend] [2m2026-04-25T16:41:01.5012659+08:00[0m [32m INFO[0m ThreadId(05) [2mkoko::shell::实时外壳[0m[2m:[0m 订阅房间事件流成功 [3musecase[0m[2m=[0m"订阅房间事件流" [3madapter[0m[2m=[0m"socketioxide" [3moutcome[0m[2m=[0m"succeeded" [3mroom_id[0m[2m=[0m"r-50793d744913" [3msession_id[0m[2m=[0m"s-61aba5a41cb7" [3mfrom[0m[2m=[0m8 [3mevent_position[0m[2m=[0m8
[backend] [2m2026-04-25T16:41:01.5929377+08:00[0m [32m INFO[0m ThreadId(02) [2mkoko::shell::实时外壳[0m[2m:[0m 订阅房间事件流成功 [3musecase[0m[2m=[0m"订阅房间事件流" [3madapter[0m[2m=[0m"socketioxide" [3moutcome[0m[2m=[0m"succeeded" [3mroom_id[0m[2m=[0m"r-50793d744913" [3msession_id[0m[2m=[0m"s-61aba5a41cb7" [3mfrom[0m[2m=[0m7 [3mevent_position[0m[2m=[0m8
[tracker] 2026-04-25T08:41:01.548Z complete: 2d5757303230382d5777657347504e6f4c4f4459
[tracker] 2026-04-25T08:41:01.706Z complete: 2d5757303230382d5777657347504e6f4c4f4459
[tracker] 2026-04-25T08:41:01.812Z complete: 2d5757303230382d5777657347504e6f4c4f4459
[tracker] 2026-04-25T08:41:01.961Z complete: 2d5757303230382d5777657347504e6f4c4f4459
[tracker] 2026-04-25T08:41:02.214Z complete: 2d5757303230382d5777657347504e6f4c4f4459
[tracker] 2026-04-25T08:41:02.327Z complete: 2d5757303230382d5777657347504e6f4c4f4459
[tracker] 2026-04-25T08:41:02.416Z complete: 2d5757303230382d5777657347504e6f4c4f4459
[typecheck] 16:41:03 - Found 0 errors. Watching for file changes.
[backend] [2m2026-04-25T16:41:05.8583228+08:00[0m [32m INFO[0m ThreadId(07) [2mkoko::shell::实时外壳[0m[2m:[0m realtime 连接认证已受理 [3musecase[0m[2m=[0m"实时连接认证" [3madapter[0m[2m=[0m"socketioxide" [3moutcome[0m[2m=[0m"accepted" [3msession_id[0m[2m=[0m"s-3b774a25d87b"
[backend] [2m2026-04-25T16:41:05.8600164+08:00[0m [32m INFO[0m ThreadId(02) [2mkoko::shell::实时外壳[0m[2m:[0m realtime 连接认证成功 [3musecase[0m[2m=[0m"实时连接认证" [3madapter[0m[2m=[0m"socketioxide" [3moutcome[0m[2m=[0m"succeeded" [3msession_id[0m[2m=[0m"s-3b774a25d87b"
[backend] [2m2026-04-25T16:41:05.8620411+08:00[0m [32m INFO[0m ThreadId(10) [2mkoko::shell::实时外壳[0m[2m:[0m realtime 订阅请求已受理 [3musecase[0m[2m=[0m"订阅房间事件流" [3madapter[0m[2m=[0m"socketioxide" [3moutcome[0m[2m=[0m"accepted" [3mroom_id[0m[2m=[0m"r-50793d744913" [3msession_id[0m[2m=[0m"s-3b774a25d87b" [3mfrom[0m[2m=[0m8
[backend] [2m2026-04-25T16:41:05.8622079+08:00[0m [32m INFO[0m ThreadId(02) [2mkoko::shell::实时外壳[0m[2m:[0m realtime 订阅请求已受理 [3musecase[0m[2m=[0m"订阅房间事件流" [3madapter[0m[2m=[0m"socketioxide" [3moutcome[0m[2m=[0m"accepted" [3mroom_id[0m[2m=[0m"r-50793d744913" [3msession_id[0m[2m=[0m"s-3b774a25d87b" [3mfrom[0m[2m=[0m8
[backend] [2m2026-04-25T16:41:05.872969+08:00[0m [32m INFO[0m ThreadId(02) [2mkoko::shell::实时外壳[0m[2m:[0m 订阅房间事件流成功 [3musecase[0m[2m=[0m"订阅房间事件流" [3madapter[0m[2m=[0m"socketioxide" [3moutcome[0m[2m=[0m"succeeded" [3mroom_id[0m[2m=[0m"r-50793d744913" [3msession_id[0m[2m=[0m"s-3b774a25d87b" [3mfrom[0m[2m=[0m8 [3mevent_position[0m[2m=[0m8
[backend] [2m2026-04-25T16:41:05.889337+08:00[0m [32m INFO[0m ThreadId(07) [2mkoko::shell::实时外壳[0m[2m:[0m 订阅房间事件流成功 [3musecase[0m[2m=[0m"订阅房间事件流" [3madapter[0m[2m=[0m"socketioxide" [3moutcome[0m[2m=[0m"succeeded" [3mroom_id[0m[2m=[0m"r-50793d744913" [3msession_id[0m[2m=[0m"s-3b774a25d87b" [3mfrom[0m[2m=[0m8 [3mevent_position[0m[2m=[0m8
[tracker] 2026-04-25T08:41:06.566Z start: 2d5757303230382d5777657347504e6f4c4f4459
[tracker] 2026-04-25T08:41:06.719Z start: 2d5757303230382d5777657347504e6f4c4f4459
[tracker] 2026-04-25T08:41:06.826Z start: 2d5757303230382d5777657347504e6f4c4f4459
[tracker] 2026-04-25T08:41:06.982Z start: 2d5757303230382d5777657347504e6f4c4f4459
[tracker] 2026-04-25T08:41:07.230Z start: 2d5757303230382d5777657347504e6f4c4f4459
[tracker] 2026-04-25T08:41:07.339Z start: 2d5757303230382d5777657347504e6f4c4f4459
[tracker] 2026-04-25T08:41:07.432Z start: 2d5757303230382d5777657347504e6f4c4f4459
[backend] [2m2026-04-25T16:41:21.321729+08:00[0m [33m WARN[0m ThreadId(02) [2mkoko::shell[0m[2m:[0m 同源 tracker 代理转发失败 [3musecase[0m[2m=[0m"协作分发tracker代理" [3madapter[0m[2m=[0m"http" [3moutcome[0m[2m=[0m"failed" [3merror_code[0m[2m=[0m"swarm_tracker_proxy_failed" [3mdetail[0m[2m=[0mjoin_ticket_invalid
本地 HTTPS 引导进程超过 25 秒未退出，已结束该引导进程；HTTPS 主服务不受影响。
停止托管进程 [https-bootstrap]...
[backend] [2m2026-04-25T16:41:34.5941372+08:00[0m [32m INFO[0m ThreadId(07) [2mkoko::shell::房间外壳[0m[2m:[0m HTTP 请求已受理 [3musecase[0m[2m=[0m"引导匿名身份" [3madapter[0m[2m=[0m"http" [3moutcome[0m[2m=[0m"accepted" [3mrequest_kind[0m[2m=[0m"匿名身份引导"
[backend] [2m2026-04-25T16:41:34.6173406+08:00[0m [32m INFO[0m ThreadId(07) [2mkoko::shell::房间外壳[0m[2m:[0m 引导匿名身份成功 [3musecase[0m[2m=[0m"引导匿名身份" [3madapter[0m[2m=[0m"http" [3moutcome[0m[2m=[0m"succeeded" [3mrequest_kind[0m[2m=[0m"匿名身份引导" [3msession_id[0m[2m=[0m"s-3698d9833309"
[backend] [2m2026-04-25T16:41:34.7544544+08:00[0m [32m INFO[0m ThreadId(07) [2mkoko::shell::实时外壳[0m[2m:[0m realtime 连接认证已受理 [3musecase[0m[2m=[0m"实时连接认证" [3madapter[0m[2m=[0m"socketioxide" [3moutcome[0m[2m=[0m"accepted" [3msession_id[0m[2m=[0m"s-3698d9833309"
[backend] [2m2026-04-25T16:41:34.7560135+08:00[0m [32m INFO[0m ThreadId(05) [2mkoko::shell::实时外壳[0m[2m:[0m realtime 连接认证成功 [3musecase[0m[2m=[0m"实时连接认证" [3madapter[0m[2m=[0m"socketioxide" [3moutcome[0m[2m=[0m"succeeded" [3msession_id[0m[2m=[0m"s-3698d9833309"
[tracker] 2026-04-25T08:41:38.584Z update: 2d5757303230382d564f594651326c6753477054
[backend] [2m2026-04-25T16:41:40.6359002+08:00[0m [32m INFO[0m ThreadId(11) [2mkoko::shell::房间外壳[0m[2m:[0m HTTP 请求已受理 [3musecase[0m[2m=[0m"按短码进房或建房" [3madapter[0m[2m=[0m"http" [3moutcome[0m[2m=[0m"accepted" [3mrequest_kind[0m[2m=[0m"短码进房或建房" [3msession_id[0m[2m=[0m"s-3698d9833309"
[backend] [2m2026-04-25T16:41:40.6599055+08:00[0m [32m INFO[0m ThreadId(05) [2mkoko::shell::房间外壳[0m[2m:[0m 按短码进房或建房成功 [3musecase[0m[2m=[0m"按短码进房或建房" [3madapter[0m[2m=[0m"http" [3moutcome[0m[2m=[0m"succeeded" [3mrequest_kind[0m[2m=[0m"短码进房或建房" [3msession_id[0m[2m=[0m"s-3698d9833309" [3mroom_id[0m[2m=[0m"r-50793d744913" [3mevent_position[0m[2m=[0m8
[backend] [2m2026-04-25T16:41:40.6954713+08:00[0m [32m INFO[0m ThreadId(11) [2mkoko::shell::实时外壳[0m[2m:[0m realtime 订阅请求已受理 [3musecase[0m[2m=[0m"订阅房间事件流" [3madapter[0m[2m=[0m"socketioxide" [3moutcome[0m[2m=[0m"accepted" [3mroom_id[0m[2m=[0m"r-50793d744913" [3msession_id[0m[2m=[0m"s-3698d9833309" [3mfrom[0m[2m=[0m8
[backend] [2m2026-04-25T16:41:40.7050265+08:00[0m [32m INFO[0m ThreadId(02) [2mkoko::shell::实时外壳[0m[2m:[0m 订阅房间事件流成功 [3musecase[0m[2m=[0m"订阅房间事件流" [3madapter[0m[2m=[0m"socketioxide" [3moutcome[0m[2m=[0m"succeeded" [3mroom_id[0m[2m=[0m"r-50793d744913" [3msession_id[0m[2m=[0m"s-3698d9833309" [3mfrom[0m[2m=[0m8 [3mevent_position[0m[2m=[0m8
[backend] [2m2026-04-25T16:41:41.2492559+08:00[0m [32m INFO[0m ThreadId(10) [2mkoko::shell::房间外壳[0m[2m:[0m HTTP 请求已受理 [3musecase[0m[2m=[0m"推进房间阅读位置" [3madapter[0m[2m=[0m"http" [3moutcome[0m[2m=[0m"accepted" [3mrequest_kind[0m[2m=[0m"房间阅读位置推进" [3mroom_id[0m[2m=[0m"r-50793d744913" [3msession_id[0m[2m=[0m"s-3698d9833309" [3mevent_position[0m[2m=[0m8
[backend] [2m2026-04-25T16:41:41.2621341+08:00[0m [32m INFO[0m ThreadId(10) [2mkoko::shell::房间外壳[0m[2m:[0m 推进房间阅读位置成功 [3musecase[0m[2m=[0m"推进房间阅读位置" [3madapter[0m[2m=[0m"http" [3moutcome[0m[2m=[0m"succeeded" [3mrequest_kind[0m[2m=[0m"房间阅读位置推进" [3mroom_id[0m[2m=[0m"r-50793d744913" [3msession_id[0m[2m=[0m"s-3698d9833309" [3mevent_position[0m[2m=[0m8
[backend] [2m2026-04-25T16:41:41.2819242+08:00[0m [32m INFO[0m ThreadId(02) [2mkoko::shell::媒体资产外壳[0m[2m:[0m HTTP 请求已受理 [3musecase[0m[2m=[0m"读取附件内容" [3madapter[0m[2m=[0m"http" [3moutcome[0m[2m=[0m"accepted" [3mrequest_kind[0m[2m=[0m"附件内容读取" [3mattachment_id[0m[2m=[0m"att-e1deded9fc9b" [3msession_id[0m[2m=[0m"s-3698d9833309"
[backend] [2m2026-04-25T16:41:41.3141437+08:00[0m [32m INFO[0m ThreadId(10) [2mkoko::shell::媒体资产外壳[0m[2m:[0m 读取附件内容成功 [3musecase[0m[2m=[0m"读取附件内容" [3madapter[0m[2m=[0m"http" [3moutcome[0m[2m=[0m"succeeded" [3mrequest_kind[0m[2m=[0m"附件内容读取" [3mattachment_id[0m[2m=[0m"att-e1deded9fc9b" [3msession_id[0m[2m=[0m"s-3698d9833309"
[backend] [2m2026-04-25T16:41:41.4574866+08:00[0m [32m INFO[0m ThreadId(10) [2mkoko::shell::媒体资产外壳[0m[2m:[0m HTTP 请求已受理 [3musecase[0m[2m=[0m"读取附件内容" [3madapter[0m[2m=[0m"http" [3moutcome[0m[2m=[0m"accepted" [3mrequest_kind[0m[2m=[0m"附件内容读取" [3mattachment_id[0m[2m=[0m"att-e1deded9fc9b" [3msession_id[0m[2m=[0m"s-3698d9833309"
[backend] [2m2026-04-25T16:41:41.4574999+08:00[0m [32m INFO[0m ThreadId(04) [2mkoko::shell::媒体资产外壳[0m[2m:[0m HTTP 请求已受理 [3musecase[0m[2m=[0m"读取附件内容" [3madapter[0m[2m=[0m"http" [3moutcome[0m[2m=[0m"accepted" [3mrequest_kind[0m[2m=[0m"附件内容读取" [3mattachment_id[0m[2m=[0m"att-e1deded9fc9b" [3msession_id[0m[2m=[0m"s-3698d9833309"
[backend] [2m2026-04-25T16:41:41.4705892+08:00[0m [32m INFO[0m ThreadId(07) [2mkoko::shell::媒体资产外壳[0m[2m:[0m 读取附件内容成功 [3musecase[0m[2m=[0m"读取附件内容" [3madapter[0m[2m=[0m"http" [3moutcome[0m[2m=[0m"succeeded" [3mrequest_kind[0m[2m=[0m"附件内容读取" [3mattachment_id[0m[2m=[0m"att-e1deded9fc9b" [3msession_id[0m[2m=[0m"s-3698d9833309"
[backend] [2m2026-04-25T16:41:41.4705867+08:00[0m [32m INFO[0m ThreadId(02) [2mkoko::shell::媒体资产外壳[0m[2m:[0m 读取附件内容成功 [3musecase[0m[2m=[0m"读取附件内容" [3madapter[0m[2m=[0m"http" [3moutcome[0m[2m=[0m"succeeded" [3mrequest_kind[0m[2m=[0m"附件内容读取" [3mattachment_id[0m[2m=[0m"att-e1deded9fc9b" [3msession_id[0m[2m=[0m"s-3698d9833309"
[backend] [2m2026-04-25T16:41:41.4860682+08:00[0m [32m INFO[0m ThreadId(10) [2mkoko::shell::媒体资产外壳[0m[2m:[0m HTTP 请求已受理 [3musecase[0m[2m=[0m"读取附件内容" [3madapter[0m[2m=[0m"http" [3moutcome[0m[2m=[0m"accepted" [3mrequest_kind[0m[2m=[0m"附件内容读取" [3mattachment_id[0m[2m=[0m"att-10b60d10c9e1" [3msession_id[0m[2m=[0m"s-3698d9833309"
[backend] [2m2026-04-25T16:41:41.4873156+08:00[0m [32m INFO[0m ThreadId(02) [2mkoko::shell::媒体资产外壳[0m[2m:[0m HTTP 请求已受理 [3musecase[0m[2m=[0m"读取附件内容" [3madapter[0m[2m=[0m"http" [3moutcome[0m[2m=[0m"accepted" [3mrequest_kind[0m[2m=[0m"附件内容读取" [3mattachment_id[0m[2m=[0m"att-9f6a9ebb48a6" [3msession_id[0m[2m=[0m"s-3698d9833309"
[backend] [2m2026-04-25T16:41:41.4873156+08:00[0m [32m INFO[0m ThreadId(10) [2mkoko::shell::媒体资产外壳[0m[2m:[0m HTTP 请求已受理 [3musecase[0m[2m=[0m"读取附件内容" [3madapter[0m[2m=[0m"http" [3moutcome[0m[2m=[0m"accepted" [3mrequest_kind[0m[2m=[0m"附件内容读取" [3mattachment_id[0m[2m=[0m"att-9ea1bd13ba13" [3msession_id[0m[2m=[0m"s-3698d9833309"
[backend] [2m2026-04-25T16:41:41.495402+08:00[0m [32m INFO[0m ThreadId(07) [2mkoko::shell::媒体资产外壳[0m[2m:[0m 读取附件内容成功 [3musecase[0m[2m=[0m"读取附件内容" [3madapter[0m[2m=[0m"http" [3moutcome[0m[2m=[0m"succeeded" [3mrequest_kind[0m[2m=[0m"附件内容读取" [3mattachment_id[0m[2m=[0m"att-9f6a9ebb48a6" [3msession_id[0m[2m=[0m"s-3698d9833309"
[backend] [2m2026-04-25T16:41:41.4976545+08:00[0m [32m INFO[0m ThreadId(07) [2mkoko::shell::媒体资产外壳[0m[2m:[0m 读取附件内容成功 [3musecase[0m[2m=[0m"读取附件内容" [3madapter[0m[2m=[0m"http" [3moutcome[0m[2m=[0m"succeeded" [3mrequest_kind[0m[2m=[0m"附件内容读取" [3mattachment_id[0m[2m=[0m"att-9ea1bd13ba13" [3msession_id[0m[2m=[0m"s-3698d9833309"
[backend] [2m2026-04-25T16:41:41.501747+08:00[0m [32m INFO[0m ThreadId(02) [2mkoko::shell::媒体资产外壳[0m[2m:[0m 读取附件内容成功 [3musecase[0m[2m=[0m"读取附件内容" [3madapter[0m[2m=[0m"http" [3moutcome[0m[2m=[0m"succeeded" [3mrequest_kind[0m[2m=[0m"附件内容读取" [3mattachment_id[0m[2m=[0m"att-10b60d10c9e1" [3msession_id[0m[2m=[0m"s-3698d9833309"
[backend] [2m2026-04-25T16:41:41.5732015+08:00[0m [32m INFO[0m ThreadId(07) [2mkoko::shell::媒体资产外壳[0m[2m:[0m HTTP 请求已受理 [3musecase[0m[2m=[0m"读取附件内容" [3madapter[0m[2m=[0m"http" [3moutcome[0m[2m=[0m"accepted" [3mrequest_kind[0m[2m=[0m"附件内容读取" [3mattachment_id[0m[2m=[0m"att-e35bd47b6508" [3msession_id[0m[2m=[0m"s-3698d9833309"
[backend] [2m2026-04-25T16:41:41.586455+08:00[0m [32m INFO[0m ThreadId(07) [2mkoko::shell::媒体资产外壳[0m[2m:[0m 读取附件内容成功 [3musecase[0m[2m=[0m"读取附件内容" [3madapter[0m[2m=[0m"http" [3moutcome[0m[2m=[0m"succeeded" [3mrequest_kind[0m[2m=[0m"附件内容读取" [3mattachment_id[0m[2m=[0m"att-e35bd47b6508" [3msession_id[0m[2m=[0m"s-3698d9833309"
[tracker] 2026-04-25T08:41:41.649Z start: 2d5757303230382d707674366a74593576456a4e
[backend] [2m2026-04-25T16:41:41.6933278+08:00[0m [32m INFO[0m ThreadId(04) [2mkoko::shell::媒体资产外壳[0m[2m:[0m HTTP 请求已受理 [3musecase[0m[2m=[0m"读取附件内容" [3madapter[0m[2m=[0m"http" [3moutcome[0m[2m=[0m"accepted" [3mrequest_kind[0m[2m=[0m"附件内容读取" [3mattachment_id[0m[2m=[0m"att-5d2bc6f45393" [3msession_id[0m[2m=[0m"s-3698d9833309"
[backend] [2m2026-04-25T16:41:41.7006408+08:00[0m [32m INFO[0m ThreadId(04) [2mkoko::shell::媒体资产外壳[0m[2m:[0m 读取附件内容成功 [3musecase[0m[2m=[0m"读取附件内容" [3madapter[0m[2m=[0m"http" [3moutcome[0m[2m=[0m"succeeded" [3mrequest_kind[0m[2m=[0m"附件内容读取" [3mattachment_id[0m[2m=[0m"att-5d2bc6f45393" [3msession_id[0m[2m=[0m"s-3698d9833309"
[backend] [2m2026-04-25T16:41:41.7224798+08:00[0m [32m INFO[0m ThreadId(07) [2mkoko::shell::媒体资产外壳[0m[2m:[0m HTTP 请求已受理 [3musecase[0m[2m=[0m"读取附件内容" [3madapter[0m[2m=[0m"http" [3moutcome[0m[2m=[0m"accepted" [3mrequest_kind[0m[2m=[0m"附件内容读取" [3mattachment_id[0m[2m=[0m"att-9f6a9ebb48a6" [3msession_id[0m[2m=[0m"s-3698d9833309"
[backend] [2m2026-04-25T16:41:41.72367+08:00[0m [32m INFO[0m ThreadId(04) [2mkoko::shell::媒体资产外壳[0m[2m:[0m HTTP 请求已受理 [3musecase[0m[2m=[0m"读取附件内容" [3madapter[0m[2m=[0m"http" [3moutcome[0m[2m=[0m"accepted" [3mrequest_kind[0m[2m=[0m"附件内容读取" [3mattachment_id[0m[2m=[0m"att-9f6a9ebb48a6" [3msession_id[0m[2m=[0m"s-3698d9833309"
[backend] [2m2026-04-25T16:41:41.7236701+08:00[0m [32m INFO[0m ThreadId(07) [2mkoko::shell::媒体资产外壳[0m[2m:[0m HTTP 请求已受理 [3musecase[0m[2m=[0m"读取附件内容" [3madapter[0m[2m=[0m"http" [3moutcome[0m[2m=[0m"accepted" [3mrequest_kind[0m[2m=[0m"附件内容读取" [3mattachment_id[0m[2m=[0m"att-10b60d10c9e1" [3msession_id[0m[2m=[0m"s-3698d9833309"
[backend] [2m2026-04-25T16:41:41.723855+08:00[0m [32m INFO[0m ThreadId(02) [2mkoko::shell::媒体资产外壳[0m[2m:[0m HTTP 请求已受理 [3musecase[0m[2m=[0m"读取附件内容" [3madapter[0m[2m=[0m"http" [3moutcome[0m[2m=[0m"accepted" [3mrequest_kind[0m[2m=[0m"附件内容读取" [3mattachment_id[0m[2m=[0m"att-10b60d10c9e1" [3msession_id[0m[2m=[0m"s-3698d9833309"
[backend] [2m2026-04-25T16:41:41.7341207+08:00[0m [32m INFO[0m ThreadId(10) [2mkoko::shell::媒体资产外壳[0m[2m:[0m 读取附件内容成功 [3musecase[0m[2m=[0m"读取附件内容" [3madapter[0m[2m=[0m"http" [3moutcome[0m[2m=[0m"succeeded" [3mrequest_kind[0m[2m=[0m"附件内容读取" [3mattachment_id[0m[2m=[0m"att-10b60d10c9e1" [3msession_id[0m[2m=[0m"s-3698d9833309"
[backend] [2m2026-04-25T16:41:41.7370812+08:00[0m [32m INFO[0m ThreadId(10) [2mkoko::shell::媒体资产外壳[0m[2m:[0m 读取附件内容成功 [3musecase[0m[2m=[0m"读取附件内容" [3madapter[0m[2m=[0m"http" [3moutcome[0m[2m=[0m"succeeded" [3mrequest_kind[0m[2m=[0m"附件内容读取" [3mattachment_id[0m[2m=[0m"att-10b60d10c9e1" [3msession_id[0m[2m=[0m"s-3698d9833309"
[backend] [2m2026-04-25T16:41:41.738264+08:00[0m [32m INFO[0m ThreadId(02) [2mkoko::shell::媒体资产外壳[0m[2m:[0m 读取附件内容成功 [3musecase[0m[2m=[0m"读取附件内容" [3madapter[0m[2m=[0m"http" [3moutcome[0m[2m=[0m"succeeded" [3mrequest_kind[0m[2m=[0m"附件内容读取" [3mattachment_id[0m[2m=[0m"att-9f6a9ebb48a6" [3msession_id[0m[2m=[0m"s-3698d9833309"
[backend] [2m2026-04-25T16:41:41.7487287+08:00[0m [32m INFO[0m ThreadId(07) [2mkoko::shell::媒体资产外壳[0m[2m:[0m HTTP 请求已受理 [3musecase[0m[2m=[0m"读取附件内容" [3madapter[0m[2m=[0m"http" [3moutcome[0m[2m=[0m"accepted" [3mrequest_kind[0m[2m=[0m"附件内容读取" [3mattachment_id[0m[2m=[0m"att-9ea1bd13ba13" [3msession_id[0m[2m=[0m"s-3698d9833309"
[backend] [2m2026-04-25T16:41:41.7498872+08:00[0m [32m INFO[0m ThreadId(07) [2mkoko::shell::媒体资产外壳[0m[2m:[0m HTTP 请求已受理 [3musecase[0m[2m=[0m"读取附件内容" [3madapter[0m[2m=[0m"http" [3moutcome[0m[2m=[0m"accepted" [3mrequest_kind[0m[2m=[0m"附件内容读取" [3mattachment_id[0m[2m=[0m"att-9ea1bd13ba13" [3msession_id[0m[2m=[0m"s-3698d9833309"
[backend] [2m2026-04-25T16:41:41.7505112+08:00[0m [32m INFO[0m ThreadId(07) [2mkoko::shell::媒体资产外壳[0m[2m:[0m 读取附件内容成功 [3musecase[0m[2m=[0m"读取附件内容" [3madapter[0m[2m=[0m"http" [3moutcome[0m[2m=[0m"succeeded" [3mrequest_kind[0m[2m=[0m"附件内容读取" [3mattachment_id[0m[2m=[0m"att-9f6a9ebb48a6" [3msession_id[0m[2m=[0m"s-3698d9833309"
[backend] [2m2026-04-25T16:41:41.7508337+08:00[0m [32m INFO[0m ThreadId(02) [2mkoko::shell::媒体资产外壳[0m[2m:[0m HTTP 请求已受理 [3musecase[0m[2m=[0m"读取附件内容" [3madapter[0m[2m=[0m"http" [3moutcome[0m[2m=[0m"accepted" [3mrequest_kind[0m[2m=[0m"附件内容读取" [3mattachment_id[0m[2m=[0m"att-e35bd47b6508" [3msession_id[0m[2m=[0m"s-3698d9833309"
[backend] [2m2026-04-25T16:41:41.7508336+08:00[0m [32m INFO[0m ThreadId(10) [2mkoko::shell::媒体资产外壳[0m[2m:[0m HTTP 请求已受理 [3musecase[0m[2m=[0m"读取附件内容" [3madapter[0m[2m=[0m"http" [3moutcome[0m[2m=[0m"accepted" [3mrequest_kind[0m[2m=[0m"附件内容读取" [3mattachment_id[0m[2m=[0m"att-e35bd47b6508" [3msession_id[0m[2m=[0m"s-3698d9833309"
[backend] [2m2026-04-25T16:41:41.7648613+08:00[0m [32m INFO[0m ThreadId(07) [2mkoko::shell::媒体资产外壳[0m[2m:[0m HTTP 请求已受理 [3musecase[0m[2m=[0m"读取附件内容" [3madapter[0m[2m=[0m"http" [3moutcome[0m[2m=[0m"accepted" [3mrequest_kind[0m[2m=[0m"附件内容读取" [3mattachment_id[0m[2m=[0m"att-e1deded9fc9b" [3msession_id[0m[2m=[0m"s-3698d9833309"
[backend] [2m2026-04-25T16:41:41.7649637+08:00[0m [32m INFO[0m ThreadId(10) [2mkoko::shell::媒体资产外壳[0m[2m:[0m HTTP 请求已受理 [3musecase[0m[2m=[0m"读取附件内容" [3madapter[0m[2m=[0m"http" [3moutcome[0m[2m=[0m"accepted" [3mrequest_kind[0m[2m=[0m"附件内容读取" [3mattachment_id[0m[2m=[0m"att-e1deded9fc9b" [3msession_id[0m[2m=[0m"s-3698d9833309"
[backend] [2m2026-04-25T16:41:41.7651176+08:00[0m [32m INFO[0m ThreadId(02) [2mkoko::shell::媒体资产外壳[0m[2m:[0m HTTP 请求已受理 [3musecase[0m[2m=[0m"读取附件内容" [3madapter[0m[2m=[0m"http" [3moutcome[0m[2m=[0m"accepted" [3mrequest_kind[0m[2m=[0m"附件内容读取" [3mattachment_id[0m[2m=[0m"att-e1deded9fc9b" [3msession_id[0m[2m=[0m"s-3698d9833309"
[backend] [2m2026-04-25T16:41:41.7653736+08:00[0m [32m INFO[0m ThreadId(07) [2mkoko::shell::媒体资产外壳[0m[2m:[0m 读取附件内容成功 [3musecase[0m[2m=[0m"读取附件内容" [3madapter[0m[2m=[0m"http" [3moutcome[0m[2m=[0m"succeeded" [3mrequest_kind[0m[2m=[0m"附件内容读取" [3mattachment_id[0m[2m=[0m"att-e35bd47b6508" [3msession_id[0m[2m=[0m"s-3698d9833309"
[backend] [2m2026-04-25T16:41:41.7663264+08:00[0m [32m INFO[0m ThreadId(02) [2mkoko::shell::媒体资产外壳[0m[2m:[0m 读取附件内容成功 [3musecase[0m[2m=[0m"读取附件内容" [3madapter[0m[2m=[0m"http" [3moutcome[0m[2m=[0m"succeeded" [3mrequest_kind[0m[2m=[0m"附件内容读取" [3mattachment_id[0m[2m=[0m"att-9ea1bd13ba13" [3msession_id[0m[2m=[0m"s-3698d9833309"
[backend] [2m2026-04-25T16:41:41.7654185+08:00[0m [32m INFO[0m ThreadId(11) [2mkoko::shell::媒体资产外壳[0m[2m:[0m HTTP 请求已受理 [3musecase[0m[2m=[0m"读取附件内容" [3madapter[0m[2m=[0m"http" [3moutcome[0m[2m=[0m"accepted" [3mrequest_kind[0m[2m=[0m"附件内容读取" [3mattachment_id[0m[2m=[0m"att-e1deded9fc9b" [3msession_id[0m[2m=[0m"s-3698d9833309"
[backend] [2m2026-04-25T16:41:41.7654151+08:00[0m [32m INFO[0m ThreadId(04) [2mkoko::shell::媒体资产外壳[0m[2m:[0m 读取附件内容成功 [3musecase[0m[2m=[0m"读取附件内容" [3madapter[0m[2m=[0m"http" [3moutcome[0m[2m=[0m"succeeded" [3mrequest_kind[0m[2m=[0m"附件内容读取" [3mattachment_id[0m[2m=[0m"att-e35bd47b6508" [3msession_id[0m[2m=[0m"s-3698d9833309"
[backend] [2m2026-04-25T16:41:41.7664202+08:00[0m [32m INFO[0m ThreadId(05) [2mkoko::shell::媒体资产外壳[0m[2m:[0m 读取附件内容成功 [3musecase[0m[2m=[0m"读取附件内容" [3madapter[0m[2m=[0m"http" [3moutcome[0m[2m=[0m"succeeded" [3mrequest_kind[0m[2m=[0m"附件内容读取" [3mattachment_id[0m[2m=[0m"att-9ea1bd13ba13" [3msession_id[0m[2m=[0m"s-3698d9833309"
[backend] [2m2026-04-25T16:41:41.7833005+08:00[0m [32m INFO[0m ThreadId(07) [2mkoko::shell::媒体资产外壳[0m[2m:[0m 读取附件内容成功 [3musecase[0m[2m=[0m"读取附件内容" [3madapter[0m[2m=[0m"http" [3moutcome[0m[2m=[0m"succeeded" [3mrequest_kind[0m[2m=[0m"附件内容读取" [3mattachment_id[0m[2m=[0m"att-e1deded9fc9b" [3msession_id[0m[2m=[0m"s-3698d9833309"
[backend] [2m2026-04-25T16:41:41.7833005+08:00[0m [32m INFO[0m ThreadId(04) [2mkoko::shell::媒体资产外壳[0m[2m:[0m 读取附件内容成功 [3musecase[0m[2m=[0m"读取附件内容" [3madapter[0m[2m=[0m"http" [3moutcome[0m[2m=[0m"succeeded" [3mrequest_kind[0m[2m=[0m"附件内容读取" [3mattachment_id[0m[2m=[0m"att-e1deded9fc9b" [3msession_id[0m[2m=[0m"s-3698d9833309"
[backend] [2m2026-04-25T16:41:41.7833822+08:00[0m [32m INFO[0m ThreadId(05) [2mkoko::shell::媒体资产外壳[0m[2m:[0m 读取附件内容成功 [3musecase[0m[2m=[0m"读取附件内容" [3madapter[0m[2m=[0m"http" [3moutcome[0m[2m=[0m"succeeded" [3mrequest_kind[0m[2m=[0m"附件内容读取" [3mattachment_id[0m[2m=[0m"att-e1deded9fc9b" [3msession_id[0m[2m=[0m"s-3698d9833309"
[backend] [2m2026-04-25T16:41:41.7833822+08:00[0m [32m INFO[0m ThreadId(11) [2mkoko::shell::媒体资产外壳[0m[2m:[0m 读取附件内容成功 [3musecase[0m[2m=[0m"读取附件内容" [3madapter[0m[2m=[0m"http" [3moutcome[0m[2m=[0m"succeeded" [3mrequest_kind[0m[2m=[0m"附件内容读取" [3mattachment_id[0m[2m=[0m"att-e1deded9fc9b" [3msession_id[0m[2m=[0m"s-3698d9833309"
[tracker] 2026-04-25T08:41:41.699Z start: 2d5757303230382d707674366a74593576456a4e
[tracker] 2026-04-25T08:41:41.700Z start: 2d5757303230382d707674366a74593576456a4e
[tracker] 2026-04-25T08:41:41.826Z start: 2d5757303230382d707674366a74593576456a4e
[backend] [2m2026-04-25T16:41:41.8768019+08:00[0m [32m INFO[0m ThreadId(02) [2mkoko::shell::媒体资产外壳[0m[2m:[0m HTTP 请求已受理 [3musecase[0m[2m=[0m"读取附件内容" [3madapter[0m[2m=[0m"http" [3moutcome[0m[2m=[0m"accepted" [3mrequest_kind[0m[2m=[0m"附件内容读取" [3mattachment_id[0m[2m=[0m"att-4e0480d9e16e" [3msession_id[0m[2m=[0m"s-3698d9833309"
[backend] [2m2026-04-25T16:41:41.8785268+08:00[0m [32m INFO[0m ThreadId(02) [2mkoko::shell::媒体资产外壳[0m[2m:[0m HTTP 请求已受理 [3musecase[0m[2m=[0m"读取附件内容" [3madapter[0m[2m=[0m"http" [3moutcome[0m[2m=[0m"accepted" [3mrequest_kind[0m[2m=[0m"附件内容读取" [3mattachment_id[0m[2m=[0m"att-5d2bc6f45393" [3msession_id[0m[2m=[0m"s-3698d9833309"
[backend] [2m2026-04-25T16:41:41.878966+08:00[0m [32m INFO[0m ThreadId(04) [2mkoko::shell::媒体资产外壳[0m[2m:[0m HTTP 请求已受理 [3musecase[0m[2m=[0m"读取附件内容" [3madapter[0m[2m=[0m"http" [3moutcome[0m[2m=[0m"accepted" [3mrequest_kind[0m[2m=[0m"附件内容读取" [3mattachment_id[0m[2m=[0m"att-5d2bc6f45393" [3msession_id[0m[2m=[0m"s-3698d9833309"
[backend] [2m2026-04-25T16:41:41.8848934+08:00[0m [32m INFO[0m ThreadId(05) [2mkoko::shell::媒体资产外壳[0m[2m:[0m 读取附件内容成功 [3musecase[0m[2m=[0m"读取附件内容" [3madapter[0m[2m=[0m"http" [3moutcome[0m[2m=[0m"succeeded" [3mrequest_kind[0m[2m=[0m"附件内容读取" [3mattachment_id[0m[2m=[0m"att-4e0480d9e16e" [3msession_id[0m[2m=[0m"s-3698d9833309"
[backend] [2m2026-04-25T16:41:41.8958522+08:00[0m [32m INFO[0m ThreadId(07) [2mkoko::shell::媒体资产外壳[0m[2m:[0m 读取附件内容成功 [3musecase[0m[2m=[0m"读取附件内容" [3madapter[0m[2m=[0m"http" [3moutcome[0m[2m=[0m"succeeded" [3mrequest_kind[0m[2m=[0m"附件内容读取" [3mattachment_id[0m[2m=[0m"att-5d2bc6f45393" [3msession_id[0m[2m=[0m"s-3698d9833309"
[backend] [2m2026-04-25T16:41:41.8958522+08:00[0m [32m INFO[0m ThreadId(05) [2mkoko::shell::媒体资产外壳[0m[2m:[0m 读取附件内容成功 [3musecase[0m[2m=[0m"读取附件内容" [3madapter[0m[2m=[0m"http" [3moutcome[0m[2m=[0m"succeeded" [3mrequest_kind[0m[2m=[0m"附件内容读取" [3mattachment_id[0m[2m=[0m"att-5d2bc6f45393" [3msession_id[0m[2m=[0m"s-3698d9833309"
[backend] [2m2026-04-25T16:41:42.0665695+08:00[0m [32m INFO[0m ThreadId(11) [2mkoko::shell::媒体资产外壳[0m[2m:[0m HTTP 请求已受理 [3musecase[0m[2m=[0m"读取附件内容" [3madapter[0m[2m=[0m"http" [3moutcome[0m[2m=[0m"accepted" [3mrequest_kind[0m[2m=[0m"附件内容读取" [3mattachment_id[0m[2m=[0m"att-10b60d10c9e1" [3msession_id[0m[2m=[0m"s-3698d9833309"
[backend] [2m2026-04-25T16:41:42.0674805+08:00[0m [32m INFO[0m ThreadId(11) [2mkoko::shell::媒体资产外壳[0m[2m:[0m HTTP 请求已受理 [3musecase[0m[2m=[0m"读取附件内容" [3madapter[0m[2m=[0m"http" [3moutcome[0m[2m=[0m"accepted" [3mrequest_kind[0m[2m=[0m"附件内容读取" [3mattachment_id[0m[2m=[0m"att-10b60d10c9e1" [3msession_id[0m[2m=[0m"s-3698d9833309"
[backend] [2m2026-04-25T16:41:42.0815628+08:00[0m [32m INFO[0m ThreadId(05) [2mkoko::shell::媒体资产外壳[0m[2m:[0m 读取附件内容成功 [3musecase[0m[2m=[0m"读取附件内容" [3madapter[0m[2m=[0m"http" [3moutcome[0m[2m=[0m"succeeded" [3mrequest_kind[0m[2m=[0m"附件内容读取" [3mattachment_id[0m[2m=[0m"att-10b60d10c9e1" [3msession_id[0m[2m=[0m"s-3698d9833309"
[backend] [2m2026-04-25T16:41:42.0816026+08:00[0m [32m INFO[0m ThreadId(04) [2mkoko::shell::媒体资产外壳[0m[2m:[0m 读取附件内容成功 [3musecase[0m[2m=[0m"读取附件内容" [3madapter[0m[2m=[0m"http" [3moutcome[0m[2m=[0m"succeeded" [3mrequest_kind[0m[2m=[0m"附件内容读取" [3mattachment_id[0m[2m=[0m"att-10b60d10c9e1" [3msession_id[0m[2m=[0m"s-3698d9833309"
[tracker] 2026-04-25T08:41:41.932Z update: 2d5757303230382d564f594651326c6753477054
[tracker] 2026-04-25T08:41:41.948Z start: 2d5757303230382d707674366a74593576456a4e
[backend] [2m2026-04-25T16:41:42.2554602+08:00[0m [32m INFO[0m ThreadId(11) [2mkoko::shell::媒体资产外壳[0m[2m:[0m HTTP 请求已受理 [3musecase[0m[2m=[0m"读取附件内容" [3madapter[0m[2m=[0m"http" [3moutcome[0m[2m=[0m"accepted" [3mrequest_kind[0m[2m=[0m"附件内容读取" [3mattachment_id[0m[2m=[0m"att-4e0480d9e16e" [3msession_id[0m[2m=[0m"s-3698d9833309"
[backend] [2m2026-04-25T16:41:42.2585671+08:00[0m [32m INFO[0m ThreadId(04) [2mkoko::shell::媒体资产外壳[0m[2m:[0m HTTP 请求已受理 [3musecase[0m[2m=[0m"读取附件内容" [3madapter[0m[2m=[0m"http" [3moutcome[0m[2m=[0m"accepted" [3mrequest_kind[0m[2m=[0m"附件内容读取" [3mattachment_id[0m[2m=[0m"att-4e0480d9e16e" [3msession_id[0m[2m=[0m"s-3698d9833309"
[backend] [2m2026-04-25T16:41:42.2704307+08:00[0m [32m INFO[0m ThreadId(07) [2mkoko::shell::媒体资产外壳[0m[2m:[0m 读取附件内容成功 [3musecase[0m[2m=[0m"读取附件内容" [3madapter[0m[2m=[0m"http" [3moutcome[0m[2m=[0m"succeeded" [3mrequest_kind[0m[2m=[0m"附件内容读取" [3mattachment_id[0m[2m=[0m"att-4e0480d9e16e" [3msession_id[0m[2m=[0m"s-3698d9833309"
[backend] [2m2026-04-25T16:41:42.2704647+08:00[0m [32m INFO[0m ThreadId(11) [2mkoko::shell::媒体资产外壳[0m[2m:[0m 读取附件内容成功 [3musecase[0m[2m=[0m"读取附件内容" [3madapter[0m[2m=[0m"http" [3moutcome[0m[2m=[0m"succeeded" [3mrequest_kind[0m[2m=[0m"附件内容读取" [3mattachment_id[0m[2m=[0m"att-4e0480d9e16e" [3msession_id[0m[2m=[0m"s-3698d9833309"
[tracker] 2026-04-25T08:41:42.257Z start: 2d5757303230382d707674366a74593576456a4e
[backend] [2m2026-04-25T16:41:42.5426636+08:00[0m [32m INFO[0m ThreadId(05) [2mkoko::shell::媒体资产外壳[0m[2m:[0m HTTP 请求已受理 [3musecase[0m[2m=[0m"读取附件内容" [3madapter[0m[2m=[0m"http" [3moutcome[0m[2m=[0m"accepted" [3mrequest_kind[0m[2m=[0m"附件内容读取" [3mattachment_id[0m[2m=[0m"att-10b60d10c9e1" [3msession_id[0m[2m=[0m"s-3698d9833309"
[backend] [2m2026-04-25T16:41:42.5515707+08:00[0m [32m INFO[0m ThreadId(07) [2mkoko::shell::媒体资产外壳[0m[2m:[0m 读取附件内容成功 [3musecase[0m[2m=[0m"读取附件内容" [3madapter[0m[2m=[0m"http" [3moutcome[0m[2m=[0m"succeeded" [3mrequest_kind[0m[2m=[0m"附件内容读取" [3mattachment_id[0m[2m=[0m"att-10b60d10c9e1" [3msession_id[0m[2m=[0m"s-3698d9833309"
[tracker] 2026-04-25T08:41:42.537Z start: 2d5757303230382d707674366a74593576456a4e
[backend] [2m2026-04-25T16:41:42.6083849+08:00[0m [32m INFO[0m ThreadId(07) [2mkoko::shell::媒体资产外壳[0m[2m:[0m HTTP 请求已受理 [3musecase[0m[2m=[0m"读取附件内容" [3madapter[0m[2m=[0m"http" [3moutcome[0m[2m=[0m"accepted" [3mrequest_kind[0m[2m=[0m"附件内容读取" [3mattachment_id[0m[2m=[0m"att-9f6a9ebb48a6" [3msession_id[0m[2m=[0m"s-3698d9833309"
[backend] [2m2026-04-25T16:41:42.6192741+08:00[0m [32m INFO[0m ThreadId(11) [2mkoko::shell::媒体资产外壳[0m[2m:[0m 读取附件内容成功 [3musecase[0m[2m=[0m"读取附件内容" [3madapter[0m[2m=[0m"http" [3moutcome[0m[2m=[0m"succeeded" [3mrequest_kind[0m[2m=[0m"附件内容读取" [3mattachment_id[0m[2m=[0m"att-9f6a9ebb48a6" [3msession_id[0m[2m=[0m"s-3698d9833309"
[tracker] 2026-04-25T08:41:43.595Z update: 2d5757303230382d5777657347504e6f4c4f4459
[backend] [2m2026-04-25T16:41:43.7451739+08:00[0m [32m INFO[0m ThreadId(07) [2mkoko::shell::媒体资产外壳[0m[2m:[0m HTTP 请求已受理 [3musecase[0m[2m=[0m"读取附件内容" [3madapter[0m[2m=[0m"http" [3moutcome[0m[2m=[0m"accepted" [3mrequest_kind[0m[2m=[0m"附件内容读取" [3mattachment_id[0m[2m=[0m"att-9f6a9ebb48a6" [3msession_id[0m[2m=[0m"s-3698d9833309"
[backend] [2m2026-04-25T16:41:43.757032+08:00[0m [32m INFO[0m ThreadId(11) [2mkoko::shell::媒体资产外壳[0m[2m:[0m 读取附件内容成功 [3musecase[0m[2m=[0m"读取附件内容" [3madapter[0m[2m=[0m"http" [3moutcome[0m[2m=[0m"succeeded" [3mrequest_kind[0m[2m=[0m"附件内容读取" [3mattachment_id[0m[2m=[0m"att-9f6a9ebb48a6" [3msession_id[0m[2m=[0m"s-3698d9833309"
[backend] [2m2026-04-25T16:41:44.0464596+08:00[0m [32m INFO[0m ThreadId(07) [2mkoko::shell::媒体资产外壳[0m[2m:[0m HTTP 请求已受理 [3musecase[0m[2m=[0m"读取附件内容" [3madapter[0m[2m=[0m"http" [3moutcome[0m[2m=[0m"accepted" [3mrequest_kind[0m[2m=[0m"附件内容读取" [3mattachment_id[0m[2m=[0m"att-9f6a9ebb48a6" [3msession_id[0m[2m=[0m"s-3698d9833309"
[backend] [2m2026-04-25T16:41:44.0472938+08:00[0m [32m INFO[0m ThreadId(07) [2mkoko::shell::媒体资产外壳[0m[2m:[0m HTTP 请求已受理 [3musecase[0m[2m=[0m"读取附件内容" [3madapter[0m[2m=[0m"http" [3moutcome[0m[2m=[0m"accepted" [3mrequest_kind[0m[2m=[0m"附件内容读取" [3mattachment_id[0m[2m=[0m"att-9f6a9ebb48a6" [3msession_id[0m[2m=[0m"s-3698d9833309"
[backend] [2m2026-04-25T16:41:44.0474697+08:00[0m [32m INFO[0m ThreadId(05) [2mkoko::shell::媒体资产外壳[0m[2m:[0m HTTP 请求已受理 [3musecase[0m[2m=[0m"读取附件内容" [3madapter[0m[2m=[0m"http" [3moutcome[0m[2m=[0m"accepted" [3mrequest_kind[0m[2m=[0m"附件内容读取" [3mattachment_id[0m[2m=[0m"att-9f6a9ebb48a6" [3msession_id[0m[2m=[0m"s-3698d9833309"
[backend] [2m2026-04-25T16:41:44.0573815+08:00[0m [32m INFO[0m ThreadId(05) [2mkoko::shell::媒体资产外壳[0m[2m:[0m 读取附件内容成功 [3musecase[0m[2m=[0m"读取附件内容" [3madapter[0m[2m=[0m"http" [3moutcome[0m[2m=[0m"succeeded" [3mrequest_kind[0m[2m=[0m"附件内容读取" [3mattachment_id[0m[2m=[0m"att-9f6a9ebb48a6" [3msession_id[0m[2m=[0m"s-3698d9833309"
[backend] [2m2026-04-25T16:41:44.0611205+08:00[0m [32m INFO[0m ThreadId(04) [2mkoko::shell::媒体资产外壳[0m[2m:[0m 读取附件内容成功 [3musecase[0m[2m=[0m"读取附件内容" [3madapter[0m[2m=[0m"http" [3moutcome[0m[2m=[0m"succeeded" [3mrequest_kind[0m[2m=[0m"附件内容读取" [3mattachment_id[0m[2m=[0m"att-9f6a9ebb48a6" [3msession_id[0m[2m=[0m"s-3698d9833309"
[backend] [2m2026-04-25T16:41:44.0611204+08:00[0m [32m INFO[0m ThreadId(05) [2mkoko::shell::媒体资产外壳[0m[2m:[0m 读取附件内容成功 [3musecase[0m[2m=[0m"读取附件内容" [3madapter[0m[2m=[0m"http" [3moutcome[0m[2m=[0m"succeeded" [3mrequest_kind[0m[2m=[0m"附件内容读取" [3mattachment_id[0m[2m=[0m"att-9f6a9ebb48a6" [3msession_id[0m[2m=[0m"s-3698d9833309"
[backend] [2m2026-04-25T16:41:44.0999823+08:00[0m [32m INFO[0m ThreadId(07) [2mkoko::shell::媒体资产外壳[0m[2m:[0m HTTP 请求已受理 [3musecase[0m[2m=[0m"读取附件内容" [3madapter[0m[2m=[0m"http" [3moutcome[0m[2m=[0m"accepted" [3mrequest_kind[0m[2m=[0m"附件内容读取" [3mattachment_id[0m[2m=[0m"att-e35bd47b6508" [3msession_id[0m[2m=[0m"s-3698d9833309"
[backend] [2m2026-04-25T16:41:44.1013139+08:00[0m [32m INFO[0m ThreadId(07) [2mkoko::shell::媒体资产外壳[0m[2m:[0m HTTP 请求已受理 [3musecase[0m[2m=[0m"读取附件内容" [3madapter[0m[2m=[0m"http" [3moutcome[0m[2m=[0m"accepted" [3mrequest_kind[0m[2m=[0m"附件内容读取" [3mattachment_id[0m[2m=[0m"att-e35bd47b6508" [3msession_id[0m[2m=[0m"s-3698d9833309"
[backend] [2m2026-04-25T16:41:44.1186163+08:00[0m [32m INFO[0m ThreadId(11) [2mkoko::shell::媒体资产外壳[0m[2m:[0m 读取附件内容成功 [3musecase[0m[2m=[0m"读取附件内容" [3madapter[0m[2m=[0m"http" [3moutcome[0m[2m=[0m"succeeded" [3mrequest_kind[0m[2m=[0m"附件内容读取" [3mattachment_id[0m[2m=[0m"att-e35bd47b6508" [3msession_id[0m[2m=[0m"s-3698d9833309"
[backend] [2m2026-04-25T16:41:44.1186394+08:00[0m [32m INFO[0m ThreadId(07) [2mkoko::shell::媒体资产外壳[0m[2m:[0m 读取附件内容成功 [3musecase[0m[2m=[0m"读取附件内容" [3madapter[0m[2m=[0m"http" [3moutcome[0m[2m=[0m"succeeded" [3mrequest_kind[0m[2m=[0m"附件内容读取" [3mattachment_id[0m[2m=[0m"att-e35bd47b6508" [3msession_id[0m[2m=[0m"s-3698d9833309"
[backend] [2m2026-04-25T16:41:44.1300415+08:00[0m [32m INFO[0m ThreadId(04) [2mkoko::shell::媒体资产外壳[0m[2m:[0m HTTP 请求已受理 [3musecase[0m[2m=[0m"读取附件内容" [3madapter[0m[2m=[0m"http" [3moutcome[0m[2m=[0m"accepted" [3mrequest_kind[0m[2m=[0m"附件内容读取" [3mattachment_id[0m[2m=[0m"att-9ea1bd13ba13" [3msession_id[0m[2m=[0m"s-3698d9833309"
[backend] [2m2026-04-25T16:41:44.1320452+08:00[0m [32m INFO[0m ThreadId(07) [2mkoko::shell::媒体资产外壳[0m[2m:[0m HTTP 请求已受理 [3musecase[0m[2m=[0m"读取附件内容" [3madapter[0m[2m=[0m"http" [3moutcome[0m[2m=[0m"accepted" [3mrequest_kind[0m[2m=[0m"附件内容读取" [3mattachment_id[0m[2m=[0m"att-e1deded9fc9b" [3msession_id[0m[2m=[0m"s-3698d9833309"
[backend] [2m2026-04-25T16:41:44.1320452+08:00[0m [32m INFO[0m ThreadId(04) [2mkoko::shell::媒体资产外壳[0m[2m:[0m HTTP 请求已受理 [3musecase[0m[2m=[0m"读取附件内容" [3madapter[0m[2m=[0m"http" [3moutcome[0m[2m=[0m"accepted" [3mrequest_kind[0m[2m=[0m"附件内容读取" [3mattachment_id[0m[2m=[0m"att-e1deded9fc9b" [3msession_id[0m[2m=[0m"s-3698d9833309"
[backend] [2m2026-04-25T16:41:44.1323426+08:00[0m [32m INFO[0m ThreadId(11) [2mkoko::shell::媒体资产外壳[0m[2m:[0m HTTP 请求已受理 [3musecase[0m[2m=[0m"读取附件内容" [3madapter[0m[2m=[0m"http" [3moutcome[0m[2m=[0m"accepted" [3mrequest_kind[0m[2m=[0m"附件内容读取" [3mattachment_id[0m[2m=[0m"att-9ea1bd13ba13" [3msession_id[0m[2m=[0m"s-3698d9833309"
[backend] [2m2026-04-25T16:41:44.1484335+08:00[0m [32m INFO[0m ThreadId(05) [2mkoko::shell::媒体资产外壳[0m[2m:[0m 读取附件内容成功 [3musecase[0m[2m=[0m"读取附件内容" [3madapter[0m[2m=[0m"http" [3moutcome[0m[2m=[0m"succeeded" [3mrequest_kind[0m[2m=[0m"附件内容读取" [3mattachment_id[0m[2m=[0m"att-9ea1bd13ba13" [3msession_id[0m[2m=[0m"s-3698d9833309"
[backend] [2m2026-04-25T16:41:44.1525941+08:00[0m [32m INFO[0m ThreadId(04) [2mkoko::shell::媒体资产外壳[0m[2m:[0m HTTP 请求已受理 [3musecase[0m[2m=[0m"读取附件内容" [3madapter[0m[2m=[0m"http" [3moutcome[0m[2m=[0m"accepted" [3mrequest_kind[0m[2m=[0m"附件内容读取" [3mattachment_id[0m[2m=[0m"att-e1deded9fc9b" [3msession_id[0m[2m=[0m"s-3698d9833309"
[backend] [2m2026-04-25T16:41:44.1525941+08:00[0m [32m INFO[0m ThreadId(05) [2mkoko::shell::媒体资产外壳[0m[2m:[0m HTTP 请求已受理 [3musecase[0m[2m=[0m"读取附件内容" [3madapter[0m[2m=[0m"http" [3moutcome[0m[2m=[0m"accepted" [3mrequest_kind[0m[2m=[0m"附件内容读取" [3mattachment_id[0m[2m=[0m"att-e1deded9fc9b" [3msession_id[0m[2m=[0m"s-3698d9833309"
[backend] [2m2026-04-25T16:41:44.1540847+08:00[0m [32m INFO[0m ThreadId(07) [2mkoko::shell::媒体资产外壳[0m[2m:[0m HTTP 请求已受理 [3musecase[0m[2m=[0m"读取附件内容" [3madapter[0m[2m=[0m"http" [3moutcome[0m[2m=[0m"accepted" [3mrequest_kind[0m[2m=[0m"附件内容读取" [3mattachment_id[0m[2m=[0m"att-5d2bc6f45393" [3msession_id[0m[2m=[0m"s-3698d9833309"
[backend] [2m2026-04-25T16:41:44.1543905+08:00[0m [32m INFO[0m ThreadId(05) [2mkoko::shell::媒体资产外壳[0m[2m:[0m 读取附件内容成功 [3musecase[0m[2m=[0m"读取附件内容" [3madapter[0m[2m=[0m"http" [3moutcome[0m[2m=[0m"succeeded" [3mrequest_kind[0m[2m=[0m"附件内容读取" [3mattachment_id[0m[2m=[0m"att-e1deded9fc9b" [3msession_id[0m[2m=[0m"s-3698d9833309"
[backend] [2m2026-04-25T16:41:44.1548776+08:00[0m [32m INFO[0m ThreadId(04) [2mkoko::shell::媒体资产外壳[0m[2m:[0m 读取附件内容成功 [3musecase[0m[2m=[0m"读取附件内容" [3madapter[0m[2m=[0m"http" [3moutcome[0m[2m=[0m"succeeded" [3mrequest_kind[0m[2m=[0m"附件内容读取" [3mattachment_id[0m[2m=[0m"att-e1deded9fc9b" [3msession_id[0m[2m=[0m"s-3698d9833309"
[backend] [2m2026-04-25T16:41:44.1583642+08:00[0m [32m INFO[0m ThreadId(11) [2mkoko::shell::媒体资产外壳[0m[2m:[0m HTTP 请求已受理 [3musecase[0m[2m=[0m"读取附件内容" [3madapter[0m[2m=[0m"http" [3moutcome[0m[2m=[0m"accepted" [3mrequest_kind[0m[2m=[0m"附件内容读取" [3mattachment_id[0m[2m=[0m"att-5d2bc6f45393" [3msession_id[0m[2m=[0m"s-3698d9833309"
[backend] [2m2026-04-25T16:41:44.1587986+08:00[0m [32m INFO[0m ThreadId(04) [2mkoko::shell::媒体资产外壳[0m[2m:[0m 读取附件内容成功 [3musecase[0m[2m=[0m"读取附件内容" [3madapter[0m[2m=[0m"http" [3moutcome[0m[2m=[0m"succeeded" [3mrequest_kind[0m[2m=[0m"附件内容读取" [3mattachment_id[0m[2m=[0m"att-9ea1bd13ba13" [3msession_id[0m[2m=[0m"s-3698d9833309"
[backend] [2m2026-04-25T16:41:44.1690008+08:00[0m [32m INFO[0m ThreadId(02) [2mkoko::shell::媒体资产外壳[0m[2m:[0m 读取附件内容成功 [3musecase[0m[2m=[0m"读取附件内容" [3madapter[0m[2m=[0m"http" [3moutcome[0m[2m=[0m"succeeded" [3mrequest_kind[0m[2m=[0m"附件内容读取" [3mattachment_id[0m[2m=[0m"att-e1deded9fc9b" [3msession_id[0m[2m=[0m"s-3698d9833309"
[backend] [2m2026-04-25T16:41:44.1690042+08:00[0m [32m INFO[0m ThreadId(06) [2mkoko::shell::媒体资产外壳[0m[2m:[0m 读取附件内容成功 [3musecase[0m[2m=[0m"读取附件内容" [3madapter[0m[2m=[0m"http" [3moutcome[0m[2m=[0m"succeeded" [3mrequest_kind[0m[2m=[0m"附件内容读取" [3mattachment_id[0m[2m=[0m"att-e1deded9fc9b" [3msession_id[0m[2m=[0m"s-3698d9833309"
[backend] [2m2026-04-25T16:41:44.1770922+08:00[0m [32m INFO[0m ThreadId(02) [2mkoko::shell::媒体资产外壳[0m[2m:[0m 读取附件内容成功 [3musecase[0m[2m=[0m"读取附件内容" [3madapter[0m[2m=[0m"http" [3moutcome[0m[2m=[0m"succeeded" [3mrequest_kind[0m[2m=[0m"附件内容读取" [3mattachment_id[0m[2m=[0m"att-5d2bc6f45393" [3msession_id[0m[2m=[0m"s-3698d9833309"
[backend] [2m2026-04-25T16:41:44.1770721+08:00[0m [32m INFO[0m ThreadId(06) [2mkoko::shell::媒体资产外壳[0m[2m:[0m 读取附件内容成功 [3musecase[0m[2m=[0m"读取附件内容" [3madapter[0m[2m=[0m"http" [3moutcome[0m[2m=[0m"succeeded" [3mrequest_kind[0m[2m=[0m"附件内容读取" [3mattachment_id[0m[2m=[0m"att-5d2bc6f45393" [3msession_id[0m[2m=[0m"s-3698d9833309"
[backend] [2m2026-04-25T16:41:44.1942313+08:00[0m [32m INFO[0m ThreadId(11) [2mkoko::shell::媒体资产外壳[0m[2m:[0m HTTP 请求已受理 [3musecase[0m[2m=[0m"读取附件内容" [3madapter[0m[2m=[0m"http" [3moutcome[0m[2m=[0m"accepted" [3mrequest_kind[0m[2m=[0m"附件内容读取" [3mattachment_id[0m[2m=[0m"att-10b60d10c9e1" [3msession_id[0m[2m=[0m"s-3698d9833309"
[backend] [2m2026-04-25T16:41:44.1956341+08:00[0m [32m INFO[0m ThreadId(06) [2mkoko::shell::媒体资产外壳[0m[2m:[0m HTTP 请求已受理 [3musecase[0m[2m=[0m"读取附件内容" [3madapter[0m[2m=[0m"http" [3moutcome[0m[2m=[0m"accepted" [3mrequest_kind[0m[2m=[0m"附件内容读取" [3mattachment_id[0m[2m=[0m"att-10b60d10c9e1" [3msession_id[0m[2m=[0m"s-3698d9833309"
[backend] [2m2026-04-25T16:41:44.1956341+08:00[0m [32m INFO[0m ThreadId(11) [2mkoko::shell::媒体资产外壳[0m[2m:[0m HTTP 请求已受理 [3musecase[0m[2m=[0m"读取附件内容" [3madapter[0m[2m=[0m"http" [3moutcome[0m[2m=[0m"accepted" [3mrequest_kind[0m[2m=[0m"附件内容读取" [3mattachment_id[0m[2m=[0m"att-4e0480d9e16e" [3msession_id[0m[2m=[0m"s-3698d9833309"
[backend] [2m2026-04-25T16:41:44.1956341+08:00[0m [32m INFO[0m ThreadId(02) [2mkoko::shell::媒体资产外壳[0m[2m:[0m HTTP 请求已受理 [3musecase[0m[2m=[0m"读取附件内容" [3madapter[0m[2m=[0m"http" [3moutcome[0m[2m=[0m"accepted" [3mrequest_kind[0m[2m=[0m"附件内容读取" [3mattachment_id[0m[2m=[0m"att-10b60d10c9e1" [3msession_id[0m[2m=[0m"s-3698d9833309"
[backend] [2m2026-04-25T16:41:44.1957611+08:00[0m [32m INFO[0m ThreadId(04) [2mkoko::shell::媒体资产外壳[0m[2m:[0m HTTP 请求已受理 [3musecase[0m[2m=[0m"读取附件内容" [3madapter[0m[2m=[0m"http" [3moutcome[0m[2m=[0m"accepted" [3mrequest_kind[0m[2m=[0m"附件内容读取" [3mattachment_id[0m[2m=[0m"att-4e0480d9e16e" [3msession_id[0m[2m=[0m"s-3698d9833309"
[backend] [2m2026-04-25T16:41:44.2088691+08:00[0m [32m INFO[0m ThreadId(04) [2mkoko::shell::媒体资产外壳[0m[2m:[0m 读取附件内容成功 [3musecase[0m[2m=[0m"读取附件内容" [3madapter[0m[2m=[0m"http" [3moutcome[0m[2m=[0m"succeeded" [3mrequest_kind[0m[2m=[0m"附件内容读取" [3mattachment_id[0m[2m=[0m"att-10b60d10c9e1" [3msession_id[0m[2m=[0m"s-3698d9833309"
[backend] [2m2026-04-25T16:41:44.2107326+08:00[0m [32m INFO[0m ThreadId(11) [2mkoko::shell::媒体资产外壳[0m[2m:[0m 读取附件内容成功 [3musecase[0m[2m=[0m"读取附件内容" [3madapter[0m[2m=[0m"http" [3moutcome[0m[2m=[0m"succeeded" [3mrequest_kind[0m[2m=[0m"附件内容读取" [3mattachment_id[0m[2m=[0m"att-4e0480d9e16e" [3msession_id[0m[2m=[0m"s-3698d9833309"
[backend] [2m2026-04-25T16:41:44.2130706+08:00[0m [32m INFO[0m ThreadId(11) [2mkoko::shell::媒体资产外壳[0m[2m:[0m 读取附件内容成功 [3musecase[0m[2m=[0m"读取附件内容" [3madapter[0m[2m=[0m"http" [3moutcome[0m[2m=[0m"succeeded" [3mrequest_kind[0m[2m=[0m"附件内容读取" [3mattachment_id[0m[2m=[0m"att-4e0480d9e16e" [3msession_id[0m[2m=[0m"s-3698d9833309"
[backend] [2m2026-04-25T16:41:44.2166778+08:00[0m [32m INFO[0m ThreadId(04) [2mkoko::shell::媒体资产外壳[0m[2m:[0m 读取附件内容成功 [3musecase[0m[2m=[0m"读取附件内容" [3madapter[0m[2m=[0m"http" [3moutcome[0m[2m=[0m"succeeded" [3mrequest_kind[0m[2m=[0m"附件内容读取" [3mattachment_id[0m[2m=[0m"att-10b60d10c9e1" [3msession_id[0m[2m=[0m"s-3698d9833309"
[backend] [2m2026-04-25T16:41:44.2166928+08:00[0m [32m INFO[0m ThreadId(11) [2mkoko::shell::媒体资产外壳[0m[2m:[0m 读取附件内容成功 [3musecase[0m[2m=[0m"读取附件内容" [3madapter[0m[2m=[0m"http" [3moutcome[0m[2m=[0m"succeeded" [3mrequest_kind[0m[2m=[0m"附件内容读取" [3mattachment_id[0m[2m=[0m"att-10b60d10c9e1" [3msession_id[0m[2m=[0m"s-3698d9833309"
[backend] [2m2026-04-25T16:41:44.5265792+08:00[0m [32m INFO[0m ThreadId(05) [2mkoko::shell::媒体资产外壳[0m[2m:[0m HTTP 请求已受理 [3musecase[0m[2m=[0m"读取附件内容" [3madapter[0m[2m=[0m"http" [3moutcome[0m[2m=[0m"accepted" [3mrequest_kind[0m[2m=[0m"附件内容读取" [3mattachment_id[0m[2m=[0m"att-9f6a9ebb48a6" [3msession_id[0m[2m=[0m"s-3698d9833309"
[backend] [2m2026-04-25T16:41:44.5370617+08:00[0m [32m INFO[0m ThreadId(05) [2mkoko::shell::媒体资产外壳[0m[2m:[0m 读取附件内容成功 [3musecase[0m[2m=[0m"读取附件内容" [3madapter[0m[2m=[0m"http" [3moutcome[0m[2m=[0m"succeeded" [3mrequest_kind[0m[2m=[0m"附件内容读取" [3mattachment_id[0m[2m=[0m"att-9f6a9ebb48a6" [3msession_id[0m[2m=[0m"s-3698d9833309"
[backend] [2m2026-04-25T16:41:44.5542094+08:00[0m [32m INFO[0m ThreadId(11) [2mkoko::shell::媒体资产外壳[0m[2m:[0m HTTP 请求已受理 [3musecase[0m[2m=[0m"读取附件内容" [3madapter[0m[2m=[0m"http" [3moutcome[0m[2m=[0m"accepted" [3mrequest_kind[0m[2m=[0m"附件内容读取" [3mattachment_id[0m[2m=[0m"att-9f6a9ebb48a6" [3msession_id[0m[2m=[0m"s-3698d9833309"
[backend] [2m2026-04-25T16:41:44.557912+08:00[0m [32m INFO[0m ThreadId(11) [2mkoko::shell::媒体资产外壳[0m[2m:[0m HTTP 请求已受理 [3musecase[0m[2m=[0m"读取附件内容" [3madapter[0m[2m=[0m"http" [3moutcome[0m[2m=[0m"accepted" [3mrequest_kind[0m[2m=[0m"附件内容读取" [3mattachment_id[0m[2m=[0m"att-9f6a9ebb48a6" [3msession_id[0m[2m=[0m"s-3698d9833309"
[backend] [2m2026-04-25T16:41:44.5720645+08:00[0m [32m INFO[0m ThreadId(04) [2mkoko::shell::媒体资产外壳[0m[2m:[0m 读取附件内容成功 [3musecase[0m[2m=[0m"读取附件内容" [3madapter[0m[2m=[0m"http" [3moutcome[0m[2m=[0m"succeeded" [3mrequest_kind[0m[2m=[0m"附件内容读取" [3mattachment_id[0m[2m=[0m"att-9f6a9ebb48a6" [3msession_id[0m[2m=[0m"s-3698d9833309"
[backend] [2m2026-04-25T16:41:44.5785672+08:00[0m [32m INFO[0m ThreadId(04) [2mkoko::shell::媒体资产外壳[0m[2m:[0m 读取附件内容成功 [3musecase[0m[2m=[0m"读取附件内容" [3madapter[0m[2m=[0m"http" [3moutcome[0m[2m=[0m"succeeded" [3mrequest_kind[0m[2m=[0m"附件内容读取" [3mattachment_id[0m[2m=[0m"att-9f6a9ebb48a6" [3msession_id[0m[2m=[0m"s-3698d9833309"
[backend] [2m2026-04-25T16:41:45.1990438+08:00[0m [32m INFO[0m ThreadId(05) [2mkoko::shell::媒体资产外壳[0m[2m:[0m HTTP 请求已受理 [3musecase[0m[2m=[0m"读取附件内容" [3madapter[0m[2m=[0m"http" [3moutcome[0m[2m=[0m"accepted" [3mrequest_kind[0m[2m=[0m"附件内容读取" [3mattachment_id[0m[2m=[0m"att-e35bd47b6508" [3msession_id[0m[2m=[0m"s-3698d9833309"
[backend] [2m2026-04-25T16:41:45.2002388+08:00[0m [32m INFO[0m ThreadId(05) [2mkoko::shell::媒体资产外壳[0m[2m:[0m HTTP 请求已受理 [3musecase[0m[2m=[0m"读取附件内容" [3madapter[0m[2m=[0m"http" [3moutcome[0m[2m=[0m"accepted" [3mrequest_kind[0m[2m=[0m"附件内容读取" [3mattachment_id[0m[2m=[0m"att-e35bd47b6508" [3msession_id[0m[2m=[0m"s-3698d9833309"
[backend] [2m2026-04-25T16:41:45.2182493+08:00[0m [32m INFO[0m ThreadId(04) [2mkoko::shell::媒体资产外壳[0m[2m:[0m 读取附件内容成功 [3musecase[0m[2m=[0m"读取附件内容" [3madapter[0m[2m=[0m"http" [3moutcome[0m[2m=[0m"succeeded" [3mrequest_kind[0m[2m=[0m"附件内容读取" [3mattachment_id[0m[2m=[0m"att-e35bd47b6508" [3msession_id[0m[2m=[0m"s-3698d9833309"
[backend] [2m2026-04-25T16:41:45.2182231+08:00[0m [32m INFO[0m ThreadId(05) [2mkoko::shell::媒体资产外壳[0m[2m:[0m 读取附件内容成功 [3musecase[0m[2m=[0m"读取附件内容" [3madapter[0m[2m=[0m"http" [3moutcome[0m[2m=[0m"succeeded" [3mrequest_kind[0m[2m=[0m"附件内容读取" [3mattachment_id[0m[2m=[0m"att-e35bd47b6508" [3msession_id[0m[2m=[0m"s-3698d9833309"
[backend] [2m2026-04-25T16:41:45.6182571+08:00[0m [32m INFO[0m ThreadId(11) [2mkoko::shell::媒体资产外壳[0m[2m:[0m HTTP 请求已受理 [3musecase[0m[2m=[0m"读取附件内容" [3madapter[0m[2m=[0m"http" [3moutcome[0m[2m=[0m"accepted" [3mrequest_kind[0m[2m=[0m"附件内容读取" [3mattachment_id[0m[2m=[0m"att-e35bd47b6508" [3msession_id[0m[2m=[0m"s-3698d9833309"
[backend] [2m2026-04-25T16:41:45.6276463+08:00[0m [32m INFO[0m ThreadId(04) [2mkoko::shell::媒体资产外壳[0m[2m:[0m HTTP 请求已受理 [3musecase[0m[2m=[0m"读取附件内容" [3madapter[0m[2m=[0m"http" [3moutcome[0m[2m=[0m"accepted" [3mrequest_kind[0m[2m=[0m"附件内容读取" [3mattachment_id[0m[2m=[0m"att-e35bd47b6508" [3msession_id[0m[2m=[0m"s-3698d9833309"
[backend] [2m2026-04-25T16:41:45.6279798+08:00[0m [32m INFO[0m ThreadId(05) [2mkoko::shell::媒体资产外壳[0m[2m:[0m 读取附件内容成功 [3musecase[0m[2m=[0m"读取附件内容" [3madapter[0m[2m=[0m"http" [3moutcome[0m[2m=[0m"succeeded" [3mrequest_kind[0m[2m=[0m"附件内容读取" [3mattachment_id[0m[2m=[0m"att-e35bd47b6508" [3msession_id[0m[2m=[0m"s-3698d9833309"
[backend] [2m2026-04-25T16:41:45.6413882+08:00[0m [32m INFO[0m ThreadId(05) [2mkoko::shell::媒体资产外壳[0m[2m:[0m 读取附件内容成功 [3musecase[0m[2m=[0m"读取附件内容" [3madapter[0m[2m=[0m"http" [3moutcome[0m[2m=[0m"succeeded" [3mrequest_kind[0m[2m=[0m"附件内容读取" [3mattachment_id[0m[2m=[0m"att-e35bd47b6508" [3msession_id[0m[2m=[0m"s-3698d9833309"
[backend] [2m2026-04-25T16:41:45.6599954+08:00[0m [32m INFO[0m ThreadId(04) [2mkoko::shell::媒体资产外壳[0m[2m:[0m HTTP 请求已受理 [3musecase[0m[2m=[0m"读取附件内容" [3madapter[0m[2m=[0m"http" [3moutcome[0m[2m=[0m"accepted" [3mrequest_kind[0m[2m=[0m"附件内容读取" [3mattachment_id[0m[2m=[0m"att-e35bd47b6508" [3msession_id[0m[2m=[0m"s-3698d9833309"
[backend] [2m2026-04-25T16:41:45.6614562+08:00[0m [32m INFO[0m ThreadId(04) [2mkoko::shell::媒体资产外壳[0m[2m:[0m HTTP 请求已受理 [3musecase[0m[2m=[0m"读取附件内容" [3madapter[0m[2m=[0m"http" [3moutcome[0m[2m=[0m"accepted" [3mrequest_kind[0m[2m=[0m"附件内容读取" [3mattachment_id[0m[2m=[0m"att-9ea1bd13ba13" [3msession_id[0m[2m=[0m"s-3698d9833309"
[backend] [2m2026-04-25T16:41:45.6718934+08:00[0m [32m INFO[0m ThreadId(04) [2mkoko::shell::媒体资产外壳[0m[2m:[0m HTTP 请求已受理 [3musecase[0m[2m=[0m"读取附件内容" [3madapter[0m[2m=[0m"http" [3moutcome[0m[2m=[0m"accepted" [3mrequest_kind[0m[2m=[0m"附件内容读取" [3mattachment_id[0m[2m=[0m"att-9ea1bd13ba13" [3msession_id[0m[2m=[0m"s-3698d9833309"
[backend] [2m2026-04-25T16:41:45.6739962+08:00[0m [32m INFO[0m ThreadId(11) [2mkoko::shell::媒体资产外壳[0m[2m:[0m HTTP 请求已受理 [3musecase[0m[2m=[0m"读取附件内容" [3madapter[0m[2m=[0m"http" [3moutcome[0m[2m=[0m"accepted" [3mrequest_kind[0m[2m=[0m"附件内容读取" [3mattachment_id[0m[2m=[0m"att-e1deded9fc9b" [3msession_id[0m[2m=[0m"s-3698d9833309"
[backend] [2m2026-04-25T16:41:45.6753119+08:00[0m [32m INFO[0m ThreadId(05) [2mkoko::shell::媒体资产外壳[0m[2m:[0m HTTP 请求已受理 [3musecase[0m[2m=[0m"读取附件内容" [3madapter[0m[2m=[0m"http" [3moutcome[0m[2m=[0m"accepted" [3mrequest_kind[0m[2m=[0m"附件内容读取" [3mattachment_id[0m[2m=[0m"att-e1deded9fc9b" [3msession_id[0m[2m=[0m"s-3698d9833309"
[backend] [2m2026-04-25T16:41:45.6753119+08:00[0m [32m INFO[0m ThreadId(04) [2mkoko::shell::媒体资产外壳[0m[2m:[0m HTTP 请求已受理 [3musecase[0m[2m=[0m"读取附件内容" [3madapter[0m[2m=[0m"http" [3moutcome[0m[2m=[0m"accepted" [3mrequest_kind[0m[2m=[0m"附件内容读取" [3mattachment_id[0m[2m=[0m"att-e1deded9fc9b" [3msession_id[0m[2m=[0m"s-3698d9833309"
[backend] [2m2026-04-25T16:41:45.6753602+08:00[0m [32m INFO[0m ThreadId(11) [2mkoko::shell::媒体资产外壳[0m[2m:[0m HTTP 请求已受理 [3musecase[0m[2m=[0m"读取附件内容" [3madapter[0m[2m=[0m"http" [3moutcome[0m[2m=[0m"accepted" [3mrequest_kind[0m[2m=[0m"附件内容读取" [3mattachment_id[0m[2m=[0m"att-e1deded9fc9b" [3msession_id[0m[2m=[0m"s-3698d9833309"
[backend] [2m2026-04-25T16:41:45.6761801+08:00[0m [32m INFO[0m ThreadId(05) [2mkoko::shell::媒体资产外壳[0m[2m:[0m 读取附件内容成功 [3musecase[0m[2m=[0m"读取附件内容" [3madapter[0m[2m=[0m"http" [3moutcome[0m[2m=[0m"succeeded" [3mrequest_kind[0m[2m=[0m"附件内容读取" [3mattachment_id[0m[2m=[0m"att-9ea1bd13ba13" [3msession_id[0m[2m=[0m"s-3698d9833309"
[backend] [2m2026-04-25T16:41:45.6789369+08:00[0m [32m INFO[0m ThreadId(06) [2mkoko::shell::媒体资产外壳[0m[2m:[0m 读取附件内容成功 [3musecase[0m[2m=[0m"读取附件内容" [3madapter[0m[2m=[0m"http" [3moutcome[0m[2m=[0m"succeeded" [3mrequest_kind[0m[2m=[0m"附件内容读取" [3mattachment_id[0m[2m=[0m"att-e35bd47b6508" [3msession_id[0m[2m=[0m"s-3698d9833309"
[backend] [2m2026-04-25T16:41:45.6898908+08:00[0m [32m INFO[0m ThreadId(07) [2mkoko::shell::媒体资产外壳[0m[2m:[0m 读取附件内容成功 [3musecase[0m[2m=[0m"读取附件内容" [3madapter[0m[2m=[0m"http" [3moutcome[0m[2m=[0m"succeeded" [3mrequest_kind[0m[2m=[0m"附件内容读取" [3mattachment_id[0m[2m=[0m"att-9ea1bd13ba13" [3msession_id[0m[2m=[0m"s-3698d9833309"
[backend] [2m2026-04-25T16:41:45.6906477+08:00[0m [32m INFO[0m ThreadId(05) [2mkoko::shell::媒体资产外壳[0m[2m:[0m 读取附件内容成功 [3musecase[0m[2m=[0m"读取附件内容" [3madapter[0m[2m=[0m"http" [3moutcome[0m[2m=[0m"succeeded" [3mrequest_kind[0m[2m=[0m"附件内容读取" [3mattachment_id[0m[2m=[0m"att-e1deded9fc9b" [3msession_id[0m[2m=[0m"s-3698d9833309"
[backend] [2m2026-04-25T16:41:45.693086+08:00[0m [32m INFO[0m ThreadId(05) [2mkoko::shell::媒体资产外壳[0m[2m:[0m 读取附件内容成功 [3musecase[0m[2m=[0m"读取附件内容" [3madapter[0m[2m=[0m"http" [3moutcome[0m[2m=[0m"succeeded" [3mrequest_kind[0m[2m=[0m"附件内容读取" [3mattachment_id[0m[2m=[0m"att-e1deded9fc9b" [3msession_id[0m[2m=[0m"s-3698d9833309"
[backend] [2m2026-04-25T16:41:45.6930861+08:00[0m [32m INFO[0m ThreadId(07) [2mkoko::shell::媒体资产外壳[0m[2m:[0m 读取附件内容成功 [3musecase[0m[2m=[0m"读取附件内容" [3madapter[0m[2m=[0m"http" [3moutcome[0m[2m=[0m"succeeded" [3mrequest_kind[0m[2m=[0m"附件内容读取" [3mattachment_id[0m[2m=[0m"att-e1deded9fc9b" [3msession_id[0m[2m=[0m"s-3698d9833309"
[backend] [2m2026-04-25T16:41:45.700225+08:00[0m [32m INFO[0m ThreadId(05) [2mkoko::shell::媒体资产外壳[0m[2m:[0m 读取附件内容成功 [3musecase[0m[2m=[0m"读取附件内容" [3madapter[0m[2m=[0m"http" [3moutcome[0m[2m=[0m"succeeded" [3mrequest_kind[0m[2m=[0m"附件内容读取" [3mattachment_id[0m[2m=[0m"att-e1deded9fc9b" [3msession_id[0m[2m=[0m"s-3698d9833309"
[backend] [2m2026-04-25T16:41:45.7961007+08:00[0m [32m INFO[0m ThreadId(02) [2mkoko::shell::媒体资产外壳[0m[2m:[0m HTTP 请求已受理 [3musecase[0m[2m=[0m"读取附件内容" [3madapter[0m[2m=[0m"http" [3moutcome[0m[2m=[0m"accepted" [3mrequest_kind[0m[2m=[0m"附件内容读取" [3mattachment_id[0m[2m=[0m"att-5d2bc6f45393" [3msession_id[0m[2m=[0m"s-3698d9833309"
[backend] [2m2026-04-25T16:41:45.7962515+08:00[0m [32m INFO[0m ThreadId(05) [2mkoko::shell::媒体资产外壳[0m[2m:[0m HTTP 请求已受理 [3musecase[0m[2m=[0m"读取附件内容" [3madapter[0m[2m=[0m"http" [3moutcome[0m[2m=[0m"accepted" [3mrequest_kind[0m[2m=[0m"附件内容读取" [3mattachment_id[0m[2m=[0m"att-5d2bc6f45393" [3msession_id[0m[2m=[0m"s-3698d9833309"
[backend] [2m2026-04-25T16:41:45.81117+08:00[0m [32m INFO[0m ThreadId(02) [2mkoko::shell::媒体资产外壳[0m[2m:[0m 读取附件内容成功 [3musecase[0m[2m=[0m"读取附件内容" [3madapter[0m[2m=[0m"http" [3moutcome[0m[2m=[0m"succeeded" [3mrequest_kind[0m[2m=[0m"附件内容读取" [3mattachment_id[0m[2m=[0m"att-5d2bc6f45393" [3msession_id[0m[2m=[0m"s-3698d9833309"
[backend] [2m2026-04-25T16:41:45.8111802+08:00[0m [32m INFO[0m ThreadId(05) [2mkoko::shell::媒体资产外壳[0m[2m:[0m 读取附件内容成功 [3musecase[0m[2m=[0m"读取附件内容" [3madapter[0m[2m=[0m"http" [3moutcome[0m[2m=[0m"succeeded" [3mrequest_kind[0m[2m=[0m"附件内容读取" [3mattachment_id[0m[2m=[0m"att-5d2bc6f45393" [3msession_id[0m[2m=[0m"s-3698d9833309"
[backend] [2m2026-04-25T16:41:45.8431126+08:00[0m [32m INFO[0m ThreadId(11) [2mkoko::shell::媒体资产外壳[0m[2m:[0m HTTP 请求已受理 [3musecase[0m[2m=[0m"读取附件内容" [3madapter[0m[2m=[0m"http" [3moutcome[0m[2m=[0m"accepted" [3mrequest_kind[0m[2m=[0m"附件内容读取" [3mattachment_id[0m[2m=[0m"att-e35bd47b6508" [3msession_id[0m[2m=[0m"s-3698d9833309"
[backend] [2m2026-04-25T16:41:45.8445743+08:00[0m [32m INFO[0m ThreadId(11) [2mkoko::shell::媒体资产外壳[0m[2m:[0m HTTP 请求已受理 [3musecase[0m[2m=[0m"读取附件内容" [3madapter[0m[2m=[0m"http" [3moutcome[0m[2m=[0m"accepted" [3mrequest_kind[0m[2m=[0m"附件内容读取" [3mattachment_id[0m[2m=[0m"att-e35bd47b6508" [3msession_id[0m[2m=[0m"s-3698d9833309"
[backend] [2m2026-04-25T16:41:45.8446063+08:00[0m [32m INFO[0m ThreadId(02) [2mkoko::shell::媒体资产外壳[0m[2m:[0m HTTP 请求已受理 [3musecase[0m[2m=[0m"读取附件内容" [3madapter[0m[2m=[0m"http" [3moutcome[0m[2m=[0m"accepted" [3mrequest_kind[0m[2m=[0m"附件内容读取" [3mattachment_id[0m[2m=[0m"att-10b60d10c9e1" [3msession_id[0m[2m=[0m"s-3698d9833309"
[backend] [2m2026-04-25T16:41:45.8527895+08:00[0m [32m INFO[0m ThreadId(05) [2mkoko::shell::媒体资产外壳[0m[2m:[0m HTTP 请求已受理 [3musecase[0m[2m=[0m"读取附件内容" [3madapter[0m[2m=[0m"http" [3moutcome[0m[2m=[0m"accepted" [3mrequest_kind[0m[2m=[0m"附件内容读取" [3mattachment_id[0m[2m=[0m"att-10b60d10c9e1" [3msession_id[0m[2m=[0m"s-3698d9833309"
[backend] [2m2026-04-25T16:41:45.8531202+08:00[0m [32m INFO[0m ThreadId(02) [2mkoko::shell::媒体资产外壳[0m[2m:[0m HTTP 请求已受理 [3musecase[0m[2m=[0m"读取附件内容" [3madapter[0m[2m=[0m"http" [3moutcome[0m[2m=[0m"accepted" [3mrequest_kind[0m[2m=[0m"附件内容读取" [3mattachment_id[0m[2m=[0m"att-9f6a9ebb48a6" [3msession_id[0m[2m=[0m"s-3698d9833309"
[backend] [2m2026-04-25T16:41:45.8542171+08:00[0m [32m INFO[0m ThreadId(11) [2mkoko::shell::媒体资产外壳[0m[2m:[0m HTTP 请求已受理 [3musecase[0m[2m=[0m"读取附件内容" [3madapter[0m[2m=[0m"http" [3moutcome[0m[2m=[0m"accepted" [3mrequest_kind[0m[2m=[0m"附件内容读取" [3mattachment_id[0m[2m=[0m"att-9f6a9ebb48a6" [3msession_id[0m[2m=[0m"s-3698d9833309"
[backend] [2m2026-04-25T16:41:45.8547049+08:00[0m [32m INFO[0m ThreadId(02) [2mkoko::shell::媒体资产外壳[0m[2m:[0m HTTP 请求已受理 [3musecase[0m[2m=[0m"读取附件内容" [3madapter[0m[2m=[0m"http" [3moutcome[0m[2m=[0m"accepted" [3mrequest_kind[0m[2m=[0m"附件内容读取" [3mattachment_id[0m[2m=[0m"att-9f6a9ebb48a6" [3msession_id[0m[2m=[0m"s-3698d9833309"
[backend] [2m2026-04-25T16:41:45.8549206+08:00[0m [32m INFO[0m ThreadId(05) [2mkoko::shell::媒体资产外壳[0m[2m:[0m HTTP 请求已受理 [3musecase[0m[2m=[0m"读取附件内容" [3madapter[0m[2m=[0m"http" [3moutcome[0m[2m=[0m"accepted" [3mrequest_kind[0m[2m=[0m"附件内容读取" [3mattachment_id[0m[2m=[0m"att-10b60d10c9e1" [3msession_id[0m[2m=[0m"s-3698d9833309"
[backend] [2m2026-04-25T16:41:45.8559139+08:00[0m [32m INFO[0m ThreadId(11) [2mkoko::shell::媒体资产外壳[0m[2m:[0m HTTP 请求已受理 [3musecase[0m[2m=[0m"读取附件内容" [3madapter[0m[2m=[0m"http" [3moutcome[0m[2m=[0m"accepted" [3mrequest_kind[0m[2m=[0m"附件内容读取" [3mattachment_id[0m[2m=[0m"att-4e0480d9e16e" [3msession_id[0m[2m=[0m"s-3698d9833309"
[backend] [2m2026-04-25T16:41:45.8561032+08:00[0m [32m INFO[0m ThreadId(02) [2mkoko::shell::媒体资产外壳[0m[2m:[0m HTTP 请求已受理 [3musecase[0m[2m=[0m"读取附件内容" [3madapter[0m[2m=[0m"http" [3moutcome[0m[2m=[0m"accepted" [3mrequest_kind[0m[2m=[0m"附件内容读取" [3mattachment_id[0m[2m=[0m"att-4e0480d9e16e" [3msession_id[0m[2m=[0m"s-3698d9833309"
[backend] [2m2026-04-25T16:41:45.859411+08:00[0m [32m INFO[0m ThreadId(05) [2mkoko::shell::媒体资产外壳[0m[2m:[0m 读取附件内容成功 [3musecase[0m[2m=[0m"读取附件内容" [3madapter[0m[2m=[0m"http" [3moutcome[0m[2m=[0m"succeeded" [3mrequest_kind[0m[2m=[0m"附件内容读取" [3mattachment_id[0m[2m=[0m"att-e35bd47b6508" [3msession_id[0m[2m=[0m"s-3698d9833309"
[backend] [2m2026-04-25T16:41:45.8604426+08:00[0m [32m INFO[0m ThreadId(11) [2mkoko::shell::媒体资产外壳[0m[2m:[0m HTTP 请求已受理 [3musecase[0m[2m=[0m"读取附件内容" [3madapter[0m[2m=[0m"http" [3moutcome[0m[2m=[0m"accepted" [3mrequest_kind[0m[2m=[0m"附件内容读取" [3mattachment_id[0m[2m=[0m"att-9f6a9ebb48a6" [3msession_id[0m[2m=[0m"s-3698d9833309"
[backend] [2m2026-04-25T16:41:45.8680489+08:00[0m [32m INFO[0m ThreadId(04) [2mkoko::shell::媒体资产外壳[0m[2m:[0m 读取附件内容成功 [3musecase[0m[2m=[0m"读取附件内容" [3madapter[0m[2m=[0m"http" [3moutcome[0m[2m=[0m"succeeded" [3mrequest_kind[0m[2m=[0m"附件内容读取" [3mattachment_id[0m[2m=[0m"att-e35bd47b6508" [3msession_id[0m[2m=[0m"s-3698d9833309"
[backend] [2m2026-04-25T16:41:45.8698814+08:00[0m [32m INFO[0m ThreadId(05) [2mkoko::shell::媒体资产外壳[0m[2m:[0m 读取附件内容成功 [3musecase[0m[2m=[0m"读取附件内容" [3madapter[0m[2m=[0m"http" [3moutcome[0m[2m=[0m"succeeded" [3mrequest_kind[0m[2m=[0m"附件内容读取" [3mattachment_id[0m[2m=[0m"att-10b60d10c9e1" [3msession_id[0m[2m=[0m"s-3698d9833309"
[backend] [2m2026-04-25T16:41:45.8719458+08:00[0m [32m INFO[0m ThreadId(05) [2mkoko::shell::媒体资产外壳[0m[2m:[0m 读取附件内容成功 [3musecase[0m[2m=[0m"读取附件内容" [3madapter[0m[2m=[0m"http" [3moutcome[0m[2m=[0m"succeeded" [3mrequest_kind[0m[2m=[0m"附件内容读取" [3mattachment_id[0m[2m=[0m"att-10b60d10c9e1" [3msession_id[0m[2m=[0m"s-3698d9833309"
[backend] [2m2026-04-25T16:41:45.8730414+08:00[0m [32m INFO[0m ThreadId(02) [2mkoko::shell::媒体资产外壳[0m[2m:[0m 读取附件内容成功 [3musecase[0m[2m=[0m"读取附件内容" [3madapter[0m[2m=[0m"http" [3moutcome[0m[2m=[0m"succeeded" [3mrequest_kind[0m[2m=[0m"附件内容读取" [3mattachment_id[0m[2m=[0m"att-10b60d10c9e1" [3msession_id[0m[2m=[0m"s-3698d9833309"
[backend] [2m2026-04-25T16:41:45.8776064+08:00[0m [32m INFO[0m ThreadId(04) [2mkoko::shell::媒体资产外壳[0m[2m:[0m 读取附件内容成功 [3musecase[0m[2m=[0m"读取附件内容" [3madapter[0m[2m=[0m"http" [3moutcome[0m[2m=[0m"succeeded" [3mrequest_kind[0m[2m=[0m"附件内容读取" [3mattachment_id[0m[2m=[0m"att-4e0480d9e16e" [3msession_id[0m[2m=[0m"s-3698d9833309"
[backend] [2m2026-04-25T16:41:45.8801198+08:00[0m [32m INFO[0m ThreadId(04) [2mkoko::shell::媒体资产外壳[0m[2m:[0m 读取附件内容成功 [3musecase[0m[2m=[0m"读取附件内容" [3madapter[0m[2m=[0m"http" [3moutcome[0m[2m=[0m"succeeded" [3mrequest_kind[0m[2m=[0m"附件内容读取" [3mattachment_id[0m[2m=[0m"att-9f6a9ebb48a6" [3msession_id[0m[2m=[0m"s-3698d9833309"
[backend] [2m2026-04-25T16:41:45.8801621+08:00[0m [32m INFO[0m ThreadId(07) [2mkoko::shell::媒体资产外壳[0m[2m:[0m 读取附件内容成功 [3musecase[0m[2m=[0m"读取附件内容" [3madapter[0m[2m=[0m"http" [3moutcome[0m[2m=[0m"succeeded" [3mrequest_kind[0m[2m=[0m"附件内容读取" [3mattachment_id[0m[2m=[0m"att-9f6a9ebb48a6" [3msession_id[0m[2m=[0m"s-3698d9833309"
[backend] [2m2026-04-25T16:41:45.8835813+08:00[0m [32m INFO[0m ThreadId(04) [2mkoko::shell::媒体资产外壳[0m[2m:[0m 读取附件内容成功 [3musecase[0m[2m=[0m"读取附件内容" [3madapter[0m[2m=[0m"http" [3moutcome[0m[2m=[0m"succeeded" [3mrequest_kind[0m[2m=[0m"附件内容读取" [3mattachment_id[0m[2m=[0m"att-4e0480d9e16e" [3msession_id[0m[2m=[0m"s-3698d9833309"
[backend] [2m2026-04-25T16:41:45.8895791+08:00[0m [32m INFO[0m ThreadId(04) [2mkoko::shell::媒体资产外壳[0m[2m:[0m 读取附件内容成功 [3musecase[0m[2m=[0m"读取附件内容" [3madapter[0m[2m=[0m"http" [3moutcome[0m[2m=[0m"succeeded" [3mrequest_kind[0m[2m=[0m"附件内容读取" [3mattachment_id[0m[2m=[0m"att-9f6a9ebb48a6" [3msession_id[0m[2m=[0m"s-3698d9833309"
[backend] [2m2026-04-25T16:41:45.8901056+08:00[0m [32m INFO[0m ThreadId(07) [2mkoko::shell::媒体资产外壳[0m[2m:[0m 读取附件内容成功 [3musecase[0m[2m=[0m"读取附件内容" [3madapter[0m[2m=[0m"http" [3moutcome[0m[2m=[0m"succeeded" [3mrequest_kind[0m[2m=[0m"附件内容读取" [3mattachment_id[0m[2m=[0m"att-9f6a9ebb48a6" [3msession_id[0m[2m=[0m"s-3698d9833309"
[backend] [2m2026-04-25T16:41:45.9011606+08:00[0m [32m INFO[0m ThreadId(04) [2mkoko::shell::媒体资产外壳[0m[2m:[0m HTTP 请求已受理 [3musecase[0m[2m=[0m"读取附件内容" [3madapter[0m[2m=[0m"http" [3moutcome[0m[2m=[0m"accepted" [3mrequest_kind[0m[2m=[0m"附件内容读取" [3mattachment_id[0m[2m=[0m"att-9ea1bd13ba13" [3msession_id[0m[2m=[0m"s-3698d9833309"
[backend] [2m2026-04-25T16:41:45.9011606+08:00[0m [32m INFO[0m ThreadId(07) [2mkoko::shell::媒体资产外壳[0m[2m:[0m HTTP 请求已受理 [3musecase[0m[2m=[0m"读取附件内容" [3madapter[0m[2m=[0m"http" [3moutcome[0m[2m=[0m"accepted" [3mrequest_kind[0m[2m=[0m"附件内容读取" [3mattachment_id[0m[2m=[0m"att-9ea1bd13ba13" [3msession_id[0m[2m=[0m"s-3698d9833309"
[backend] [2m2026-04-25T16:41:45.9178153+08:00[0m [32m INFO[0m ThreadId(07) [2mkoko::shell::媒体资产外壳[0m[2m:[0m 读取附件内容成功 [3musecase[0m[2m=[0m"读取附件内容" [3madapter[0m[2m=[0m"http" [3moutcome[0m[2m=[0m"succeeded" [3mrequest_kind[0m[2m=[0m"附件内容读取" [3mattachment_id[0m[2m=[0m"att-9ea1bd13ba13" [3msession_id[0m[2m=[0m"s-3698d9833309"
[backend] [2m2026-04-25T16:41:45.9199376+08:00[0m [32m INFO[0m ThreadId(06) [2mkoko::shell::媒体资产外壳[0m[2m:[0m 读取附件内容成功 [3musecase[0m[2m=[0m"读取附件内容" [3madapter[0m[2m=[0m"http" [3moutcome[0m[2m=[0m"succeeded" [3mrequest_kind[0m[2m=[0m"附件内容读取" [3mattachment_id[0m[2m=[0m"att-9ea1bd13ba13" [3msession_id[0m[2m=[0m"s-3698d9833309"
[tracker] 2026-04-25T08:41:46.660Z update: 2d5757303230382d5777657347504e6f4c4f4459
[tracker] 2026-04-25T08:41:46.722Z update: 2d5757303230382d5777657347504e6f4c4f4459
[tracker] 2026-04-25T08:41:46.723Z update: 2d5757303230382d5777657347504e6f4c4f4459
[backend] [2m2026-04-25T16:41:46.9099712+08:00[0m [32m INFO[0m ThreadId(04) [2mkoko::shell::媒体资产外壳[0m[2m:[0m HTTP 请求已受理 [3musecase[0m[2m=[0m"读取附件内容" [3madapter[0m[2m=[0m"http" [3moutcome[0m[2m=[0m"accepted" [3mrequest_kind[0m[2m=[0m"附件内容读取" [3mattachment_id[0m[2m=[0m"att-e35bd47b6508" [3msession_id[0m[2m=[0m"s-3698d9833309"
[backend] [2m2026-04-25T16:41:46.9202129+08:00[0m [32m INFO[0m ThreadId(02) [2mkoko::shell::媒体资产外壳[0m[2m:[0m 读取附件内容成功 [3musecase[0m[2m=[0m"读取附件内容" [3madapter[0m[2m=[0m"http" [3moutcome[0m[2m=[0m"succeeded" [3mrequest_kind[0m[2m=[0m"附件内容读取" [3mattachment_id[0m[2m=[0m"att-e35bd47b6508" [3msession_id[0m[2m=[0m"s-3698d9833309"
[tracker] 2026-04-25T08:41:46.845Z update: 2d5757303230382d5777657347504e6f4c4f4459
[tracker] 2026-04-25T08:41:46.967Z update: 2d5757303230382d5777657347504e6f4c4f4459
[backend] [2m2026-04-25T16:41:47.0135199+08:00[0m [32m INFO[0m ThreadId(07) [2mkoko::shell::媒体资产外壳[0m[2m:[0m HTTP 请求已受理 [3musecase[0m[2m=[0m"读取附件内容" [3madapter[0m[2m=[0m"http" [3moutcome[0m[2m=[0m"accepted" [3mrequest_kind[0m[2m=[0m"附件内容读取" [3mattachment_id[0m[2m=[0m"att-e35bd47b6508" [3msession_id[0m[2m=[0m"s-3698d9833309"
[backend] [2m2026-04-25T16:41:47.0245118+08:00[0m [32m INFO[0m ThreadId(07) [2mkoko::shell::媒体资产外壳[0m[2m:[0m 读取附件内容成功 [3musecase[0m[2m=[0m"读取附件内容" [3madapter[0m[2m=[0m"http" [3moutcome[0m[2m=[0m"succeeded" [3mrequest_kind[0m[2m=[0m"附件内容读取" [3mattachment_id[0m[2m=[0m"att-e35bd47b6508" [3msession_id[0m[2m=[0m"s-3698d9833309"
[tracker] 2026-04-25T08:41:47.268Z update: 2d5757303230382d5777657347504e6f4c4f4459
[backend] [2m2026-04-25T16:41:47.3530957+08:00[0m [32m INFO[0m ThreadId(04) [2mkoko::shell::媒体资产外壳[0m[2m:[0m HTTP 请求已受理 [3musecase[0m[2m=[0m"读取附件内容" [3madapter[0m[2m=[0m"http" [3moutcome[0m[2m=[0m"accepted" [3mrequest_kind[0m[2m=[0m"附件内容读取" [3mattachment_id[0m[2m=[0m"att-e1deded9fc9b" [3msession_id[0m[2m=[0m"s-3698d9833309"
[backend] [2m2026-04-25T16:41:47.3611643+08:00[0m [32m INFO[0m ThreadId(02) [2mkoko::shell::媒体资产外壳[0m[2m:[0m HTTP 请求已受理 [3musecase[0m[2m=[0m"读取附件内容" [3madapter[0m[2m=[0m"http" [3moutcome[0m[2m=[0m"accepted" [3mrequest_kind[0m[2m=[0m"附件内容读取" [3mattachment_id[0m[2m=[0m"att-9ea1bd13ba13" [3msession_id[0m[2m=[0m"s-3698d9833309"
[backend] [2m2026-04-25T16:41:47.3714485+08:00[0m [32m INFO[0m ThreadId(02) [2mkoko::shell::媒体资产外壳[0m[2m:[0m 读取附件内容成功 [3musecase[0m[2m=[0m"读取附件内容" [3madapter[0m[2m=[0m"http" [3moutcome[0m[2m=[0m"succeeded" [3mrequest_kind[0m[2m=[0m"附件内容读取" [3mattachment_id[0m[2m=[0m"att-e1deded9fc9b" [3msession_id[0m[2m=[0m"s-3698d9833309"
[backend] [2m2026-04-25T16:41:47.3765111+08:00[0m [32m INFO[0m ThreadId(02) [2mkoko::shell::媒体资产外壳[0m[2m:[0m 读取附件内容成功 [3musecase[0m[2m=[0m"读取附件内容" [3madapter[0m[2m=[0m"http" [3moutcome[0m[2m=[0m"succeeded" [3mrequest_kind[0m[2m=[0m"附件内容读取" [3mattachment_id[0m[2m=[0m"att-9ea1bd13ba13" [3msession_id[0m[2m=[0m"s-3698d9833309"
[backend] [2m2026-04-25T16:41:47.4028655+08:00[0m [32m INFO[0m ThreadId(04) [2mkoko::shell::媒体资产外壳[0m[2m:[0m HTTP 请求已受理 [3musecase[0m[2m=[0m"读取附件内容" [3madapter[0m[2m=[0m"http" [3moutcome[0m[2m=[0m"accepted" [3mrequest_kind[0m[2m=[0m"附件内容读取" [3mattachment_id[0m[2m=[0m"att-5d2bc6f45393" [3msession_id[0m[2m=[0m"s-3698d9833309"
[backend] [2m2026-04-25T16:41:47.4173384+08:00[0m [32m INFO[0m ThreadId(04) [2mkoko::shell::媒体资产外壳[0m[2m:[0m 读取附件内容成功 [3musecase[0m[2m=[0m"读取附件内容" [3madapter[0m[2m=[0m"http" [3moutcome[0m[2m=[0m"succeeded" [3mrequest_kind[0m[2m=[0m"附件内容读取" [3mattachment_id[0m[2m=[0m"att-5d2bc6f45393" [3msession_id[0m[2m=[0m"s-3698d9833309"
[backend] [2m2026-04-25T16:41:47.418631+08:00[0m [32m INFO[0m ThreadId(02) [2mkoko::shell::媒体资产外壳[0m[2m:[0m HTTP 请求已受理 [3musecase[0m[2m=[0m"读取附件内容" [3madapter[0m[2m=[0m"http" [3moutcome[0m[2m=[0m"accepted" [3mrequest_kind[0m[2m=[0m"附件内容读取" [3mattachment_id[0m[2m=[0m"att-5d2bc6f45393" [3msession_id[0m[2m=[0m"s-3698d9833309"
[backend] [2m2026-04-25T16:41:47.4190149+08:00[0m [32m INFO[0m ThreadId(04) [2mkoko::shell::媒体资产外壳[0m[2m:[0m HTTP 请求已受理 [3musecase[0m[2m=[0m"读取附件内容" [3madapter[0m[2m=[0m"http" [3moutcome[0m[2m=[0m"accepted" [3mrequest_kind[0m[2m=[0m"附件内容读取" [3mattachment_id[0m[2m=[0m"att-5d2bc6f45393" [3msession_id[0m[2m=[0m"s-3698d9833309"
[backend] [2m2026-04-25T16:41:47.4625954+08:00[0m [32m INFO[0m ThreadId(07) [2mkoko::shell::媒体资产外壳[0m[2m:[0m 读取附件内容成功 [3musecase[0m[2m=[0m"读取附件内容" [3madapter[0m[2m=[0m"http" [3moutcome[0m[2m=[0m"succeeded" [3mrequest_kind[0m[2m=[0m"附件内容读取" [3mattachment_id[0m[2m=[0m"att-5d2bc6f45393" [3msession_id[0m[2m=[0m"s-3698d9833309"
[backend] [2m2026-04-25T16:41:47.4625953+08:00[0m [32m INFO[0m ThreadId(02) [2mkoko::shell::媒体资产外壳[0m[2m:[0m 读取附件内容成功 [3musecase[0m[2m=[0m"读取附件内容" [3madapter[0m[2m=[0m"http" [3moutcome[0m[2m=[0m"succeeded" [3mrequest_kind[0m[2m=[0m"附件内容读取" [3mattachment_id[0m[2m=[0m"att-5d2bc6f45393" [3msession_id[0m[2m=[0m"s-3698d9833309"
[tracker] 2026-04-25T08:41:47.566Z update: 2d5757303230382d5777657347504e6f4c4f4459
[backend] [2m2026-04-25T16:41:47.7457658+08:00[0m [32m INFO[0m ThreadId(04) [2mkoko::shell::媒体资产外壳[0m[2m:[0m HTTP 请求已受理 [3musecase[0m[2m=[0m"读取附件内容" [3madapter[0m[2m=[0m"http" [3moutcome[0m[2m=[0m"accepted" [3mrequest_kind[0m[2m=[0m"附件内容读取" [3mattachment_id[0m[2m=[0m"att-e35bd47b6508" [3msession_id[0m[2m=[0m"s-3698d9833309"
[backend] [2m2026-04-25T16:41:47.7519885+08:00[0m [32m INFO[0m ThreadId(02) [2mkoko::shell::媒体资产外壳[0m[2m:[0m HTTP 请求已受理 [3musecase[0m[2m=[0m"读取附件内容" [3madapter[0m[2m=[0m"http" [3moutcome[0m[2m=[0m"accepted" [3mrequest_kind[0m[2m=[0m"附件内容读取" [3mattachment_id[0m[2m=[0m"att-e35bd47b6508" [3msession_id[0m[2m=[0m"s-3698d9833309"
[backend] [2m2026-04-25T16:41:47.7519884+08:00[0m [32m INFO[0m ThreadId(04) [2mkoko::shell::媒体资产外壳[0m[2m:[0m HTTP 请求已受理 [3musecase[0m[2m=[0m"读取附件内容" [3madapter[0m[2m=[0m"http" [3moutcome[0m[2m=[0m"accepted" [3mrequest_kind[0m[2m=[0m"附件内容读取" [3mattachment_id[0m[2m=[0m"att-e35bd47b6508" [3msession_id[0m[2m=[0m"s-3698d9833309"
[backend] [2m2026-04-25T16:41:47.7521448+08:00[0m [32m INFO[0m ThreadId(07) [2mkoko::shell::媒体资产外壳[0m[2m:[0m HTTP 请求已受理 [3musecase[0m[2m=[0m"读取附件内容" [3madapter[0m[2m=[0m"http" [3moutcome[0m[2m=[0m"accepted" [3mrequest_kind[0m[2m=[0m"附件内容读取" [3mattachment_id[0m[2m=[0m"att-e35bd47b6508" [3msession_id[0m[2m=[0m"s-3698d9833309"
[backend] [2m2026-04-25T16:41:47.7641933+08:00[0m [32m INFO[0m ThreadId(11) [2mkoko::shell::媒体资产外壳[0m[2m:[0m 读取附件内容成功 [3musecase[0m[2m=[0m"读取附件内容" [3madapter[0m[2m=[0m"http" [3moutcome[0m[2m=[0m"succeeded" [3mrequest_kind[0m[2m=[0m"附件内容读取" [3mattachment_id[0m[2m=[0m"att-e35bd47b6508" [3msession_id[0m[2m=[0m"s-3698d9833309"
[backend] [2m2026-04-25T16:41:47.7726675+08:00[0m [32m INFO[0m ThreadId(05) [2mkoko::shell::媒体资产外壳[0m[2m:[0m 读取附件内容成功 [3musecase[0m[2m=[0m"读取附件内容" [3madapter[0m[2m=[0m"http" [3moutcome[0m[2m=[0m"succeeded" [3mrequest_kind[0m[2m=[0m"附件内容读取" [3mattachment_id[0m[2m=[0m"att-e35bd47b6508" [3msession_id[0m[2m=[0m"s-3698d9833309"
[backend] [2m2026-04-25T16:41:47.7732241+08:00[0m [32m INFO[0m ThreadId(11) [2mkoko::shell::媒体资产外壳[0m[2m:[0m 读取附件内容成功 [3musecase[0m[2m=[0m"读取附件内容" [3madapter[0m[2m=[0m"http" [3moutcome[0m[2m=[0m"succeeded" [3mrequest_kind[0m[2m=[0m"附件内容读取" [3mattachment_id[0m[2m=[0m"att-e35bd47b6508" [3msession_id[0m[2m=[0m"s-3698d9833309"
[backend] [2m2026-04-25T16:41:47.7727027+08:00[0m [32m INFO[0m ThreadId(06) [2mkoko::shell::媒体资产外壳[0m[2m:[0m 读取附件内容成功 [3musecase[0m[2m=[0m"读取附件内容" [3madapter[0m[2m=[0m"http" [3moutcome[0m[2m=[0m"succeeded" [3mrequest_kind[0m[2m=[0m"附件内容读取" [3mattachment_id[0m[2m=[0m"att-e35bd47b6508" [3msession_id[0m[2m=[0m"s-3698d9833309"
[backend] [2m2026-04-25T16:41:47.7747076+08:00[0m [32m INFO[0m ThreadId(07) [2mkoko::shell::媒体资产外壳[0m[2m:[0m HTTP 请求已受理 [3musecase[0m[2m=[0m"读取附件内容" [3madapter[0m[2m=[0m"http" [3moutcome[0m[2m=[0m"accepted" [3mrequest_kind[0m[2m=[0m"附件内容读取" [3mattachment_id[0m[2m=[0m"att-10b60d10c9e1" [3msession_id[0m[2m=[0m"s-3698d9833309"
[backend] [2m2026-04-25T16:41:47.7778323+08:00[0m [32m INFO[0m ThreadId(06) [2mkoko::shell::媒体资产外壳[0m[2m:[0m HTTP 请求已受理 [3musecase[0m[2m=[0m"读取附件内容" [3madapter[0m[2m=[0m"http" [3moutcome[0m[2m=[0m"accepted" [3mrequest_kind[0m[2m=[0m"附件内容读取" [3mattachment_id[0m[2m=[0m"att-10b60d10c9e1" [3msession_id[0m[2m=[0m"s-3698d9833309"
[backend] [2m2026-04-25T16:41:47.7792331+08:00[0m [32m INFO[0m ThreadId(06) [2mkoko::shell::媒体资产外壳[0m[2m:[0m HTTP 请求已受理 [3musecase[0m[2m=[0m"读取附件内容" [3madapter[0m[2m=[0m"http" [3moutcome[0m[2m=[0m"accepted" [3mrequest_kind[0m[2m=[0m"附件内容读取" [3mattachment_id[0m[2m=[0m"att-10b60d10c9e1" [3msession_id[0m[2m=[0m"s-3698d9833309"
[backend] [2m2026-04-25T16:41:47.786246+08:00[0m [32m INFO[0m ThreadId(05) [2mkoko::shell::媒体资产外壳[0m[2m:[0m 读取附件内容成功 [3musecase[0m[2m=[0m"读取附件内容" [3madapter[0m[2m=[0m"http" [3moutcome[0m[2m=[0m"succeeded" [3mrequest_kind[0m[2m=[0m"附件内容读取" [3mattachment_id[0m[2m=[0m"att-10b60d10c9e1" [3msession_id[0m[2m=[0m"s-3698d9833309"
[backend] [2m2026-04-25T16:41:47.795252+08:00[0m [32m INFO[0m ThreadId(05) [2mkoko::shell::媒体资产外壳[0m[2m:[0m 读取附件内容成功 [3musecase[0m[2m=[0m"读取附件内容" [3madapter[0m[2m=[0m"http" [3moutcome[0m[2m=[0m"succeeded" [3mrequest_kind[0m[2m=[0m"附件内容读取" [3mattachment_id[0m[2m=[0m"att-10b60d10c9e1" [3msession_id[0m[2m=[0m"s-3698d9833309"
[backend] [2m2026-04-25T16:41:47.795252+08:00[0m [32m INFO[0m ThreadId(11) [2mkoko::shell::媒体资产外壳[0m[2m:[0m 读取附件内容成功 [3musecase[0m[2m=[0m"读取附件内容" [3madapter[0m[2m=[0m"http" [3moutcome[0m[2m=[0m"succeeded" [3mrequest_kind[0m[2m=[0m"附件内容读取" [3mattachment_id[0m[2m=[0m"att-10b60d10c9e1" [3msession_id[0m[2m=[0m"s-3698d9833309"
[backend] [2m2026-04-25T16:41:47.844445+08:00[0m [32m INFO[0m ThreadId(05) [2mkoko::shell::媒体资产外壳[0m[2m:[0m HTTP 请求已受理 [3musecase[0m[2m=[0m"读取附件内容" [3madapter[0m[2m=[0m"http" [3moutcome[0m[2m=[0m"accepted" [3mrequest_kind[0m[2m=[0m"附件内容读取" [3mattachment_id[0m[2m=[0m"att-4e0480d9e16e" [3msession_id[0m[2m=[0m"s-3698d9833309"
[backend] [2m2026-04-25T16:41:47.8444452+08:00[0m [32m INFO[0m ThreadId(11) [2mkoko::shell::媒体资产外壳[0m[2m:[0m HTTP 请求已受理 [3musecase[0m[2m=[0m"读取附件内容" [3madapter[0m[2m=[0m"http" [3moutcome[0m[2m=[0m"accepted" [3mrequest_kind[0m[2m=[0m"附件内容读取" [3mattachment_id[0m[2m=[0m"att-9f6a9ebb48a6" [3msession_id[0m[2m=[0m"s-3698d9833309"
[backend] [2m2026-04-25T16:41:47.8444454+08:00[0m [32m INFO[0m ThreadId(07) [2mkoko::shell::媒体资产外壳[0m[2m:[0m HTTP 请求已受理 [3musecase[0m[2m=[0m"读取附件内容" [3madapter[0m[2m=[0m"http" [3moutcome[0m[2m=[0m"accepted" [3mrequest_kind[0m[2m=[0m"附件内容读取" [3mattachment_id[0m[2m=[0m"att-4e0480d9e16e" [3msession_id[0m[2m=[0m"s-3698d9833309"
[backend] [2m2026-04-25T16:41:47.8457185+08:00[0m [32m INFO[0m ThreadId(11) [2mkoko::shell::媒体资产外壳[0m[2m:[0m HTTP 请求已受理 [3musecase[0m[2m=[0m"读取附件内容" [3madapter[0m[2m=[0m"http" [3moutcome[0m[2m=[0m"accepted" [3mrequest_kind[0m[2m=[0m"附件内容读取" [3mattachment_id[0m[2m=[0m"att-4e0480d9e16e" [3msession_id[0m[2m=[0m"s-3698d9833309"
[backend] [2m2026-04-25T16:41:47.8457583+08:00[0m [32m INFO[0m ThreadId(04) [2mkoko::shell::媒体资产外壳[0m[2m:[0m HTTP 请求已受理 [3musecase[0m[2m=[0m"读取附件内容" [3madapter[0m[2m=[0m"http" [3moutcome[0m[2m=[0m"accepted" [3mrequest_kind[0m[2m=[0m"附件内容读取" [3mattachment_id[0m[2m=[0m"att-9f6a9ebb48a6" [3msession_id[0m[2m=[0m"s-3698d9833309"
[backend] [2m2026-04-25T16:41:47.8458917+08:00[0m [32m INFO[0m ThreadId(07) [2mkoko::shell::媒体资产外壳[0m[2m:[0m HTTP 请求已受理 [3musecase[0m[2m=[0m"读取附件内容" [3madapter[0m[2m=[0m"http" [3moutcome[0m[2m=[0m"accepted" [3mrequest_kind[0m[2m=[0m"附件内容读取" [3mattachment_id[0m[2m=[0m"att-9f6a9ebb48a6" [3msession_id[0m[2m=[0m"s-3698d9833309"
[backend] [2m2026-04-25T16:41:47.846197+08:00[0m [32m INFO[0m ThreadId(06) [2mkoko::shell::媒体资产外壳[0m[2m:[0m HTTP 请求已受理 [3musecase[0m[2m=[0m"读取附件内容" [3madapter[0m[2m=[0m"http" [3moutcome[0m[2m=[0m"accepted" [3mrequest_kind[0m[2m=[0m"附件内容读取" [3mattachment_id[0m[2m=[0m"att-9ea1bd13ba13" [3msession_id[0m[2m=[0m"s-3698d9833309"
[backend] [2m2026-04-25T16:41:47.8462273+08:00[0m [32m INFO[0m ThreadId(02) [2mkoko::shell::媒体资产外壳[0m[2m:[0m HTTP 请求已受理 [3musecase[0m[2m=[0m"读取附件内容" [3madapter[0m[2m=[0m"http" [3moutcome[0m[2m=[0m"accepted" [3mrequest_kind[0m[2m=[0m"附件内容读取" [3mattachment_id[0m[2m=[0m"att-9ea1bd13ba13" [3msession_id[0m[2m=[0m"s-3698d9833309"
[backend] [2m2026-04-25T16:41:47.8463139+08:00[0m [32m INFO[0m ThreadId(05) [2mkoko::shell::媒体资产外壳[0m[2m:[0m HTTP 请求已受理 [3musecase[0m[2m=[0m"读取附件内容" [3madapter[0m[2m=[0m"http" [3moutcome[0m[2m=[0m"accepted" [3mrequest_kind[0m[2m=[0m"附件内容读取" [3mattachment_id[0m[2m=[0m"att-9ea1bd13ba13" [3msession_id[0m[2m=[0m"s-3698d9833309"
[backend] [2m2026-04-25T16:41:47.8470295+08:00[0m [32m INFO[0m ThreadId(10) [2mkoko::shell::媒体资产外壳[0m[2m:[0m HTTP 请求已受理 [3musecase[0m[2m=[0m"读取附件内容" [3madapter[0m[2m=[0m"http" [3moutcome[0m[2m=[0m"accepted" [3mrequest_kind[0m[2m=[0m"附件内容读取" [3mattachment_id[0m[2m=[0m"att-9f6a9ebb48a6" [3msession_id[0m[2m=[0m"s-3698d9833309"
[backend] [2m2026-04-25T16:41:47.8601009+08:00[0m [32m INFO[0m ThreadId(10) [2mkoko::shell::媒体资产外壳[0m[2m:[0m 读取附件内容成功 [3musecase[0m[2m=[0m"读取附件内容" [3madapter[0m[2m=[0m"http" [3moutcome[0m[2m=[0m"succeeded" [3mrequest_kind[0m[2m=[0m"附件内容读取" [3mattachment_id[0m[2m=[0m"att-4e0480d9e16e" [3msession_id[0m[2m=[0m"s-3698d9833309"
[backend] [2m2026-04-25T16:41:47.8626489+08:00[0m [32m INFO[0m ThreadId(05) [2mkoko::shell::媒体资产外壳[0m[2m:[0m 读取附件内容成功 [3musecase[0m[2m=[0m"读取附件内容" [3madapter[0m[2m=[0m"http" [3moutcome[0m[2m=[0m"succeeded" [3mrequest_kind[0m[2m=[0m"附件内容读取" [3mattachment_id[0m[2m=[0m"att-9f6a9ebb48a6" [3msession_id[0m[2m=[0m"s-3698d9833309"
[backend] [2m2026-04-25T16:41:47.8640665+08:00[0m [32m INFO[0m ThreadId(10) [2mkoko::shell::媒体资产外壳[0m[2m:[0m 读取附件内容成功 [3musecase[0m[2m=[0m"读取附件内容" [3madapter[0m[2m=[0m"http" [3moutcome[0m[2m=[0m"succeeded" [3mrequest_kind[0m[2m=[0m"附件内容读取" [3mattachment_id[0m[2m=[0m"att-4e0480d9e16e" [3msession_id[0m[2m=[0m"s-3698d9833309"
[backend] [2m2026-04-25T16:41:47.8664286+08:00[0m [32m INFO[0m ThreadId(05) [2mkoko::shell::媒体资产外壳[0m[2m:[0m 读取附件内容成功 [3musecase[0m[2m=[0m"读取附件内容" [3madapter[0m[2m=[0m"http" [3moutcome[0m[2m=[0m"succeeded" [3mrequest_kind[0m[2m=[0m"附件内容读取" [3mattachment_id[0m[2m=[0m"att-9f6a9ebb48a6" [3msession_id[0m[2m=[0m"s-3698d9833309"
[backend] [2m2026-04-25T16:41:47.8666981+08:00[0m [32m INFO[0m ThreadId(11) [2mkoko::shell::媒体资产外壳[0m[2m:[0m 读取附件内容成功 [3musecase[0m[2m=[0m"读取附件内容" [3madapter[0m[2m=[0m"http" [3moutcome[0m[2m=[0m"succeeded" [3mrequest_kind[0m[2m=[0m"附件内容读取" [3mattachment_id[0m[2m=[0m"att-9f6a9ebb48a6" [3msession_id[0m[2m=[0m"s-3698d9833309"
[backend] [2m2026-04-25T16:41:47.8709114+08:00[0m [32m INFO[0m ThreadId(11) [2mkoko::shell::媒体资产外壳[0m[2m:[0m 读取附件内容成功 [3musecase[0m[2m=[0m"读取附件内容" [3madapter[0m[2m=[0m"http" [3moutcome[0m[2m=[0m"succeeded" [3mrequest_kind[0m[2m=[0m"附件内容读取" [3mattachment_id[0m[2m=[0m"att-9ea1bd13ba13" [3msession_id[0m[2m=[0m"s-3698d9833309"
[backend] [2m2026-04-25T16:41:47.8728504+08:00[0m [32m INFO[0m ThreadId(05) [2mkoko::shell::媒体资产外壳[0m[2m:[0m 读取附件内容成功 [3musecase[0m[2m=[0m"读取附件内容" [3madapter[0m[2m=[0m"http" [3moutcome[0m[2m=[0m"succeeded" [3mrequest_kind[0m[2m=[0m"附件内容读取" [3mattachment_id[0m[2m=[0m"att-9ea1bd13ba13" [3msession_id[0m[2m=[0m"s-3698d9833309"
[backend] [2m2026-04-25T16:41:47.8740336+08:00[0m [32m INFO[0m ThreadId(10) [2mkoko::shell::媒体资产外壳[0m[2m:[0m 读取附件内容成功 [3musecase[0m[2m=[0m"读取附件内容" [3madapter[0m[2m=[0m"http" [3moutcome[0m[2m=[0m"succeeded" [3mrequest_kind[0m[2m=[0m"附件内容读取" [3mattachment_id[0m[2m=[0m"att-4e0480d9e16e" [3msession_id[0m[2m=[0m"s-3698d9833309"
[backend] [2m2026-04-25T16:41:47.8754762+08:00[0m [32m INFO[0m ThreadId(11) [2mkoko::shell::媒体资产外壳[0m[2m:[0m 读取附件内容成功 [3musecase[0m[2m=[0m"读取附件内容" [3madapter[0m[2m=[0m"http" [3moutcome[0m[2m=[0m"succeeded" [3mrequest_kind[0m[2m=[0m"附件内容读取" [3mattachment_id[0m[2m=[0m"att-9f6a9ebb48a6" [3msession_id[0m[2m=[0m"s-3698d9833309"
[backend] [2m2026-04-25T16:41:47.8769866+08:00[0m [32m INFO[0m ThreadId(04) [2mkoko::shell::媒体资产外壳[0m[2m:[0m 读取附件内容成功 [3musecase[0m[2m=[0m"读取附件内容" [3madapter[0m[2m=[0m"http" [3moutcome[0m[2m=[0m"succeeded" [3mrequest_kind[0m[2m=[0m"附件内容读取" [3mattachment_id[0m[2m=[0m"att-9ea1bd13ba13" [3msession_id[0m[2m=[0m"s-3698d9833309"
[backend] [2m2026-04-25T16:41:47.8848395+08:00[0m [32m INFO[0m ThreadId(07) [2mkoko::shell::媒体资产外壳[0m[2m:[0m HTTP 请求已受理 [3musecase[0m[2m=[0m"读取附件内容" [3madapter[0m[2m=[0m"http" [3moutcome[0m[2m=[0m"accepted" [3mrequest_kind[0m[2m=[0m"附件内容读取" [3mattachment_id[0m[2m=[0m"att-5d2bc6f45393" [3msession_id[0m[2m=[0m"s-3698d9833309"
[backend] [2m2026-04-25T16:41:47.901027+08:00[0m [32m INFO[0m ThreadId(11) [2mkoko::shell::媒体资产外壳[0m[2m:[0m 读取附件内容成功 [3musecase[0m[2m=[0m"读取附件内容" [3madapter[0m[2m=[0m"http" [3moutcome[0m[2m=[0m"succeeded" [3mrequest_kind[0m[2m=[0m"附件内容读取" [3mattachment_id[0m[2m=[0m"att-5d2bc6f45393" [3msession_id[0m[2m=[0m"s-3698d9833309"
[tracker] 2026-04-25T08:41:47.752Z complete: 2d5757303230382d707674366a74593576456a4e
[backend] [2m2026-04-25T16:41:47.9431438+08:00[0m [32m INFO[0m ThreadId(10) [2mkoko::shell::媒体资产外壳[0m[2m:[0m HTTP 请求已受理 [3musecase[0m[2m=[0m"读取附件内容" [3madapter[0m[2m=[0m"http" [3moutcome[0m[2m=[0m"accepted" [3mrequest_kind[0m[2m=[0m"附件内容读取" [3mattachment_id[0m[2m=[0m"att-5d2bc6f45393" [3msession_id[0m[2m=[0m"s-3698d9833309"
[backend] [2m2026-04-25T16:41:47.9481375+08:00[0m [32m INFO[0m ThreadId(10) [2mkoko::shell::媒体资产外壳[0m[2m:[0m HTTP 请求已受理 [3musecase[0m[2m=[0m"读取附件内容" [3madapter[0m[2m=[0m"http" [3moutcome[0m[2m=[0m"accepted" [3mrequest_kind[0m[2m=[0m"附件内容读取" [3mattachment_id[0m[2m=[0m"att-5d2bc6f45393" [3msession_id[0m[2m=[0m"s-3698d9833309"
[backend] [2m2026-04-25T16:41:47.9727321+08:00[0m [32m INFO[0m ThreadId(11) [2mkoko::shell::媒体资产外壳[0m[2m:[0m 读取附件内容成功 [3musecase[0m[2m=[0m"读取附件内容" [3madapter[0m[2m=[0m"http" [3moutcome[0m[2m=[0m"succeeded" [3mrequest_kind[0m[2m=[0m"附件内容读取" [3mattachment_id[0m[2m=[0m"att-5d2bc6f45393" [3msession_id[0m[2m=[0m"s-3698d9833309"
[backend] [2m2026-04-25T16:41:47.973189+08:00[0m [32m INFO[0m ThreadId(07) [2mkoko::shell::媒体资产外壳[0m[2m:[0m 读取附件内容成功 [3musecase[0m[2m=[0m"读取附件内容" [3madapter[0m[2m=[0m"http" [3moutcome[0m[2m=[0m"succeeded" [3mrequest_kind[0m[2m=[0m"附件内容读取" [3mattachment_id[0m[2m=[0m"att-5d2bc6f45393" [3msession_id[0m[2m=[0m"s-3698d9833309"
[backend] [2m2026-04-25T16:41:48.6413311+08:00[0m [32m INFO[0m ThreadId(10) [2mkoko::shell::媒体资产外壳[0m[2m:[0m HTTP 请求已受理 [3musecase[0m[2m=[0m"读取附件内容" [3madapter[0m[2m=[0m"http" [3moutcome[0m[2m=[0m"accepted" [3mrequest_kind[0m[2m=[0m"附件内容读取" [3mattachment_id[0m[2m=[0m"att-e35bd47b6508" [3msession_id[0m[2m=[0m"s-3698d9833309"
[backend] [2m2026-04-25T16:41:48.6580947+08:00[0m [32m INFO[0m ThreadId(11) [2mkoko::shell::媒体资产外壳[0m[2m:[0m 读取附件内容成功 [3musecase[0m[2m=[0m"读取附件内容" [3madapter[0m[2m=[0m"http" [3moutcome[0m[2m=[0m"succeeded" [3mrequest_kind[0m[2m=[0m"附件内容读取" [3mattachment_id[0m[2m=[0m"att-e35bd47b6508" [3msession_id[0m[2m=[0m"s-3698d9833309"
[backend] [2m2026-04-25T16:41:48.912247+08:00[0m [32m INFO[0m ThreadId(10) [2mkoko::shell::媒体资产外壳[0m[2m:[0m HTTP 请求已受理 [3musecase[0m[2m=[0m"读取附件内容" [3madapter[0m[2m=[0m"http" [3moutcome[0m[2m=[0m"accepted" [3mrequest_kind[0m[2m=[0m"附件内容读取" [3mattachment_id[0m[2m=[0m"att-e35bd47b6508" [3msession_id[0m[2m=[0m"s-3698d9833309"
[backend] [2m2026-04-25T16:41:48.9134006+08:00[0m [32m INFO[0m ThreadId(10) [2mkoko::shell::媒体资产外壳[0m[2m:[0m HTTP 请求已受理 [3musecase[0m[2m=[0m"读取附件内容" [3madapter[0m[2m=[0m"http" [3moutcome[0m[2m=[0m"accepted" [3mrequest_kind[0m[2m=[0m"附件内容读取" [3mattachment_id[0m[2m=[0m"att-e35bd47b6508" [3msession_id[0m[2m=[0m"s-3698d9833309"
[backend] [2m2026-04-25T16:41:48.9260143+08:00[0m [32m INFO[0m ThreadId(11) [2mkoko::shell::媒体资产外壳[0m[2m:[0m 读取附件内容成功 [3musecase[0m[2m=[0m"读取附件内容" [3madapter[0m[2m=[0m"http" [3moutcome[0m[2m=[0m"succeeded" [3mrequest_kind[0m[2m=[0m"附件内容读取" [3mattachment_id[0m[2m=[0m"att-e35bd47b6508" [3msession_id[0m[2m=[0m"s-3698d9833309"
[backend] [2m2026-04-25T16:41:48.9289883+08:00[0m [32m INFO[0m ThreadId(11) [2mkoko::shell::媒体资产外壳[0m[2m:[0m 读取附件内容成功 [3musecase[0m[2m=[0m"读取附件内容" [3madapter[0m[2m=[0m"http" [3moutcome[0m[2m=[0m"succeeded" [3mrequest_kind[0m[2m=[0m"附件内容读取" [3mattachment_id[0m[2m=[0m"att-e35bd47b6508" [3msession_id[0m[2m=[0m"s-3698d9833309"
[backend] [2m2026-04-25T16:41:49.0979426+08:00[0m [32m INFO[0m ThreadId(10) [2mkoko::shell::媒体资产外壳[0m[2m:[0m HTTP 请求已受理 [3musecase[0m[2m=[0m"读取附件内容" [3madapter[0m[2m=[0m"http" [3moutcome[0m[2m=[0m"accepted" [3mrequest_kind[0m[2m=[0m"附件内容读取" [3mattachment_id[0m[2m=[0m"att-e35bd47b6508" [3msession_id[0m[2m=[0m"s-3698d9833309"
[backend] [2m2026-04-25T16:41:49.118387+08:00[0m [32m INFO[0m ThreadId(10) [2mkoko::shell::媒体资产外壳[0m[2m:[0m 读取附件内容成功 [3musecase[0m[2m=[0m"读取附件内容" [3madapter[0m[2m=[0m"http" [3moutcome[0m[2m=[0m"succeeded" [3mrequest_kind[0m[2m=[0m"附件内容读取" [3mattachment_id[0m[2m=[0m"att-e35bd47b6508" [3msession_id[0m[2m=[0m"s-3698d9833309"
[backend] [2m2026-04-25T16:41:49.413639+08:00[0m [32m INFO[0m ThreadId(07) [2mkoko::shell::媒体资产外壳[0m[2m:[0m HTTP 请求已受理 [3musecase[0m[2m=[0m"读取附件内容" [3madapter[0m[2m=[0m"http" [3moutcome[0m[2m=[0m"accepted" [3mrequest_kind[0m[2m=[0m"附件内容读取" [3mattachment_id[0m[2m=[0m"att-10b60d10c9e1" [3msession_id[0m[2m=[0m"s-3698d9833309"
[backend] [2m2026-04-25T16:41:49.415024+08:00[0m [32m INFO[0m ThreadId(07) [2mkoko::shell::媒体资产外壳[0m[2m:[0m HTTP 请求已受理 [3musecase[0m[2m=[0m"读取附件内容" [3madapter[0m[2m=[0m"http" [3moutcome[0m[2m=[0m"accepted" [3mrequest_kind[0m[2m=[0m"附件内容读取" [3mattachment_id[0m[2m=[0m"att-10b60d10c9e1" [3msession_id[0m[2m=[0m"s-3698d9833309"
[backend] [2m2026-04-25T16:41:49.4160041+08:00[0m [32m INFO[0m ThreadId(10) [2mkoko::shell::媒体资产外壳[0m[2m:[0m HTTP 请求已受理 [3musecase[0m[2m=[0m"读取附件内容" [3madapter[0m[2m=[0m"http" [3moutcome[0m[2m=[0m"accepted" [3mrequest_kind[0m[2m=[0m"附件内容读取" [3mattachment_id[0m[2m=[0m"att-10b60d10c9e1" [3msession_id[0m[2m=[0m"s-3698d9833309"
[backend] [2m2026-04-25T16:41:49.431625+08:00[0m [32m INFO[0m ThreadId(11) [2mkoko::shell::媒体资产外壳[0m[2m:[0m 读取附件内容成功 [3musecase[0m[2m=[0m"读取附件内容" [3madapter[0m[2m=[0m"http" [3moutcome[0m[2m=[0m"succeeded" [3mrequest_kind[0m[2m=[0m"附件内容读取" [3mattachment_id[0m[2m=[0m"att-10b60d10c9e1" [3msession_id[0m[2m=[0m"s-3698d9833309"
[backend] [2m2026-04-25T16:41:49.4423513+08:00[0m [32m INFO[0m ThreadId(05) [2mkoko::shell::媒体资产外壳[0m[2m:[0m 读取附件内容成功 [3musecase[0m[2m=[0m"读取附件内容" [3madapter[0m[2m=[0m"http" [3moutcome[0m[2m=[0m"succeeded" [3mrequest_kind[0m[2m=[0m"附件内容读取" [3mattachment_id[0m[2m=[0m"att-10b60d10c9e1" [3msession_id[0m[2m=[0m"s-3698d9833309"
[backend] [2m2026-04-25T16:41:49.4423512+08:00[0m [32m INFO[0m ThreadId(10) [2mkoko::shell::媒体资产外壳[0m[2m:[0m 读取附件内容成功 [3musecase[0m[2m=[0m"读取附件内容" [3madapter[0m[2m=[0m"http" [3moutcome[0m[2m=[0m"succeeded" [3mrequest_kind[0m[2m=[0m"附件内容读取" [3mattachment_id[0m[2m=[0m"att-10b60d10c9e1" [3msession_id[0m[2m=[0m"s-3698d9833309"
[backend] [2m2026-04-25T16:41:49.6973486+08:00[0m [32m INFO[0m ThreadId(07) [2mkoko::shell::媒体资产外壳[0m[2m:[0m HTTP 请求已受理 [3musecase[0m[2m=[0m"读取附件内容" [3madapter[0m[2m=[0m"http" [3moutcome[0m[2m=[0m"accepted" [3mrequest_kind[0m[2m=[0m"附件内容读取" [3mattachment_id[0m[2m=[0m"att-e35bd47b6508" [3msession_id[0m[2m=[0m"s-3698d9833309"
[backend] [2m2026-04-25T16:41:49.7018365+08:00[0m [32m INFO[0m ThreadId(07) [2mkoko::shell::媒体资产外壳[0m[2m:[0m HTTP 请求已受理 [3musecase[0m[2m=[0m"读取附件内容" [3madapter[0m[2m=[0m"http" [3moutcome[0m[2m=[0m"accepted" [3mrequest_kind[0m[2m=[0m"附件内容读取" [3mattachment_id[0m[2m=[0m"att-e35bd47b6508" [3msession_id[0m[2m=[0m"s-3698d9833309"
[backend] [2m2026-04-25T16:41:49.7018373+08:00[0m [32m INFO[0m ThreadId(05) [2mkoko::shell::媒体资产外壳[0m[2m:[0m HTTP 请求已受理 [3musecase[0m[2m=[0m"读取附件内容" [3madapter[0m[2m=[0m"http" [3moutcome[0m[2m=[0m"accepted" [3mrequest_kind[0m[2m=[0m"附件内容读取" [3mattachment_id[0m[2m=[0m"att-e35bd47b6508" [3msession_id[0m[2m=[0m"s-3698d9833309"
[backend] [2m2026-04-25T16:41:49.7141403+08:00[0m [32m INFO[0m ThreadId(07) [2mkoko::shell::媒体资产外壳[0m[2m:[0m 读取附件内容成功 [3musecase[0m[2m=[0m"读取附件内容" [3madapter[0m[2m=[0m"http" [3moutcome[0m[2m=[0m"succeeded" [3mrequest_kind[0m[2m=[0m"附件内容读取" [3mattachment_id[0m[2m=[0m"att-e35bd47b6508" [3msession_id[0m[2m=[0m"s-3698d9833309"
[backend] [2m2026-04-25T16:41:49.7141181+08:00[0m [32m INFO[0m ThreadId(05) [2mkoko::shell::媒体资产外壳[0m[2m:[0m 读取附件内容成功 [3musecase[0m[2m=[0m"读取附件内容" [3madapter[0m[2m=[0m"http" [3moutcome[0m[2m=[0m"succeeded" [3mrequest_kind[0m[2m=[0m"附件内容读取" [3mattachment_id[0m[2m=[0m"att-e35bd47b6508" [3msession_id[0m[2m=[0m"s-3698d9833309"
[backend] [2m2026-04-25T16:41:49.7224726+08:00[0m [32m INFO[0m ThreadId(07) [2mkoko::shell::媒体资产外壳[0m[2m:[0m 读取附件内容成功 [3musecase[0m[2m=[0m"读取附件内容" [3madapter[0m[2m=[0m"http" [3moutcome[0m[2m=[0m"succeeded" [3mrequest_kind[0m[2m=[0m"附件内容读取" [3mattachment_id[0m[2m=[0m"att-e35bd47b6508" [3msession_id[0m[2m=[0m"s-3698d9833309"
[backend] [2m2026-04-25T16:41:49.7690076+08:00[0m [32m INFO[0m ThreadId(11) [2mkoko::shell::媒体资产外壳[0m[2m:[0m HTTP 请求已受理 [3musecase[0m[2m=[0m"读取附件内容" [3madapter[0m[2m=[0m"http" [3moutcome[0m[2m=[0m"accepted" [3mrequest_kind[0m[2m=[0m"附件内容读取" [3mattachment_id[0m[2m=[0m"att-9ea1bd13ba13" [3msession_id[0m[2m=[0m"s-3698d9833309"
[backend] [2m2026-04-25T16:41:49.7716217+08:00[0m [32m INFO[0m ThreadId(11) [2mkoko::shell::媒体资产外壳[0m[2m:[0m HTTP 请求已受理 [3musecase[0m[2m=[0m"读取附件内容" [3madapter[0m[2m=[0m"http" [3moutcome[0m[2m=[0m"accepted" [3mrequest_kind[0m[2m=[0m"附件内容读取" [3mattachment_id[0m[2m=[0m"att-9ea1bd13ba13" [3msession_id[0m[2m=[0m"s-3698d9833309"
[backend] [2m2026-04-25T16:41:49.773208+08:00[0m [32m INFO[0m ThreadId(11) [2mkoko::shell::媒体资产外壳[0m[2m:[0m HTTP 请求已受理 [3musecase[0m[2m=[0m"读取附件内容" [3madapter[0m[2m=[0m"http" [3moutcome[0m[2m=[0m"accepted" [3mrequest_kind[0m[2m=[0m"附件内容读取" [3mattachment_id[0m[2m=[0m"att-9ea1bd13ba13" [3msession_id[0m[2m=[0m"s-3698d9833309"
[backend] [2m2026-04-25T16:41:49.7940764+08:00[0m [32m INFO[0m ThreadId(07) [2mkoko::shell::媒体资产外壳[0m[2m:[0m 读取附件内容成功 [3musecase[0m[2m=[0m"读取附件内容" [3madapter[0m[2m=[0m"http" [3moutcome[0m[2m=[0m"succeeded" [3mrequest_kind[0m[2m=[0m"附件内容读取" [3mattachment_id[0m[2m=[0m"att-9ea1bd13ba13" [3msession_id[0m[2m=[0m"s-3698d9833309"
[backend] [2m2026-04-25T16:41:49.7940979+08:00[0m [32m INFO[0m ThreadId(05) [2mkoko::shell::媒体资产外壳[0m[2m:[0m 读取附件内容成功 [3musecase[0m[2m=[0m"读取附件内容" [3madapter[0m[2m=[0m"http" [3moutcome[0m[2m=[0m"succeeded" [3mrequest_kind[0m[2m=[0m"附件内容读取" [3mattachment_id[0m[2m=[0m"att-9ea1bd13ba13" [3msession_id[0m[2m=[0m"s-3698d9833309"
[backend] [2m2026-04-25T16:41:49.797449+08:00[0m [32m INFO[0m ThreadId(11) [2mkoko::shell::媒体资产外壳[0m[2m:[0m HTTP 请求已受理 [3musecase[0m[2m=[0m"读取附件内容" [3madapter[0m[2m=[0m"http" [3moutcome[0m[2m=[0m"accepted" [3mrequest_kind[0m[2m=[0m"附件内容读取" [3mattachment_id[0m[2m=[0m"att-9f6a9ebb48a6" [3msession_id[0m[2m=[0m"s-3698d9833309"
[backend] [2m2026-04-25T16:41:49.7979118+08:00[0m [32m INFO[0m ThreadId(05) [2mkoko::shell::媒体资产外壳[0m[2m:[0m HTTP 请求已受理 [3musecase[0m[2m=[0m"读取附件内容" [3madapter[0m[2m=[0m"http" [3moutcome[0m[2m=[0m"accepted" [3mrequest_kind[0m[2m=[0m"附件内容读取" [3mattachment_id[0m[2m=[0m"att-9f6a9ebb48a6" [3msession_id[0m[2m=[0m"s-3698d9833309"
[backend] [2m2026-04-25T16:41:49.7988242+08:00[0m [32m INFO[0m ThreadId(10) [2mkoko::shell::媒体资产外壳[0m[2m:[0m HTTP 请求已受理 [3musecase[0m[2m=[0m"读取附件内容" [3madapter[0m[2m=[0m"http" [3moutcome[0m[2m=[0m"accepted" [3mrequest_kind[0m[2m=[0m"附件内容读取" [3mattachment_id[0m[2m=[0m"att-9f6a9ebb48a6" [3msession_id[0m[2m=[0m"s-3698d9833309"
[backend] [2m2026-04-25T16:41:49.8018929+08:00[0m [32m INFO[0m ThreadId(11) [2mkoko::shell::媒体资产外壳[0m[2m:[0m HTTP 请求已受理 [3musecase[0m[2m=[0m"读取附件内容" [3madapter[0m[2m=[0m"http" [3moutcome[0m[2m=[0m"accepted" [3mrequest_kind[0m[2m=[0m"附件内容读取" [3mattachment_id[0m[2m=[0m"att-9f6a9ebb48a6" [3msession_id[0m[2m=[0m"s-3698d9833309"
[backend] [2m2026-04-25T16:41:49.8027389+08:00[0m [32m INFO[0m ThreadId(06) [2mkoko::shell::媒体资产外壳[0m[2m:[0m 读取附件内容成功 [3musecase[0m[2m=[0m"读取附件内容" [3madapter[0m[2m=[0m"http" [3moutcome[0m[2m=[0m"succeeded" [3mrequest_kind[0m[2m=[0m"附件内容读取" [3mattachment_id[0m[2m=[0m"att-9ea1bd13ba13" [3msession_id[0m[2m=[0m"s-3698d9833309"
[backend] [2m2026-04-25T16:41:49.8097075+08:00[0m [32m INFO[0m ThreadId(06) [2mkoko::shell::媒体资产外壳[0m[2m:[0m HTTP 请求已受理 [3musecase[0m[2m=[0m"读取附件内容" [3madapter[0m[2m=[0m"http" [3moutcome[0m[2m=[0m"accepted" [3mrequest_kind[0m[2m=[0m"附件内容读取" [3mattachment_id[0m[2m=[0m"att-4e0480d9e16e" [3msession_id[0m[2m=[0m"s-3698d9833309"
[backend] [2m2026-04-25T16:41:49.8116045+08:00[0m [32m INFO[0m ThreadId(07) [2mkoko::shell::媒体资产外壳[0m[2m:[0m HTTP 请求已受理 [3musecase[0m[2m=[0m"读取附件内容" [3madapter[0m[2m=[0m"http" [3moutcome[0m[2m=[0m"accepted" [3mrequest_kind[0m[2m=[0m"附件内容读取" [3mattachment_id[0m[2m=[0m"att-4e0480d9e16e" [3msession_id[0m[2m=[0m"s-3698d9833309"
[backend] [2m2026-04-25T16:41:49.8116434+08:00[0m [32m INFO[0m ThreadId(05) [2mkoko::shell::媒体资产外壳[0m[2m:[0m HTTP 请求已受理 [3musecase[0m[2m=[0m"读取附件内容" [3madapter[0m[2m=[0m"http" [3moutcome[0m[2m=[0m"accepted" [3mrequest_kind[0m[2m=[0m"附件内容读取" [3mattachment_id[0m[2m=[0m"att-e35bd47b6508" [3msession_id[0m[2m=[0m"s-3698d9833309"
[backend] [2m2026-04-25T16:41:49.8116798+08:00[0m [32m INFO[0m ThreadId(06) [2mkoko::shell::媒体资产外壳[0m[2m:[0m HTTP 请求已受理 [3musecase[0m[2m=[0m"读取附件内容" [3madapter[0m[2m=[0m"http" [3moutcome[0m[2m=[0m"accepted" [3mrequest_kind[0m[2m=[0m"附件内容读取" [3mattachment_id[0m[2m=[0m"att-4e0480d9e16e" [3msession_id[0m[2m=[0m"s-3698d9833309"
[backend] [2m2026-04-25T16:41:49.8120006+08:00[0m [32m INFO[0m ThreadId(11) [2mkoko::shell::媒体资产外壳[0m[2m:[0m HTTP 请求已受理 [3musecase[0m[2m=[0m"读取附件内容" [3madapter[0m[2m=[0m"http" [3moutcome[0m[2m=[0m"accepted" [3mrequest_kind[0m[2m=[0m"附件内容读取" [3mattachment_id[0m[2m=[0m"att-5d2bc6f45393" [3msession_id[0m[2m=[0m"s-3698d9833309"
[backend] [2m2026-04-25T16:41:49.812135+08:00[0m [32m INFO[0m ThreadId(12) [2mkoko::shell::媒体资产外壳[0m[2m:[0m HTTP 请求已受理 [3musecase[0m[2m=[0m"读取附件内容" [3madapter[0m[2m=[0m"http" [3moutcome[0m[2m=[0m"accepted" [3mrequest_kind[0m[2m=[0m"附件内容读取" [3mattachment_id[0m[2m=[0m"att-5d2bc6f45393" [3msession_id[0m[2m=[0m"s-3698d9833309"
[backend] [2m2026-04-25T16:41:49.8126711+08:00[0m [32m INFO[0m ThreadId(10) [2mkoko::shell::媒体资产外壳[0m[2m:[0m HTTP 请求已受理 [3musecase[0m[2m=[0m"读取附件内容" [3madapter[0m[2m=[0m"http" [3moutcome[0m[2m=[0m"accepted" [3mrequest_kind[0m[2m=[0m"附件内容读取" [3mattachment_id[0m[2m=[0m"att-5d2bc6f45393" [3msession_id[0m[2m=[0m"s-3698d9833309"
[backend] [2m2026-04-25T16:41:49.8148539+08:00[0m [32m INFO[0m ThreadId(04) [2mkoko::shell::媒体资产外壳[0m[2m:[0m 读取附件内容成功 [3musecase[0m[2m=[0m"读取附件内容" [3madapter[0m[2m=[0m"http" [3moutcome[0m[2m=[0m"succeeded" [3mrequest_kind[0m[2m=[0m"附件内容读取" [3mattachment_id[0m[2m=[0m"att-9f6a9ebb48a6" [3msession_id[0m[2m=[0m"s-3698d9833309"
[backend] [2m2026-04-25T16:41:49.815102+08:00[0m [32m INFO[0m ThreadId(05) [2mkoko::shell::媒体资产外壳[0m[2m:[0m 读取附件内容成功 [3musecase[0m[2m=[0m"读取附件内容" [3madapter[0m[2m=[0m"http" [3moutcome[0m[2m=[0m"succeeded" [3mrequest_kind[0m[2m=[0m"附件内容读取" [3mattachment_id[0m[2m=[0m"att-9f6a9ebb48a6" [3msession_id[0m[2m=[0m"s-3698d9833309"
[backend] [2m2026-04-25T16:41:49.8151244+08:00[0m [32m INFO[0m ThreadId(03) [2mkoko::shell::媒体资产外壳[0m[2m:[0m 读取附件内容成功 [3musecase[0m[2m=[0m"读取附件内容" [3madapter[0m[2m=[0m"http" [3moutcome[0m[2m=[0m"succeeded" [3mrequest_kind[0m[2m=[0m"附件内容读取" [3mattachment_id[0m[2m=[0m"att-9f6a9ebb48a6" [3msession_id[0m[2m=[0m"s-3698d9833309"
[backend] [2m2026-04-25T16:41:49.8265936+08:00[0m [32m INFO[0m ThreadId(04) [2mkoko::shell::媒体资产外壳[0m[2m:[0m 读取附件内容成功 [3musecase[0m[2m=[0m"读取附件内容" [3madapter[0m[2m=[0m"http" [3moutcome[0m[2m=[0m"succeeded" [3mrequest_kind[0m[2m=[0m"附件内容读取" [3mattachment_id[0m[2m=[0m"att-9f6a9ebb48a6" [3msession_id[0m[2m=[0m"s-3698d9833309"
[backend] [2m2026-04-25T16:41:49.8269662+08:00[0m [32m INFO[0m ThreadId(10) [2mkoko::shell::媒体资产外壳[0m[2m:[0m 读取附件内容成功 [3musecase[0m[2m=[0m"读取附件内容" [3madapter[0m[2m=[0m"http" [3moutcome[0m[2m=[0m"succeeded" [3mrequest_kind[0m[2m=[0m"附件内容读取" [3mattachment_id[0m[2m=[0m"att-4e0480d9e16e" [3msession_id[0m[2m=[0m"s-3698d9833309"
[backend] [2m2026-04-25T16:41:49.8307732+08:00[0m [32m INFO[0m ThreadId(04) [2mkoko::shell::媒体资产外壳[0m[2m:[0m 读取附件内容成功 [3musecase[0m[2m=[0m"读取附件内容" [3madapter[0m[2m=[0m"http" [3moutcome[0m[2m=[0m"succeeded" [3mrequest_kind[0m[2m=[0m"附件内容读取" [3mattachment_id[0m[2m=[0m"att-e35bd47b6508" [3msession_id[0m[2m=[0m"s-3698d9833309"
[backend] [2m2026-04-25T16:41:49.8349294+08:00[0m [32m INFO[0m ThreadId(10) [2mkoko::shell::媒体资产外壳[0m[2m:[0m 读取附件内容成功 [3musecase[0m[2m=[0m"读取附件内容" [3madapter[0m[2m=[0m"http" [3moutcome[0m[2m=[0m"succeeded" [3mrequest_kind[0m[2m=[0m"附件内容读取" [3mattachment_id[0m[2m=[0m"att-5d2bc6f45393" [3msession_id[0m[2m=[0m"s-3698d9833309"
[backend] [2m2026-04-25T16:41:49.8349294+08:00[0m [32m INFO[0m ThreadId(04) [2mkoko::shell::媒体资产外壳[0m[2m:[0m 读取附件内容成功 [3musecase[0m[2m=[0m"读取附件内容" [3madapter[0m[2m=[0m"http" [3moutcome[0m[2m=[0m"succeeded" [3mrequest_kind[0m[2m=[0m"附件内容读取" [3mattachment_id[0m[2m=[0m"att-5d2bc6f45393" [3msession_id[0m[2m=[0m"s-3698d9833309"
[backend] [2m2026-04-25T16:41:49.8351455+08:00[0m [32m INFO[0m ThreadId(03) [2mkoko::shell::媒体资产外壳[0m[2m:[0m 读取附件内容成功 [3musecase[0m[2m=[0m"读取附件内容" [3madapter[0m[2m=[0m"http" [3moutcome[0m[2m=[0m"succeeded" [3mrequest_kind[0m[2m=[0m"附件内容读取" [3mattachment_id[0m[2m=[0m"att-5d2bc6f45393" [3msession_id[0m[2m=[0m"s-3698d9833309"
[backend] [2m2026-04-25T16:41:49.8395579+08:00[0m [32m INFO[0m ThreadId(03) [2mkoko::shell::媒体资产外壳[0m[2m:[0m 读取附件内容成功 [3musecase[0m[2m=[0m"读取附件内容" [3madapter[0m[2m=[0m"http" [3moutcome[0m[2m=[0m"succeeded" [3mrequest_kind[0m[2m=[0m"附件内容读取" [3mattachment_id[0m[2m=[0m"att-4e0480d9e16e" [3msession_id[0m[2m=[0m"s-3698d9833309"
[backend] [2m2026-04-25T16:41:49.8398505+08:00[0m [32m INFO[0m ThreadId(04) [2mkoko::shell::媒体资产外壳[0m[2m:[0m 读取附件内容成功 [3musecase[0m[2m=[0m"读取附件内容" [3madapter[0m[2m=[0m"http" [3moutcome[0m[2m=[0m"succeeded" [3mrequest_kind[0m[2m=[0m"附件内容读取" [3mattachment_id[0m[2m=[0m"att-4e0480d9e16e" [3msession_id[0m[2m=[0m"s-3698d9833309"
[tracker] 2026-04-25T08:41:49.776Z update: 2d5757303230382d564f594651326c6753477054
[backend] [2m2026-04-25T16:41:50.2018615+08:00[0m [32m INFO[0m ThreadId(05) [2mkoko::shell::媒体资产外壳[0m[2m:[0m HTTP 请求已受理 [3musecase[0m[2m=[0m"读取附件内容" [3madapter[0m[2m=[0m"http" [3moutcome[0m[2m=[0m"accepted" [3mrequest_kind[0m[2m=[0m"附件内容读取" [3mattachment_id[0m[2m=[0m"att-10b60d10c9e1" [3msession_id[0m[2m=[0m"s-3698d9833309"
[backend] [2m2026-04-25T16:41:50.2207+08:00[0m [32m INFO[0m ThreadId(10) [2mkoko::shell::媒体资产外壳[0m[2m:[0m 读取附件内容成功 [3musecase[0m[2m=[0m"读取附件内容" [3madapter[0m[2m=[0m"http" [3moutcome[0m[2m=[0m"succeeded" [3mrequest_kind[0m[2m=[0m"附件内容读取" [3mattachment_id[0m[2m=[0m"att-10b60d10c9e1" [3msession_id[0m[2m=[0m"s-3698d9833309"
[backend] [2m2026-04-25T16:41:50.3012501+08:00[0m [32m INFO[0m ThreadId(04) [2mkoko::shell::媒体资产外壳[0m[2m:[0m HTTP 请求已受理 [3musecase[0m[2m=[0m"读取附件内容" [3madapter[0m[2m=[0m"http" [3moutcome[0m[2m=[0m"accepted" [3mrequest_kind[0m[2m=[0m"附件内容读取" [3mattachment_id[0m[2m=[0m"att-10b60d10c9e1" [3msession_id[0m[2m=[0m"s-3698d9833309"
[backend] [2m2026-04-25T16:41:50.3024065+08:00[0m [32m INFO[0m ThreadId(04) [2mkoko::shell::媒体资产外壳[0m[2m:[0m HTTP 请求已受理 [3musecase[0m[2m=[0m"读取附件内容" [3madapter[0m[2m=[0m"http" [3moutcome[0m[2m=[0m"accepted" [3mrequest_kind[0m[2m=[0m"附件内容读取" [3mattachment_id[0m[2m=[0m"att-10b60d10c9e1" [3msession_id[0m[2m=[0m"s-3698d9833309"
[backend] [2m2026-04-25T16:41:50.3024065+08:00[0m [32m INFO[0m ThreadId(05) [2mkoko::shell::媒体资产外壳[0m[2m:[0m HTTP 请求已受理 [3musecase[0m[2m=[0m"读取附件内容" [3madapter[0m[2m=[0m"http" [3moutcome[0m[2m=[0m"accepted" [3mrequest_kind[0m[2m=[0m"附件内容读取" [3mattachment_id[0m[2m=[0m"att-10b60d10c9e1" [3msession_id[0m[2m=[0m"s-3698d9833309"
[backend] [2m2026-04-25T16:41:50.3218817+08:00[0m [32m INFO[0m ThreadId(03) [2mkoko::shell::媒体资产外壳[0m[2m:[0m 读取附件内容成功 [3musecase[0m[2m=[0m"读取附件内容" [3madapter[0m[2m=[0m"http" [3moutcome[0m[2m=[0m"succeeded" [3mrequest_kind[0m[2m=[0m"附件内容读取" [3mattachment_id[0m[2m=[0m"att-10b60d10c9e1" [3msession_id[0m[2m=[0m"s-3698d9833309"
[backend] [2m2026-04-25T16:41:50.3223434+08:00[0m [32m INFO[0m ThreadId(04) [2mkoko::shell::媒体资产外壳[0m[2m:[0m 读取附件内容成功 [3musecase[0m[2m=[0m"读取附件内容" [3madapter[0m[2m=[0m"http" [3moutcome[0m[2m=[0m"succeeded" [3mrequest_kind[0m[2m=[0m"附件内容读取" [3mattachment_id[0m[2m=[0m"att-10b60d10c9e1" [3msession_id[0m[2m=[0m"s-3698d9833309"
[backend] [2m2026-04-25T16:41:50.3225083+08:00[0m [32m INFO[0m ThreadId(05) [2mkoko::shell::媒体资产外壳[0m[2m:[0m 读取附件内容成功 [3musecase[0m[2m=[0m"读取附件内容" [3madapter[0m[2m=[0m"http" [3moutcome[0m[2m=[0m"succeeded" [3mrequest_kind[0m[2m=[0m"附件内容读取" [3mattachment_id[0m[2m=[0m"att-10b60d10c9e1" [3msession_id[0m[2m=[0m"s-3698d9833309"
[tracker] 2026-04-25T08:41:50.400Z update: 2d5757303230382d707674366a74593576456a4e
[backend] [2m2026-04-25T16:41:52.1423284+08:00[0m [32m INFO[0m ThreadId(03) [2mkoko::shell::媒体资产外壳[0m[2m:[0m HTTP 请求已受理 [3musecase[0m[2m=[0m"读取附件内容" [3madapter[0m[2m=[0m"http" [3moutcome[0m[2m=[0m"accepted" [3mrequest_kind[0m[2m=[0m"附件内容读取" [3mattachment_id[0m[2m=[0m"att-9ea1bd13ba13" [3msession_id[0m[2m=[0m"s-3698d9833309"
[backend] [2m2026-04-25T16:41:52.1423284+08:00[0m [32m INFO[0m ThreadId(05) [2mkoko::shell::媒体资产外壳[0m[2m:[0m HTTP 请求已受理 [3musecase[0m[2m=[0m"读取附件内容" [3madapter[0m[2m=[0m"http" [3moutcome[0m[2m=[0m"accepted" [3mrequest_kind[0m[2m=[0m"附件内容读取" [3mattachment_id[0m[2m=[0m"att-9ea1bd13ba13" [3msession_id[0m[2m=[0m"s-3698d9833309"
[backend] [2m2026-04-25T16:41:52.1424034+08:00[0m [32m INFO[0m ThreadId(10) [2mkoko::shell::媒体资产外壳[0m[2m:[0m HTTP 请求已受理 [3musecase[0m[2m=[0m"读取附件内容" [3madapter[0m[2m=[0m"http" [3moutcome[0m[2m=[0m"accepted" [3mrequest_kind[0m[2m=[0m"附件内容读取" [3mattachment_id[0m[2m=[0m"att-9ea1bd13ba13" [3msession_id[0m[2m=[0m"s-3698d9833309"
[backend] [2m2026-04-25T16:41:52.1622168+08:00[0m [32m INFO[0m ThreadId(10) [2mkoko::shell::媒体资产外壳[0m[2m:[0m 读取附件内容成功 [3musecase[0m[2m=[0m"读取附件内容" [3madapter[0m[2m=[0m"http" [3moutcome[0m[2m=[0m"succeeded" [3mrequest_kind[0m[2m=[0m"附件内容读取" [3mattachment_id[0m[2m=[0m"att-9ea1bd13ba13" [3msession_id[0m[2m=[0m"s-3698d9833309"
[backend] [2m2026-04-25T16:41:52.1641179+08:00[0m [32m INFO[0m ThreadId(03) [2mkoko::shell::媒体资产外壳[0m[2m:[0m 读取附件内容成功 [3musecase[0m[2m=[0m"读取附件内容" [3madapter[0m[2m=[0m"http" [3moutcome[0m[2m=[0m"succeeded" [3mrequest_kind[0m[2m=[0m"附件内容读取" [3mattachment_id[0m[2m=[0m"att-9ea1bd13ba13" [3msession_id[0m[2m=[0m"s-3698d9833309"
[backend] [2m2026-04-25T16:41:52.1641179+08:00[0m [32m INFO[0m ThreadId(05) [2mkoko::shell::媒体资产外壳[0m[2m:[0m 读取附件内容成功 [3musecase[0m[2m=[0m"读取附件内容" [3madapter[0m[2m=[0m"http" [3moutcome[0m[2m=[0m"succeeded" [3mrequest_kind[0m[2m=[0m"附件内容读取" [3mattachment_id[0m[2m=[0m"att-9ea1bd13ba13" [3msession_id[0m[2m=[0m"s-3698d9833309"
[tracker] 2026-04-25T08:41:52.167Z complete: 2d5757303230382d707674366a74593576456a4e
[backend] [2m2026-04-25T16:41:52.428297+08:00[0m [32m INFO[0m ThreadId(04) [2mkoko::shell::媒体资产外壳[0m[2m:[0m HTTP 请求已受理 [3musecase[0m[2m=[0m"读取附件内容" [3madapter[0m[2m=[0m"http" [3moutcome[0m[2m=[0m"accepted" [3mrequest_kind[0m[2m=[0m"附件内容读取" [3mattachment_id[0m[2m=[0m"att-4e0480d9e16e" [3msession_id[0m[2m=[0m"s-3698d9833309"
[backend] [2m2026-04-25T16:41:52.4351128+08:00[0m [32m INFO[0m ThreadId(03) [2mkoko::shell::媒体资产外壳[0m[2m:[0m HTTP 请求已受理 [3musecase[0m[2m=[0m"读取附件内容" [3madapter[0m[2m=[0m"http" [3moutcome[0m[2m=[0m"accepted" [3mrequest_kind[0m[2m=[0m"附件内容读取" [3mattachment_id[0m[2m=[0m"att-4e0480d9e16e" [3msession_id[0m[2m=[0m"s-3698d9833309"
[backend] [2m2026-04-25T16:41:52.4438389+08:00[0m [32m INFO[0m ThreadId(03) [2mkoko::shell::媒体资产外壳[0m[2m:[0m HTTP 请求已受理 [3musecase[0m[2m=[0m"读取附件内容" [3madapter[0m[2m=[0m"http" [3moutcome[0m[2m=[0m"accepted" [3mrequest_kind[0m[2m=[0m"附件内容读取" [3mattachment_id[0m[2m=[0m"att-4e0480d9e16e" [3msession_id[0m[2m=[0m"s-3698d9833309"
[backend] [2m2026-04-25T16:41:52.4523571+08:00[0m [32m INFO[0m ThreadId(10) [2mkoko::shell::媒体资产外壳[0m[2m:[0m 读取附件内容成功 [3musecase[0m[2m=[0m"读取附件内容" [3madapter[0m[2m=[0m"http" [3moutcome[0m[2m=[0m"succeeded" [3mrequest_kind[0m[2m=[0m"附件内容读取" [3mattachment_id[0m[2m=[0m"att-4e0480d9e16e" [3msession_id[0m[2m=[0m"s-3698d9833309"
[backend] [2m2026-04-25T16:41:52.4661361+08:00[0m [32m INFO[0m ThreadId(05) [2mkoko::shell::媒体资产外壳[0m[2m:[0m 读取附件内容成功 [3musecase[0m[2m=[0m"读取附件内容" [3madapter[0m[2m=[0m"http" [3moutcome[0m[2m=[0m"succeeded" [3mrequest_kind[0m[2m=[0m"附件内容读取" [3mattachment_id[0m[2m=[0m"att-4e0480d9e16e" [3msession_id[0m[2m=[0m"s-3698d9833309"
[backend] [2m2026-04-25T16:41:52.4780944+08:00[0m [32m INFO[0m ThreadId(03) [2mkoko::shell::媒体资产外壳[0m[2m:[0m HTTP 请求已受理 [3musecase[0m[2m=[0m"读取附件内容" [3madapter[0m[2m=[0m"http" [3moutcome[0m[2m=[0m"accepted" [3mrequest_kind[0m[2m=[0m"附件内容读取" [3mattachment_id[0m[2m=[0m"att-9f6a9ebb48a6" [3msession_id[0m[2m=[0m"s-3698d9833309"
[backend] [2m2026-04-25T16:41:52.4788114+08:00[0m [32m INFO[0m ThreadId(05) [2mkoko::shell::媒体资产外壳[0m[2m:[0m HTTP 请求已受理 [3musecase[0m[2m=[0m"读取附件内容" [3madapter[0m[2m=[0m"http" [3moutcome[0m[2m=[0m"accepted" [3mrequest_kind[0m[2m=[0m"附件内容读取" [3mattachment_id[0m[2m=[0m"att-5d2bc6f45393" [3msession_id[0m[2m=[0m"s-3698d9833309"
[backend] [2m2026-04-25T16:41:52.4789019+08:00[0m [32m INFO[0m ThreadId(03) [2mkoko::shell::媒体资产外壳[0m[2m:[0m HTTP 请求已受理 [3musecase[0m[2m=[0m"读取附件内容" [3madapter[0m[2m=[0m"http" [3moutcome[0m[2m=[0m"accepted" [3mrequest_kind[0m[2m=[0m"附件内容读取" [3mattachment_id[0m[2m=[0m"att-5d2bc6f45393" [3msession_id[0m[2m=[0m"s-3698d9833309"
[backend] [2m2026-04-25T16:41:52.478079+08:00[0m [32m INFO[0m ThreadId(10) [2mkoko::shell::媒体资产外壳[0m[2m:[0m 读取附件内容成功 [3musecase[0m[2m=[0m"读取附件内容" [3madapter[0m[2m=[0m"http" [3moutcome[0m[2m=[0m"succeeded" [3mrequest_kind[0m[2m=[0m"附件内容读取" [3mattachment_id[0m[2m=[0m"att-4e0480d9e16e" [3msession_id[0m[2m=[0m"s-3698d9833309"
[backend] [2m2026-04-25T16:41:52.4789375+08:00[0m [32m INFO[0m ThreadId(04) [2mkoko::shell::媒体资产外壳[0m[2m:[0m HTTP 请求已受理 [3musecase[0m[2m=[0m"读取附件内容" [3madapter[0m[2m=[0m"http" [3moutcome[0m[2m=[0m"accepted" [3mrequest_kind[0m[2m=[0m"附件内容读取" [3mattachment_id[0m[2m=[0m"att-9f6a9ebb48a6" [3msession_id[0m[2m=[0m"s-3698d9833309"
[backend] [2m2026-04-25T16:41:52.4795811+08:00[0m [32m INFO[0m ThreadId(11) [2mkoko::shell::媒体资产外壳[0m[2m:[0m HTTP 请求已受理 [3musecase[0m[2m=[0m"读取附件内容" [3madapter[0m[2m=[0m"http" [3moutcome[0m[2m=[0m"accepted" [3mrequest_kind[0m[2m=[0m"附件内容读取" [3mattachment_id[0m[2m=[0m"att-5d2bc6f45393" [3msession_id[0m[2m=[0m"s-3698d9833309"
[backend] [2m2026-04-25T16:41:52.4854321+08:00[0m [32m INFO[0m ThreadId(03) [2mkoko::shell::媒体资产外壳[0m[2m:[0m HTTP 请求已受理 [3musecase[0m[2m=[0m"读取附件内容" [3madapter[0m[2m=[0m"http" [3moutcome[0m[2m=[0m"accepted" [3mrequest_kind[0m[2m=[0m"附件内容读取" [3mattachment_id[0m[2m=[0m"att-9f6a9ebb48a6" [3msession_id[0m[2m=[0m"s-3698d9833309"
[backend] [2m2026-04-25T16:41:52.485471+08:00[0m [32m INFO[0m ThreadId(05) [2mkoko::shell::媒体资产外壳[0m[2m:[0m HTTP 请求已受理 [3musecase[0m[2m=[0m"读取附件内容" [3madapter[0m[2m=[0m"http" [3moutcome[0m[2m=[0m"accepted" [3mrequest_kind[0m[2m=[0m"附件内容读取" [3mattachment_id[0m[2m=[0m"att-10b60d10c9e1" [3msession_id[0m[2m=[0m"s-3698d9833309"
[backend] [2m2026-04-25T16:41:52.4961509+08:00[0m [32m INFO[0m ThreadId(06) [2mkoko::shell::媒体资产外壳[0m[2m:[0m 读取附件内容成功 [3musecase[0m[2m=[0m"读取附件内容" [3madapter[0m[2m=[0m"http" [3moutcome[0m[2m=[0m"succeeded" [3mrequest_kind[0m[2m=[0m"附件内容读取" [3mattachment_id[0m[2m=[0m"att-9f6a9ebb48a6" [3msession_id[0m[2m=[0m"s-3698d9833309"
[backend] [2m2026-04-25T16:41:52.4993784+08:00[0m [32m INFO[0m ThreadId(05) [2mkoko::shell::媒体资产外壳[0m[2m:[0m 读取附件内容成功 [3musecase[0m[2m=[0m"读取附件内容" [3madapter[0m[2m=[0m"http" [3moutcome[0m[2m=[0m"succeeded" [3mrequest_kind[0m[2m=[0m"附件内容读取" [3mattachment_id[0m[2m=[0m"att-5d2bc6f45393" [3msession_id[0m[2m=[0m"s-3698d9833309"
[backend] [2m2026-04-25T16:41:52.4998903+08:00[0m [32m INFO[0m ThreadId(11) [2mkoko::shell::媒体资产外壳[0m[2m:[0m 读取附件内容成功 [3musecase[0m[2m=[0m"读取附件内容" [3madapter[0m[2m=[0m"http" [3moutcome[0m[2m=[0m"succeeded" [3mrequest_kind[0m[2m=[0m"附件内容读取" [3mattachment_id[0m[2m=[0m"att-5d2bc6f45393" [3msession_id[0m[2m=[0m"s-3698d9833309"
[backend] [2m2026-04-25T16:41:52.5010679+08:00[0m [32m INFO[0m ThreadId(03) [2mkoko::shell::媒体资产外壳[0m[2m:[0m HTTP 请求已受理 [3musecase[0m[2m=[0m"读取附件内容" [3madapter[0m[2m=[0m"http" [3moutcome[0m[2m=[0m"accepted" [3mrequest_kind[0m[2m=[0m"附件内容读取" [3mattachment_id[0m[2m=[0m"att-10b60d10c9e1" [3msession_id[0m[2m=[0m"s-3698d9833309"
[backend] [2m2026-04-25T16:41:52.508411+08:00[0m [32m INFO[0m ThreadId(05) [2mkoko::shell::媒体资产外壳[0m[2m:[0m 读取附件内容成功 [3musecase[0m[2m=[0m"读取附件内容" [3madapter[0m[2m=[0m"http" [3moutcome[0m[2m=[0m"succeeded" [3mrequest_kind[0m[2m=[0m"附件内容读取" [3mattachment_id[0m[2m=[0m"att-9f6a9ebb48a6" [3msession_id[0m[2m=[0m"s-3698d9833309"
[backend] [2m2026-04-25T16:41:52.5084111+08:00[0m [32m INFO[0m ThreadId(03) [2mkoko::shell::媒体资产外壳[0m[2m:[0m 读取附件内容成功 [3musecase[0m[2m=[0m"读取附件内容" [3madapter[0m[2m=[0m"http" [3moutcome[0m[2m=[0m"succeeded" [3mrequest_kind[0m[2m=[0m"附件内容读取" [3mattachment_id[0m[2m=[0m"att-9f6a9ebb48a6" [3msession_id[0m[2m=[0m"s-3698d9833309"
[backend] [2m2026-04-25T16:41:52.5121509+08:00[0m [32m INFO[0m ThreadId(06) [2mkoko::shell::媒体资产外壳[0m[2m:[0m 读取附件内容成功 [3musecase[0m[2m=[0m"读取附件内容" [3madapter[0m[2m=[0m"http" [3moutcome[0m[2m=[0m"succeeded" [3mrequest_kind[0m[2m=[0m"附件内容读取" [3mattachment_id[0m[2m=[0m"att-5d2bc6f45393" [3msession_id[0m[2m=[0m"s-3698d9833309"
[backend] [2m2026-04-25T16:41:52.5135243+08:00[0m [32m INFO[0m ThreadId(11) [2mkoko::shell::媒体资产外壳[0m[2m:[0m HTTP 请求已受理 [3musecase[0m[2m=[0m"读取附件内容" [3madapter[0m[2m=[0m"http" [3moutcome[0m[2m=[0m"accepted" [3mrequest_kind[0m[2m=[0m"附件内容读取" [3mattachment_id[0m[2m=[0m"att-9ea1bd13ba13" [3msession_id[0m[2m=[0m"s-3698d9833309"
[backend] [2m2026-04-25T16:41:52.5208313+08:00[0m [32m INFO[0m ThreadId(03) [2mkoko::shell::媒体资产外壳[0m[2m:[0m 读取附件内容成功 [3musecase[0m[2m=[0m"读取附件内容" [3madapter[0m[2m=[0m"http" [3moutcome[0m[2m=[0m"succeeded" [3mrequest_kind[0m[2m=[0m"附件内容读取" [3mattachment_id[0m[2m=[0m"att-10b60d10c9e1" [3msession_id[0m[2m=[0m"s-3698d9833309"
[backend] [2m2026-04-25T16:41:52.5309845+08:00[0m [32m INFO[0m ThreadId(04) [2mkoko::shell::媒体资产外壳[0m[2m:[0m 读取附件内容成功 [3musecase[0m[2m=[0m"读取附件内容" [3madapter[0m[2m=[0m"http" [3moutcome[0m[2m=[0m"succeeded" [3mrequest_kind[0m[2m=[0m"附件内容读取" [3mattachment_id[0m[2m=[0m"att-9ea1bd13ba13" [3msession_id[0m[2m=[0m"s-3698d9833309"
[backend] [2m2026-04-25T16:41:52.8535254+08:00[0m [32m INFO[0m ThreadId(06) [2mkoko::shell::媒体资产外壳[0m[2m:[0m HTTP 请求已受理 [3musecase[0m[2m=[0m"读取附件内容" [3madapter[0m[2m=[0m"http" [3moutcome[0m[2m=[0m"accepted" [3mrequest_kind[0m[2m=[0m"附件内容读取" [3mattachment_id[0m[2m=[0m"att-4e0480d9e16e" [3msession_id[0m[2m=[0m"s-3698d9833309"
[backend] [2m2026-04-25T16:41:52.8688404+08:00[0m [32m INFO[0m ThreadId(04) [2mkoko::shell::媒体资产外壳[0m[2m:[0m 读取附件内容成功 [3musecase[0m[2m=[0m"读取附件内容" [3madapter[0m[2m=[0m"http" [3moutcome[0m[2m=[0m"succeeded" [3mrequest_kind[0m[2m=[0m"附件内容读取" [3mattachment_id[0m[2m=[0m"att-4e0480d9e16e" [3msession_id[0m[2m=[0m"s-3698d9833309"
[backend] [2m2026-04-25T16:41:52.968385+08:00[0m [32m INFO[0m ThreadId(06) [2mkoko::shell::媒体资产外壳[0m[2m:[0m 读取附件内容成功 [3musecase[0m[2m=[0m"读取附件内容" [3madapter[0m[2m=[0m"http" [3moutcome[0m[2m=[0m"succeeded" [3mrequest_kind[0m[2m=[0m"附件内容读取" [3mattachment_id[0m[2m=[0m"att-10b60d10c9e1" [3msession_id[0m[2m=[0m"s-3698d9833309"
[backend] [2m2026-04-25T16:41:53.4198345+08:00[0m [32m INFO[0m ThreadId(04) [2mkoko::shell::媒体资产外壳[0m[2m:[0m HTTP 请求已受理 [3musecase[0m[2m=[0m"读取附件内容" [3madapter[0m[2m=[0m"http" [3moutcome[0m[2m=[0m"accepted" [3mrequest_kind[0m[2m=[0m"附件内容读取" [3mattachment_id[0m[2m=[0m"att-4e0480d9e16e" [3msession_id[0m[2m=[0m"s-3698d9833309"
[backend] [2m2026-04-25T16:41:53.4241743+08:00[0m [32m INFO[0m ThreadId(04) [2mkoko::shell::媒体资产外壳[0m[2m:[0m HTTP 请求已受理 [3musecase[0m[2m=[0m"读取附件内容" [3madapter[0m[2m=[0m"http" [3moutcome[0m[2m=[0m"accepted" [3mrequest_kind[0m[2m=[0m"附件内容读取" [3mattachment_id[0m[2m=[0m"att-4e0480d9e16e" [3msession_id[0m[2m=[0m"s-3698d9833309"
[backend] [2m2026-04-25T16:41:53.4402217+08:00[0m [32m INFO[0m ThreadId(05) [2mkoko::shell::媒体资产外壳[0m[2m:[0m HTTP 请求已受理 [3musecase[0m[2m=[0m"读取附件内容" [3madapter[0m[2m=[0m"http" [3moutcome[0m[2m=[0m"accepted" [3mrequest_kind[0m[2m=[0m"附件内容读取" [3mattachment_id[0m[2m=[0m"att-9f6a9ebb48a6" [3msession_id[0m[2m=[0m"s-3698d9833309"
[backend] [2m2026-04-25T16:41:53.4402878+08:00[0m [32m INFO[0m ThreadId(04) [2mkoko::shell::媒体资产外壳[0m[2m:[0m 读取附件内容成功 [3musecase[0m[2m=[0m"读取附件内容" [3madapter[0m[2m=[0m"http" [3moutcome[0m[2m=[0m"succeeded" [3mrequest_kind[0m[2m=[0m"附件内容读取" [3mattachment_id[0m[2m=[0m"att-4e0480d9e16e" [3msession_id[0m[2m=[0m"s-3698d9833309"
[backend] [2m2026-04-25T16:41:53.4410218+08:00[0m [32m INFO[0m ThreadId(06) [2mkoko::shell::媒体资产外壳[0m[2m:[0m HTTP 请求已受理 [3musecase[0m[2m=[0m"读取附件内容" [3madapter[0m[2m=[0m"http" [3moutcome[0m[2m=[0m"accepted" [3mrequest_kind[0m[2m=[0m"附件内容读取" [3mattachment_id[0m[2m=[0m"att-9f6a9ebb48a6" [3msession_id[0m[2m=[0m"s-3698d9833309"
[backend] [2m2026-04-25T16:41:53.4402878+08:00[0m [32m INFO[0m ThreadId(03) [2mkoko::shell::媒体资产外壳[0m[2m:[0m 读取附件内容成功 [3musecase[0m[2m=[0m"读取附件内容" [3madapter[0m[2m=[0m"http" [3moutcome[0m[2m=[0m"succeeded" [3mrequest_kind[0m[2m=[0m"附件内容读取" [3mattachment_id[0m[2m=[0m"att-4e0480d9e16e" [3msession_id[0m[2m=[0m"s-3698d9833309"
[backend] [2m2026-04-25T16:41:53.441331+08:00[0m [32m INFO[0m ThreadId(11) [2mkoko::shell::媒体资产外壳[0m[2m:[0m HTTP 请求已受理 [3musecase[0m[2m=[0m"读取附件内容" [3madapter[0m[2m=[0m"http" [3moutcome[0m[2m=[0m"accepted" [3mrequest_kind[0m[2m=[0m"附件内容读取" [3mattachment_id[0m[2m=[0m"att-9f6a9ebb48a6" [3msession_id[0m[2m=[0m"s-3698d9833309"
[backend] [2m2026-04-25T16:41:53.4482572+08:00[0m [32m INFO[0m ThreadId(10) [2mkoko::shell::媒体资产外壳[0m[2m:[0m HTTP 请求已受理 [3musecase[0m[2m=[0m"读取附件内容" [3madapter[0m[2m=[0m"http" [3moutcome[0m[2m=[0m"accepted" [3mrequest_kind[0m[2m=[0m"附件内容读取" [3mattachment_id[0m[2m=[0m"att-9f6a9ebb48a6" [3msession_id[0m[2m=[0m"s-3698d9833309"
[backend] [2m2026-04-25T16:41:53.4581047+08:00[0m [32m INFO[0m ThreadId(03) [2mkoko::shell::媒体资产外壳[0m[2m:[0m 读取附件内容成功 [3musecase[0m[2m=[0m"读取附件内容" [3madapter[0m[2m=[0m"http" [3moutcome[0m[2m=[0m"succeeded" [3mrequest_kind[0m[2m=[0m"附件内容读取" [3mattachment_id[0m[2m=[0m"att-9f6a9ebb48a6" [3msession_id[0m[2m=[0m"s-3698d9833309"
[backend] [2m2026-04-25T16:41:53.458434+08:00[0m [32m INFO[0m ThreadId(10) [2mkoko::shell::媒体资产外壳[0m[2m:[0m 读取附件内容成功 [3musecase[0m[2m=[0m"读取附件内容" [3madapter[0m[2m=[0m"http" [3moutcome[0m[2m=[0m"succeeded" [3mrequest_kind[0m[2m=[0m"附件内容读取" [3mattachment_id[0m[2m=[0m"att-9f6a9ebb48a6" [3msession_id[0m[2m=[0m"s-3698d9833309"
[backend] [2m2026-04-25T16:41:53.4601386+08:00[0m [32m INFO[0m ThreadId(11) [2mkoko::shell::媒体资产外壳[0m[2m:[0m 读取附件内容成功 [3musecase[0m[2m=[0m"读取附件内容" [3madapter[0m[2m=[0m"http" [3moutcome[0m[2m=[0m"succeeded" [3mrequest_kind[0m[2m=[0m"附件内容读取" [3mattachment_id[0m[2m=[0m"att-9f6a9ebb48a6" [3msession_id[0m[2m=[0m"s-3698d9833309"
[backend] [2m2026-04-25T16:41:53.4665147+08:00[0m [32m INFO[0m ThreadId(11) [2mkoko::shell::媒体资产外壳[0m[2m:[0m 读取附件内容成功 [3musecase[0m[2m=[0m"读取附件内容" [3madapter[0m[2m=[0m"http" [3moutcome[0m[2m=[0m"succeeded" [3mrequest_kind[0m[2m=[0m"附件内容读取" [3mattachment_id[0m[2m=[0m"att-9f6a9ebb48a6" [3msession_id[0m[2m=[0m"s-3698d9833309"
[tracker] 2026-04-25T08:41:53.398Z complete: 2d5757303230382d707674366a74593576456a4e
[tracker] 2026-04-25T08:41:53.429Z complete: 2d5757303230382d707674366a74593576456a4e
[backend] [2m2026-04-25T16:41:53.5954958+08:00[0m [32m INFO[0m ThreadId(04) [2mkoko::shell::媒体资产外壳[0m[2m:[0m HTTP 请求已受理 [3musecase[0m[2m=[0m"读取附件内容" [3madapter[0m[2m=[0m"http" [3moutcome[0m[2m=[0m"accepted" [3mrequest_kind[0m[2m=[0m"附件内容读取" [3mattachment_id[0m[2m=[0m"att-5d2bc6f45393" [3msession_id[0m[2m=[0m"s-3698d9833309"
[backend] [2m2026-04-25T16:41:53.5965981+08:00[0m [32m INFO[0m ThreadId(04) [2mkoko::shell::媒体资产外壳[0m[2m:[0m HTTP 请求已受理 [3musecase[0m[2m=[0m"读取附件内容" [3madapter[0m[2m=[0m"http" [3moutcome[0m[2m=[0m"accepted" [3mrequest_kind[0m[2m=[0m"附件内容读取" [3mattachment_id[0m[2m=[0m"att-4e0480d9e16e" [3msession_id[0m[2m=[0m"s-3698d9833309"
[backend] [2m2026-04-25T16:41:53.5976238+08:00[0m [32m INFO[0m ThreadId(10) [2mkoko::shell::媒体资产外壳[0m[2m:[0m HTTP 请求已受理 [3musecase[0m[2m=[0m"读取附件内容" [3madapter[0m[2m=[0m"http" [3moutcome[0m[2m=[0m"accepted" [3mrequest_kind[0m[2m=[0m"附件内容读取" [3mattachment_id[0m[2m=[0m"att-4e0480d9e16e" [3msession_id[0m[2m=[0m"s-3698d9833309"
[backend] [2m2026-04-25T16:41:53.5976241+08:00[0m [32m INFO[0m ThreadId(04) [2mkoko::shell::媒体资产外壳[0m[2m:[0m HTTP 请求已受理 [3musecase[0m[2m=[0m"读取附件内容" [3madapter[0m[2m=[0m"http" [3moutcome[0m[2m=[0m"accepted" [3mrequest_kind[0m[2m=[0m"附件内容读取" [3mattachment_id[0m[2m=[0m"att-5d2bc6f45393" [3msession_id[0m[2m=[0m"s-3698d9833309"
[backend] [2m2026-04-25T16:41:53.5976238+08:00[0m [32m INFO[0m ThreadId(03) [2mkoko::shell::媒体资产外壳[0m[2m:[0m HTTP 请求已受理 [3musecase[0m[2m=[0m"读取附件内容" [3madapter[0m[2m=[0m"http" [3moutcome[0m[2m=[0m"accepted" [3mrequest_kind[0m[2m=[0m"附件内容读取" [3mattachment_id[0m[2m=[0m"att-4e0480d9e16e" [3msession_id[0m[2m=[0m"s-3698d9833309"
[backend] [2m2026-04-25T16:41:53.5981271+08:00[0m [32m INFO[0m ThreadId(11) [2mkoko::shell::媒体资产外壳[0m[2m:[0m HTTP 请求已受理 [3musecase[0m[2m=[0m"读取附件内容" [3madapter[0m[2m=[0m"http" [3moutcome[0m[2m=[0m"accepted" [3mrequest_kind[0m[2m=[0m"附件内容读取" [3mattachment_id[0m[2m=[0m"att-5d2bc6f45393" [3msession_id[0m[2m=[0m"s-3698d9833309"
[backend] [2m2026-04-25T16:41:53.6132037+08:00[0m [32m INFO[0m ThreadId(03) [2mkoko::shell::媒体资产外壳[0m[2m:[0m 读取附件内容成功 [3musecase[0m[2m=[0m"读取附件内容" [3madapter[0m[2m=[0m"http" [3moutcome[0m[2m=[0m"succeeded" [3mrequest_kind[0m[2m=[0m"附件内容读取" [3mattachment_id[0m[2m=[0m"att-4e0480d9e16e" [3msession_id[0m[2m=[0m"s-3698d9833309"
[backend] [2m2026-04-25T16:41:53.6132037+08:00[0m [32m INFO[0m ThreadId(06) [2mkoko::shell::媒体资产外壳[0m[2m:[0m 读取附件内容成功 [3musecase[0m[2m=[0m"读取附件内容" [3madapter[0m[2m=[0m"http" [3moutcome[0m[2m=[0m"succeeded" [3mrequest_kind[0m[2m=[0m"附件内容读取" [3mattachment_id[0m[2m=[0m"att-4e0480d9e16e" [3msession_id[0m[2m=[0m"s-3698d9833309"
[backend] [2m2026-04-25T16:41:53.6155573+08:00[0m [32m INFO[0m ThreadId(03) [2mkoko::shell::媒体资产外壳[0m[2m:[0m 读取附件内容成功 [3musecase[0m[2m=[0m"读取附件内容" [3madapter[0m[2m=[0m"http" [3moutcome[0m[2m=[0m"succeeded" [3mrequest_kind[0m[2m=[0m"附件内容读取" [3mattachment_id[0m[2m=[0m"att-5d2bc6f45393" [3msession_id[0m[2m=[0m"s-3698d9833309"
[backend] [2m2026-04-25T16:41:53.6162239+08:00[0m [32m INFO[0m ThreadId(06) [2mkoko::shell::媒体资产外壳[0m[2m:[0m 读取附件内容成功 [3musecase[0m[2m=[0m"读取附件内容" [3madapter[0m[2m=[0m"http" [3moutcome[0m[2m=[0m"succeeded" [3mrequest_kind[0m[2m=[0m"附件内容读取" [3mattachment_id[0m[2m=[0m"att-5d2bc6f45393" [3msession_id[0m[2m=[0m"s-3698d9833309"
[backend] [2m2026-04-25T16:41:53.6194229+08:00[0m [32m INFO[0m ThreadId(03) [2mkoko::shell::媒体资产外壳[0m[2m:[0m 读取附件内容成功 [3musecase[0m[2m=[0m"读取附件内容" [3madapter[0m[2m=[0m"http" [3moutcome[0m[2m=[0m"succeeded" [3mrequest_kind[0m[2m=[0m"附件内容读取" [3mattachment_id[0m[2m=[0m"att-4e0480d9e16e" [3msession_id[0m[2m=[0m"s-3698d9833309"
[backend] [2m2026-04-25T16:41:53.6266741+08:00[0m [32m INFO[0m ThreadId(03) [2mkoko::shell::媒体资产外壳[0m[2m:[0m 读取附件内容成功 [3musecase[0m[2m=[0m"读取附件内容" [3madapter[0m[2m=[0m"http" [3moutcome[0m[2m=[0m"succeeded" [3mrequest_kind[0m[2m=[0m"附件内容读取" [3mattachment_id[0m[2m=[0m"att-5d2bc6f45393" [3msession_id[0m[2m=[0m"s-3698d9833309"
[backend] [2m2026-04-25T16:41:54.3660912+08:00[0m [32m INFO[0m ThreadId(11) [2mkoko::shell::媒体资产外壳[0m[2m:[0m HTTP 请求已受理 [3musecase[0m[2m=[0m"读取附件内容" [3madapter[0m[2m=[0m"http" [3moutcome[0m[2m=[0m"accepted" [3mrequest_kind[0m[2m=[0m"附件内容读取" [3mattachment_id[0m[2m=[0m"att-9f6a9ebb48a6" [3msession_id[0m[2m=[0m"s-3698d9833309"
[backend] [2m2026-04-25T16:41:54.3915647+08:00[0m [32m INFO[0m ThreadId(06) [2mkoko::shell::媒体资产外壳[0m[2m:[0m 读取附件内容成功 [3musecase[0m[2m=[0m"读取附件内容" [3madapter[0m[2m=[0m"http" [3moutcome[0m[2m=[0m"succeeded" [3mrequest_kind[0m[2m=[0m"附件内容读取" [3mattachment_id[0m[2m=[0m"att-9f6a9ebb48a6" [3msession_id[0m[2m=[0m"s-3698d9833309"
[backend] [2m2026-04-25T16:41:54.4160703+08:00[0m [32m INFO[0m ThreadId(11) [2mkoko::shell::媒体资产外壳[0m[2m:[0m HTTP 请求已受理 [3musecase[0m[2m=[0m"读取附件内容" [3madapter[0m[2m=[0m"http" [3moutcome[0m[2m=[0m"accepted" [3mrequest_kind[0m[2m=[0m"附件内容读取" [3mattachment_id[0m[2m=[0m"att-4e0480d9e16e" [3msession_id[0m[2m=[0m"s-3698d9833309"
[backend] [2m2026-04-25T16:41:54.4172056+08:00[0m [32m INFO[0m ThreadId(11) [2mkoko::shell::媒体资产外壳[0m[2m:[0m HTTP 请求已受理 [3musecase[0m[2m=[0m"读取附件内容" [3madapter[0m[2m=[0m"http" [3moutcome[0m[2m=[0m"accepted" [3mrequest_kind[0m[2m=[0m"附件内容读取" [3mattachment_id[0m[2m=[0m"att-4e0480d9e16e" [3msession_id[0m[2m=[0m"s-3698d9833309"
[backend] [2m2026-04-25T16:41:54.4293846+08:00[0m [32m INFO[0m ThreadId(05) [2mkoko::shell::媒体资产外壳[0m[2m:[0m HTTP 请求已受理 [3musecase[0m[2m=[0m"读取附件内容" [3madapter[0m[2m=[0m"http" [3moutcome[0m[2m=[0m"accepted" [3mrequest_kind[0m[2m=[0m"附件内容读取" [3mattachment_id[0m[2m=[0m"att-4e0480d9e16e" [3msession_id[0m[2m=[0m"s-3698d9833309"
[backend] [2m2026-04-25T16:41:54.4293845+08:00[0m [32m INFO[0m ThreadId(11) [2mkoko::shell::媒体资产外壳[0m[2m:[0m HTTP 请求已受理 [3musecase[0m[2m=[0m"读取附件内容" [3madapter[0m[2m=[0m"http" [3moutcome[0m[2m=[0m"accepted" [3mrequest_kind[0m[2m=[0m"附件内容读取" [3mattachment_id[0m[2m=[0m"att-4e0480d9e16e" [3msession_id[0m[2m=[0m"s-3698d9833309"
[backend] [2m2026-04-25T16:41:54.4397626+08:00[0m [32m INFO[0m ThreadId(10) [2mkoko::shell::媒体资产外壳[0m[2m:[0m 读取附件内容成功 [3musecase[0m[2m=[0m"读取附件内容" [3madapter[0m[2m=[0m"http" [3moutcome[0m[2m=[0m"succeeded" [3mrequest_kind[0m[2m=[0m"附件内容读取" [3mattachment_id[0m[2m=[0m"att-4e0480d9e16e" [3msession_id[0m[2m=[0m"s-3698d9833309"
[backend] [2m2026-04-25T16:41:54.4414775+08:00[0m [32m INFO[0m ThreadId(05) [2mkoko::shell::媒体资产外壳[0m[2m:[0m 读取附件内容成功 [3musecase[0m[2m=[0m"读取附件内容" [3madapter[0m[2m=[0m"http" [3moutcome[0m[2m=[0m"succeeded" [3mrequest_kind[0m[2m=[0m"附件内容读取" [3mattachment_id[0m[2m=[0m"att-4e0480d9e16e" [3msession_id[0m[2m=[0m"s-3698d9833309"
[backend] [2m2026-04-25T16:41:54.4437816+08:00[0m [32m INFO[0m ThreadId(05) [2mkoko::shell::媒体资产外壳[0m[2m:[0m 读取附件内容成功 [3musecase[0m[2m=[0m"读取附件内容" [3madapter[0m[2m=[0m"http" [3moutcome[0m[2m=[0m"succeeded" [3mrequest_kind[0m[2m=[0m"附件内容读取" [3mattachment_id[0m[2m=[0m"att-4e0480d9e16e" [3msession_id[0m[2m=[0m"s-3698d9833309"
[backend] [2m2026-04-25T16:41:54.4589628+08:00[0m [32m INFO[0m ThreadId(05) [2mkoko::shell::媒体资产外壳[0m[2m:[0m 读取附件内容成功 [3musecase[0m[2m=[0m"读取附件内容" [3madapter[0m[2m=[0m"http" [3moutcome[0m[2m=[0m"succeeded" [3mrequest_kind[0m[2m=[0m"附件内容读取" [3mattachment_id[0m[2m=[0m"att-4e0480d9e16e" [3msession_id[0m[2m=[0m"s-3698d9833309"
[tracker] 2026-04-25T08:41:54.613Z complete: 2d5757303230382d707674366a74593576456a4e
[backend] [2m2026-04-25T16:41:54.6935255+08:00[0m [32m INFO[0m ThreadId(06) [2mkoko::shell::媒体资产外壳[0m[2m:[0m HTTP 请求已受理 [3musecase[0m[2m=[0m"读取附件内容" [3madapter[0m[2m=[0m"http" [3moutcome[0m[2m=[0m"accepted" [3mrequest_kind[0m[2m=[0m"附件内容读取" [3mattachment_id[0m[2m=[0m"att-5d2bc6f45393" [3msession_id[0m[2m=[0m"s-3698d9833309"
[backend] [2m2026-04-25T16:41:54.6948648+08:00[0m [32m INFO[0m ThreadId(10) [2mkoko::shell::媒体资产外壳[0m[2m:[0m HTTP 请求已受理 [3musecase[0m[2m=[0m"读取附件内容" [3madapter[0m[2m=[0m"http" [3moutcome[0m[2m=[0m"accepted" [3mrequest_kind[0m[2m=[0m"附件内容读取" [3mattachment_id[0m[2m=[0m"att-5d2bc6f45393" [3msession_id[0m[2m=[0m"s-3698d9833309"
[backend] [2m2026-04-25T16:41:54.6948648+08:00[0m [32m INFO[0m ThreadId(06) [2mkoko::shell::媒体资产外壳[0m[2m:[0m HTTP 请求已受理 [3musecase[0m[2m=[0m"读取附件内容" [3madapter[0m[2m=[0m"http" [3moutcome[0m[2m=[0m"accepted" [3mrequest_kind[0m[2m=[0m"附件内容读取" [3mattachment_id[0m[2m=[0m"att-5d2bc6f45393" [3msession_id[0m[2m=[0m"s-3698d9833309"
[backend] [2m2026-04-25T16:41:54.7248915+08:00[0m [32m INFO[0m ThreadId(11) [2mkoko::shell::媒体资产外壳[0m[2m:[0m 读取附件内容成功 [3musecase[0m[2m=[0m"读取附件内容" [3madapter[0m[2m=[0m"http" [3moutcome[0m[2m=[0m"succeeded" [3mrequest_kind[0m[2m=[0m"附件内容读取" [3mattachment_id[0m[2m=[0m"att-5d2bc6f45393" [3msession_id[0m[2m=[0m"s-3698d9833309"
[backend] [2m2026-04-25T16:41:54.7248916+08:00[0m [32m INFO[0m ThreadId(05) [2mkoko::shell::媒体资产外壳[0m[2m:[0m 读取附件内容成功 [3musecase[0m[2m=[0m"读取附件内容" [3madapter[0m[2m=[0m"http" [3moutcome[0m[2m=[0m"succeeded" [3mrequest_kind[0m[2m=[0m"附件内容读取" [3mattachment_id[0m[2m=[0m"att-5d2bc6f45393" [3msession_id[0m[2m=[0m"s-3698d9833309"
[backend] [2m2026-04-25T16:41:54.725284+08:00[0m [32m INFO[0m ThreadId(10) [2mkoko::shell::媒体资产外壳[0m[2m:[0m 读取附件内容成功 [3musecase[0m[2m=[0m"读取附件内容" [3madapter[0m[2m=[0m"http" [3moutcome[0m[2m=[0m"succeeded" [3mrequest_kind[0m[2m=[0m"附件内容读取" [3mattachment_id[0m[2m=[0m"att-5d2bc6f45393" [3msession_id[0m[2m=[0m"s-3698d9833309"
[backend] [2m2026-04-25T16:41:54.8629365+08:00[0m [32m INFO[0m ThreadId(06) [2mkoko::shell::媒体资产外壳[0m[2m:[0m HTTP 请求已受理 [3musecase[0m[2m=[0m"读取附件内容" [3madapter[0m[2m=[0m"http" [3moutcome[0m[2m=[0m"accepted" [3mrequest_kind[0m[2m=[0m"附件内容读取" [3mattachment_id[0m[2m=[0m"att-4e0480d9e16e" [3msession_id[0m[2m=[0m"s-3698d9833309"
[backend] [2m2026-04-25T16:41:54.8640274+08:00[0m [32m INFO[0m ThreadId(06) [2mkoko::shell::媒体资产外壳[0m[2m:[0m HTTP 请求已受理 [3musecase[0m[2m=[0m"读取附件内容" [3madapter[0m[2m=[0m"http" [3moutcome[0m[2m=[0m"accepted" [3mrequest_kind[0m[2m=[0m"附件内容读取" [3mattachment_id[0m[2m=[0m"att-4e0480d9e16e" [3msession_id[0m[2m=[0m"s-3698d9833309"
[backend] [2m2026-04-25T16:41:54.8640274+08:00[0m [32m INFO[0m ThreadId(05) [2mkoko::shell::媒体资产外壳[0m[2m:[0m HTTP 请求已受理 [3musecase[0m[2m=[0m"读取附件内容" [3madapter[0m[2m=[0m"http" [3moutcome[0m[2m=[0m"accepted" [3mrequest_kind[0m[2m=[0m"附件内容读取" [3mattachment_id[0m[2m=[0m"att-4e0480d9e16e" [3msession_id[0m[2m=[0m"s-3698d9833309"
[backend] [2m2026-04-25T16:41:54.8643894+08:00[0m [32m INFO[0m ThreadId(10) [2mkoko::shell::媒体资产外壳[0m[2m:[0m HTTP 请求已受理 [3musecase[0m[2m=[0m"读取附件内容" [3madapter[0m[2m=[0m"http" [3moutcome[0m[2m=[0m"accepted" [3mrequest_kind[0m[2m=[0m"附件内容读取" [3mattachment_id[0m[2m=[0m"att-4e0480d9e16e" [3msession_id[0m[2m=[0m"s-3698d9833309"
[backend] [2m2026-04-25T16:41:54.8833513+08:00[0m [32m INFO[0m ThreadId(05) [2mkoko::shell::媒体资产外壳[0m[2m:[0m 读取附件内容成功 [3musecase[0m[2m=[0m"读取附件内容" [3madapter[0m[2m=[0m"http" [3moutcome[0m[2m=[0m"succeeded" [3mrequest_kind[0m[2m=[0m"附件内容读取" [3mattachment_id[0m[2m=[0m"att-4e0480d9e16e" [3msession_id[0m[2m=[0m"s-3698d9833309"
[backend] [2m2026-04-25T16:41:54.8850975+08:00[0m [32m INFO[0m ThreadId(05) [2mkoko::shell::媒体资产外壳[0m[2m:[0m 读取附件内容成功 [3musecase[0m[2m=[0m"读取附件内容" [3madapter[0m[2m=[0m"http" [3moutcome[0m[2m=[0m"succeeded" [3mrequest_kind[0m[2m=[0m"附件内容读取" [3mattachment_id[0m[2m=[0m"att-4e0480d9e16e" [3msession_id[0m[2m=[0m"s-3698d9833309"
[backend] [2m2026-04-25T16:41:54.8851418+08:00[0m [32m INFO[0m ThreadId(11) [2mkoko::shell::媒体资产外壳[0m[2m:[0m 读取附件内容成功 [3musecase[0m[2m=[0m"读取附件内容" [3madapter[0m[2m=[0m"http" [3moutcome[0m[2m=[0m"succeeded" [3mrequest_kind[0m[2m=[0m"附件内容读取" [3mattachment_id[0m[2m=[0m"att-4e0480d9e16e" [3msession_id[0m[2m=[0m"s-3698d9833309"
[backend] [2m2026-04-25T16:41:54.8851439+08:00[0m [32m INFO[0m ThreadId(10) [2mkoko::shell::媒体资产外壳[0m[2m:[0m 读取附件内容成功 [3musecase[0m[2m=[0m"读取附件内容" [3madapter[0m[2m=[0m"http" [3moutcome[0m[2m=[0m"succeeded" [3mrequest_kind[0m[2m=[0m"附件内容读取" [3mattachment_id[0m[2m=[0m"att-4e0480d9e16e" [3msession_id[0m[2m=[0m"s-3698d9833309"
[tracker] 2026-04-25T08:41:54.808Z update: 2d5757303230382d5777657347504e6f4c4f4459
[backend] [2m2026-04-25T16:41:55.062821+08:00[0m [32m INFO[0m ThreadId(06) [2mkoko::shell::媒体资产外壳[0m[2m:[0m HTTP 请求已受理 [3musecase[0m[2m=[0m"读取附件内容" [3madapter[0m[2m=[0m"http" [3moutcome[0m[2m=[0m"accepted" [3mrequest_kind[0m[2m=[0m"附件内容读取" [3mattachment_id[0m[2m=[0m"att-5d2bc6f45393" [3msession_id[0m[2m=[0m"s-3698d9833309"
[backend] [2m2026-04-25T16:41:55.0811594+08:00[0m [32m INFO[0m ThreadId(06) [2mkoko::shell::媒体资产外壳[0m[2m:[0m 读取附件内容成功 [3musecase[0m[2m=[0m"读取附件内容" [3madapter[0m[2m=[0m"http" [3moutcome[0m[2m=[0m"succeeded" [3mrequest_kind[0m[2m=[0m"附件内容读取" [3mattachment_id[0m[2m=[0m"att-5d2bc6f45393" [3msession_id[0m[2m=[0m"s-3698d9833309"
[backend] [2m2026-04-25T16:41:55.0907459+08:00[0m [32m INFO[0m ThreadId(05) [2mkoko::shell::媒体资产外壳[0m[2m:[0m HTTP 请求已受理 [3musecase[0m[2m=[0m"读取附件内容" [3madapter[0m[2m=[0m"http" [3moutcome[0m[2m=[0m"accepted" [3mrequest_kind[0m[2m=[0m"附件内容读取" [3mattachment_id[0m[2m=[0m"att-5d2bc6f45393" [3msession_id[0m[2m=[0m"s-3698d9833309"
[backend] [2m2026-04-25T16:41:55.0908073+08:00[0m [32m INFO[0m ThreadId(06) [2mkoko::shell::媒体资产外壳[0m[2m:[0m HTTP 请求已受理 [3musecase[0m[2m=[0m"读取附件内容" [3madapter[0m[2m=[0m"http" [3moutcome[0m[2m=[0m"accepted" [3mrequest_kind[0m[2m=[0m"附件内容读取" [3mattachment_id[0m[2m=[0m"att-5d2bc6f45393" [3msession_id[0m[2m=[0m"s-3698d9833309"
[backend] [2m2026-04-25T16:41:55.106965+08:00[0m [32m INFO[0m ThreadId(05) [2mkoko::shell::媒体资产外壳[0m[2m:[0m 读取附件内容成功 [3musecase[0m[2m=[0m"读取附件内容" [3madapter[0m[2m=[0m"http" [3moutcome[0m[2m=[0m"succeeded" [3mrequest_kind[0m[2m=[0m"附件内容读取" [3mattachment_id[0m[2m=[0m"att-5d2bc6f45393" [3msession_id[0m[2m=[0m"s-3698d9833309"
[backend] [2m2026-04-25T16:41:55.1069585+08:00[0m [32m INFO[0m ThreadId(11) [2mkoko::shell::媒体资产外壳[0m[2m:[0m 读取附件内容成功 [3musecase[0m[2m=[0m"读取附件内容" [3madapter[0m[2m=[0m"http" [3moutcome[0m[2m=[0m"succeeded" [3mrequest_kind[0m[2m=[0m"附件内容读取" [3mattachment_id[0m[2m=[0m"att-5d2bc6f45393" [3msession_id[0m[2m=[0m"s-3698d9833309"
[backend] [2m2026-04-25T16:41:55.107829+08:00[0m [32m INFO[0m ThreadId(06) [2mkoko::shell::媒体资产外壳[0m[2m:[0m HTTP 请求已受理 [3musecase[0m[2m=[0m"读取附件内容" [3madapter[0m[2m=[0m"http" [3moutcome[0m[2m=[0m"accepted" [3mrequest_kind[0m[2m=[0m"附件内容读取" [3mattachment_id[0m[2m=[0m"att-5d2bc6f45393" [3msession_id[0m[2m=[0m"s-3698d9833309"
[backend] [2m2026-04-25T16:41:55.1193547+08:00[0m [32m INFO[0m ThreadId(05) [2mkoko::shell::媒体资产外壳[0m[2m:[0m 读取附件内容成功 [3musecase[0m[2m=[0m"读取附件内容" [3madapter[0m[2m=[0m"http" [3moutcome[0m[2m=[0m"succeeded" [3mrequest_kind[0m[2m=[0m"附件内容读取" [3mattachment_id[0m[2m=[0m"att-5d2bc6f45393" [3msession_id[0m[2m=[0m"s-3698d9833309"
[backend] [2m2026-04-25T16:41:55.418763+08:00[0m [32m INFO[0m ThreadId(05) [2mkoko::shell::媒体资产外壳[0m[2m:[0m HTTP 请求已受理 [3musecase[0m[2m=[0m"读取附件内容" [3madapter[0m[2m=[0m"http" [3moutcome[0m[2m=[0m"accepted" [3mrequest_kind[0m[2m=[0m"附件内容读取" [3mattachment_id[0m[2m=[0m"att-4e0480d9e16e" [3msession_id[0m[2m=[0m"s-3698d9833309"
[backend] [2m2026-04-25T16:41:55.4203612+08:00[0m [32m INFO[0m ThreadId(05) [2mkoko::shell::媒体资产外壳[0m[2m:[0m HTTP 请求已受理 [3musecase[0m[2m=[0m"读取附件内容" [3madapter[0m[2m=[0m"http" [3moutcome[0m[2m=[0m"accepted" [3mrequest_kind[0m[2m=[0m"附件内容读取" [3mattachment_id[0m[2m=[0m"att-4e0480d9e16e" [3msession_id[0m[2m=[0m"s-3698d9833309"
[backend] [2m2026-04-25T16:41:55.437875+08:00[0m [32m INFO[0m ThreadId(05) [2mkoko::shell::媒体资产外壳[0m[2m:[0m 读取附件内容成功 [3musecase[0m[2m=[0m"读取附件内容" [3madapter[0m[2m=[0m"http" [3moutcome[0m[2m=[0m"succeeded" [3mrequest_kind[0m[2m=[0m"附件内容读取" [3mattachment_id[0m[2m=[0m"att-4e0480d9e16e" [3msession_id[0m[2m=[0m"s-3698d9833309"
[backend] [2m2026-04-25T16:41:55.4402087+08:00[0m [32m INFO[0m ThreadId(11) [2mkoko::shell::媒体资产外壳[0m[2m:[0m 读取附件内容成功 [3musecase[0m[2m=[0m"读取附件内容" [3madapter[0m[2m=[0m"http" [3moutcome[0m[2m=[0m"succeeded" [3mrequest_kind[0m[2m=[0m"附件内容读取" [3mattachment_id[0m[2m=[0m"att-4e0480d9e16e" [3msession_id[0m[2m=[0m"s-3698d9833309"
[backend] [2m2026-04-25T16:41:55.4849176+08:00[0m [32m INFO[0m ThreadId(06) [2mkoko::shell::媒体资产外壳[0m[2m:[0m HTTP 请求已受理 [3musecase[0m[2m=[0m"读取附件内容" [3madapter[0m[2m=[0m"http" [3moutcome[0m[2m=[0m"accepted" [3mrequest_kind[0m[2m=[0m"附件内容读取" [3mattachment_id[0m[2m=[0m"att-4e0480d9e16e" [3msession_id[0m[2m=[0m"s-3698d9833309"
[backend] [2m2026-04-25T16:41:55.4870173+08:00[0m [32m INFO[0m ThreadId(06) [2mkoko::shell::媒体资产外壳[0m[2m:[0m HTTP 请求已受理 [3musecase[0m[2m=[0m"读取附件内容" [3madapter[0m[2m=[0m"http" [3moutcome[0m[2m=[0m"accepted" [3mrequest_kind[0m[2m=[0m"附件内容读取" [3mattachment_id[0m[2m=[0m"att-4e0480d9e16e" [3msession_id[0m[2m=[0m"s-3698d9833309"
[backend] [2m2026-04-25T16:41:55.5074616+08:00[0m [32m INFO[0m ThreadId(06) [2mkoko::shell::媒体资产外壳[0m[2m:[0m 读取附件内容成功 [3musecase[0m[2m=[0m"读取附件内容" [3madapter[0m[2m=[0m"http" [3moutcome[0m[2m=[0m"succeeded" [3mrequest_kind[0m[2m=[0m"附件内容读取" [3mattachment_id[0m[2m=[0m"att-4e0480d9e16e" [3msession_id[0m[2m=[0m"s-3698d9833309"
[backend] [2m2026-04-25T16:41:55.5075843+08:00[0m [32m INFO[0m ThreadId(05) [2mkoko::shell::媒体资产外壳[0m[2m:[0m 读取附件内容成功 [3musecase[0m[2m=[0m"读取附件内容" [3madapter[0m[2m=[0m"http" [3moutcome[0m[2m=[0m"succeeded" [3mrequest_kind[0m[2m=[0m"附件内容读取" [3mattachment_id[0m[2m=[0m"att-4e0480d9e16e" [3msession_id[0m[2m=[0m"s-3698d9833309"
[backend] [2m2026-04-25T16:41:55.7008109+08:00[0m [32m INFO[0m ThreadId(11) [2mkoko::shell::媒体资产外壳[0m[2m:[0m HTTP 请求已受理 [3musecase[0m[2m=[0m"读取附件内容" [3madapter[0m[2m=[0m"http" [3moutcome[0m[2m=[0m"accepted" [3mrequest_kind[0m[2m=[0m"附件内容读取" [3mattachment_id[0m[2m=[0m"att-5d2bc6f45393" [3msession_id[0m[2m=[0m"s-3698d9833309"
[backend] [2m2026-04-25T16:41:55.7216821+08:00[0m [32m INFO[0m ThreadId(06) [2mkoko::shell::媒体资产外壳[0m[2m:[0m 读取附件内容成功 [3musecase[0m[2m=[0m"读取附件内容" [3madapter[0m[2m=[0m"http" [3moutcome[0m[2m=[0m"succeeded" [3mrequest_kind[0m[2m=[0m"附件内容读取" [3mattachment_id[0m[2m=[0m"att-5d2bc6f45393" [3msession_id[0m[2m=[0m"s-3698d9833309"
[backend] [2m2026-04-25T16:41:55.8099848+08:00[0m [32m INFO[0m ThreadId(11) [2mkoko::shell::媒体资产外壳[0m[2m:[0m HTTP 请求已受理 [3musecase[0m[2m=[0m"读取附件内容" [3madapter[0m[2m=[0m"http" [3moutcome[0m[2m=[0m"accepted" [3mrequest_kind[0m[2m=[0m"附件内容读取" [3mattachment_id[0m[2m=[0m"att-5d2bc6f45393" [3msession_id[0m[2m=[0m"s-3698d9833309"
[backend] [2m2026-04-25T16:41:55.8126772+08:00[0m [32m INFO[0m ThreadId(11) [2mkoko::shell::媒体资产外壳[0m[2m:[0m HTTP 请求已受理 [3musecase[0m[2m=[0m"读取附件内容" [3madapter[0m[2m=[0m"http" [3moutcome[0m[2m=[0m"accepted" [3mrequest_kind[0m[2m=[0m"附件内容读取" [3mattachment_id[0m[2m=[0m"att-5d2bc6f45393" [3msession_id[0m[2m=[0m"s-3698d9833309"
[backend] [2m2026-04-25T16:41:55.8147509+08:00[0m [32m INFO[0m ThreadId(11) [2mkoko::shell::媒体资产外壳[0m[2m:[0m HTTP 请求已受理 [3musecase[0m[2m=[0m"读取附件内容" [3madapter[0m[2m=[0m"http" [3moutcome[0m[2m=[0m"accepted" [3mrequest_kind[0m[2m=[0m"附件内容读取" [3mattachment_id[0m[2m=[0m"att-5d2bc6f45393" [3msession_id[0m[2m=[0m"s-3698d9833309"
[backend] [2m2026-04-25T16:41:55.8359347+08:00[0m [32m INFO[0m ThreadId(10) [2mkoko::shell::媒体资产外壳[0m[2m:[0m 读取附件内容成功 [3musecase[0m[2m=[0m"读取附件内容" [3madapter[0m[2m=[0m"http" [3moutcome[0m[2m=[0m"succeeded" [3mrequest_kind[0m[2m=[0m"附件内容读取" [3mattachment_id[0m[2m=[0m"att-5d2bc6f45393" [3msession_id[0m[2m=[0m"s-3698d9833309"
[backend] [2m2026-04-25T16:41:55.8389912+08:00[0m [32m INFO[0m ThreadId(11) [2mkoko::shell::媒体资产外壳[0m[2m:[0m 读取附件内容成功 [3musecase[0m[2m=[0m"读取附件内容" [3madapter[0m[2m=[0m"http" [3moutcome[0m[2m=[0m"succeeded" [3mrequest_kind[0m[2m=[0m"附件内容读取" [3mattachment_id[0m[2m=[0m"att-5d2bc6f45393" [3msession_id[0m[2m=[0m"s-3698d9833309"
[backend] [2m2026-04-25T16:41:55.8392345+08:00[0m [32m INFO[0m ThreadId(05) [2mkoko::shell::媒体资产外壳[0m[2m:[0m 读取附件内容成功 [3musecase[0m[2m=[0m"读取附件内容" [3madapter[0m[2m=[0m"http" [3moutcome[0m[2m=[0m"succeeded" [3mrequest_kind[0m[2m=[0m"附件内容读取" [3mattachment_id[0m[2m=[0m"att-5d2bc6f45393" [3msession_id[0m[2m=[0m"s-3698d9833309"
[backend] [2m2026-04-25T16:41:56.060876+08:00[0m [32m INFO[0m ThreadId(06) [2mkoko::shell::媒体资产外壳[0m[2m:[0m HTTP 请求已受理 [3musecase[0m[2m=[0m"读取附件内容" [3madapter[0m[2m=[0m"http" [3moutcome[0m[2m=[0m"accepted" [3mrequest_kind[0m[2m=[0m"附件内容读取" [3mattachment_id[0m[2m=[0m"att-4e0480d9e16e" [3msession_id[0m[2m=[0m"s-3698d9833309"
[backend] [2m2026-04-25T16:41:56.0629103+08:00[0m [32m INFO[0m ThreadId(06) [2mkoko::shell::媒体资产外壳[0m[2m:[0m HTTP 请求已受理 [3musecase[0m[2m=[0m"读取附件内容" [3madapter[0m[2m=[0m"http" [3moutcome[0m[2m=[0m"accepted" [3mrequest_kind[0m[2m=[0m"附件内容读取" [3mattachment_id[0m[2m=[0m"att-4e0480d9e16e" [3msession_id[0m[2m=[0m"s-3698d9833309"
[backend] [2m2026-04-25T16:41:56.0755447+08:00[0m [32m INFO[0m ThreadId(11) [2mkoko::shell::媒体资产外壳[0m[2m:[0m 读取附件内容成功 [3musecase[0m[2m=[0m"读取附件内容" [3madapter[0m[2m=[0m"http" [3moutcome[0m[2m=[0m"succeeded" [3mrequest_kind[0m[2m=[0m"附件内容读取" [3mattachment_id[0m[2m=[0m"att-4e0480d9e16e" [3msession_id[0m[2m=[0m"s-3698d9833309"
[backend] [2m2026-04-25T16:41:56.0810423+08:00[0m [32m INFO[0m ThreadId(11) [2mkoko::shell::媒体资产外壳[0m[2m:[0m 读取附件内容成功 [3musecase[0m[2m=[0m"读取附件内容" [3madapter[0m[2m=[0m"http" [3moutcome[0m[2m=[0m"succeeded" [3mrequest_kind[0m[2m=[0m"附件内容读取" [3mattachment_id[0m[2m=[0m"att-4e0480d9e16e" [3msession_id[0m[2m=[0m"s-3698d9833309"
[backend] [2m2026-04-25T16:41:56.0975121+08:00[0m [32m INFO[0m ThreadId(10) [2mkoko::shell::媒体资产外壳[0m[2m:[0m HTTP 请求已受理 [3musecase[0m[2m=[0m"读取附件内容" [3madapter[0m[2m=[0m"http" [3moutcome[0m[2m=[0m"accepted" [3mrequest_kind[0m[2m=[0m"附件内容读取" [3mattachment_id[0m[2m=[0m"att-4e0480d9e16e" [3msession_id[0m[2m=[0m"s-3698d9833309"
[backend] [2m2026-04-25T16:41:56.0988141+08:00[0m [32m INFO[0m ThreadId(10) [2mkoko::shell::媒体资产外壳[0m[2m:[0m HTTP 请求已受理 [3musecase[0m[2m=[0m"读取附件内容" [3madapter[0m[2m=[0m"http" [3moutcome[0m[2m=[0m"accepted" [3mrequest_kind[0m[2m=[0m"附件内容读取" [3mattachment_id[0m[2m=[0m"att-4e0480d9e16e" [3msession_id[0m[2m=[0m"s-3698d9833309"
[backend] [2m2026-04-25T16:41:56.1162227+08:00[0m [32m INFO[0m ThreadId(10) [2mkoko::shell::媒体资产外壳[0m[2m:[0m 读取附件内容成功 [3musecase[0m[2m=[0m"读取附件内容" [3madapter[0m[2m=[0m"http" [3moutcome[0m[2m=[0m"succeeded" [3mrequest_kind[0m[2m=[0m"附件内容读取" [3mattachment_id[0m[2m=[0m"att-4e0480d9e16e" [3msession_id[0m[2m=[0m"s-3698d9833309"
[backend] [2m2026-04-25T16:41:56.1171998+08:00[0m [32m INFO[0m ThreadId(06) [2mkoko::shell::媒体资产外壳[0m[2m:[0m 读取附件内容成功 [3musecase[0m[2m=[0m"读取附件内容" [3madapter[0m[2m=[0m"http" [3moutcome[0m[2m=[0m"succeeded" [3mrequest_kind[0m[2m=[0m"附件内容读取" [3mattachment_id[0m[2m=[0m"att-4e0480d9e16e" [3msession_id[0m[2m=[0m"s-3698d9833309"
[backend] [2m2026-04-25T16:41:56.378551+08:00[0m [32m INFO[0m ThreadId(05) [2mkoko::shell::媒体资产外壳[0m[2m:[0m HTTP 请求已受理 [3musecase[0m[2m=[0m"读取附件内容" [3madapter[0m[2m=[0m"http" [3moutcome[0m[2m=[0m"accepted" [3mrequest_kind[0m[2m=[0m"附件内容读取" [3mattachment_id[0m[2m=[0m"att-5d2bc6f45393" [3msession_id[0m[2m=[0m"s-3698d9833309"
[backend] [2m2026-04-25T16:41:56.3968844+08:00[0m [32m INFO[0m ThreadId(11) [2mkoko::shell::媒体资产外壳[0m[2m:[0m 读取附件内容成功 [3musecase[0m[2m=[0m"读取附件内容" [3madapter[0m[2m=[0m"http" [3moutcome[0m[2m=[0m"succeeded" [3mrequest_kind[0m[2m=[0m"附件内容读取" [3mattachment_id[0m[2m=[0m"att-5d2bc6f45393" [3msession_id[0m[2m=[0m"s-3698d9833309"
[backend] [2m2026-04-25T16:41:56.445169+08:00[0m [32m INFO[0m ThreadId(05) [2mkoko::shell::媒体资产外壳[0m[2m:[0m HTTP 请求已受理 [3musecase[0m[2m=[0m"读取附件内容" [3madapter[0m[2m=[0m"http" [3moutcome[0m[2m=[0m"accepted" [3mrequest_kind[0m[2m=[0m"附件内容读取" [3mattachment_id[0m[2m=[0m"att-5d2bc6f45393" [3msession_id[0m[2m=[0m"s-3698d9833309"
[backend] [2m2026-04-25T16:41:56.4471351+08:00[0m [32m INFO[0m ThreadId(05) [2mkoko::shell::媒体资产外壳[0m[2m:[0m HTTP 请求已受理 [3musecase[0m[2m=[0m"读取附件内容" [3madapter[0m[2m=[0m"http" [3moutcome[0m[2m=[0m"accepted" [3mrequest_kind[0m[2m=[0m"附件内容读取" [3mattachment_id[0m[2m=[0m"att-5d2bc6f45393" [3msession_id[0m[2m=[0m"s-3698d9833309"
[backend] [2m2026-04-25T16:41:56.4616329+08:00[0m [32m INFO[0m ThreadId(11) [2mkoko::shell::媒体资产外壳[0m[2m:[0m HTTP 请求已受理 [3musecase[0m[2m=[0m"读取附件内容" [3madapter[0m[2m=[0m"http" [3moutcome[0m[2m=[0m"accepted" [3mrequest_kind[0m[2m=[0m"附件内容读取" [3mattachment_id[0m[2m=[0m"att-5d2bc6f45393" [3msession_id[0m[2m=[0m"s-3698d9833309"
[backend] [2m2026-04-25T16:41:56.476423+08:00[0m [32m INFO[0m ThreadId(10) [2mkoko::shell::媒体资产外壳[0m[2m:[0m 读取附件内容成功 [3musecase[0m[2m=[0m"读取附件内容" [3madapter[0m[2m=[0m"http" [3moutcome[0m[2m=[0m"succeeded" [3mrequest_kind[0m[2m=[0m"附件内容读取" [3mattachment_id[0m[2m=[0m"att-5d2bc6f45393" [3msession_id[0m[2m=[0m"s-3698d9833309"
[backend] [2m2026-04-25T16:41:56.4764231+08:00[0m [32m INFO[0m ThreadId(05) [2mkoko::shell::媒体资产外壳[0m[2m:[0m 读取附件内容成功 [3musecase[0m[2m=[0m"读取附件内容" [3madapter[0m[2m=[0m"http" [3moutcome[0m[2m=[0m"succeeded" [3mrequest_kind[0m[2m=[0m"附件内容读取" [3mattachment_id[0m[2m=[0m"att-5d2bc6f45393" [3msession_id[0m[2m=[0m"s-3698d9833309"
[backend] [2m2026-04-25T16:41:56.4846152+08:00[0m [32m INFO[0m ThreadId(06) [2mkoko::shell::媒体资产外壳[0m[2m:[0m 读取附件内容成功 [3musecase[0m[2m=[0m"读取附件内容" [3madapter[0m[2m=[0m"http" [3moutcome[0m[2m=[0m"succeeded" [3mrequest_kind[0m[2m=[0m"附件内容读取" [3mattachment_id[0m[2m=[0m"att-5d2bc6f45393" [3msession_id[0m[2m=[0m"s-3698d9833309"
[backend] [2m2026-04-25T16:41:56.7276598+08:00[0m [32m INFO[0m ThreadId(11) [2mkoko::shell::媒体资产外壳[0m[2m:[0m HTTP 请求已受理 [3musecase[0m[2m=[0m"读取附件内容" [3madapter[0m[2m=[0m"http" [3moutcome[0m[2m=[0m"accepted" [3mrequest_kind[0m[2m=[0m"附件内容读取" [3mattachment_id[0m[2m=[0m"att-4e0480d9e16e" [3msession_id[0m[2m=[0m"s-3698d9833309"
[backend] [2m2026-04-25T16:41:56.7433879+08:00[0m [32m INFO[0m ThreadId(11) [2mkoko::shell::媒体资产外壳[0m[2m:[0m 读取附件内容成功 [3musecase[0m[2m=[0m"读取附件内容" [3madapter[0m[2m=[0m"http" [3moutcome[0m[2m=[0m"succeeded" [3mrequest_kind[0m[2m=[0m"附件内容读取" [3mattachment_id[0m[2m=[0m"att-4e0480d9e16e" [3msession_id[0m[2m=[0m"s-3698d9833309"
[backend] [2m2026-04-25T16:41:57.1471866+08:00[0m [32m INFO[0m ThreadId(05) [2mkoko::shell::媒体资产外壳[0m[2m:[0m HTTP 请求已受理 [3musecase[0m[2m=[0m"读取附件内容" [3madapter[0m[2m=[0m"http" [3moutcome[0m[2m=[0m"accepted" [3mrequest_kind[0m[2m=[0m"附件内容读取" [3mattachment_id[0m[2m=[0m"att-4e0480d9e16e" [3msession_id[0m[2m=[0m"s-3698d9833309"
[backend] [2m2026-04-25T16:41:57.1488039+08:00[0m [32m INFO[0m ThreadId(05) [2mkoko::shell::媒体资产外壳[0m[2m:[0m HTTP 请求已受理 [3musecase[0m[2m=[0m"读取附件内容" [3madapter[0m[2m=[0m"http" [3moutcome[0m[2m=[0m"accepted" [3mrequest_kind[0m[2m=[0m"附件内容读取" [3mattachment_id[0m[2m=[0m"att-4e0480d9e16e" [3msession_id[0m[2m=[0m"s-3698d9833309"
[backend] [2m2026-04-25T16:41:57.1491973+08:00[0m [32m INFO[0m ThreadId(10) [2mkoko::shell::媒体资产外壳[0m[2m:[0m HTTP 请求已受理 [3musecase[0m[2m=[0m"读取附件内容" [3madapter[0m[2m=[0m"http" [3moutcome[0m[2m=[0m"accepted" [3mrequest_kind[0m[2m=[0m"附件内容读取" [3mattachment_id[0m[2m=[0m"att-4e0480d9e16e" [3msession_id[0m[2m=[0m"s-3698d9833309"
[backend] [2m2026-04-25T16:41:57.1754161+08:00[0m [32m INFO[0m ThreadId(11) [2mkoko::shell::媒体资产外壳[0m[2m:[0m 读取附件内容成功 [3musecase[0m[2m=[0m"读取附件内容" [3madapter[0m[2m=[0m"http" [3moutcome[0m[2m=[0m"succeeded" [3mrequest_kind[0m[2m=[0m"附件内容读取" [3mattachment_id[0m[2m=[0m"att-4e0480d9e16e" [3msession_id[0m[2m=[0m"s-3698d9833309"
[backend] [2m2026-04-25T16:41:57.1759074+08:00[0m [32m INFO[0m ThreadId(05) [2mkoko::shell::媒体资产外壳[0m[2m:[0m 读取附件内容成功 [3musecase[0m[2m=[0m"读取附件内容" [3madapter[0m[2m=[0m"http" [3moutcome[0m[2m=[0m"succeeded" [3mrequest_kind[0m[2m=[0m"附件内容读取" [3mattachment_id[0m[2m=[0m"att-4e0480d9e16e" [3msession_id[0m[2m=[0m"s-3698d9833309"
[backend] [2m2026-04-25T16:41:57.1761685+08:00[0m [32m INFO[0m ThreadId(06) [2mkoko::shell::媒体资产外壳[0m[2m:[0m 读取附件内容成功 [3musecase[0m[2m=[0m"读取附件内容" [3madapter[0m[2m=[0m"http" [3moutcome[0m[2m=[0m"succeeded" [3mrequest_kind[0m[2m=[0m"附件内容读取" [3mattachment_id[0m[2m=[0m"att-4e0480d9e16e" [3msession_id[0m[2m=[0m"s-3698d9833309"
[backend] [2m2026-04-25T16:41:57.5943838+08:00[0m [32m INFO[0m ThreadId(10) [2mkoko::shell::媒体资产外壳[0m[2m:[0m HTTP 请求已受理 [3musecase[0m[2m=[0m"读取附件内容" [3madapter[0m[2m=[0m"http" [3moutcome[0m[2m=[0m"accepted" [3mrequest_kind[0m[2m=[0m"附件内容读取" [3mattachment_id[0m[2m=[0m"att-5d2bc6f45393" [3msession_id[0m[2m=[0m"s-3698d9833309"
[backend] [2m2026-04-25T16:41:57.5982279+08:00[0m [32m INFO[0m ThreadId(10) [2mkoko::shell::媒体资产外壳[0m[2m:[0m HTTP 请求已受理 [3musecase[0m[2m=[0m"读取附件内容" [3madapter[0m[2m=[0m"http" [3moutcome[0m[2m=[0m"accepted" [3mrequest_kind[0m[2m=[0m"附件内容读取" [3mattachment_id[0m[2m=[0m"att-5d2bc6f45393" [3msession_id[0m[2m=[0m"s-3698d9833309"
[backend] [2m2026-04-25T16:41:57.5982275+08:00[0m [32m INFO[0m ThreadId(11) [2mkoko::shell::媒体资产外壳[0m[2m:[0m HTTP 请求已受理 [3musecase[0m[2m=[0m"读取附件内容" [3madapter[0m[2m=[0m"http" [3moutcome[0m[2m=[0m"accepted" [3mrequest_kind[0m[2m=[0m"附件内容读取" [3mattachment_id[0m[2m=[0m"att-4e0480d9e16e" [3msession_id[0m[2m=[0m"s-3698d9833309"
[backend] [2m2026-04-25T16:41:57.5992146+08:00[0m [32m INFO[0m ThreadId(06) [2mkoko::shell::媒体资产外壳[0m[2m:[0m HTTP 请求已受理 [3musecase[0m[2m=[0m"读取附件内容" [3madapter[0m[2m=[0m"http" [3moutcome[0m[2m=[0m"accepted" [3mrequest_kind[0m[2m=[0m"附件内容读取" [3mattachment_id[0m[2m=[0m"att-5d2bc6f45393" [3msession_id[0m[2m=[0m"s-3698d9833309"
[backend] [2m2026-04-25T16:41:57.5986006+08:00[0m [32m INFO[0m ThreadId(05) [2mkoko::shell::媒体资产外壳[0m[2m:[0m HTTP 请求已受理 [3musecase[0m[2m=[0m"读取附件内容" [3madapter[0m[2m=[0m"http" [3moutcome[0m[2m=[0m"accepted" [3mrequest_kind[0m[2m=[0m"附件内容读取" [3mattachment_id[0m[2m=[0m"att-5d2bc6f45393" [3msession_id[0m[2m=[0m"s-3698d9833309"
[backend] [2m2026-04-25T16:41:57.6191851+08:00[0m [32m INFO[0m ThreadId(06) [2mkoko::shell::媒体资产外壳[0m[2m:[0m 读取附件内容成功 [3musecase[0m[2m=[0m"读取附件内容" [3madapter[0m[2m=[0m"http" [3moutcome[0m[2m=[0m"succeeded" [3mrequest_kind[0m[2m=[0m"附件内容读取" [3mattachment_id[0m[2m=[0m"att-4e0480d9e16e" [3msession_id[0m[2m=[0m"s-3698d9833309"
[backend] [2m2026-04-25T16:41:57.6238284+08:00[0m [32m INFO[0m ThreadId(06) [2mkoko::shell::媒体资产外壳[0m[2m:[0m 读取附件内容成功 [3musecase[0m[2m=[0m"读取附件内容" [3madapter[0m[2m=[0m"http" [3moutcome[0m[2m=[0m"succeeded" [3mrequest_kind[0m[2m=[0m"附件内容读取" [3mattachment_id[0m[2m=[0m"att-5d2bc6f45393" [3msession_id[0m[2m=[0m"s-3698d9833309"
[backend] [2m2026-04-25T16:41:57.6257702+08:00[0m [32m INFO[0m ThreadId(10) [2mkoko::shell::媒体资产外壳[0m[2m:[0m 读取附件内容成功 [3musecase[0m[2m=[0m"读取附件内容" [3madapter[0m[2m=[0m"http" [3moutcome[0m[2m=[0m"succeeded" [3mrequest_kind[0m[2m=[0m"附件内容读取" [3mattachment_id[0m[2m=[0m"att-5d2bc6f45393" [3msession_id[0m[2m=[0m"s-3698d9833309"
[backend] [2m2026-04-25T16:41:57.6272719+08:00[0m [32m INFO[0m ThreadId(05) [2mkoko::shell::媒体资产外壳[0m[2m:[0m 读取附件内容成功 [3musecase[0m[2m=[0m"读取附件内容" [3madapter[0m[2m=[0m"http" [3moutcome[0m[2m=[0m"succeeded" [3mrequest_kind[0m[2m=[0m"附件内容读取" [3mattachment_id[0m[2m=[0m"att-5d2bc6f45393" [3msession_id[0m[2m=[0m"s-3698d9833309"
[backend] [2m2026-04-25T16:41:57.6272716+08:00[0m [32m INFO[0m ThreadId(06) [2mkoko::shell::媒体资产外壳[0m[2m:[0m 读取附件内容成功 [3musecase[0m[2m=[0m"读取附件内容" [3madapter[0m[2m=[0m"http" [3moutcome[0m[2m=[0m"succeeded" [3mrequest_kind[0m[2m=[0m"附件内容读取" [3mattachment_id[0m[2m=[0m"att-5d2bc6f45393" [3msession_id[0m[2m=[0m"s-3698d9833309"
[backend] [2m2026-04-25T16:41:57.6610151+08:00[0m [32m INFO[0m ThreadId(03) [2mkoko::shell::媒体资产外壳[0m[2m:[0m HTTP 请求已受理 [3musecase[0m[2m=[0m"读取附件内容" [3madapter[0m[2m=[0m"http" [3moutcome[0m[2m=[0m"accepted" [3mrequest_kind[0m[2m=[0m"附件内容读取" [3mattachment_id[0m[2m=[0m"att-4e0480d9e16e" [3msession_id[0m[2m=[0m"s-3698d9833309"
[backend] [2m2026-04-25T16:41:57.6610152+08:00[0m [32m INFO[0m ThreadId(06) [2mkoko::shell::媒体资产外壳[0m[2m:[0m HTTP 请求已受理 [3musecase[0m[2m=[0m"读取附件内容" [3madapter[0m[2m=[0m"http" [3moutcome[0m[2m=[0m"accepted" [3mrequest_kind[0m[2m=[0m"附件内容读取" [3mattachment_id[0m[2m=[0m"att-4e0480d9e16e" [3msession_id[0m[2m=[0m"s-3698d9833309"
[backend] [2m2026-04-25T16:41:57.6610152+08:00[0m [32m INFO[0m ThreadId(10) [2mkoko::shell::媒体资产外壳[0m[2m:[0m HTTP 请求已受理 [3musecase[0m[2m=[0m"读取附件内容" [3madapter[0m[2m=[0m"http" [3moutcome[0m[2m=[0m"accepted" [3mrequest_kind[0m[2m=[0m"附件内容读取" [3mattachment_id[0m[2m=[0m"att-4e0480d9e16e" [3msession_id[0m[2m=[0m"s-3698d9833309"
[backend] [2m2026-04-25T16:41:57.674877+08:00[0m [32m INFO[0m ThreadId(11) [2mkoko::shell::媒体资产外壳[0m[2m:[0m 读取附件内容成功 [3musecase[0m[2m=[0m"读取附件内容" [3madapter[0m[2m=[0m"http" [3moutcome[0m[2m=[0m"succeeded" [3mrequest_kind[0m[2m=[0m"附件内容读取" [3mattachment_id[0m[2m=[0m"att-4e0480d9e16e" [3msession_id[0m[2m=[0m"s-3698d9833309"
[backend] [2m2026-04-25T16:41:57.6770439+08:00[0m [32m INFO[0m ThreadId(11) [2mkoko::shell::媒体资产外壳[0m[2m:[0m 读取附件内容成功 [3musecase[0m[2m=[0m"读取附件内容" [3madapter[0m[2m=[0m"http" [3moutcome[0m[2m=[0m"succeeded" [3mrequest_kind[0m[2m=[0m"附件内容读取" [3mattachment_id[0m[2m=[0m"att-4e0480d9e16e" [3msession_id[0m[2m=[0m"s-3698d9833309"
[backend] [2m2026-04-25T16:41:57.6770436+08:00[0m [32m INFO[0m ThreadId(06) [2mkoko::shell::媒体资产外壳[0m[2m:[0m 读取附件内容成功 [3musecase[0m[2m=[0m"读取附件内容" [3madapter[0m[2m=[0m"http" [3moutcome[0m[2m=[0m"succeeded" [3mrequest_kind[0m[2m=[0m"附件内容读取" [3mattachment_id[0m[2m=[0m"att-4e0480d9e16e" [3msession_id[0m[2m=[0m"s-3698d9833309"
[backend] [2m2026-04-25T16:41:58.4942518+08:00[0m [32m INFO[0m ThreadId(10) [2mkoko::shell::媒体资产外壳[0m[2m:[0m HTTP 请求已受理 [3musecase[0m[2m=[0m"读取附件内容" [3madapter[0m[2m=[0m"http" [3moutcome[0m[2m=[0m"accepted" [3mrequest_kind[0m[2m=[0m"附件内容读取" [3mattachment_id[0m[2m=[0m"att-4e0480d9e16e" [3msession_id[0m[2m=[0m"s-3698d9833309"
[backend] [2m2026-04-25T16:41:58.5024453+08:00[0m [32m INFO[0m ThreadId(11) [2mkoko::shell::媒体资产外壳[0m[2m:[0m HTTP 请求已受理 [3musecase[0m[2m=[0m"读取附件内容" [3madapter[0m[2m=[0m"http" [3moutcome[0m[2m=[0m"accepted" [3mrequest_kind[0m[2m=[0m"附件内容读取" [3mattachment_id[0m[2m=[0m"att-4e0480d9e16e" [3msession_id[0m[2m=[0m"s-3698d9833309"
[backend] [2m2026-04-25T16:41:58.5024725+08:00[0m [32m INFO[0m ThreadId(05) [2mkoko::shell::媒体资产外壳[0m[2m:[0m HTTP 请求已受理 [3musecase[0m[2m=[0m"读取附件内容" [3madapter[0m[2m=[0m"http" [3moutcome[0m[2m=[0m"accepted" [3mrequest_kind[0m[2m=[0m"附件内容读取" [3mattachment_id[0m[2m=[0m"att-4e0480d9e16e" [3msession_id[0m[2m=[0m"s-3698d9833309"
[backend] [2m2026-04-25T16:41:58.5040333+08:00[0m [32m INFO[0m ThreadId(11) [2mkoko::shell::媒体资产外壳[0m[2m:[0m 读取附件内容成功 [3musecase[0m[2m=[0m"读取附件内容" [3madapter[0m[2m=[0m"http" [3moutcome[0m[2m=[0m"succeeded" [3mrequest_kind[0m[2m=[0m"附件内容读取" [3mattachment_id[0m[2m=[0m"att-4e0480d9e16e" [3msession_id[0m[2m=[0m"s-3698d9833309"
[backend] [2m2026-04-25T16:41:58.5153836+08:00[0m [32m INFO[0m ThreadId(11) [2mkoko::shell::媒体资产外壳[0m[2m:[0m HTTP 请求已受理 [3musecase[0m[2m=[0m"读取附件内容" [3madapter[0m[2m=[0m"http" [3moutcome[0m[2m=[0m"accepted" [3mrequest_kind[0m[2m=[0m"附件内容读取" [3mattachment_id[0m[2m=[0m"att-4e0480d9e16e" [3msession_id[0m[2m=[0m"s-3698d9833309"
[backend] [2m2026-04-25T16:41:58.5166376+08:00[0m [32m INFO[0m ThreadId(03) [2mkoko::shell::媒体资产外壳[0m[2m:[0m HTTP 请求已受理 [3musecase[0m[2m=[0m"读取附件内容" [3madapter[0m[2m=[0m"http" [3moutcome[0m[2m=[0m"accepted" [3mrequest_kind[0m[2m=[0m"附件内容读取" [3mattachment_id[0m[2m=[0m"att-5d2bc6f45393" [3msession_id[0m[2m=[0m"s-3698d9833309"
[backend] [2m2026-04-25T16:41:58.5166378+08:00[0m [32m INFO[0m ThreadId(11) [2mkoko::shell::媒体资产外壳[0m[2m:[0m HTTP 请求已受理 [3musecase[0m[2m=[0m"读取附件内容" [3madapter[0m[2m=[0m"http" [3moutcome[0m[2m=[0m"accepted" [3mrequest_kind[0m[2m=[0m"附件内容读取" [3mattachment_id[0m[2m=[0m"att-5d2bc6f45393" [3msession_id[0m[2m=[0m"s-3698d9833309"
[backend] [2m2026-04-25T16:41:58.5166432+08:00[0m [32m INFO[0m ThreadId(06) [2mkoko::shell::媒体资产外壳[0m[2m:[0m HTTP 请求已受理 [3musecase[0m[2m=[0m"读取附件内容" [3madapter[0m[2m=[0m"http" [3moutcome[0m[2m=[0m"accepted" [3mrequest_kind[0m[2m=[0m"附件内容读取" [3mattachment_id[0m[2m=[0m"att-5d2bc6f45393" [3msession_id[0m[2m=[0m"s-3698d9833309"
[backend] [2m2026-04-25T16:41:58.5179772+08:00[0m [32m INFO[0m ThreadId(11) [2mkoko::shell::媒体资产外壳[0m[2m:[0m 读取附件内容成功 [3musecase[0m[2m=[0m"读取附件内容" [3madapter[0m[2m=[0m"http" [3moutcome[0m[2m=[0m"succeeded" [3mrequest_kind[0m[2m=[0m"附件内容读取" [3mattachment_id[0m[2m=[0m"att-4e0480d9e16e" [3msession_id[0m[2m=[0m"s-3698d9833309"
[backend] [2m2026-04-25T16:41:58.5179801+08:00[0m [32m INFO[0m ThreadId(06) [2mkoko::shell::媒体资产外壳[0m[2m:[0m 读取附件内容成功 [3musecase[0m[2m=[0m"读取附件内容" [3madapter[0m[2m=[0m"http" [3moutcome[0m[2m=[0m"succeeded" [3mrequest_kind[0m[2m=[0m"附件内容读取" [3mattachment_id[0m[2m=[0m"att-4e0480d9e16e" [3msession_id[0m[2m=[0m"s-3698d9833309"
[backend] [2m2026-04-25T16:41:58.5310039+08:00[0m [32m INFO[0m ThreadId(03) [2mkoko::shell::媒体资产外壳[0m[2m:[0m 读取附件内容成功 [3musecase[0m[2m=[0m"读取附件内容" [3madapter[0m[2m=[0m"http" [3moutcome[0m[2m=[0m"succeeded" [3mrequest_kind[0m[2m=[0m"附件内容读取" [3mattachment_id[0m[2m=[0m"att-4e0480d9e16e" [3msession_id[0m[2m=[0m"s-3698d9833309"
[backend] [2m2026-04-25T16:41:58.5324341+08:00[0m [32m INFO[0m ThreadId(03) [2mkoko::shell::媒体资产外壳[0m[2m:[0m 读取附件内容成功 [3musecase[0m[2m=[0m"读取附件内容" [3madapter[0m[2m=[0m"http" [3moutcome[0m[2m=[0m"succeeded" [3mrequest_kind[0m[2m=[0m"附件内容读取" [3mattachment_id[0m[2m=[0m"att-5d2bc6f45393" [3msession_id[0m[2m=[0m"s-3698d9833309"
[backend] [2m2026-04-25T16:41:58.5344771+08:00[0m [32m INFO[0m ThreadId(04) [2mkoko::shell::媒体资产外壳[0m[2m:[0m 读取附件内容成功 [3musecase[0m[2m=[0m"读取附件内容" [3madapter[0m[2m=[0m"http" [3moutcome[0m[2m=[0m"succeeded" [3mrequest_kind[0m[2m=[0m"附件内容读取" [3mattachment_id[0m[2m=[0m"att-5d2bc6f45393" [3msession_id[0m[2m=[0m"s-3698d9833309"
[backend] [2m2026-04-25T16:41:58.5344772+08:00[0m [32m INFO[0m ThreadId(03) [2mkoko::shell::媒体资产外壳[0m[2m:[0m 读取附件内容成功 [3musecase[0m[2m=[0m"读取附件内容" [3madapter[0m[2m=[0m"http" [3moutcome[0m[2m=[0m"succeeded" [3mrequest_kind[0m[2m=[0m"附件内容读取" [3mattachment_id[0m[2m=[0m"att-5d2bc6f45393" [3msession_id[0m[2m=[0m"s-3698d9833309"
[backend] [2m2026-04-25T16:41:58.5355808+08:00[0m [32m INFO[0m ThreadId(05) [2mkoko::shell::媒体资产外壳[0m[2m:[0m HTTP 请求已受理 [3musecase[0m[2m=[0m"读取附件内容" [3madapter[0m[2m=[0m"http" [3moutcome[0m[2m=[0m"accepted" [3mrequest_kind[0m[2m=[0m"附件内容读取" [3mattachment_id[0m[2m=[0m"att-5d2bc6f45393" [3msession_id[0m[2m=[0m"s-3698d9833309"
[backend] [2m2026-04-25T16:41:58.5494959+08:00[0m [32m INFO[0m ThreadId(03) [2mkoko::shell::媒体资产外壳[0m[2m:[0m 读取附件内容成功 [3musecase[0m[2m=[0m"读取附件内容" [3madapter[0m[2m=[0m"http" [3moutcome[0m[2m=[0m"succeeded" [3mrequest_kind[0m[2m=[0m"附件内容读取" [3mattachment_id[0m[2m=[0m"att-5d2bc6f45393" [3msession_id[0m[2m=[0m"s-3698d9833309"
[backend] [2m2026-04-25T16:41:59.0937861+08:00[0m [32m INFO[0m ThreadId(05) [2mkoko::shell::媒体资产外壳[0m[2m:[0m HTTP 请求已受理 [3musecase[0m[2m=[0m"读取附件内容" [3madapter[0m[2m=[0m"http" [3moutcome[0m[2m=[0m"accepted" [3mrequest_kind[0m[2m=[0m"附件内容读取" [3mattachment_id[0m[2m=[0m"att-4e0480d9e16e" [3msession_id[0m[2m=[0m"s-3698d9833309"
[backend] [2m2026-04-25T16:41:59.1047529+08:00[0m [32m INFO[0m ThreadId(03) [2mkoko::shell::媒体资产外壳[0m[2m:[0m 读取附件内容成功 [3musecase[0m[2m=[0m"读取附件内容" [3madapter[0m[2m=[0m"http" [3moutcome[0m[2m=[0m"succeeded" [3mrequest_kind[0m[2m=[0m"附件内容读取" [3mattachment_id[0m[2m=[0m"att-4e0480d9e16e" [3msession_id[0m[2m=[0m"s-3698d9833309"
[backend] [2m2026-04-25T16:41:59.6110951+08:00[0m [32m INFO[0m ThreadId(05) [2mkoko::shell::媒体资产外壳[0m[2m:[0m HTTP 请求已受理 [3musecase[0m[2m=[0m"读取附件内容" [3madapter[0m[2m=[0m"http" [3moutcome[0m[2m=[0m"accepted" [3mrequest_kind[0m[2m=[0m"附件内容读取" [3mattachment_id[0m[2m=[0m"att-4e0480d9e16e" [3msession_id[0m[2m=[0m"s-3698d9833309"
[backend] [2m2026-04-25T16:41:59.611095+08:00[0m [32m INFO[0m ThreadId(04) [2mkoko::shell::媒体资产外壳[0m[2m:[0m HTTP 请求已受理 [3musecase[0m[2m=[0m"读取附件内容" [3madapter[0m[2m=[0m"http" [3moutcome[0m[2m=[0m"accepted" [3mrequest_kind[0m[2m=[0m"附件内容读取" [3mattachment_id[0m[2m=[0m"att-4e0480d9e16e" [3msession_id[0m[2m=[0m"s-3698d9833309"
[backend] [2m2026-04-25T16:41:59.6111101+08:00[0m [32m INFO[0m ThreadId(03) [2mkoko::shell::媒体资产外壳[0m[2m:[0m HTTP 请求已受理 [3musecase[0m[2m=[0m"读取附件内容" [3madapter[0m[2m=[0m"http" [3moutcome[0m[2m=[0m"accepted" [3mrequest_kind[0m[2m=[0m"附件内容读取" [3mattachment_id[0m[2m=[0m"att-4e0480d9e16e" [3msession_id[0m[2m=[0m"s-3698d9833309"
[backend] [2m2026-04-25T16:41:59.6225538+08:00[0m [32m INFO[0m ThreadId(11) [2mkoko::shell::媒体资产外壳[0m[2m:[0m 读取附件内容成功 [3musecase[0m[2m=[0m"读取附件内容" [3madapter[0m[2m=[0m"http" [3moutcome[0m[2m=[0m"succeeded" [3mrequest_kind[0m[2m=[0m"附件内容读取" [3mattachment_id[0m[2m=[0m"att-4e0480d9e16e" [3msession_id[0m[2m=[0m"s-3698d9833309"
[backend] [2m2026-04-25T16:41:59.6225537+08:00[0m [32m INFO[0m ThreadId(03) [2mkoko::shell::媒体资产外壳[0m[2m:[0m 读取附件内容成功 [3musecase[0m[2m=[0m"读取附件内容" [3madapter[0m[2m=[0m"http" [3moutcome[0m[2m=[0m"succeeded" [3mrequest_kind[0m[2m=[0m"附件内容读取" [3mattachment_id[0m[2m=[0m"att-4e0480d9e16e" [3msession_id[0m[2m=[0m"s-3698d9833309"
[backend] [2m2026-04-25T16:41:59.6226818+08:00[0m [32m INFO[0m ThreadId(04) [2mkoko::shell::媒体资产外壳[0m[2m:[0m 读取附件内容成功 [3musecase[0m[2m=[0m"读取附件内容" [3madapter[0m[2m=[0m"http" [3moutcome[0m[2m=[0m"succeeded" [3mrequest_kind[0m[2m=[0m"附件内容读取" [3mattachment_id[0m[2m=[0m"att-4e0480d9e16e" [3msession_id[0m[2m=[0m"s-3698d9833309"
[backend] [2m2026-04-25T16:41:59.7757341+08:00[0m [32m INFO[0m ThreadId(05) [2mkoko::shell::媒体资产外壳[0m[2m:[0m HTTP 请求已受理 [3musecase[0m[2m=[0m"读取附件内容" [3madapter[0m[2m=[0m"http" [3moutcome[0m[2m=[0m"accepted" [3mrequest_kind[0m[2m=[0m"附件内容读取" [3mattachment_id[0m[2m=[0m"att-4e0480d9e16e" [3msession_id[0m[2m=[0m"s-3698d9833309"
[backend] [2m2026-04-25T16:41:59.7767396+08:00[0m [32m INFO[0m ThreadId(03) [2mkoko::shell::媒体资产外壳[0m[2m:[0m HTTP 请求已受理 [3musecase[0m[2m=[0m"读取附件内容" [3madapter[0m[2m=[0m"http" [3moutcome[0m[2m=[0m"accepted" [3mrequest_kind[0m[2m=[0m"附件内容读取" [3mattachment_id[0m[2m=[0m"att-5d2bc6f45393" [3msession_id[0m[2m=[0m"s-3698d9833309"
[backend] [2m2026-04-25T16:41:59.7767359+08:00[0m [32m INFO[0m ThreadId(05) [2mkoko::shell::媒体资产外壳[0m[2m:[0m HTTP 请求已受理 [3musecase[0m[2m=[0m"读取附件内容" [3madapter[0m[2m=[0m"http" [3moutcome[0m[2m=[0m"accepted" [3mrequest_kind[0m[2m=[0m"附件内容读取" [3mattachment_id[0m[2m=[0m"att-5d2bc6f45393" [3msession_id[0m[2m=[0m"s-3698d9833309"
[backend] [2m2026-04-25T16:41:59.7768656+08:00[0m [32m INFO[0m ThreadId(04) [2mkoko::shell::媒体资产外壳[0m[2m:[0m HTTP 请求已受理 [3musecase[0m[2m=[0m"读取附件内容" [3madapter[0m[2m=[0m"http" [3moutcome[0m[2m=[0m"accepted" [3mrequest_kind[0m[2m=[0m"附件内容读取" [3mattachment_id[0m[2m=[0m"att-5d2bc6f45393" [3msession_id[0m[2m=[0m"s-3698d9833309"
[backend] [2m2026-04-25T16:41:59.7769395+08:00[0m [32m INFO[0m ThreadId(11) [2mkoko::shell::媒体资产外壳[0m[2m:[0m HTTP 请求已受理 [3musecase[0m[2m=[0m"读取附件内容" [3madapter[0m[2m=[0m"http" [3moutcome[0m[2m=[0m"accepted" [3mrequest_kind[0m[2m=[0m"附件内容读取" [3mattachment_id[0m[2m=[0m"att-5d2bc6f45393" [3msession_id[0m[2m=[0m"s-3698d9833309"
[backend] [2m2026-04-25T16:41:59.7857047+08:00[0m [32m INFO[0m ThreadId(10) [2mkoko::shell::媒体资产外壳[0m[2m:[0m 读取附件内容成功 [3musecase[0m[2m=[0m"读取附件内容" [3madapter[0m[2m=[0m"http" [3moutcome[0m[2m=[0m"succeeded" [3mrequest_kind[0m[2m=[0m"附件内容读取" [3mattachment_id[0m[2m=[0m"att-4e0480d9e16e" [3msession_id[0m[2m=[0m"s-3698d9833309"
[backend] [2m2026-04-25T16:41:59.791027+08:00[0m [32m INFO[0m ThreadId(11) [2mkoko::shell::媒体资产外壳[0m[2m:[0m 读取附件内容成功 [3musecase[0m[2m=[0m"读取附件内容" [3madapter[0m[2m=[0m"http" [3moutcome[0m[2m=[0m"succeeded" [3mrequest_kind[0m[2m=[0m"附件内容读取" [3mattachment_id[0m[2m=[0m"att-5d2bc6f45393" [3msession_id[0m[2m=[0m"s-3698d9833309"
[backend] [2m2026-04-25T16:41:59.7910271+08:00[0m [32m INFO[0m ThreadId(10) [2mkoko::shell::媒体资产外壳[0m[2m:[0m 读取附件内容成功 [3musecase[0m[2m=[0m"读取附件内容" [3madapter[0m[2m=[0m"http" [3moutcome[0m[2m=[0m"succeeded" [3mrequest_kind[0m[2m=[0m"附件内容读取" [3mattachment_id[0m[2m=[0m"att-5d2bc6f45393" [3msession_id[0m[2m=[0m"s-3698d9833309"
[backend] [2m2026-04-25T16:41:59.7910777+08:00[0m [32m INFO[0m ThreadId(04) [2mkoko::shell::媒体资产外壳[0m[2m:[0m 读取附件内容成功 [3musecase[0m[2m=[0m"读取附件内容" [3madapter[0m[2m=[0m"http" [3moutcome[0m[2m=[0m"succeeded" [3mrequest_kind[0m[2m=[0m"附件内容读取" [3mattachment_id[0m[2m=[0m"att-5d2bc6f45393" [3msession_id[0m[2m=[0m"s-3698d9833309"
[backend] [2m2026-04-25T16:41:59.7910776+08:00[0m [32m INFO[0m ThreadId(03) [2mkoko::shell::媒体资产外壳[0m[2m:[0m 读取附件内容成功 [3musecase[0m[2m=[0m"读取附件内容" [3madapter[0m[2m=[0m"http" [3moutcome[0m[2m=[0m"succeeded" [3mrequest_kind[0m[2m=[0m"附件内容读取" [3mattachment_id[0m[2m=[0m"att-5d2bc6f45393" [3msession_id[0m[2m=[0m"s-3698d9833309"
[backend] [2m2026-04-25T16:41:59.9464915+08:00[0m [32m INFO[0m ThreadId(10) [2mkoko::shell::媒体资产外壳[0m[2m:[0m HTTP 请求已受理 [3musecase[0m[2m=[0m"读取附件内容" [3madapter[0m[2m=[0m"http" [3moutcome[0m[2m=[0m"accepted" [3mrequest_kind[0m[2m=[0m"附件内容读取" [3mattachment_id[0m[2m=[0m"att-4e0480d9e16e" [3msession_id[0m[2m=[0m"s-3698d9833309"
[backend] [2m2026-04-25T16:41:59.9464915+08:00[0m [32m INFO[0m ThreadId(05) [2mkoko::shell::媒体资产外壳[0m[2m:[0m HTTP 请求已受理 [3musecase[0m[2m=[0m"读取附件内容" [3madapter[0m[2m=[0m"http" [3moutcome[0m[2m=[0m"accepted" [3mrequest_kind[0m[2m=[0m"附件内容读取" [3mattachment_id[0m[2m=[0m"att-4e0480d9e16e" [3msession_id[0m[2m=[0m"s-3698d9833309"
[backend] [2m2026-04-25T16:41:59.9577443+08:00[0m [32m INFO[0m ThreadId(11) [2mkoko::shell::媒体资产外壳[0m[2m:[0m 读取附件内容成功 [3musecase[0m[2m=[0m"读取附件内容" [3madapter[0m[2m=[0m"http" [3moutcome[0m[2m=[0m"succeeded" [3mrequest_kind[0m[2m=[0m"附件内容读取" [3mattachment_id[0m[2m=[0m"att-4e0480d9e16e" [3msession_id[0m[2m=[0m"s-3698d9833309"
[backend] [2m2026-04-25T16:41:59.9577605+08:00[0m [32m INFO[0m ThreadId(10) [2mkoko::shell::媒体资产外壳[0m[2m:[0m 读取附件内容成功 [3musecase[0m[2m=[0m"读取附件内容" [3madapter[0m[2m=[0m"http" [3moutcome[0m[2m=[0m"succeeded" [3mrequest_kind[0m[2m=[0m"附件内容读取" [3mattachment_id[0m[2m=[0m"att-4e0480d9e16e" [3msession_id[0m[2m=[0m"s-3698d9833309"
[backend] [2m2026-04-25T16:41:59.9820569+08:00[0m [32m INFO[0m ThreadId(05) [2mkoko::shell::媒体资产外壳[0m[2m:[0m HTTP 请求已受理 [3musecase[0m[2m=[0m"读取附件内容" [3madapter[0m[2m=[0m"http" [3moutcome[0m[2m=[0m"accepted" [3mrequest_kind[0m[2m=[0m"附件内容读取" [3mattachment_id[0m[2m=[0m"att-4e0480d9e16e" [3msession_id[0m[2m=[0m"s-3698d9833309"
[backend] [2m2026-04-25T16:41:59.9922873+08:00[0m [32m INFO[0m ThreadId(05) [2mkoko::shell::媒体资产外壳[0m[2m:[0m 读取附件内容成功 [3musecase[0m[2m=[0m"读取附件内容" [3madapter[0m[2m=[0m"http" [3moutcome[0m[2m=[0m"succeeded" [3mrequest_kind[0m[2m=[0m"附件内容读取" [3mattachment_id[0m[2m=[0m"att-4e0480d9e16e" [3msession_id[0m[2m=[0m"s-3698d9833309"
[backend] [2m2026-04-25T16:42:00.6495173+08:00[0m [32m INFO[0m ThreadId(10) [2mkoko::shell::媒体资产外壳[0m[2m:[0m HTTP 请求已受理 [3musecase[0m[2m=[0m"读取附件内容" [3madapter[0m[2m=[0m"http" [3moutcome[0m[2m=[0m"accepted" [3mrequest_kind[0m[2m=[0m"附件内容读取" [3mattachment_id[0m[2m=[0m"att-4e0480d9e16e" [3msession_id[0m[2m=[0m"s-3698d9833309"
[backend] [2m2026-04-25T16:42:00.6507217+08:00[0m [32m INFO[0m ThreadId(10) [2mkoko::shell::媒体资产外壳[0m[2m:[0m HTTP 请求已受理 [3musecase[0m[2m=[0m"读取附件内容" [3madapter[0m[2m=[0m"http" [3moutcome[0m[2m=[0m"accepted" [3mrequest_kind[0m[2m=[0m"附件内容读取" [3mattachment_id[0m[2m=[0m"att-4e0480d9e16e" [3msession_id[0m[2m=[0m"s-3698d9833309"
[backend] [2m2026-04-25T16:42:00.651404+08:00[0m [32m INFO[0m ThreadId(10) [2mkoko::shell::媒体资产外壳[0m[2m:[0m HTTP 请求已受理 [3musecase[0m[2m=[0m"读取附件内容" [3madapter[0m[2m=[0m"http" [3moutcome[0m[2m=[0m"accepted" [3mrequest_kind[0m[2m=[0m"附件内容读取" [3mattachment_id[0m[2m=[0m"att-4e0480d9e16e" [3msession_id[0m[2m=[0m"s-3698d9833309"
[backend] [2m2026-04-25T16:42:00.6514662+08:00[0m [32m INFO[0m ThreadId(05) [2mkoko::shell::媒体资产外壳[0m[2m:[0m HTTP 请求已受理 [3musecase[0m[2m=[0m"读取附件内容" [3madapter[0m[2m=[0m"http" [3moutcome[0m[2m=[0m"accepted" [3mrequest_kind[0m[2m=[0m"附件内容读取" [3mattachment_id[0m[2m=[0m"att-4e0480d9e16e" [3msession_id[0m[2m=[0m"s-3698d9833309"
[backend] [2m2026-04-25T16:42:00.6645178+08:00[0m [32m INFO[0m ThreadId(05) [2mkoko::shell::媒体资产外壳[0m[2m:[0m 读取附件内容成功 [3musecase[0m[2m=[0m"读取附件内容" [3madapter[0m[2m=[0m"http" [3moutcome[0m[2m=[0m"succeeded" [3mrequest_kind[0m[2m=[0m"附件内容读取" [3mattachment_id[0m[2m=[0m"att-4e0480d9e16e" [3msession_id[0m[2m=[0m"s-3698d9833309"
[backend] [2m2026-04-25T16:42:00.6645179+08:00[0m [32m INFO[0m ThreadId(11) [2mkoko::shell::媒体资产外壳[0m[2m:[0m 读取附件内容成功 [3musecase[0m[2m=[0m"读取附件内容" [3madapter[0m[2m=[0m"http" [3moutcome[0m[2m=[0m"succeeded" [3mrequest_kind[0m[2m=[0m"附件内容读取" [3mattachment_id[0m[2m=[0m"att-4e0480d9e16e" [3msession_id[0m[2m=[0m"s-3698d9833309"
[backend] [2m2026-04-25T16:42:00.6645642+08:00[0m [32m INFO[0m ThreadId(04) [2mkoko::shell::媒体资产外壳[0m[2m:[0m 读取附件内容成功 [3musecase[0m[2m=[0m"读取附件内容" [3madapter[0m[2m=[0m"http" [3moutcome[0m[2m=[0m"succeeded" [3mrequest_kind[0m[2m=[0m"附件内容读取" [3mattachment_id[0m[2m=[0m"att-4e0480d9e16e" [3msession_id[0m[2m=[0m"s-3698d9833309"
[backend] [2m2026-04-25T16:42:00.6645671+08:00[0m [32m INFO[0m ThreadId(10) [2mkoko::shell::媒体资产外壳[0m[2m:[0m 读取附件内容成功 [3musecase[0m[2m=[0m"读取附件内容" [3madapter[0m[2m=[0m"http" [3moutcome[0m[2m=[0m"succeeded" [3mrequest_kind[0m[2m=[0m"附件内容读取" [3mattachment_id[0m[2m=[0m"att-4e0480d9e16e" [3msession_id[0m[2m=[0m"s-3698d9833309"
[backend] [2m2026-04-25T16:42:00.8437693+08:00[0m [32m INFO[0m ThreadId(03) [2mkoko::shell::媒体资产外壳[0m[2m:[0m HTTP 请求已受理 [3musecase[0m[2m=[0m"读取附件内容" [3madapter[0m[2m=[0m"http" [3moutcome[0m[2m=[0m"accepted" [3mrequest_kind[0m[2m=[0m"附件内容读取" [3mattachment_id[0m[2m=[0m"att-5d2bc6f45393" [3msession_id[0m[2m=[0m"s-3698d9833309"
[backend] [2m2026-04-25T16:42:00.8590973+08:00[0m [32m INFO[0m ThreadId(05) [2mkoko::shell::媒体资产外壳[0m[2m:[0m 读取附件内容成功 [3musecase[0m[2m=[0m"读取附件内容" [3madapter[0m[2m=[0m"http" [3moutcome[0m[2m=[0m"succeeded" [3mrequest_kind[0m[2m=[0m"附件内容读取" [3mattachment_id[0m[2m=[0m"att-5d2bc6f45393" [3msession_id[0m[2m=[0m"s-3698d9833309"
[backend] [2m2026-04-25T16:42:00.8602982+08:00[0m [32m INFO[0m ThreadId(03) [2mkoko::shell::媒体资产外壳[0m[2m:[0m HTTP 请求已受理 [3musecase[0m[2m=[0m"读取附件内容" [3madapter[0m[2m=[0m"http" [3moutcome[0m[2m=[0m"accepted" [3mrequest_kind[0m[2m=[0m"附件内容读取" [3mattachment_id[0m[2m=[0m"att-5d2bc6f45393" [3msession_id[0m[2m=[0m"s-3698d9833309"
[backend] [2m2026-04-25T16:42:00.8602982+08:00[0m [32m INFO[0m ThreadId(11) [2mkoko::shell::媒体资产外壳[0m[2m:[0m HTTP 请求已受理 [3musecase[0m[2m=[0m"读取附件内容" [3madapter[0m[2m=[0m"http" [3moutcome[0m[2m=[0m"accepted" [3mrequest_kind[0m[2m=[0m"附件内容读取" [3mattachment_id[0m[2m=[0m"att-5d2bc6f45393" [3msession_id[0m[2m=[0m"s-3698d9833309"
[backend] [2m2026-04-25T16:42:00.8604373+08:00[0m [32m INFO[0m ThreadId(04) [2mkoko::shell::媒体资产外壳[0m[2m:[0m HTTP 请求已受理 [3musecase[0m[2m=[0m"读取附件内容" [3madapter[0m[2m=[0m"http" [3moutcome[0m[2m=[0m"accepted" [3mrequest_kind[0m[2m=[0m"附件内容读取" [3mattachment_id[0m[2m=[0m"att-5d2bc6f45393" [3msession_id[0m[2m=[0m"s-3698d9833309"
[backend] [2m2026-04-25T16:42:00.8718113+08:00[0m [32m INFO[0m ThreadId(10) [2mkoko::shell::媒体资产外壳[0m[2m:[0m 读取附件内容成功 [3musecase[0m[2m=[0m"读取附件内容" [3madapter[0m[2m=[0m"http" [3moutcome[0m[2m=[0m"succeeded" [3mrequest_kind[0m[2m=[0m"附件内容读取" [3mattachment_id[0m[2m=[0m"att-5d2bc6f45393" [3msession_id[0m[2m=[0m"s-3698d9833309"
[backend] [2m2026-04-25T16:42:00.8718112+08:00[0m [32m INFO[0m ThreadId(03) [2mkoko::shell::媒体资产外壳[0m[2m:[0m 读取附件内容成功 [3musecase[0m[2m=[0m"读取附件内容" [3madapter[0m[2m=[0m"http" [3moutcome[0m[2m=[0m"succeeded" [3mrequest_kind[0m[2m=[0m"附件内容读取" [3mattachment_id[0m[2m=[0m"att-5d2bc6f45393" [3msession_id[0m[2m=[0m"s-3698d9833309"
[backend] [2m2026-04-25T16:42:00.8718113+08:00[0m [32m INFO[0m ThreadId(04) [2mkoko::shell::媒体资产外壳[0m[2m:[0m 读取附件内容成功 [3musecase[0m[2m=[0m"读取附件内容" [3madapter[0m[2m=[0m"http" [3moutcome[0m[2m=[0m"succeeded" [3mrequest_kind[0m[2m=[0m"附件内容读取" [3mattachment_id[0m[2m=[0m"att-5d2bc6f45393" [3msession_id[0m[2m=[0m"s-3698d9833309"
[backend] [2m2026-04-25T16:42:01.2824094+08:00[0m [32m INFO[0m ThreadId(04) [2mkoko::shell::媒体资产外壳[0m[2m:[0m HTTP 请求已受理 [3musecase[0m[2m=[0m"读取附件内容" [3madapter[0m[2m=[0m"http" [3moutcome[0m[2m=[0m"accepted" [3mrequest_kind[0m[2m=[0m"附件内容读取" [3mattachment_id[0m[2m=[0m"att-4e0480d9e16e" [3msession_id[0m[2m=[0m"s-3698d9833309"
[backend] [2m2026-04-25T16:42:01.283059+08:00[0m [32m INFO[0m ThreadId(04) [2mkoko::shell::媒体资产外壳[0m[2m:[0m HTTP 请求已受理 [3musecase[0m[2m=[0m"读取附件内容" [3madapter[0m[2m=[0m"http" [3moutcome[0m[2m=[0m"accepted" [3mrequest_kind[0m[2m=[0m"附件内容读取" [3mattachment_id[0m[2m=[0m"att-4e0480d9e16e" [3msession_id[0m[2m=[0m"s-3698d9833309"
[backend] [2m2026-04-25T16:42:01.2831127+08:00[0m [32m INFO[0m ThreadId(11) [2mkoko::shell::媒体资产外壳[0m[2m:[0m HTTP 请求已受理 [3musecase[0m[2m=[0m"读取附件内容" [3madapter[0m[2m=[0m"http" [3moutcome[0m[2m=[0m"accepted" [3mrequest_kind[0m[2m=[0m"附件内容读取" [3mattachment_id[0m[2m=[0m"att-4e0480d9e16e" [3msession_id[0m[2m=[0m"s-3698d9833309"
[backend] [2m2026-04-25T16:42:01.2947461+08:00[0m [32m INFO[0m ThreadId(10) [2mkoko::shell::媒体资产外壳[0m[2m:[0m 读取附件内容成功 [3musecase[0m[2m=[0m"读取附件内容" [3madapter[0m[2m=[0m"http" [3moutcome[0m[2m=[0m"succeeded" [3mrequest_kind[0m[2m=[0m"附件内容读取" [3mattachment_id[0m[2m=[0m"att-4e0480d9e16e" [3msession_id[0m[2m=[0m"s-3698d9833309"
[backend] [2m2026-04-25T16:42:01.2947219+08:00[0m [32m INFO[0m ThreadId(04) [2mkoko::shell::媒体资产外壳[0m[2m:[0m 读取附件内容成功 [3musecase[0m[2m=[0m"读取附件内容" [3madapter[0m[2m=[0m"http" [3moutcome[0m[2m=[0m"succeeded" [3mrequest_kind[0m[2m=[0m"附件内容读取" [3mattachment_id[0m[2m=[0m"att-4e0480d9e16e" [3msession_id[0m[2m=[0m"s-3698d9833309"
[backend] [2m2026-04-25T16:42:01.294722+08:00[0m [32m INFO[0m ThreadId(05) [2mkoko::shell::媒体资产外壳[0m[2m:[0m 读取附件内容成功 [3musecase[0m[2m=[0m"读取附件内容" [3madapter[0m[2m=[0m"http" [3moutcome[0m[2m=[0m"succeeded" [3mrequest_kind[0m[2m=[0m"附件内容读取" [3mattachment_id[0m[2m=[0m"att-4e0480d9e16e" [3msession_id[0m[2m=[0m"s-3698d9833309"
[backend] [2m2026-04-25T16:42:01.2952008+08:00[0m [32m INFO[0m ThreadId(11) [2mkoko::shell::媒体资产外壳[0m[2m:[0m HTTP 请求已受理 [3musecase[0m[2m=[0m"读取附件内容" [3madapter[0m[2m=[0m"http" [3moutcome[0m[2m=[0m"accepted" [3mrequest_kind[0m[2m=[0m"附件内容读取" [3mattachment_id[0m[2m=[0m"att-4e0480d9e16e" [3msession_id[0m[2m=[0m"s-3698d9833309"
[backend] [2m2026-04-25T16:42:01.3047504+08:00[0m [32m INFO[0m ThreadId(05) [2mkoko::shell::媒体资产外壳[0m[2m:[0m 读取附件内容成功 [3musecase[0m[2m=[0m"读取附件内容" [3madapter[0m[2m=[0m"http" [3moutcome[0m[2m=[0m"succeeded" [3mrequest_kind[0m[2m=[0m"附件内容读取" [3mattachment_id[0m[2m=[0m"att-4e0480d9e16e" [3msession_id[0m[2m=[0m"s-3698d9833309"
[backend] [2m2026-04-25T16:42:01.4794039+08:00[0m [32m INFO[0m ThreadId(05) [2mkoko::shell::媒体资产外壳[0m[2m:[0m HTTP 请求已受理 [3musecase[0m[2m=[0m"读取附件内容" [3madapter[0m[2m=[0m"http" [3moutcome[0m[2m=[0m"accepted" [3mrequest_kind[0m[2m=[0m"附件内容读取" [3mattachment_id[0m[2m=[0m"att-5d2bc6f45393" [3msession_id[0m[2m=[0m"s-3698d9833309"
[backend] [2m2026-04-25T16:42:01.4794038+08:00[0m [32m INFO[0m ThreadId(04) [2mkoko::shell::媒体资产外壳[0m[2m:[0m HTTP 请求已受理 [3musecase[0m[2m=[0m"读取附件内容" [3madapter[0m[2m=[0m"http" [3moutcome[0m[2m=[0m"accepted" [3mrequest_kind[0m[2m=[0m"附件内容读取" [3mattachment_id[0m[2m=[0m"att-5d2bc6f45393" [3msession_id[0m[2m=[0m"s-3698d9833309"
[backend] [2m2026-04-25T16:42:01.4794074+08:00[0m [32m INFO[0m ThreadId(10) [2mkoko::shell::媒体资产外壳[0m[2m:[0m HTTP 请求已受理 [3musecase[0m[2m=[0m"读取附件内容" [3madapter[0m[2m=[0m"http" [3moutcome[0m[2m=[0m"accepted" [3mrequest_kind[0m[2m=[0m"附件内容读取" [3mattachment_id[0m[2m=[0m"att-5d2bc6f45393" [3msession_id[0m[2m=[0m"s-3698d9833309"
[backend] [2m2026-04-25T16:42:01.4794074+08:00[0m [32m INFO[0m ThreadId(11) [2mkoko::shell::媒体资产外壳[0m[2m:[0m HTTP 请求已受理 [3musecase[0m[2m=[0m"读取附件内容" [3madapter[0m[2m=[0m"http" [3moutcome[0m[2m=[0m"accepted" [3mrequest_kind[0m[2m=[0m"附件内容读取" [3mattachment_id[0m[2m=[0m"att-5d2bc6f45393" [3msession_id[0m[2m=[0m"s-3698d9833309"
[backend] [2m2026-04-25T16:42:01.4889982+08:00[0m [32m INFO[0m ThreadId(03) [2mkoko::shell::媒体资产外壳[0m[2m:[0m 读取附件内容成功 [3musecase[0m[2m=[0m"读取附件内容" [3madapter[0m[2m=[0m"http" [3moutcome[0m[2m=[0m"succeeded" [3mrequest_kind[0m[2m=[0m"附件内容读取" [3mattachment_id[0m[2m=[0m"att-5d2bc6f45393" [3msession_id[0m[2m=[0m"s-3698d9833309"
[backend] [2m2026-04-25T16:42:01.4927729+08:00[0m [32m INFO[0m ThreadId(10) [2mkoko::shell::媒体资产外壳[0m[2m:[0m 读取附件内容成功 [3musecase[0m[2m=[0m"读取附件内容" [3madapter[0m[2m=[0m"http" [3moutcome[0m[2m=[0m"succeeded" [3mrequest_kind[0m[2m=[0m"附件内容读取" [3mattachment_id[0m[2m=[0m"att-5d2bc6f45393" [3msession_id[0m[2m=[0m"s-3698d9833309"
[backend] [2m2026-04-25T16:42:01.4927732+08:00[0m [32m INFO[0m ThreadId(03) [2mkoko::shell::媒体资产外壳[0m[2m:[0m 读取附件内容成功 [3musecase[0m[2m=[0m"读取附件内容" [3madapter[0m[2m=[0m"http" [3moutcome[0m[2m=[0m"succeeded" [3mrequest_kind[0m[2m=[0m"附件内容读取" [3mattachment_id[0m[2m=[0m"att-5d2bc6f45393" [3msession_id[0m[2m=[0m"s-3698d9833309"
[backend] [2m2026-04-25T16:42:01.4943835+08:00[0m [32m INFO[0m ThreadId(04) [2mkoko::shell::媒体资产外壳[0m[2m:[0m 读取附件内容成功 [3musecase[0m[2m=[0m"读取附件内容" [3madapter[0m[2m=[0m"http" [3moutcome[0m[2m=[0m"succeeded" [3mrequest_kind[0m[2m=[0m"附件内容读取" [3mattachment_id[0m[2m=[0m"att-5d2bc6f45393" [3msession_id[0m[2m=[0m"s-3698d9833309"
[backend] [2m2026-04-25T16:42:01.8972192+08:00[0m [32m INFO[0m ThreadId(10) [2mkoko::shell::媒体资产外壳[0m[2m:[0m HTTP 请求已受理 [3musecase[0m[2m=[0m"读取附件内容" [3madapter[0m[2m=[0m"http" [3moutcome[0m[2m=[0m"accepted" [3mrequest_kind[0m[2m=[0m"附件内容读取" [3mattachment_id[0m[2m=[0m"att-4e0480d9e16e" [3msession_id[0m[2m=[0m"s-3698d9833309"
[backend] [2m2026-04-25T16:42:01.8972194+08:00[0m [32m INFO[0m ThreadId(03) [2mkoko::shell::媒体资产外壳[0m[2m:[0m HTTP 请求已受理 [3musecase[0m[2m=[0m"读取附件内容" [3madapter[0m[2m=[0m"http" [3moutcome[0m[2m=[0m"accepted" [3mrequest_kind[0m[2m=[0m"附件内容读取" [3mattachment_id[0m[2m=[0m"att-4e0480d9e16e" [3msession_id[0m[2m=[0m"s-3698d9833309"
[backend] [2m2026-04-25T16:42:01.8972397+08:00[0m [32m INFO[0m ThreadId(11) [2mkoko::shell::媒体资产外壳[0m[2m:[0m HTTP 请求已受理 [3musecase[0m[2m=[0m"读取附件内容" [3madapter[0m[2m=[0m"http" [3moutcome[0m[2m=[0m"accepted" [3mrequest_kind[0m[2m=[0m"附件内容读取" [3mattachment_id[0m[2m=[0m"att-4e0480d9e16e" [3msession_id[0m[2m=[0m"s-3698d9833309"
[backend] [2m2026-04-25T16:42:01.8972949+08:00[0m [32m INFO[0m ThreadId(04) [2mkoko::shell::媒体资产外壳[0m[2m:[0m HTTP 请求已受理 [3musecase[0m[2m=[0m"读取附件内容" [3madapter[0m[2m=[0m"http" [3moutcome[0m[2m=[0m"accepted" [3mrequest_kind[0m[2m=[0m"附件内容读取" [3mattachment_id[0m[2m=[0m"att-4e0480d9e16e" [3msession_id[0m[2m=[0m"s-3698d9833309"
[backend] [2m2026-04-25T16:42:01.9113105+08:00[0m [32m INFO[0m ThreadId(10) [2mkoko::shell::媒体资产外壳[0m[2m:[0m 读取附件内容成功 [3musecase[0m[2m=[0m"读取附件内容" [3madapter[0m[2m=[0m"http" [3moutcome[0m[2m=[0m"succeeded" [3mrequest_kind[0m[2m=[0m"附件内容读取" [3mattachment_id[0m[2m=[0m"att-4e0480d9e16e" [3msession_id[0m[2m=[0m"s-3698d9833309"
[backend] [2m2026-04-25T16:42:01.9113343+08:00[0m [32m INFO[0m ThreadId(05) [2mkoko::shell::媒体资产外壳[0m[2m:[0m 读取附件内容成功 [3musecase[0m[2m=[0m"读取附件内容" [3madapter[0m[2m=[0m"http" [3moutcome[0m[2m=[0m"succeeded" [3mrequest_kind[0m[2m=[0m"附件内容读取" [3mattachment_id[0m[2m=[0m"att-4e0480d9e16e" [3msession_id[0m[2m=[0m"s-3698d9833309"
[backend] [2m2026-04-25T16:42:01.911357+08:00[0m [32m INFO[0m ThreadId(04) [2mkoko::shell::媒体资产外壳[0m[2m:[0m 读取附件内容成功 [3musecase[0m[2m=[0m"读取附件内容" [3madapter[0m[2m=[0m"http" [3moutcome[0m[2m=[0m"succeeded" [3mrequest_kind[0m[2m=[0m"附件内容读取" [3mattachment_id[0m[2m=[0m"att-4e0480d9e16e" [3msession_id[0m[2m=[0m"s-3698d9833309"
[backend] [2m2026-04-25T16:42:01.911357+08:00[0m [32m INFO[0m ThreadId(03) [2mkoko::shell::媒体资产外壳[0m[2m:[0m 读取附件内容成功 [3musecase[0m[2m=[0m"读取附件内容" [3madapter[0m[2m=[0m"http" [3moutcome[0m[2m=[0m"succeeded" [3mrequest_kind[0m[2m=[0m"附件内容读取" [3mattachment_id[0m[2m=[0m"att-4e0480d9e16e" [3msession_id[0m[2m=[0m"s-3698d9833309"
[backend] [2m2026-04-25T16:42:02.2053214+08:00[0m [32m INFO[0m ThreadId(11) [2mkoko::shell::媒体资产外壳[0m[2m:[0m HTTP 请求已受理 [3musecase[0m[2m=[0m"读取附件内容" [3madapter[0m[2m=[0m"http" [3moutcome[0m[2m=[0m"accepted" [3mrequest_kind[0m[2m=[0m"附件内容读取" [3mattachment_id[0m[2m=[0m"att-5d2bc6f45393" [3msession_id[0m[2m=[0m"s-3698d9833309"
[backend] [2m2026-04-25T16:42:02.2065504+08:00[0m [32m INFO[0m ThreadId(11) [2mkoko::shell::媒体资产外壳[0m[2m:[0m HTTP 请求已受理 [3musecase[0m[2m=[0m"读取附件内容" [3madapter[0m[2m=[0m"http" [3moutcome[0m[2m=[0m"accepted" [3mrequest_kind[0m[2m=[0m"附件内容读取" [3mattachment_id[0m[2m=[0m"att-5d2bc6f45393" [3msession_id[0m[2m=[0m"s-3698d9833309"
[backend] [2m2026-04-25T16:42:02.20655+08:00[0m [32m INFO[0m ThreadId(04) [2mkoko::shell::媒体资产外壳[0m[2m:[0m HTTP 请求已受理 [3musecase[0m[2m=[0m"读取附件内容" [3madapter[0m[2m=[0m"http" [3moutcome[0m[2m=[0m"accepted" [3mrequest_kind[0m[2m=[0m"附件内容读取" [3mattachment_id[0m[2m=[0m"att-5d2bc6f45393" [3msession_id[0m[2m=[0m"s-3698d9833309"
[backend] [2m2026-04-25T16:42:02.2066272+08:00[0m [32m INFO[0m ThreadId(05) [2mkoko::shell::媒体资产外壳[0m[2m:[0m HTTP 请求已受理 [3musecase[0m[2m=[0m"读取附件内容" [3madapter[0m[2m=[0m"http" [3moutcome[0m[2m=[0m"accepted" [3mrequest_kind[0m[2m=[0m"附件内容读取" [3mattachment_id[0m[2m=[0m"att-5d2bc6f45393" [3msession_id[0m[2m=[0m"s-3698d9833309"
[backend] [2m2026-04-25T16:42:02.2318776+08:00[0m [32m INFO[0m ThreadId(03) [2mkoko::shell::媒体资产外壳[0m[2m:[0m 读取附件内容成功 [3musecase[0m[2m=[0m"读取附件内容" [3madapter[0m[2m=[0m"http" [3moutcome[0m[2m=[0m"succeeded" [3mrequest_kind[0m[2m=[0m"附件内容读取" [3mattachment_id[0m[2m=[0m"att-5d2bc6f45393" [3msession_id[0m[2m=[0m"s-3698d9833309"
[backend] [2m2026-04-25T16:42:02.2318773+08:00[0m [32m INFO[0m ThreadId(04) [2mkoko::shell::媒体资产外壳[0m[2m:[0m 读取附件内容成功 [3musecase[0m[2m=[0m"读取附件内容" [3madapter[0m[2m=[0m"http" [3moutcome[0m[2m=[0m"succeeded" [3mrequest_kind[0m[2m=[0m"附件内容读取" [3mattachment_id[0m[2m=[0m"att-5d2bc6f45393" [3msession_id[0m[2m=[0m"s-3698d9833309"
[backend] [2m2026-04-25T16:42:02.2319407+08:00[0m [32m INFO[0m ThreadId(10) [2mkoko::shell::媒体资产外壳[0m[2m:[0m 读取附件内容成功 [3musecase[0m[2m=[0m"读取附件内容" [3madapter[0m[2m=[0m"http" [3moutcome[0m[2m=[0m"succeeded" [3mrequest_kind[0m[2m=[0m"附件内容读取" [3mattachment_id[0m[2m=[0m"att-5d2bc6f45393" [3msession_id[0m[2m=[0m"s-3698d9833309"
[backend] [2m2026-04-25T16:42:02.2319246+08:00[0m [32m INFO[0m ThreadId(05) [2mkoko::shell::媒体资产外壳[0m[2m:[0m 读取附件内容成功 [3musecase[0m[2m=[0m"读取附件内容" [3madapter[0m[2m=[0m"http" [3moutcome[0m[2m=[0m"succeeded" [3mrequest_kind[0m[2m=[0m"附件内容读取" [3mattachment_id[0m[2m=[0m"att-5d2bc6f45393" [3msession_id[0m[2m=[0m"s-3698d9833309"
[backend] [2m2026-04-25T16:42:02.5217457+08:00[0m [32m INFO[0m ThreadId(11) [2mkoko::shell::媒体资产外壳[0m[2m:[0m HTTP 请求已受理 [3musecase[0m[2m=[0m"读取附件内容" [3madapter[0m[2m=[0m"http" [3moutcome[0m[2m=[0m"accepted" [3mrequest_kind[0m[2m=[0m"附件内容读取" [3mattachment_id[0m[2m=[0m"att-4e0480d9e16e" [3msession_id[0m[2m=[0m"s-3698d9833309"
[backend] [2m2026-04-25T16:42:02.5228455+08:00[0m [32m INFO[0m ThreadId(04) [2mkoko::shell::媒体资产外壳[0m[2m:[0m HTTP 请求已受理 [3musecase[0m[2m=[0m"读取附件内容" [3madapter[0m[2m=[0m"http" [3moutcome[0m[2m=[0m"accepted" [3mrequest_kind[0m[2m=[0m"附件内容读取" [3mattachment_id[0m[2m=[0m"att-4e0480d9e16e" [3msession_id[0m[2m=[0m"s-3698d9833309"
[backend] [2m2026-04-25T16:42:02.5228455+08:00[0m [32m INFO[0m ThreadId(11) [2mkoko::shell::媒体资产外壳[0m[2m:[0m HTTP 请求已受理 [3musecase[0m[2m=[0m"读取附件内容" [3madapter[0m[2m=[0m"http" [3moutcome[0m[2m=[0m"accepted" [3mrequest_kind[0m[2m=[0m"附件内容读取" [3mattachment_id[0m[2m=[0m"att-4e0480d9e16e" [3msession_id[0m[2m=[0m"s-3698d9833309"
[backend] [2m2026-04-25T16:42:02.5233253+08:00[0m [32m INFO[0m ThreadId(10) [2mkoko::shell::媒体资产外壳[0m[2m:[0m HTTP 请求已受理 [3musecase[0m[2m=[0m"读取附件内容" [3madapter[0m[2m=[0m"http" [3moutcome[0m[2m=[0m"accepted" [3mrequest_kind[0m[2m=[0m"附件内容读取" [3mattachment_id[0m[2m=[0m"att-4e0480d9e16e" [3msession_id[0m[2m=[0m"s-3698d9833309"
[backend] [2m2026-04-25T16:42:02.5356603+08:00[0m [32m INFO[0m ThreadId(06) [2mkoko::shell::媒体资产外壳[0m[2m:[0m 读取附件内容成功 [3musecase[0m[2m=[0m"读取附件内容" [3madapter[0m[2m=[0m"http" [3moutcome[0m[2m=[0m"succeeded" [3mrequest_kind[0m[2m=[0m"附件内容读取" [3mattachment_id[0m[2m=[0m"att-4e0480d9e16e" [3msession_id[0m[2m=[0m"s-3698d9833309"
[backend] [2m2026-04-25T16:42:02.5356603+08:00[0m [32m INFO[0m ThreadId(04) [2mkoko::shell::媒体资产外壳[0m[2m:[0m 读取附件内容成功 [3musecase[0m[2m=[0m"读取附件内容" [3madapter[0m[2m=[0m"http" [3moutcome[0m[2m=[0m"succeeded" [3mrequest_kind[0m[2m=[0m"附件内容读取" [3mattachment_id[0m[2m=[0m"att-4e0480d9e16e" [3msession_id[0m[2m=[0m"s-3698d9833309"
[backend] [2m2026-04-25T16:42:02.5357528+08:00[0m [32m INFO[0m ThreadId(10) [2mkoko::shell::媒体资产外壳[0m[2m:[0m 读取附件内容成功 [3musecase[0m[2m=[0m"读取附件内容" [3madapter[0m[2m=[0m"http" [3moutcome[0m[2m=[0m"succeeded" [3mrequest_kind[0m[2m=[0m"附件内容读取" [3mattachment_id[0m[2m=[0m"att-4e0480d9e16e" [3msession_id[0m[2m=[0m"s-3698d9833309"
[backend] [2m2026-04-25T16:42:02.5357295+08:00[0m [32m INFO[0m ThreadId(03) [2mkoko::shell::媒体资产外壳[0m[2m:[0m 读取附件内容成功 [3musecase[0m[2m=[0m"读取附件内容" [3madapter[0m[2m=[0m"http" [3moutcome[0m[2m=[0m"succeeded" [3mrequest_kind[0m[2m=[0m"附件内容读取" [3mattachment_id[0m[2m=[0m"att-4e0480d9e16e" [3msession_id[0m[2m=[0m"s-3698d9833309"
[backend] [2m2026-04-25T16:42:02.8433734+08:00[0m [32m INFO[0m ThreadId(11) [2mkoko::shell::媒体资产外壳[0m[2m:[0m HTTP 请求已受理 [3musecase[0m[2m=[0m"读取附件内容" [3madapter[0m[2m=[0m"http" [3moutcome[0m[2m=[0m"accepted" [3mrequest_kind[0m[2m=[0m"附件内容读取" [3mattachment_id[0m[2m=[0m"att-5d2bc6f45393" [3msession_id[0m[2m=[0m"s-3698d9833309"
[backend] [2m2026-04-25T16:42:02.8441011+08:00[0m [32m INFO[0m ThreadId(11) [2mkoko::shell::媒体资产外壳[0m[2m:[0m HTTP 请求已受理 [3musecase[0m[2m=[0m"读取附件内容" [3madapter[0m[2m=[0m"http" [3moutcome[0m[2m=[0m"accepted" [3mrequest_kind[0m[2m=[0m"附件内容读取" [3mattachment_id[0m[2m=[0m"att-5d2bc6f45393" [3msession_id[0m[2m=[0m"s-3698d9833309"
[backend] [2m2026-04-25T16:42:02.8445646+08:00[0m [32m INFO[0m ThreadId(04) [2mkoko::shell::媒体资产外壳[0m[2m:[0m HTTP 请求已受理 [3musecase[0m[2m=[0m"读取附件内容" [3madapter[0m[2m=[0m"http" [3moutcome[0m[2m=[0m"accepted" [3mrequest_kind[0m[2m=[0m"附件内容读取" [3mattachment_id[0m[2m=[0m"att-5d2bc6f45393" [3msession_id[0m[2m=[0m"s-3698d9833309"
[backend] [2m2026-04-25T16:42:02.8561645+08:00[0m [32m INFO[0m ThreadId(04) [2mkoko::shell::媒体资产外壳[0m[2m:[0m 读取附件内容成功 [3musecase[0m[2m=[0m"读取附件内容" [3madapter[0m[2m=[0m"http" [3moutcome[0m[2m=[0m"succeeded" [3mrequest_kind[0m[2m=[0m"附件内容读取" [3mattachment_id[0m[2m=[0m"att-5d2bc6f45393" [3msession_id[0m[2m=[0m"s-3698d9833309"
[backend] [2m2026-04-25T16:42:02.8561379+08:00[0m [32m INFO[0m ThreadId(10) [2mkoko::shell::媒体资产外壳[0m[2m:[0m 读取附件内容成功 [3musecase[0m[2m=[0m"读取附件内容" [3madapter[0m[2m=[0m"http" [3moutcome[0m[2m=[0m"succeeded" [3mrequest_kind[0m[2m=[0m"附件内容读取" [3mattachment_id[0m[2m=[0m"att-5d2bc6f45393" [3msession_id[0m[2m=[0m"s-3698d9833309"
[backend] [2m2026-04-25T16:42:02.8561688+08:00[0m [32m INFO[0m ThreadId(06) [2mkoko::shell::媒体资产外壳[0m[2m:[0m 读取附件内容成功 [3musecase[0m[2m=[0m"读取附件内容" [3madapter[0m[2m=[0m"http" [3moutcome[0m[2m=[0m"succeeded" [3mrequest_kind[0m[2m=[0m"附件内容读取" [3mattachment_id[0m[2m=[0m"att-5d2bc6f45393" [3msession_id[0m[2m=[0m"s-3698d9833309"
[backend] [2m2026-04-25T16:42:03.1063809+08:00[0m [32m INFO[0m ThreadId(11) [2mkoko::shell::媒体资产外壳[0m[2m:[0m HTTP 请求已受理 [3musecase[0m[2m=[0m"读取附件内容" [3madapter[0m[2m=[0m"http" [3moutcome[0m[2m=[0m"accepted" [3mrequest_kind[0m[2m=[0m"附件内容读取" [3mattachment_id[0m[2m=[0m"att-4e0480d9e16e" [3msession_id[0m[2m=[0m"s-3698d9833309"
[backend] [2m2026-04-25T16:42:03.106381+08:00[0m [32m INFO[0m ThreadId(04) [2mkoko::shell::媒体资产外壳[0m[2m:[0m HTTP 请求已受理 [3musecase[0m[2m=[0m"读取附件内容" [3madapter[0m[2m=[0m"http" [3moutcome[0m[2m=[0m"accepted" [3mrequest_kind[0m[2m=[0m"附件内容读取" [3mattachment_id[0m[2m=[0m"att-4e0480d9e16e" [3msession_id[0m[2m=[0m"s-3698d9833309"
[backend] [2m2026-04-25T16:42:03.1063809+08:00[0m [32m INFO[0m ThreadId(06) [2mkoko::shell::媒体资产外壳[0m[2m:[0m HTTP 请求已受理 [3musecase[0m[2m=[0m"读取附件内容" [3madapter[0m[2m=[0m"http" [3moutcome[0m[2m=[0m"accepted" [3mrequest_kind[0m[2m=[0m"附件内容读取" [3mattachment_id[0m[2m=[0m"att-4e0480d9e16e" [3msession_id[0m[2m=[0m"s-3698d9833309"
[backend] [2m2026-04-25T16:42:03.1065424+08:00[0m [32m INFO[0m ThreadId(10) [2mkoko::shell::媒体资产外壳[0m[2m:[0m HTTP 请求已受理 [3musecase[0m[2m=[0m"读取附件内容" [3madapter[0m[2m=[0m"http" [3moutcome[0m[2m=[0m"accepted" [3mrequest_kind[0m[2m=[0m"附件内容读取" [3mattachment_id[0m[2m=[0m"att-4e0480d9e16e" [3msession_id[0m[2m=[0m"s-3698d9833309"
[backend] [2m2026-04-25T16:42:03.1207024+08:00[0m [32m INFO[0m ThreadId(06) [2mkoko::shell::媒体资产外壳[0m[2m:[0m 读取附件内容成功 [3musecase[0m[2m=[0m"读取附件内容" [3madapter[0m[2m=[0m"http" [3moutcome[0m[2m=[0m"succeeded" [3mrequest_kind[0m[2m=[0m"附件内容读取" [3mattachment_id[0m[2m=[0m"att-4e0480d9e16e" [3msession_id[0m[2m=[0m"s-3698d9833309"
[backend] [2m2026-04-25T16:42:03.1206767+08:00[0m [32m INFO[0m ThreadId(11) [2mkoko::shell::媒体资产外壳[0m[2m:[0m 读取附件内容成功 [3musecase[0m[2m=[0m"读取附件内容" [3madapter[0m[2m=[0m"http" [3moutcome[0m[2m=[0m"succeeded" [3mrequest_kind[0m[2m=[0m"附件内容读取" [3mattachment_id[0m[2m=[0m"att-4e0480d9e16e" [3msession_id[0m[2m=[0m"s-3698d9833309"
[backend] [2m2026-04-25T16:42:03.1206773+08:00[0m [32m INFO[0m ThreadId(10) [2mkoko::shell::媒体资产外壳[0m[2m:[0m 读取附件内容成功 [3musecase[0m[2m=[0m"读取附件内容" [3madapter[0m[2m=[0m"http" [3moutcome[0m[2m=[0m"succeeded" [3mrequest_kind[0m[2m=[0m"附件内容读取" [3mattachment_id[0m[2m=[0m"att-4e0480d9e16e" [3msession_id[0m[2m=[0m"s-3698d9833309"
[backend] [2m2026-04-25T16:42:03.12074+08:00[0m [32m INFO[0m ThreadId(03) [2mkoko::shell::媒体资产外壳[0m[2m:[0m 读取附件内容成功 [3musecase[0m[2m=[0m"读取附件内容" [3madapter[0m[2m=[0m"http" [3moutcome[0m[2m=[0m"succeeded" [3mrequest_kind[0m[2m=[0m"附件内容读取" [3mattachment_id[0m[2m=[0m"att-4e0480d9e16e" [3msession_id[0m[2m=[0m"s-3698d9833309"
[tracker] 2026-04-25T08:42:03.116Z complete: 2d5757303230382d707674366a74593576456a4e
[backend] [2m2026-04-25T16:42:03.6157387+08:00[0m [32m INFO[0m ThreadId(11) [2mkoko::shell::媒体资产外壳[0m[2m:[0m HTTP 请求已受理 [3musecase[0m[2m=[0m"读取附件内容" [3madapter[0m[2m=[0m"http" [3moutcome[0m[2m=[0m"accepted" [3mrequest_kind[0m[2m=[0m"附件内容读取" [3mattachment_id[0m[2m=[0m"att-4e0480d9e16e" [3msession_id[0m[2m=[0m"s-3698d9833309"
[backend] [2m2026-04-25T16:42:03.6157386+08:00[0m [32m INFO[0m ThreadId(10) [2mkoko::shell::媒体资产外壳[0m[2m:[0m HTTP 请求已受理 [3musecase[0m[2m=[0m"读取附件内容" [3madapter[0m[2m=[0m"http" [3moutcome[0m[2m=[0m"accepted" [3mrequest_kind[0m[2m=[0m"附件内容读取" [3mattachment_id[0m[2m=[0m"att-4e0480d9e16e" [3msession_id[0m[2m=[0m"s-3698d9833309"
[backend] [2m2026-04-25T16:42:03.6157386+08:00[0m [32m INFO[0m ThreadId(03) [2mkoko::shell::媒体资产外壳[0m[2m:[0m HTTP 请求已受理 [3musecase[0m[2m=[0m"读取附件内容" [3madapter[0m[2m=[0m"http" [3moutcome[0m[2m=[0m"accepted" [3mrequest_kind[0m[2m=[0m"附件内容读取" [3mattachment_id[0m[2m=[0m"att-4e0480d9e16e" [3msession_id[0m[2m=[0m"s-3698d9833309"
[backend] [2m2026-04-25T16:42:03.6159421+08:00[0m [32m INFO[0m ThreadId(05) [2mkoko::shell::媒体资产外壳[0m[2m:[0m HTTP 请求已受理 [3musecase[0m[2m=[0m"读取附件内容" [3madapter[0m[2m=[0m"http" [3moutcome[0m[2m=[0m"accepted" [3mrequest_kind[0m[2m=[0m"附件内容读取" [3mattachment_id[0m[2m=[0m"att-4e0480d9e16e" [3msession_id[0m[2m=[0m"s-3698d9833309"
[backend] [2m2026-04-25T16:42:03.6289386+08:00[0m [32m INFO[0m ThreadId(11) [2mkoko::shell::媒体资产外壳[0m[2m:[0m 读取附件内容成功 [3musecase[0m[2m=[0m"读取附件内容" [3madapter[0m[2m=[0m"http" [3moutcome[0m[2m=[0m"succeeded" [3mrequest_kind[0m[2m=[0m"附件内容读取" [3mattachment_id[0m[2m=[0m"att-4e0480d9e16e" [3msession_id[0m[2m=[0m"s-3698d9833309"
[backend] [2m2026-04-25T16:42:03.6289386+08:00[0m [32m INFO[0m ThreadId(06) [2mkoko::shell::媒体资产外壳[0m[2m:[0m 读取附件内容成功 [3musecase[0m[2m=[0m"读取附件内容" [3madapter[0m[2m=[0m"http" [3moutcome[0m[2m=[0m"succeeded" [3mrequest_kind[0m[2m=[0m"附件内容读取" [3mattachment_id[0m[2m=[0m"att-4e0480d9e16e" [3msession_id[0m[2m=[0m"s-3698d9833309"
[backend] [2m2026-04-25T16:42:03.628988+08:00[0m [32m INFO[0m ThreadId(03) [2mkoko::shell::媒体资产外壳[0m[2m:[0m 读取附件内容成功 [3musecase[0m[2m=[0m"读取附件内容" [3madapter[0m[2m=[0m"http" [3moutcome[0m[2m=[0m"succeeded" [3mrequest_kind[0m[2m=[0m"附件内容读取" [3mattachment_id[0m[2m=[0m"att-4e0480d9e16e" [3msession_id[0m[2m=[0m"s-3698d9833309"
[backend] [2m2026-04-25T16:42:03.6289886+08:00[0m [32m INFO[0m ThreadId(05) [2mkoko::shell::媒体资产外壳[0m[2m:[0m 读取附件内容成功 [3musecase[0m[2m=[0m"读取附件内容" [3madapter[0m[2m=[0m"http" [3moutcome[0m[2m=[0m"succeeded" [3mrequest_kind[0m[2m=[0m"附件内容读取" [3mattachment_id[0m[2m=[0m"att-4e0480d9e16e" [3msession_id[0m[2m=[0m"s-3698d9833309"
[backend] [2m2026-04-25T16:42:04.1278436+08:00[0m [32m INFO[0m ThreadId(10) [2mkoko::shell::媒体资产外壳[0m[2m:[0m HTTP 请求已受理 [3musecase[0m[2m=[0m"读取附件内容" [3madapter[0m[2m=[0m"http" [3moutcome[0m[2m=[0m"accepted" [3mrequest_kind[0m[2m=[0m"附件内容读取" [3mattachment_id[0m[2m=[0m"att-4e0480d9e16e" [3msession_id[0m[2m=[0m"s-3698d9833309"
[backend] [2m2026-04-25T16:42:04.1278436+08:00[0m [32m INFO[0m ThreadId(05) [2mkoko::shell::媒体资产外壳[0m[2m:[0m HTTP 请求已受理 [3musecase[0m[2m=[0m"读取附件内容" [3madapter[0m[2m=[0m"http" [3moutcome[0m[2m=[0m"accepted" [3mrequest_kind[0m[2m=[0m"附件内容读取" [3mattachment_id[0m[2m=[0m"att-4e0480d9e16e" [3msession_id[0m[2m=[0m"s-3698d9833309"
[backend] [2m2026-04-25T16:42:04.1278439+08:00[0m [32m INFO[0m ThreadId(03) [2mkoko::shell::媒体资产外壳[0m[2m:[0m HTTP 请求已受理 [3musecase[0m[2m=[0m"读取附件内容" [3madapter[0m[2m=[0m"http" [3moutcome[0m[2m=[0m"accepted" [3mrequest_kind[0m[2m=[0m"附件内容读取" [3mattachment_id[0m[2m=[0m"att-4e0480d9e16e" [3msession_id[0m[2m=[0m"s-3698d9833309"
[backend] [2m2026-04-25T16:42:04.1286168+08:00[0m [32m INFO[0m ThreadId(10) [2mkoko::shell::媒体资产外壳[0m[2m:[0m HTTP 请求已受理 [3musecase[0m[2m=[0m"读取附件内容" [3madapter[0m[2m=[0m"http" [3moutcome[0m[2m=[0m"accepted" [3mrequest_kind[0m[2m=[0m"附件内容读取" [3mattachment_id[0m[2m=[0m"att-4e0480d9e16e" [3msession_id[0m[2m=[0m"s-3698d9833309"
[backend] [2m2026-04-25T16:42:04.1401751+08:00[0m [32m INFO[0m ThreadId(04) [2mkoko::shell::媒体资产外壳[0m[2m:[0m 读取附件内容成功 [3musecase[0m[2m=[0m"读取附件内容" [3madapter[0m[2m=[0m"http" [3moutcome[0m[2m=[0m"succeeded" [3mrequest_kind[0m[2m=[0m"附件内容读取" [3mattachment_id[0m[2m=[0m"att-4e0480d9e16e" [3msession_id[0m[2m=[0m"s-3698d9833309"
[backend] [2m2026-04-25T16:42:04.1402477+08:00[0m [32m INFO[0m ThreadId(10) [2mkoko::shell::媒体资产外壳[0m[2m:[0m 读取附件内容成功 [3musecase[0m[2m=[0m"读取附件内容" [3madapter[0m[2m=[0m"http" [3moutcome[0m[2m=[0m"succeeded" [3mrequest_kind[0m[2m=[0m"附件内容读取" [3mattachment_id[0m[2m=[0m"att-4e0480d9e16e" [3msession_id[0m[2m=[0m"s-3698d9833309"
[backend] [2m2026-04-25T16:42:04.1402757+08:00[0m [32m INFO[0m ThreadId(05) [2mkoko::shell::媒体资产外壳[0m[2m:[0m 读取附件内容成功 [3musecase[0m[2m=[0m"读取附件内容" [3madapter[0m[2m=[0m"http" [3moutcome[0m[2m=[0m"succeeded" [3mrequest_kind[0m[2m=[0m"附件内容读取" [3mattachment_id[0m[2m=[0m"att-4e0480d9e16e" [3msession_id[0m[2m=[0m"s-3698d9833309"
[backend] [2m2026-04-25T16:42:04.1402477+08:00[0m [32m INFO[0m ThreadId(11) [2mkoko::shell::媒体资产外壳[0m[2m:[0m 读取附件内容成功 [3musecase[0m[2m=[0m"读取附件内容" [3madapter[0m[2m=[0m"http" [3moutcome[0m[2m=[0m"succeeded" [3mrequest_kind[0m[2m=[0m"附件内容读取" [3mattachment_id[0m[2m=[0m"att-4e0480d9e16e" [3msession_id[0m[2m=[0m"s-3698d9833309"
[backend] [2m2026-04-25T16:42:04.5754772+08:00[0m [32m INFO[0m ThreadId(06) [2mkoko::shell::媒体资产外壳[0m[2m:[0m HTTP 请求已受理 [3musecase[0m[2m=[0m"读取附件内容" [3madapter[0m[2m=[0m"http" [3moutcome[0m[2m=[0m"accepted" [3mrequest_kind[0m[2m=[0m"附件内容读取" [3mattachment_id[0m[2m=[0m"att-4e0480d9e16e" [3msession_id[0m[2m=[0m"s-3698d9833309"
[backend] [2m2026-04-25T16:42:04.5771389+08:00[0m [32m INFO[0m ThreadId(06) [2mkoko::shell::媒体资产外壳[0m[2m:[0m HTTP 请求已受理 [3musecase[0m[2m=[0m"读取附件内容" [3madapter[0m[2m=[0m"http" [3moutcome[0m[2m=[0m"accepted" [3mrequest_kind[0m[2m=[0m"附件内容读取" [3mattachment_id[0m[2m=[0m"att-4e0480d9e16e" [3msession_id[0m[2m=[0m"s-3698d9833309"
[backend] [2m2026-04-25T16:42:04.577854+08:00[0m [32m INFO[0m ThreadId(06) [2mkoko::shell::媒体资产外壳[0m[2m:[0m HTTP 请求已受理 [3musecase[0m[2m=[0m"读取附件内容" [3madapter[0m[2m=[0m"http" [3moutcome[0m[2m=[0m"accepted" [3mrequest_kind[0m[2m=[0m"附件内容读取" [3mattachment_id[0m[2m=[0m"att-4e0480d9e16e" [3msession_id[0m[2m=[0m"s-3698d9833309"
[backend] [2m2026-04-25T16:42:04.5780416+08:00[0m [32m INFO[0m ThreadId(10) [2mkoko::shell::媒体资产外壳[0m[2m:[0m HTTP 请求已受理 [3musecase[0m[2m=[0m"读取附件内容" [3madapter[0m[2m=[0m"http" [3moutcome[0m[2m=[0m"accepted" [3mrequest_kind[0m[2m=[0m"附件内容读取" [3mattachment_id[0m[2m=[0m"att-4e0480d9e16e" [3msession_id[0m[2m=[0m"s-3698d9833309"
[backend] [2m2026-04-25T16:42:04.5903795+08:00[0m [32m INFO[0m ThreadId(04) [2mkoko::shell::媒体资产外壳[0m[2m:[0m 读取附件内容成功 [3musecase[0m[2m=[0m"读取附件内容" [3madapter[0m[2m=[0m"http" [3moutcome[0m[2m=[0m"succeeded" [3mrequest_kind[0m[2m=[0m"附件内容读取" [3mattachment_id[0m[2m=[0m"att-4e0480d9e16e" [3msession_id[0m[2m=[0m"s-3698d9833309"
[backend] [2m2026-04-25T16:42:04.5903439+08:00[0m [32m INFO[0m ThreadId(11) [2mkoko::shell::媒体资产外壳[0m[2m:[0m 读取附件内容成功 [3musecase[0m[2m=[0m"读取附件内容" [3madapter[0m[2m=[0m"http" [3moutcome[0m[2m=[0m"succeeded" [3mrequest_kind[0m[2m=[0m"附件内容读取" [3mattachment_id[0m[2m=[0m"att-4e0480d9e16e" [3msession_id[0m[2m=[0m"s-3698d9833309"
[backend] [2m2026-04-25T16:42:04.5903439+08:00[0m [32m INFO[0m ThreadId(05) [2mkoko::shell::媒体资产外壳[0m[2m:[0m 读取附件内容成功 [3musecase[0m[2m=[0m"读取附件内容" [3madapter[0m[2m=[0m"http" [3moutcome[0m[2m=[0m"succeeded" [3mrequest_kind[0m[2m=[0m"附件内容读取" [3mattachment_id[0m[2m=[0m"att-4e0480d9e16e" [3msession_id[0m[2m=[0m"s-3698d9833309"
[backend] [2m2026-04-25T16:42:04.5903439+08:00[0m [32m INFO[0m ThreadId(10) [2mkoko::shell::媒体资产外壳[0m[2m:[0m 读取附件内容成功 [3musecase[0m[2m=[0m"读取附件内容" [3madapter[0m[2m=[0m"http" [3moutcome[0m[2m=[0m"succeeded" [3mrequest_kind[0m[2m=[0m"附件内容读取" [3mattachment_id[0m[2m=[0m"att-4e0480d9e16e" [3msession_id[0m[2m=[0m"s-3698d9833309"
[backend] [2m2026-04-25T16:42:05.0534997+08:00[0m [32m INFO[0m ThreadId(06) [2mkoko::shell::媒体资产外壳[0m[2m:[0m HTTP 请求已受理 [3musecase[0m[2m=[0m"读取附件内容" [3madapter[0m[2m=[0m"http" [3moutcome[0m[2m=[0m"accepted" [3mrequest_kind[0m[2m=[0m"附件内容读取" [3mattachment_id[0m[2m=[0m"att-4e0480d9e16e" [3msession_id[0m[2m=[0m"s-3698d9833309"
[backend] [2m2026-04-25T16:42:05.053579+08:00[0m [32m INFO[0m ThreadId(11) [2mkoko::shell::媒体资产外壳[0m[2m:[0m HTTP 请求已受理 [3musecase[0m[2m=[0m"读取附件内容" [3madapter[0m[2m=[0m"http" [3moutcome[0m[2m=[0m"accepted" [3mrequest_kind[0m[2m=[0m"附件内容读取" [3mattachment_id[0m[2m=[0m"att-4e0480d9e16e" [3msession_id[0m[2m=[0m"s-3698d9833309"
[backend] [2m2026-04-25T16:42:05.0537685+08:00[0m [32m INFO[0m ThreadId(04) [2mkoko::shell::媒体资产外壳[0m[2m:[0m HTTP 请求已受理 [3musecase[0m[2m=[0m"读取附件内容" [3madapter[0m[2m=[0m"http" [3moutcome[0m[2m=[0m"accepted" [3mrequest_kind[0m[2m=[0m"附件内容读取" [3mattachment_id[0m[2m=[0m"att-4e0480d9e16e" [3msession_id[0m[2m=[0m"s-3698d9833309"
[backend] [2m2026-04-25T16:42:05.0537434+08:00[0m [32m INFO[0m ThreadId(10) [2mkoko::shell::媒体资产外壳[0m[2m:[0m HTTP 请求已受理 [3musecase[0m[2m=[0m"读取附件内容" [3madapter[0m[2m=[0m"http" [3moutcome[0m[2m=[0m"accepted" [3mrequest_kind[0m[2m=[0m"附件内容读取" [3mattachment_id[0m[2m=[0m"att-4e0480d9e16e" [3msession_id[0m[2m=[0m"s-3698d9833309"
[backend] [2m2026-04-25T16:42:05.0674246+08:00[0m [32m INFO[0m ThreadId(06) [2mkoko::shell::媒体资产外壳[0m[2m:[0m 读取附件内容成功 [3musecase[0m[2m=[0m"读取附件内容" [3madapter[0m[2m=[0m"http" [3moutcome[0m[2m=[0m"succeeded" [3mrequest_kind[0m[2m=[0m"附件内容读取" [3mattachment_id[0m[2m=[0m"att-4e0480d9e16e" [3msession_id[0m[2m=[0m"s-3698d9833309"
[backend] [2m2026-04-25T16:42:05.0674247+08:00[0m [32m INFO[0m ThreadId(05) [2mkoko::shell::媒体资产外壳[0m[2m:[0m 读取附件内容成功 [3musecase[0m[2m=[0m"读取附件内容" [3madapter[0m[2m=[0m"http" [3moutcome[0m[2m=[0m"succeeded" [3mrequest_kind[0m[2m=[0m"附件内容读取" [3mattachment_id[0m[2m=[0m"att-4e0480d9e16e" [3msession_id[0m[2m=[0m"s-3698d9833309"
[backend] [2m2026-04-25T16:42:05.0674261+08:00[0m [32m INFO[0m ThreadId(04) [2mkoko::shell::媒体资产外壳[0m[2m:[0m 读取附件内容成功 [3musecase[0m[2m=[0m"读取附件内容" [3madapter[0m[2m=[0m"http" [3moutcome[0m[2m=[0m"succeeded" [3mrequest_kind[0m[2m=[0m"附件内容读取" [3mattachment_id[0m[2m=[0m"att-4e0480d9e16e" [3msession_id[0m[2m=[0m"s-3698d9833309"
[backend] [2m2026-04-25T16:42:05.0674245+08:00[0m [32m INFO[0m ThreadId(10) [2mkoko::shell::媒体资产外壳[0m[2m:[0m 读取附件内容成功 [3musecase[0m[2m=[0m"读取附件内容" [3madapter[0m[2m=[0m"http" [3moutcome[0m[2m=[0m"succeeded" [3mrequest_kind[0m[2m=[0m"附件内容读取" [3mattachment_id[0m[2m=[0m"att-4e0480d9e16e" [3msession_id[0m[2m=[0m"s-3698d9833309"
[backend] [2m2026-04-25T16:42:05.9490385+08:00[0m [32m INFO[0m ThreadId(11) [2mkoko::shell::媒体资产外壳[0m[2m:[0m HTTP 请求已受理 [3musecase[0m[2m=[0m"读取附件内容" [3madapter[0m[2m=[0m"http" [3moutcome[0m[2m=[0m"accepted" [3mrequest_kind[0m[2m=[0m"附件内容读取" [3mattachment_id[0m[2m=[0m"att-4e0480d9e16e" [3msession_id[0m[2m=[0m"s-3698d9833309"
[backend] [2m2026-04-25T16:42:05.9490385+08:00[0m [32m INFO[0m ThreadId(05) [2mkoko::shell::媒体资产外壳[0m[2m:[0m HTTP 请求已受理 [3musecase[0m[2m=[0m"读取附件内容" [3madapter[0m[2m=[0m"http" [3moutcome[0m[2m=[0m"accepted" [3mrequest_kind[0m[2m=[0m"附件内容读取" [3mattachment_id[0m[2m=[0m"att-4e0480d9e16e" [3msession_id[0m[2m=[0m"s-3698d9833309"
[backend] [2m2026-04-25T16:42:05.9490845+08:00[0m [32m INFO[0m ThreadId(10) [2mkoko::shell::媒体资产外壳[0m[2m:[0m HTTP 请求已受理 [3musecase[0m[2m=[0m"读取附件内容" [3madapter[0m[2m=[0m"http" [3moutcome[0m[2m=[0m"accepted" [3mrequest_kind[0m[2m=[0m"附件内容读取" [3mattachment_id[0m[2m=[0m"att-4e0480d9e16e" [3msession_id[0m[2m=[0m"s-3698d9833309"
[backend] [2m2026-04-25T16:42:05.9490844+08:00[0m [32m INFO[0m ThreadId(06) [2mkoko::shell::媒体资产外壳[0m[2m:[0m HTTP 请求已受理 [3musecase[0m[2m=[0m"读取附件内容" [3madapter[0m[2m=[0m"http" [3moutcome[0m[2m=[0m"accepted" [3mrequest_kind[0m[2m=[0m"附件内容读取" [3mattachment_id[0m[2m=[0m"att-4e0480d9e16e" [3msession_id[0m[2m=[0m"s-3698d9833309"
[backend] [2m2026-04-25T16:42:05.9634173+08:00[0m [32m INFO[0m ThreadId(04) [2mkoko::shell::媒体资产外壳[0m[2m:[0m 读取附件内容成功 [3musecase[0m[2m=[0m"读取附件内容" [3madapter[0m[2m=[0m"http" [3moutcome[0m[2m=[0m"succeeded" [3mrequest_kind[0m[2m=[0m"附件内容读取" [3mattachment_id[0m[2m=[0m"att-4e0480d9e16e" [3msession_id[0m[2m=[0m"s-3698d9833309"
[backend] [2m2026-04-25T16:42:05.9634081+08:00[0m [32m INFO[0m ThreadId(11) [2mkoko::shell::媒体资产外壳[0m[2m:[0m 读取附件内容成功 [3musecase[0m[2m=[0m"读取附件内容" [3madapter[0m[2m=[0m"http" [3moutcome[0m[2m=[0m"succeeded" [3mrequest_kind[0m[2m=[0m"附件内容读取" [3mattachment_id[0m[2m=[0m"att-4e0480d9e16e" [3msession_id[0m[2m=[0m"s-3698d9833309"
[backend] [2m2026-04-25T16:42:05.963455+08:00[0m [32m INFO[0m ThreadId(10) [2mkoko::shell::媒体资产外壳[0m[2m:[0m 读取附件内容成功 [3musecase[0m[2m=[0m"读取附件内容" [3madapter[0m[2m=[0m"http" [3moutcome[0m[2m=[0m"succeeded" [3mrequest_kind[0m[2m=[0m"附件内容读取" [3mattachment_id[0m[2m=[0m"att-4e0480d9e16e" [3msession_id[0m[2m=[0m"s-3698d9833309"
[backend] [2m2026-04-25T16:42:05.9635258+08:00[0m [32m INFO[0m ThreadId(05) [2mkoko::shell::媒体资产外壳[0m[2m:[0m 读取附件内容成功 [3musecase[0m[2m=[0m"读取附件内容" [3madapter[0m[2m=[0m"http" [3moutcome[0m[2m=[0m"succeeded" [3mrequest_kind[0m[2m=[0m"附件内容读取" [3mattachment_id[0m[2m=[0m"att-4e0480d9e16e" [3msession_id[0m[2m=[0m"s-3698d9833309"
[backend] [2m2026-04-25T16:42:06.5323523+08:00[0m [32m INFO[0m ThreadId(06) [2mkoko::shell::媒体资产外壳[0m[2m:[0m HTTP 请求已受理 [3musecase[0m[2m=[0m"读取附件内容" [3madapter[0m[2m=[0m"http" [3moutcome[0m[2m=[0m"accepted" [3mrequest_kind[0m[2m=[0m"附件内容读取" [3mattachment_id[0m[2m=[0m"att-4e0480d9e16e" [3msession_id[0m[2m=[0m"s-3698d9833309"
[backend] [2m2026-04-25T16:42:06.5418855+08:00[0m [32m INFO[0m ThreadId(06) [2mkoko::shell::媒体资产外壳[0m[2m:[0m HTTP 请求已受理 [3musecase[0m[2m=[0m"读取附件内容" [3madapter[0m[2m=[0m"http" [3moutcome[0m[2m=[0m"accepted" [3mrequest_kind[0m[2m=[0m"附件内容读取" [3mattachment_id[0m[2m=[0m"att-4e0480d9e16e" [3msession_id[0m[2m=[0m"s-3698d9833309"
[backend] [2m2026-04-25T16:42:06.5418855+08:00[0m [32m INFO[0m ThreadId(05) [2mkoko::shell::媒体资产外壳[0m[2m:[0m HTTP 请求已受理 [3musecase[0m[2m=[0m"读取附件内容" [3madapter[0m[2m=[0m"http" [3moutcome[0m[2m=[0m"accepted" [3mrequest_kind[0m[2m=[0m"附件内容读取" [3mattachment_id[0m[2m=[0m"att-4e0480d9e16e" [3msession_id[0m[2m=[0m"s-3698d9833309"
[backend] [2m2026-04-25T16:42:06.5419435+08:00[0m [32m INFO[0m ThreadId(10) [2mkoko::shell::媒体资产外壳[0m[2m:[0m HTTP 请求已受理 [3musecase[0m[2m=[0m"读取附件内容" [3madapter[0m[2m=[0m"http" [3moutcome[0m[2m=[0m"accepted" [3mrequest_kind[0m[2m=[0m"附件内容读取" [3mattachment_id[0m[2m=[0m"att-4e0480d9e16e" [3msession_id[0m[2m=[0m"s-3698d9833309"
[backend] [2m2026-04-25T16:42:06.5435028+08:00[0m [32m INFO[0m ThreadId(10) [2mkoko::shell::媒体资产外壳[0m[2m:[0m 读取附件内容成功 [3musecase[0m[2m=[0m"读取附件内容" [3madapter[0m[2m=[0m"http" [3moutcome[0m[2m=[0m"succeeded" [3mrequest_kind[0m[2m=[0m"附件内容读取" [3mattachment_id[0m[2m=[0m"att-4e0480d9e16e" [3msession_id[0m[2m=[0m"s-3698d9833309"
[backend] [2m2026-04-25T16:42:06.5536506+08:00[0m [32m INFO[0m ThreadId(05) [2mkoko::shell::媒体资产外壳[0m[2m:[0m 读取附件内容成功 [3musecase[0m[2m=[0m"读取附件内容" [3madapter[0m[2m=[0m"http" [3moutcome[0m[2m=[0m"succeeded" [3mrequest_kind[0m[2m=[0m"附件内容读取" [3mattachment_id[0m[2m=[0m"att-4e0480d9e16e" [3msession_id[0m[2m=[0m"s-3698d9833309"
[backend] [2m2026-04-25T16:42:06.5536508+08:00[0m [32m INFO[0m ThreadId(04) [2mkoko::shell::媒体资产外壳[0m[2m:[0m 读取附件内容成功 [3musecase[0m[2m=[0m"读取附件内容" [3madapter[0m[2m=[0m"http" [3moutcome[0m[2m=[0m"succeeded" [3mrequest_kind[0m[2m=[0m"附件内容读取" [3mattachment_id[0m[2m=[0m"att-4e0480d9e16e" [3msession_id[0m[2m=[0m"s-3698d9833309"
[backend] [2m2026-04-25T16:42:06.5536352+08:00[0m [32m INFO[0m ThreadId(06) [2mkoko::shell::媒体资产外壳[0m[2m:[0m 读取附件内容成功 [3musecase[0m[2m=[0m"读取附件内容" [3madapter[0m[2m=[0m"http" [3moutcome[0m[2m=[0m"succeeded" [3mrequest_kind[0m[2m=[0m"附件内容读取" [3mattachment_id[0m[2m=[0m"att-4e0480d9e16e" [3msession_id[0m[2m=[0m"s-3698d9833309"
[backend] [2m2026-04-25T16:42:06.7931991+08:00[0m [32m INFO[0m ThreadId(10) [2mkoko::shell::媒体资产外壳[0m[2m:[0m HTTP 请求已受理 [3musecase[0m[2m=[0m"读取附件内容" [3madapter[0m[2m=[0m"http" [3moutcome[0m[2m=[0m"accepted" [3mrequest_kind[0m[2m=[0m"附件内容读取" [3mattachment_id[0m[2m=[0m"att-4e0480d9e16e" [3msession_id[0m[2m=[0m"s-3698d9833309"
[backend] [2m2026-04-25T16:42:06.8034052+08:00[0m [32m INFO[0m ThreadId(04) [2mkoko::shell::媒体资产外壳[0m[2m:[0m 读取附件内容成功 [3musecase[0m[2m=[0m"读取附件内容" [3madapter[0m[2m=[0m"http" [3moutcome[0m[2m=[0m"succeeded" [3mrequest_kind[0m[2m=[0m"附件内容读取" [3mattachment_id[0m[2m=[0m"att-4e0480d9e16e" [3msession_id[0m[2m=[0m"s-3698d9833309"
[backend] [2m2026-04-25T16:42:06.8962642+08:00[0m [32m INFO[0m ThreadId(10) [2mkoko::shell::媒体资产外壳[0m[2m:[0m HTTP 请求已受理 [3musecase[0m[2m=[0m"读取附件内容" [3madapter[0m[2m=[0m"http" [3moutcome[0m[2m=[0m"accepted" [3mrequest_kind[0m[2m=[0m"附件内容读取" [3mattachment_id[0m[2m=[0m"att-4e0480d9e16e" [3msession_id[0m[2m=[0m"s-3698d9833309"
[backend] [2m2026-04-25T16:42:06.8994909+08:00[0m [32m INFO[0m ThreadId(06) [2mkoko::shell::媒体资产外壳[0m[2m:[0m HTTP 请求已受理 [3musecase[0m[2m=[0m"读取附件内容" [3madapter[0m[2m=[0m"http" [3moutcome[0m[2m=[0m"accepted" [3mrequest_kind[0m[2m=[0m"附件内容读取" [3mattachment_id[0m[2m=[0m"att-4e0480d9e16e" [3msession_id[0m[2m=[0m"s-3698d9833309"
[backend] [2m2026-04-25T16:42:06.9005674+08:00[0m [32m INFO[0m ThreadId(06) [2mkoko::shell::媒体资产外壳[0m[2m:[0m HTTP 请求已受理 [3musecase[0m[2m=[0m"读取附件内容" [3madapter[0m[2m=[0m"http" [3moutcome[0m[2m=[0m"accepted" [3mrequest_kind[0m[2m=[0m"附件内容读取" [3mattachment_id[0m[2m=[0m"att-4e0480d9e16e" [3msession_id[0m[2m=[0m"s-3698d9833309"
[backend] [2m2026-04-25T16:42:06.9078852+08:00[0m [32m INFO[0m ThreadId(06) [2mkoko::shell::媒体资产外壳[0m[2m:[0m 读取附件内容成功 [3musecase[0m[2m=[0m"读取附件内容" [3madapter[0m[2m=[0m"http" [3moutcome[0m[2m=[0m"succeeded" [3mrequest_kind[0m[2m=[0m"附件内容读取" [3mattachment_id[0m[2m=[0m"att-4e0480d9e16e" [3msession_id[0m[2m=[0m"s-3698d9833309"
[backend] [2m2026-04-25T16:42:06.9097183+08:00[0m [32m INFO[0m ThreadId(10) [2mkoko::shell::媒体资产外壳[0m[2m:[0m 读取附件内容成功 [3musecase[0m[2m=[0m"读取附件内容" [3madapter[0m[2m=[0m"http" [3moutcome[0m[2m=[0m"succeeded" [3mrequest_kind[0m[2m=[0m"附件内容读取" [3mattachment_id[0m[2m=[0m"att-4e0480d9e16e" [3msession_id[0m[2m=[0m"s-3698d9833309"
[backend] [2m2026-04-25T16:42:06.9129777+08:00[0m [32m INFO[0m ThreadId(10) [2mkoko::shell::媒体资产外壳[0m[2m:[0m 读取附件内容成功 [3musecase[0m[2m=[0m"读取附件内容" [3madapter[0m[2m=[0m"http" [3moutcome[0m[2m=[0m"succeeded" [3mrequest_kind[0m[2m=[0m"附件内容读取" [3mattachment_id[0m[2m=[0m"att-4e0480d9e16e" [3msession_id[0m[2m=[0m"s-3698d9833309"
[backend] [2m2026-04-25T16:42:06.9745788+08:00[0m [32m INFO[0m ThreadId(04) [2mkoko::shell::媒体资产外壳[0m[2m:[0m HTTP 请求已受理 [3musecase[0m[2m=[0m"读取附件内容" [3madapter[0m[2m=[0m"http" [3moutcome[0m[2m=[0m"accepted" [3mrequest_kind[0m[2m=[0m"附件内容读取" [3mattachment_id[0m[2m=[0m"att-4e0480d9e16e" [3msession_id[0m[2m=[0m"s-3698d9833309"
[backend] [2m2026-04-25T16:42:06.9850379+08:00[0m [32m INFO[0m ThreadId(06) [2mkoko::shell::媒体资产外壳[0m[2m:[0m 读取附件内容成功 [3musecase[0m[2m=[0m"读取附件内容" [3madapter[0m[2m=[0m"http" [3moutcome[0m[2m=[0m"succeeded" [3mrequest_kind[0m[2m=[0m"附件内容读取" [3mattachment_id[0m[2m=[0m"att-4e0480d9e16e" [3msession_id[0m[2m=[0m"s-3698d9833309"
[backend] [2m2026-04-25T16:42:07.1062484+08:00[0m [32m INFO[0m ThreadId(10) [2mkoko::shell::媒体资产外壳[0m[2m:[0m HTTP 请求已受理 [3musecase[0m[2m=[0m"读取附件内容" [3madapter[0m[2m=[0m"http" [3moutcome[0m[2m=[0m"accepted" [3mrequest_kind[0m[2m=[0m"附件内容读取" [3mattachment_id[0m[2m=[0m"att-4e0480d9e16e" [3msession_id[0m[2m=[0m"s-3698d9833309"
[backend] [2m2026-04-25T16:42:07.1174439+08:00[0m [32m INFO[0m ThreadId(04) [2mkoko::shell::媒体资产外壳[0m[2m:[0m 读取附件内容成功 [3musecase[0m[2m=[0m"读取附件内容" [3madapter[0m[2m=[0m"http" [3moutcome[0m[2m=[0m"succeeded" [3mrequest_kind[0m[2m=[0m"附件内容读取" [3mattachment_id[0m[2m=[0m"att-4e0480d9e16e" [3msession_id[0m[2m=[0m"s-3698d9833309"
[tracker] 2026-04-25T08:42:07.312Z complete: 2d5757303230382d707674366a74593576456a4e
[tracker] 2026-04-25T08:43:11.613Z update: 2d5757303230382d5777657347504e6f4c4f4459
[tracker] 2026-04-25T08:43:11.622Z update: 2d5757303230382d564f594651326c6753477054
[tracker] 2026-04-25T08:43:11.766Z update: 2d5757303230382d5777657347504e6f4c4f4459
[tracker] 2026-04-25T08:43:11.875Z update: 2d5757303230382d5777657347504e6f4c4f4459
[tracker] 2026-04-25T08:43:11.915Z update: 2d5757303230382d707674366a74593576456a4e
[tracker] 2026-04-25T08:43:11.916Z update: 2d5757303230382d707674366a74593576456a4e
[tracker] 2026-04-25T08:43:11.939Z update: 2d5757303230382d707674366a74593576456a4e
[tracker] 2026-04-25T08:43:12.029Z update: 2d5757303230382d5777657347504e6f4c4f4459
[tracker] 2026-04-25T08:43:12.262Z update: 2d5757303230382d5777657347504e6f4c4f4459
[tracker] 2026-04-25T08:43:12.296Z update: 2d5757303230382d707674366a74593576456a4e
[tracker] 2026-04-25T08:43:12.298Z update: 2d5757303230382d503366656a51793338305944
[tracker] 2026-04-25T08:43:12.379Z update: 2d5757303230382d707674366a74593576456a4e
[tracker] 2026-04-25T08:43:12.382Z update: 2d5757303230382d5777657347504e6f4c4f4459
[tracker] 2026-04-25T08:43:12.391Z update: 2d5757303230382d564f594651326c6753477054
[tracker] 2026-04-25T08:43:12.436Z update: 2d5757303230382d707674366a74593576456a4e
[tracker] 2026-04-25T08:43:12.463Z update: 2d5757303230382d5777657347504e6f4c4f4459
[tracker] 2026-04-25T08:43:12.539Z update: 2d5757303230382d707674366a74593576456a4e
[tracker] 2026-04-25T08:43:12.901Z update: 2d5757303230382d707674366a74593576456a4e
[tracker] 2026-04-25T08:43:17.308Z update: 2d5757303230382d5777657347504e6f4c4f4459
[tracker] 2026-04-25T08:43:24.181Z update: 2d5757303230382d503366656a51793338305944
[tracker] 2026-04-25T08:43:26.637Z update: 2d5757303230382d707674366a74593576456a4e
[tracker] 2026-04-25T08:43:29.191Z update: 2d5757303230382d5777657347504e6f4c4f4459
[tracker] 2026-04-25T08:43:33.193Z update: 2d5757303230382d503366656a51793338305944
[tracker] 2026-04-25T08:43:33.539Z update: 2d5757303230382d707674366a74593576456a4e
[tracker] 2026-04-25T08:43:38.200Z update: 2d5757303230382d5777657347504e6f4c4f4459
[tracker] 2026-04-25T08:43:39.669Z update: 2d5757303230382d564f594651326c6753477054
[tracker] 2026-04-25T08:43:48.288Z update: 2d5757303230382d707674366a74593576456a4e
[tracker] 2026-04-25T08:43:50.859Z update: 2d5757303230382d564f594651326c6753477054
[tracker] 2026-04-25T08:43:52.632Z update: 2d5757303230382d707674366a74593576456a4e
[tracker] 2026-04-25T08:43:54.207Z update: 2d5757303230382d707674366a74593576456a4e
[tracker] 2026-04-25T08:43:54.357Z update: 2d5757303230382d707674366a74593576456a4e
[tracker] 2026-04-25T08:43:55.230Z update: 2d5757303230382d707674366a74593576456a4e
[tracker] 2026-04-25T08:44:03.438Z update: 2d5757303230382d707674366a74593576456a4e
[tracker] 2026-04-25T08:44:07.597Z update: 2d5757303230382d707674366a74593576456a4e
[backend] [2m2026-04-25T16:44:37.4247383+08:00[0m [32m INFO[0m ThreadId(04) [2mkoko::shell::媒体上传外壳[0m[2m:[0m 媒体上传占位已创建 [3musecase[0m[2m=[0m"准备媒体上传" [3madapter[0m[2m=[0m"http" [3moutcome[0m[2m=[0m"succeeded" [3mrequest_kind[0m[2m=[0m"媒体上传 prepare" [3msession_id[0m[2m=[0m"s-3698d9833309" [3mattachment_id[0m[2m=[0m"att-9117ebee3b15" [3mupload_session_id[0m[2m=[0m"upl-2be801f2d8b44292b0fef167052b0231" [3mattachment_kind[0m[2m=[0m"video" [3mfile_name[0m[2m=[0m"VID_20250609_170210.mp4" [3mbyte_size[0m[2m=[0m23445716
[tusd] 2026/04/25 16:44:38.040359 level=INFO event=RequestIncoming method=POST path="" requestId=57e0d597-ece4-4a2e-8345-3169c1d462ad
[tusd] 2026/04/25 16:44:38.055888 level=DEBUG event=HookInvocationStart type=pre-create id=""
[tusd] 2026/04/25 16:44:38.525863 level=DEBUG event=HookInvocationFinish type=pre-create id=""
[tusd] 2026/04/25 16:44:38.632896 level=INFO event=UploadCreated method=POST path="" requestId=57e0d597-ece4-4a2e-8345-3169c1d462ad id=5c8778a7c6872fe178a3304256a829dc size=23445716 url=http://192.168.100.104/files/5c8778a7c6872fe178a3304256a829dc
[tusd] 2026/04/25 16:44:38.644774 level=INFO event=ChunkWriteStart method=POST path="" requestId=57e0d597-ece4-4a2e-8345-3169c1d462ad id=5c8778a7c6872fe178a3304256a829dc maxSize=23445716 offset=0
[tracker] 2026-04-25T08:44:39.588Z update: 2d5757303230382d503366656a51793338305944
[tracker] 2026-04-25T08:44:40.253Z update: 2d5757303230382d707674366a74593576456a4e
[tracker] 2026-04-25T08:44:44.719Z update: 2d5757303230382d5777657347504e6f4c4f4459
[backend] [2m2026-04-25T16:44:47.0077759+08:00[0m [32m INFO[0m ThreadId(04) [2mkoko::shell::tus_hook外壳[0m[2m:[0m Tus post-finish 已登记上传回执 [3madapter[0m[2m=[0m"tus_hook" [3mhook[0m[2m=[0m"post-finish" [3mattachment_id[0m[2m=[0m"att-9117ebee3b15" [3mupload_session_id[0m[2m=[0m"upl-2be801f2d8b44292b0fef167052b0231" [3mupload_id[0m[2m=[0m"5c8778a7c6872fe178a3304256a829dc" [3mrequest_id[0m[2m=[0m"57e0d597-ece4-4a2e-8345-3169c1d462ad" [3mtransport_role[0m[2m=[0m"single" [3mstorage_locator[0m[2m=[0m"E:\\koko\\data\\tus\\5c8778a7c6872fe178a3304256a829dc"
[tusd] 2026/04/25 16:44:46.856315 level=INFO event=ChunkWriteComplete method=POST path="" requestId=57e0d597-ece4-4a2e-8345-3169c1d462ad id=5c8778a7c6872fe178a3304256a829dc bytesWritten=23445716
[tusd] 2026/04/25 16:44:46.893859 level=INFO event=UploadFinished method=POST path="" requestId=57e0d597-ece4-4a2e-8345-3169c1d462ad id=5c8778a7c6872fe178a3304256a829dc size=23445716
[tusd] 2026/04/25 16:44:46.905114 level=INFO event=ResponseOutgoing method=POST path="" requestId=57e0d597-ece4-4a2e-8345-3169c1d462ad id=5c8778a7c6872fe178a3304256a829dc status=201 body=""
[tusd] 2026/04/25 16:44:46.915238 level=DEBUG event=HookInvocationStart type=post-finish id=5c8778a7c6872fe178a3304256a829dc
[tusd] 2026/04/25 16:44:47.014717 level=DEBUG event=HookInvocationFinish type=post-finish id=5c8778a7c6872fe178a3304256a829dc
[backend] [2m2026-04-25T16:44:47.9001984+08:00[0m [32m INFO[0m ThreadId(03) [2mkoko::shell::媒体上传外壳[0m[2m:[0m 媒体上传 complete 重活开始 [3musecase[0m[2m=[0m"完成媒体上传" [3mphase[0m[2m=[0m"complete_heavy_work_enter" [3mattachment_id[0m[2m=[0m"att-9117ebee3b15" [3mkind[0m[2m=[0m"video" [3mbyte_size[0m[2m=[0m23445716 [3mmedia_complete_max_concurrency[0m[2m=[0m4
[backend] [2m2026-04-25T16:44:48.0437776+08:00[0m [32m INFO[0m ThreadId(03) [2mkoko::shell::媒体上传外壳[0m[2m:[0m 媒体上传 complete 阶段耗时 [3musecase[0m[2m=[0m"完成媒体上传" [3mphase[0m[2m=[0m"complete_heavy_work_stage" [3mattachment_id[0m[2m=[0m"att-9117ebee3b15" [3mkind[0m[2m=[0m"video" [3mbyte_size[0m[2m=[0m23445716 [3mstage[0m[2m=[0m"parse_video" [3mduration_ms[0m[2m=[0m140
[backend] [2m2026-04-25T16:44:52.9212027+08:00[0m [32m INFO[0m ThreadId(03) [2mkoko::shell::媒体上传外壳[0m[2m:[0m 媒体上传 complete 阶段耗时 [3musecase[0m[2m=[0m"完成媒体上传" [3mphase[0m[2m=[0m"complete_heavy_work_stage" [3mattachment_id[0m[2m=[0m"att-9117ebee3b15" [3mkind[0m[2m=[0m"video" [3mbyte_size[0m[2m=[0m23445716 [3mstage[0m[2m=[0m"build_distribution_request" [3mduration_ms[0m[2m=[0m4875
[tracker] 2026-04-25T08:44:57.520Z update: 2d5757303230382d564f594651326c6753477054
[tracker] 2026-04-25T08:44:57.804Z update: 2d5757303230382d707674366a74593576456a4e
[backend] [2m2026-04-25T16:45:00.614982+08:00[0m [32m INFO[0m ThreadId(06) [2mkoko::shell::媒体上传外壳[0m[2m:[0m 媒体上传 complete 阶段耗时 [3musecase[0m[2m=[0m"完成媒体上传" [3mphase[0m[2m=[0m"complete_heavy_work_stage" [3mattachment_id[0m[2m=[0m"att-9117ebee3b15" [3mkind[0m[2m=[0m"video" [3mbyte_size[0m[2m=[0m23445716 [3mstage[0m[2m=[0m"put_canonical_video" [3mduration_ms[0m[2m=[0m7653
[tracker] 2026-04-25T08:45:02.304Z update: 2d5757303230382d503366656a51793338305944
[tracker] 2026-04-25T08:45:02.562Z update: 2d5757303230382d5777657347504e6f4c4f4459
[tracker] 2026-04-25T08:45:02.564Z update: 2d5757303230382d707674366a74593576456a4e
[backend] [2m2026-04-25T16:45:03.1850506+08:00[0m [32m INFO[0m ThreadId(06) [2mkoko::shell::媒体上传外壳[0m[2m:[0m 媒体上传 complete 阶段耗时 [3musecase[0m[2m=[0m"完成媒体上传" [3mphase[0m[2m=[0m"complete_heavy_work_stage" [3mattachment_id[0m[2m=[0m"att-9117ebee3b15" [3mkind[0m[2m=[0m"video" [3mbyte_size[0m[2m=[0m23445716 [3mstage[0m[2m=[0m"generate_torrent" [3mduration_ms[0m[2m=[0m2555
[backend] [2m2026-04-25T16:45:03.3585455+08:00[0m [32m INFO[0m ThreadId(03) [2mkoko::shell::媒体上传外壳[0m[2m:[0m 媒体上传 complete 阶段耗时 [3musecase[0m[2m=[0m"完成媒体上传" [3mphase[0m[2m=[0m"complete_heavy_work_stage" [3mattachment_id[0m[2m=[0m"att-9117ebee3b15" [3mkind[0m[2m=[0m"video" [3mbyte_size[0m[2m=[0m23445716 [3mstage[0m[2m=[0m"write_authoritative_snapshot" [3mduration_ms[0m[2m=[0m161
[backend] [2m2026-04-25T16:45:03.3925934+08:00[0m [32m INFO[0m ThreadId(03) [2mkoko::shell::媒体上传外壳[0m[2m:[0m 媒体上传 complete 阶段耗时 [3musecase[0m[2m=[0m"完成媒体上传" [3mphase[0m[2m=[0m"complete_heavy_work_stage" [3mattachment_id[0m[2m=[0m"att-9117ebee3b15" [3mkind[0m[2m=[0m"video" [3mbyte_size[0m[2m=[0m23445716 [3mstage[0m[2m=[0m"delete_upload_temp_file" [3mduration_ms[0m[2m=[0m29
[backend] [2m2026-04-25T16:45:04.3811872+08:00[0m [32m INFO[0m ThreadId(05) [2mkoko::shell::媒体上传外壳[0m[2m:[0m 媒体上传 complete 重活完成 [3musecase[0m[2m=[0m"完成媒体上传" [3mphase[0m[2m=[0m"complete_heavy_work_exit" [3mattachment_id[0m[2m=[0m"att-9117ebee3b15" [3mkind[0m[2m=[0m"video" [3mbyte_size[0m[2m=[0m23445716 [3mduration_ms[0m[2m=[0m16481
[backend] [2m2026-04-25T16:45:04.3938079+08:00[0m [32m INFO[0m ThreadId(03) [2mkoko::shell::媒体资产外壳[0m[2m:[0m HTTP 请求已受理 [3musecase[0m[2m=[0m"读取附件内容" [3madapter[0m[2m=[0m"http" [3moutcome[0m[2m=[0m"accepted" [3mrequest_kind[0m[2m=[0m"附件内容读取" [3mattachment_id[0m[2m=[0m"att-9117ebee3b15" [3msession_id[0m[2m=[0m"s-3698d9833309"
[backend] [2m2026-04-25T16:45:04.4271333+08:00[0m [32m INFO[0m ThreadId(03) [2mkoko::shell::媒体资产外壳[0m[2m:[0m 读取附件内容成功 [3musecase[0m[2m=[0m"读取附件内容" [3madapter[0m[2m=[0m"http" [3moutcome[0m[2m=[0m"succeeded" [3mrequest_kind[0m[2m=[0m"附件内容读取" [3mattachment_id[0m[2m=[0m"att-9117ebee3b15" [3msession_id[0m[2m=[0m"s-3698d9833309"
[backend] [2m2026-04-25T16:45:04.5578932+08:00[0m [32m INFO[0m ThreadId(06) [2mkoko::shell::媒体资产外壳[0m[2m:[0m HTTP 请求已受理 [3musecase[0m[2m=[0m"读取附件内容" [3madapter[0m[2m=[0m"http" [3moutcome[0m[2m=[0m"accepted" [3mrequest_kind[0m[2m=[0m"附件内容读取" [3mattachment_id[0m[2m=[0m"att-9117ebee3b15" [3msession_id[0m[2m=[0m"s-3698d9833309"
[backend] [2m2026-04-25T16:45:04.5626849+08:00[0m [32m INFO[0m ThreadId(03) [2mkoko::shell::媒体资产外壳[0m[2m:[0m HTTP 请求已受理 [3musecase[0m[2m=[0m"读取附件内容" [3madapter[0m[2m=[0m"http" [3moutcome[0m[2m=[0m"accepted" [3mrequest_kind[0m[2m=[0m"附件内容读取" [3mattachment_id[0m[2m=[0m"att-9117ebee3b15" [3msession_id[0m[2m=[0m"s-3698d9833309"
[backend] [2m2026-04-25T16:45:04.5727592+08:00[0m [32m INFO[0m ThreadId(10) [2mkoko::shell::媒体资产外壳[0m[2m:[0m 读取附件内容成功 [3musecase[0m[2m=[0m"读取附件内容" [3madapter[0m[2m=[0m"http" [3moutcome[0m[2m=[0m"succeeded" [3mrequest_kind[0m[2m=[0m"附件内容读取" [3mattachment_id[0m[2m=[0m"att-9117ebee3b15" [3msession_id[0m[2m=[0m"s-3698d9833309"
[backend] [2m2026-04-25T16:45:04.5808457+08:00[0m [32m INFO[0m ThreadId(10) [2mkoko::shell::媒体资产外壳[0m[2m:[0m 读取附件内容成功 [3musecase[0m[2m=[0m"读取附件内容" [3madapter[0m[2m=[0m"http" [3moutcome[0m[2m=[0m"succeeded" [3mrequest_kind[0m[2m=[0m"附件内容读取" [3mattachment_id[0m[2m=[0m"att-9117ebee3b15" [3msession_id[0m[2m=[0m"s-3698d9833309"
[backend] [2m2026-04-25T16:45:04.9960543+08:00[0m [32m INFO[0m ThreadId(05) [2mkoko::shell::媒体资产外壳[0m[2m:[0m HTTP 请求已受理 [3musecase[0m[2m=[0m"读取附件内容" [3madapter[0m[2m=[0m"http" [3moutcome[0m[2m=[0m"accepted" [3mrequest_kind[0m[2m=[0m"附件内容读取" [3mattachment_id[0m[2m=[0m"att-9117ebee3b15" [3msession_id[0m[2m=[0m"s-3698d9833309"
[backend] [2m2026-04-25T16:45:04.9973634+08:00[0m [32m INFO[0m ThreadId(05) [2mkoko::shell::媒体资产外壳[0m[2m:[0m HTTP 请求已受理 [3musecase[0m[2m=[0m"读取附件内容" [3madapter[0m[2m=[0m"http" [3moutcome[0m[2m=[0m"accepted" [3mrequest_kind[0m[2m=[0m"附件内容读取" [3mattachment_id[0m[2m=[0m"att-9117ebee3b15" [3msession_id[0m[2m=[0m"s-3698d9833309"
[backend] [2m2026-04-25T16:45:05.0248383+08:00[0m [32m INFO[0m ThreadId(10) [2mkoko::shell::媒体资产外壳[0m[2m:[0m 读取附件内容成功 [3musecase[0m[2m=[0m"读取附件内容" [3madapter[0m[2m=[0m"http" [3moutcome[0m[2m=[0m"succeeded" [3mrequest_kind[0m[2m=[0m"附件内容读取" [3mattachment_id[0m[2m=[0m"att-9117ebee3b15" [3msession_id[0m[2m=[0m"s-3698d9833309"
[backend] [2m2026-04-25T16:45:05.0310811+08:00[0m [32m INFO[0m ThreadId(10) [2mkoko::shell::媒体资产外壳[0m[2m:[0m 读取附件内容成功 [3musecase[0m[2m=[0m"读取附件内容" [3madapter[0m[2m=[0m"http" [3moutcome[0m[2m=[0m"succeeded" [3mrequest_kind[0m[2m=[0m"附件内容读取" [3mattachment_id[0m[2m=[0m"att-9117ebee3b15" [3msession_id[0m[2m=[0m"s-3698d9833309"
[backend] [2m2026-04-25T16:45:05.1381598+08:00[0m [32m INFO[0m ThreadId(05) [2mkoko::shell::媒体资产外壳[0m[2m:[0m HTTP 请求已受理 [3musecase[0m[2m=[0m"读取附件内容" [3madapter[0m[2m=[0m"http" [3moutcome[0m[2m=[0m"accepted" [3mrequest_kind[0m[2m=[0m"附件内容读取" [3mattachment_id[0m[2m=[0m"att-9117ebee3b15" [3msession_id[0m[2m=[0m"s-3698d9833309"
[backend] [2m2026-04-25T16:45:05.1399666+08:00[0m [32m INFO[0m ThreadId(05) [2mkoko::shell::媒体资产外壳[0m[2m:[0m HTTP 请求已受理 [3musecase[0m[2m=[0m"读取附件内容" [3madapter[0m[2m=[0m"http" [3moutcome[0m[2m=[0m"accepted" [3mrequest_kind[0m[2m=[0m"附件内容读取" [3mattachment_id[0m[2m=[0m"att-9117ebee3b15" [3msession_id[0m[2m=[0m"s-3698d9833309"
[backend] [2m2026-04-25T16:45:05.1574643+08:00[0m [32m INFO[0m ThreadId(05) [2mkoko::shell::媒体资产外壳[0m[2m:[0m 读取附件内容成功 [3musecase[0m[2m=[0m"读取附件内容" [3madapter[0m[2m=[0m"http" [3moutcome[0m[2m=[0m"succeeded" [3mrequest_kind[0m[2m=[0m"附件内容读取" [3mattachment_id[0m[2m=[0m"att-9117ebee3b15" [3msession_id[0m[2m=[0m"s-3698d9833309"
[backend] [2m2026-04-25T16:45:05.1574644+08:00[0m [32m INFO[0m ThreadId(06) [2mkoko::shell::媒体资产外壳[0m[2m:[0m 读取附件内容成功 [3musecase[0m[2m=[0m"读取附件内容" [3madapter[0m[2m=[0m"http" [3moutcome[0m[2m=[0m"succeeded" [3mrequest_kind[0m[2m=[0m"附件内容读取" [3mattachment_id[0m[2m=[0m"att-9117ebee3b15" [3msession_id[0m[2m=[0m"s-3698d9833309"
[backend] [2m2026-04-25T16:45:05.2818197+08:00[0m [32m INFO[0m ThreadId(10) [2mkoko::shell::媒体资产外壳[0m[2m:[0m HTTP 请求已受理 [3musecase[0m[2m=[0m"读取附件内容" [3madapter[0m[2m=[0m"http" [3moutcome[0m[2m=[0m"accepted" [3mrequest_kind[0m[2m=[0m"附件内容读取" [3mattachment_id[0m[2m=[0m"att-9117ebee3b15" [3msession_id[0m[2m=[0m"s-3698d9833309"
[backend] [2m2026-04-25T16:45:05.2833765+08:00[0m [32m INFO[0m ThreadId(10) [2mkoko::shell::媒体资产外壳[0m[2m:[0m HTTP 请求已受理 [3musecase[0m[2m=[0m"读取附件内容" [3madapter[0m[2m=[0m"http" [3moutcome[0m[2m=[0m"accepted" [3mrequest_kind[0m[2m=[0m"附件内容读取" [3mattachment_id[0m[2m=[0m"att-9117ebee3b15" [3msession_id[0m[2m=[0m"s-3698d9833309"
[backend] [2m2026-04-25T16:45:05.2998389+08:00[0m [32m INFO[0m ThreadId(10) [2mkoko::shell::媒体资产外壳[0m[2m:[0m 读取附件内容成功 [3musecase[0m[2m=[0m"读取附件内容" [3madapter[0m[2m=[0m"http" [3moutcome[0m[2m=[0m"succeeded" [3mrequest_kind[0m[2m=[0m"附件内容读取" [3mattachment_id[0m[2m=[0m"att-9117ebee3b15" [3msession_id[0m[2m=[0m"s-3698d9833309"
[backend] [2m2026-04-25T16:45:05.305219+08:00[0m [32m INFO[0m ThreadId(10) [2mkoko::shell::媒体资产外壳[0m[2m:[0m 读取附件内容成功 [3musecase[0m[2m=[0m"读取附件内容" [3madapter[0m[2m=[0m"http" [3moutcome[0m[2m=[0m"succeeded" [3mrequest_kind[0m[2m=[0m"附件内容读取" [3mattachment_id[0m[2m=[0m"att-9117ebee3b15" [3msession_id[0m[2m=[0m"s-3698d9833309"
[backend] [2m2026-04-25T16:45:05.3777295+08:00[0m [32m INFO[0m ThreadId(06) [2mkoko::shell::媒体资产外壳[0m[2m:[0m HTTP 请求已受理 [3musecase[0m[2m=[0m"读取附件内容" [3madapter[0m[2m=[0m"http" [3moutcome[0m[2m=[0m"accepted" [3mrequest_kind[0m[2m=[0m"附件内容读取" [3mattachment_id[0m[2m=[0m"att-9117ebee3b15" [3msession_id[0m[2m=[0m"s-3698d9833309"
[backend] [2m2026-04-25T16:45:05.3790242+08:00[0m [32m INFO[0m ThreadId(06) [2mkoko::shell::媒体资产外壳[0m[2m:[0m HTTP 请求已受理 [3musecase[0m[2m=[0m"读取附件内容" [3madapter[0m[2m=[0m"http" [3moutcome[0m[2m=[0m"accepted" [3mrequest_kind[0m[2m=[0m"附件内容读取" [3mattachment_id[0m[2m=[0m"att-9117ebee3b15" [3msession_id[0m[2m=[0m"s-3698d9833309"
[backend] [2m2026-04-25T16:45:05.3973448+08:00[0m [32m INFO[0m ThreadId(10) [2mkoko::shell::媒体资产外壳[0m[2m:[0m HTTP 请求已受理 [3musecase[0m[2m=[0m"读取附件内容" [3madapter[0m[2m=[0m"http" [3moutcome[0m[2m=[0m"accepted" [3mrequest_kind[0m[2m=[0m"附件内容读取" [3mattachment_id[0m[2m=[0m"att-9117ebee3b15" [3msession_id[0m[2m=[0m"s-3698d9833309"
[backend] [2m2026-04-25T16:45:05.398694+08:00[0m [32m INFO[0m ThreadId(10) [2mkoko::shell::媒体资产外壳[0m[2m:[0m HTTP 请求已受理 [3musecase[0m[2m=[0m"读取附件内容" [3madapter[0m[2m=[0m"http" [3moutcome[0m[2m=[0m"accepted" [3mrequest_kind[0m[2m=[0m"附件内容读取" [3mattachment_id[0m[2m=[0m"att-9117ebee3b15" [3msession_id[0m[2m=[0m"s-3698d9833309"
[backend] [2m2026-04-25T16:45:05.4041624+08:00[0m [32m INFO[0m ThreadId(05) [2mkoko::shell::媒体资产外壳[0m[2m:[0m 读取附件内容成功 [3musecase[0m[2m=[0m"读取附件内容" [3madapter[0m[2m=[0m"http" [3moutcome[0m[2m=[0m"succeeded" [3mrequest_kind[0m[2m=[0m"附件内容读取" [3mattachment_id[0m[2m=[0m"att-9117ebee3b15" [3msession_id[0m[2m=[0m"s-3698d9833309"
[backend] [2m2026-04-25T16:45:05.4054187+08:00[0m [32m INFO[0m ThreadId(06) [2mkoko::shell::媒体资产外壳[0m[2m:[0m 读取附件内容成功 [3musecase[0m[2m=[0m"读取附件内容" [3madapter[0m[2m=[0m"http" [3moutcome[0m[2m=[0m"succeeded" [3mrequest_kind[0m[2m=[0m"附件内容读取" [3mattachment_id[0m[2m=[0m"att-9117ebee3b15" [3msession_id[0m[2m=[0m"s-3698d9833309"
[backend] [2m2026-04-25T16:45:05.4396061+08:00[0m [32m INFO[0m ThreadId(10) [2mkoko::shell::媒体资产外壳[0m[2m:[0m 读取附件内容成功 [3musecase[0m[2m=[0m"读取附件内容" [3madapter[0m[2m=[0m"http" [3moutcome[0m[2m=[0m"succeeded" [3mrequest_kind[0m[2m=[0m"附件内容读取" [3mattachment_id[0m[2m=[0m"att-9117ebee3b15" [3msession_id[0m[2m=[0m"s-3698d9833309"
[backend] [2m2026-04-25T16:45:05.4417502+08:00[0m [32m INFO[0m ThreadId(05) [2mkoko::shell::媒体资产外壳[0m[2m:[0m 读取附件内容成功 [3musecase[0m[2m=[0m"读取附件内容" [3madapter[0m[2m=[0m"http" [3moutcome[0m[2m=[0m"succeeded" [3mrequest_kind[0m[2m=[0m"附件内容读取" [3mattachment_id[0m[2m=[0m"att-9117ebee3b15" [3msession_id[0m[2m=[0m"s-3698d9833309"
[backend] [2m2026-04-25T16:45:05.4428847+08:00[0m [32m INFO[0m ThreadId(03) [2mkoko::shell::媒体资产外壳[0m[2m:[0m HTTP 请求已受理 [3musecase[0m[2m=[0m"读取附件内容" [3madapter[0m[2m=[0m"http" [3moutcome[0m[2m=[0m"accepted" [3mrequest_kind[0m[2m=[0m"附件内容读取" [3mattachment_id[0m[2m=[0m"att-9117ebee3b15" [3msession_id[0m[2m=[0m"s-3698d9833309"
[backend] [2m2026-04-25T16:45:05.4434222+08:00[0m [32m INFO[0m ThreadId(06) [2mkoko::shell::媒体资产外壳[0m[2m:[0m HTTP 请求已受理 [3musecase[0m[2m=[0m"读取附件内容" [3madapter[0m[2m=[0m"http" [3moutcome[0m[2m=[0m"accepted" [3mrequest_kind[0m[2m=[0m"附件内容读取" [3mattachment_id[0m[2m=[0m"att-9117ebee3b15" [3msession_id[0m[2m=[0m"s-3698d9833309"
[backend] [2m2026-04-25T16:45:05.4734175+08:00[0m [32m INFO[0m ThreadId(05) [2mkoko::shell::媒体资产外壳[0m[2m:[0m 读取附件内容成功 [3musecase[0m[2m=[0m"读取附件内容" [3madapter[0m[2m=[0m"http" [3moutcome[0m[2m=[0m"succeeded" [3mrequest_kind[0m[2m=[0m"附件内容读取" [3mattachment_id[0m[2m=[0m"att-9117ebee3b15" [3msession_id[0m[2m=[0m"s-3698d9833309"
[backend] [2m2026-04-25T16:45:05.4734175+08:00[0m [32m INFO[0m ThreadId(06) [2mkoko::shell::媒体资产外壳[0m[2m:[0m 读取附件内容成功 [3musecase[0m[2m=[0m"读取附件内容" [3madapter[0m[2m=[0m"http" [3moutcome[0m[2m=[0m"succeeded" [3mrequest_kind[0m[2m=[0m"附件内容读取" [3mattachment_id[0m[2m=[0m"att-9117ebee3b15" [3msession_id[0m[2m=[0m"s-3698d9833309"
[backend] [2m2026-04-25T16:45:05.4824894+08:00[0m [32m INFO[0m ThreadId(10) [2mkoko::shell::媒体资产外壳[0m[2m:[0m HTTP 请求已受理 [3musecase[0m[2m=[0m"读取附件内容" [3madapter[0m[2m=[0m"http" [3moutcome[0m[2m=[0m"accepted" [3mrequest_kind[0m[2m=[0m"附件内容读取" [3mattachment_id[0m[2m=[0m"att-9117ebee3b15" [3msession_id[0m[2m=[0m"s-3698d9833309"
[backend] [2m2026-04-25T16:45:05.4905458+08:00[0m [32m INFO[0m ThreadId(10) [2mkoko::shell::媒体资产外壳[0m[2m:[0m HTTP 请求已受理 [3musecase[0m[2m=[0m"读取附件内容" [3madapter[0m[2m=[0m"http" [3moutcome[0m[2m=[0m"accepted" [3mrequest_kind[0m[2m=[0m"附件内容读取" [3mattachment_id[0m[2m=[0m"att-9117ebee3b15" [3msession_id[0m[2m=[0m"s-3698d9833309"
[backend] [2m2026-04-25T16:45:05.5155241+08:00[0m [32m INFO[0m ThreadId(10) [2mkoko::shell::媒体资产外壳[0m[2m:[0m 读取附件内容成功 [3musecase[0m[2m=[0m"读取附件内容" [3madapter[0m[2m=[0m"http" [3moutcome[0m[2m=[0m"succeeded" [3mrequest_kind[0m[2m=[0m"附件内容读取" [3mattachment_id[0m[2m=[0m"att-9117ebee3b15" [3msession_id[0m[2m=[0m"s-3698d9833309"
[backend] [2m2026-04-25T16:45:05.5155161+08:00[0m [32m INFO[0m ThreadId(06) [2mkoko::shell::媒体资产外壳[0m[2m:[0m 读取附件内容成功 [3musecase[0m[2m=[0m"读取附件内容" [3madapter[0m[2m=[0m"http" [3moutcome[0m[2m=[0m"succeeded" [3mrequest_kind[0m[2m=[0m"附件内容读取" [3mattachment_id[0m[2m=[0m"att-9117ebee3b15" [3msession_id[0m[2m=[0m"s-3698d9833309"
[backend] [2m2026-04-25T16:45:05.5381994+08:00[0m [32m INFO[0m ThreadId(05) [2mkoko::shell::媒体资产外壳[0m[2m:[0m HTTP 请求已受理 [3musecase[0m[2m=[0m"读取附件内容" [3madapter[0m[2m=[0m"http" [3moutcome[0m[2m=[0m"accepted" [3mrequest_kind[0m[2m=[0m"附件内容读取" [3mattachment_id[0m[2m=[0m"att-9117ebee3b15" [3msession_id[0m[2m=[0m"s-3698d9833309"
[backend] [2m2026-04-25T16:45:05.5397886+08:00[0m [32m INFO[0m ThreadId(05) [2mkoko::shell::媒体资产外壳[0m[2m:[0m HTTP 请求已受理 [3musecase[0m[2m=[0m"读取附件内容" [3madapter[0m[2m=[0m"http" [3moutcome[0m[2m=[0m"accepted" [3mrequest_kind[0m[2m=[0m"附件内容读取" [3mattachment_id[0m[2m=[0m"att-9117ebee3b15" [3msession_id[0m[2m=[0m"s-3698d9833309"
[backend] [2m2026-04-25T16:45:05.5602586+08:00[0m [32m INFO[0m ThreadId(05) [2mkoko::shell::媒体资产外壳[0m[2m:[0m HTTP 请求已受理 [3musecase[0m[2m=[0m"读取附件内容" [3madapter[0m[2m=[0m"http" [3moutcome[0m[2m=[0m"accepted" [3mrequest_kind[0m[2m=[0m"附件内容读取" [3mattachment_id[0m[2m=[0m"att-9117ebee3b15" [3msession_id[0m[2m=[0m"s-3698d9833309"
[backend] [2m2026-04-25T16:45:05.5611963+08:00[0m [32m INFO[0m ThreadId(05) [2mkoko::shell::媒体资产外壳[0m[2m:[0m HTTP 请求已受理 [3musecase[0m[2m=[0m"读取附件内容" [3madapter[0m[2m=[0m"http" [3moutcome[0m[2m=[0m"accepted" [3mrequest_kind[0m[2m=[0m"附件内容读取" [3mattachment_id[0m[2m=[0m"att-9117ebee3b15" [3msession_id[0m[2m=[0m"s-3698d9833309"
[backend] [2m2026-04-25T16:45:05.5646835+08:00[0m [32m INFO[0m ThreadId(06) [2mkoko::shell::媒体资产外壳[0m[2m:[0m 读取附件内容成功 [3musecase[0m[2m=[0m"读取附件内容" [3madapter[0m[2m=[0m"http" [3moutcome[0m[2m=[0m"succeeded" [3mrequest_kind[0m[2m=[0m"附件内容读取" [3mattachment_id[0m[2m=[0m"att-9117ebee3b15" [3msession_id[0m[2m=[0m"s-3698d9833309"
[backend] [2m2026-04-25T16:45:05.5646836+08:00[0m [32m INFO[0m ThreadId(05) [2mkoko::shell::媒体资产外壳[0m[2m:[0m 读取附件内容成功 [3musecase[0m[2m=[0m"读取附件内容" [3madapter[0m[2m=[0m"http" [3moutcome[0m[2m=[0m"succeeded" [3mrequest_kind[0m[2m=[0m"附件内容读取" [3mattachment_id[0m[2m=[0m"att-9117ebee3b15" [3msession_id[0m[2m=[0m"s-3698d9833309"
[backend] [2m2026-04-25T16:45:05.5894807+08:00[0m [32m INFO[0m ThreadId(03) [2mkoko::shell::媒体资产外壳[0m[2m:[0m HTTP 请求已受理 [3musecase[0m[2m=[0m"读取附件内容" [3madapter[0m[2m=[0m"http" [3moutcome[0m[2m=[0m"accepted" [3mrequest_kind[0m[2m=[0m"附件内容读取" [3mattachment_id[0m[2m=[0m"att-9117ebee3b15" [3msession_id[0m[2m=[0m"s-3698d9833309"
[backend] [2m2026-04-25T16:45:05.590953+08:00[0m [32m INFO[0m ThreadId(03) [2mkoko::shell::媒体资产外壳[0m[2m:[0m HTTP 请求已受理 [3musecase[0m[2m=[0m"读取附件内容" [3madapter[0m[2m=[0m"http" [3moutcome[0m[2m=[0m"accepted" [3mrequest_kind[0m[2m=[0m"附件内容读取" [3mattachment_id[0m[2m=[0m"att-9117ebee3b15" [3msession_id[0m[2m=[0m"s-3698d9833309"
[backend] [2m2026-04-25T16:45:05.6047179+08:00[0m [32m INFO[0m ThreadId(03) [2mkoko::shell::媒体资产外壳[0m[2m:[0m 读取附件内容成功 [3musecase[0m[2m=[0m"读取附件内容" [3madapter[0m[2m=[0m"http" [3moutcome[0m[2m=[0m"succeeded" [3mrequest_kind[0m[2m=[0m"附件内容读取" [3mattachment_id[0m[2m=[0m"att-9117ebee3b15" [3msession_id[0m[2m=[0m"s-3698d9833309"
[backend] [2m2026-04-25T16:45:05.6066836+08:00[0m [32m INFO[0m ThreadId(10) [2mkoko::shell::媒体资产外壳[0m[2m:[0m 读取附件内容成功 [3musecase[0m[2m=[0m"读取附件内容" [3madapter[0m[2m=[0m"http" [3moutcome[0m[2m=[0m"succeeded" [3mrequest_kind[0m[2m=[0m"附件内容读取" [3mattachment_id[0m[2m=[0m"att-9117ebee3b15" [3msession_id[0m[2m=[0m"s-3698d9833309"
[backend] [2m2026-04-25T16:45:05.633743+08:00[0m [32m INFO[0m ThreadId(05) [2mkoko::shell::媒体资产外壳[0m[2m:[0m HTTP 请求已受理 [3musecase[0m[2m=[0m"读取附件内容" [3madapter[0m[2m=[0m"http" [3moutcome[0m[2m=[0m"accepted" [3mrequest_kind[0m[2m=[0m"附件内容读取" [3mattachment_id[0m[2m=[0m"att-9117ebee3b15" [3msession_id[0m[2m=[0m"s-3698d9833309"
[backend] [2m2026-04-25T16:45:05.6403368+08:00[0m [32m INFO[0m ThreadId(11) [2mkoko::shell::媒体资产外壳[0m[2m:[0m 读取附件内容成功 [3musecase[0m[2m=[0m"读取附件内容" [3madapter[0m[2m=[0m"http" [3moutcome[0m[2m=[0m"succeeded" [3mrequest_kind[0m[2m=[0m"附件内容读取" [3mattachment_id[0m[2m=[0m"att-9117ebee3b15" [3msession_id[0m[2m=[0m"s-3698d9833309"
[backend] [2m2026-04-25T16:45:05.6403124+08:00[0m [32m INFO[0m ThreadId(05) [2mkoko::shell::媒体资产外壳[0m[2m:[0m 读取附件内容成功 [3musecase[0m[2m=[0m"读取附件内容" [3madapter[0m[2m=[0m"http" [3moutcome[0m[2m=[0m"succeeded" [3mrequest_kind[0m[2m=[0m"附件内容读取" [3mattachment_id[0m[2m=[0m"att-9117ebee3b15" [3msession_id[0m[2m=[0m"s-3698d9833309"
[backend] [2m2026-04-25T16:45:05.6422588+08:00[0m [32m INFO[0m ThreadId(03) [2mkoko::shell::媒体资产外壳[0m[2m:[0m HTTP 请求已受理 [3musecase[0m[2m=[0m"读取附件内容" [3madapter[0m[2m=[0m"http" [3moutcome[0m[2m=[0m"accepted" [3mrequest_kind[0m[2m=[0m"附件内容读取" [3mattachment_id[0m[2m=[0m"att-9117ebee3b15" [3msession_id[0m[2m=[0m"s-3698d9833309"
[backend] [2m2026-04-25T16:45:05.6586974+08:00[0m [32m INFO[0m ThreadId(11) [2mkoko::shell::媒体资产外壳[0m[2m:[0m 读取附件内容成功 [3musecase[0m[2m=[0m"读取附件内容" [3madapter[0m[2m=[0m"http" [3moutcome[0m[2m=[0m"succeeded" [3mrequest_kind[0m[2m=[0m"附件内容读取" [3mattachment_id[0m[2m=[0m"att-9117ebee3b15" [3msession_id[0m[2m=[0m"s-3698d9833309"
[backend] [2m2026-04-25T16:45:05.662553+08:00[0m [32m INFO[0m ThreadId(03) [2mkoko::shell::媒体资产外壳[0m[2m:[0m HTTP 请求已受理 [3musecase[0m[2m=[0m"读取附件内容" [3madapter[0m[2m=[0m"http" [3moutcome[0m[2m=[0m"accepted" [3mrequest_kind[0m[2m=[0m"附件内容读取" [3mattachment_id[0m[2m=[0m"att-9117ebee3b15" [3msession_id[0m[2m=[0m"s-3698d9833309"
[backend] [2m2026-04-25T16:45:05.6664789+08:00[0m [32m INFO[0m ThreadId(03) [2mkoko::shell::媒体资产外壳[0m[2m:[0m 读取附件内容成功 [3musecase[0m[2m=[0m"读取附件内容" [3madapter[0m[2m=[0m"http" [3moutcome[0m[2m=[0m"succeeded" [3mrequest_kind[0m[2m=[0m"附件内容读取" [3mattachment_id[0m[2m=[0m"att-9117ebee3b15" [3msession_id[0m[2m=[0m"s-3698d9833309"
[backend] [2m2026-04-25T16:45:05.6863164+08:00[0m [32m INFO[0m ThreadId(05) [2mkoko::shell::媒体资产外壳[0m[2m:[0m HTTP 请求已受理 [3musecase[0m[2m=[0m"读取附件内容" [3madapter[0m[2m=[0m"http" [3moutcome[0m[2m=[0m"accepted" [3mrequest_kind[0m[2m=[0m"附件内容读取" [3mattachment_id[0m[2m=[0m"att-9117ebee3b15" [3msession_id[0m[2m=[0m"s-3698d9833309"
[backend] [2m2026-04-25T16:45:05.6872915+08:00[0m [32m INFO[0m ThreadId(11) [2mkoko::shell::媒体资产外壳[0m[2m:[0m HTTP 请求已受理 [3musecase[0m[2m=[0m"读取附件内容" [3madapter[0m[2m=[0m"http" [3moutcome[0m[2m=[0m"accepted" [3mrequest_kind[0m[2m=[0m"附件内容读取" [3mattachment_id[0m[2m=[0m"att-9117ebee3b15" [3msession_id[0m[2m=[0m"s-3698d9833309"
[backend] [2m2026-04-25T16:45:05.6952706+08:00[0m [32m INFO[0m ThreadId(03) [2mkoko::shell::媒体资产外壳[0m[2m:[0m HTTP 请求已受理 [3musecase[0m[2m=[0m"读取附件内容" [3madapter[0m[2m=[0m"http" [3moutcome[0m[2m=[0m"accepted" [3mrequest_kind[0m[2m=[0m"附件内容读取" [3mattachment_id[0m[2m=[0m"att-9117ebee3b15" [3msession_id[0m[2m=[0m"s-3698d9833309"
[backend] [2m2026-04-25T16:45:05.7104785+08:00[0m [32m INFO[0m ThreadId(11) [2mkoko::shell::媒体资产外壳[0m[2m:[0m 读取附件内容成功 [3musecase[0m[2m=[0m"读取附件内容" [3madapter[0m[2m=[0m"http" [3moutcome[0m[2m=[0m"succeeded" [3mrequest_kind[0m[2m=[0m"附件内容读取" [3mattachment_id[0m[2m=[0m"att-9117ebee3b15" [3msession_id[0m[2m=[0m"s-3698d9833309"
[backend] [2m2026-04-25T16:45:05.7195864+08:00[0m [32m INFO[0m ThreadId(11) [2mkoko::shell::媒体资产外壳[0m[2m:[0m 读取附件内容成功 [3musecase[0m[2m=[0m"读取附件内容" [3madapter[0m[2m=[0m"http" [3moutcome[0m[2m=[0m"succeeded" [3mrequest_kind[0m[2m=[0m"附件内容读取" [3mattachment_id[0m[2m=[0m"att-9117ebee3b15" [3msession_id[0m[2m=[0m"s-3698d9833309"
[backend] [2m2026-04-25T16:45:05.7278161+08:00[0m [32m INFO[0m ThreadId(11) [2mkoko::shell::媒体资产外壳[0m[2m:[0m 读取附件内容成功 [3musecase[0m[2m=[0m"读取附件内容" [3madapter[0m[2m=[0m"http" [3moutcome[0m[2m=[0m"succeeded" [3mrequest_kind[0m[2m=[0m"附件内容读取" [3mattachment_id[0m[2m=[0m"att-9117ebee3b15" [3msession_id[0m[2m=[0m"s-3698d9833309"
[backend] [2m2026-04-25T16:45:05.7284909+08:00[0m [32m INFO[0m ThreadId(03) [2mkoko::shell::媒体资产外壳[0m[2m:[0m 读取附件内容成功 [3musecase[0m[2m=[0m"读取附件内容" [3madapter[0m[2m=[0m"http" [3moutcome[0m[2m=[0m"succeeded" [3mrequest_kind[0m[2m=[0m"附件内容读取" [3mattachment_id[0m[2m=[0m"att-9117ebee3b15" [3msession_id[0m[2m=[0m"s-3698d9833309"
[backend] [2m2026-04-25T16:45:05.7334657+08:00[0m [32m INFO[0m ThreadId(05) [2mkoko::shell::媒体资产外壳[0m[2m:[0m HTTP 请求已受理 [3musecase[0m[2m=[0m"读取附件内容" [3madapter[0m[2m=[0m"http" [3moutcome[0m[2m=[0m"accepted" [3mrequest_kind[0m[2m=[0m"附件内容读取" [3mattachment_id[0m[2m=[0m"att-9117ebee3b15" [3msession_id[0m[2m=[0m"s-3698d9833309"
[backend] [2m2026-04-25T16:45:05.7592012+08:00[0m [32m INFO[0m ThreadId(05) [2mkoko::shell::媒体资产外壳[0m[2m:[0m 读取附件内容成功 [3musecase[0m[2m=[0m"读取附件内容" [3madapter[0m[2m=[0m"http" [3moutcome[0m[2m=[0m"succeeded" [3mrequest_kind[0m[2m=[0m"附件内容读取" [3mattachment_id[0m[2m=[0m"att-9117ebee3b15" [3msession_id[0m[2m=[0m"s-3698d9833309"
[backend] [2m2026-04-25T16:45:05.7625361+08:00[0m [32m INFO[0m ThreadId(03) [2mkoko::shell::媒体资产外壳[0m[2m:[0m HTTP 请求已受理 [3musecase[0m[2m=[0m"读取附件内容" [3madapter[0m[2m=[0m"http" [3moutcome[0m[2m=[0m"accepted" [3mrequest_kind[0m[2m=[0m"附件内容读取" [3mattachment_id[0m[2m=[0m"att-9117ebee3b15" [3msession_id[0m[2m=[0m"s-3698d9833309"
[backend] [2m2026-04-25T16:45:05.7685022+08:00[0m [32m INFO[0m ThreadId(05) [2mkoko::shell::媒体资产外壳[0m[2m:[0m HTTP 请求已受理 [3musecase[0m[2m=[0m"读取附件内容" [3madapter[0m[2m=[0m"http" [3moutcome[0m[2m=[0m"accepted" [3mrequest_kind[0m[2m=[0m"附件内容读取" [3mattachment_id[0m[2m=[0m"att-9117ebee3b15" [3msession_id[0m[2m=[0m"s-3698d9833309"
[backend] [2m2026-04-25T16:45:05.7684725+08:00[0m [32m INFO[0m ThreadId(11) [2mkoko::shell::媒体资产外壳[0m[2m:[0m HTTP 请求已受理 [3musecase[0m[2m=[0m"读取附件内容" [3madapter[0m[2m=[0m"http" [3moutcome[0m[2m=[0m"accepted" [3mrequest_kind[0m[2m=[0m"附件内容读取" [3mattachment_id[0m[2m=[0m"att-9117ebee3b15" [3msession_id[0m[2m=[0m"s-3698d9833309"
[backend] [2m2026-04-25T16:45:05.792054+08:00[0m [32m INFO[0m ThreadId(10) [2mkoko::shell::媒体资产外壳[0m[2m:[0m HTTP 请求已受理 [3musecase[0m[2m=[0m"读取附件内容" [3madapter[0m[2m=[0m"http" [3moutcome[0m[2m=[0m"accepted" [3mrequest_kind[0m[2m=[0m"附件内容读取" [3mattachment_id[0m[2m=[0m"att-9117ebee3b15" [3msession_id[0m[2m=[0m"s-3698d9833309"
[backend] [2m2026-04-25T16:45:05.821518+08:00[0m [32m INFO[0m ThreadId(10) [2mkoko::shell::媒体资产外壳[0m[2m:[0m 读取附件内容成功 [3musecase[0m[2m=[0m"读取附件内容" [3madapter[0m[2m=[0m"http" [3moutcome[0m[2m=[0m"succeeded" [3mrequest_kind[0m[2m=[0m"附件内容读取" [3mattachment_id[0m[2m=[0m"att-9117ebee3b15" [3msession_id[0m[2m=[0m"s-3698d9833309"
[backend] [2m2026-04-25T16:45:05.8219877+08:00[0m [32m INFO[0m ThreadId(03) [2mkoko::shell::媒体资产外壳[0m[2m:[0m 读取附件内容成功 [3musecase[0m[2m=[0m"读取附件内容" [3madapter[0m[2m=[0m"http" [3moutcome[0m[2m=[0m"succeeded" [3mrequest_kind[0m[2m=[0m"附件内容读取" [3mattachment_id[0m[2m=[0m"att-9117ebee3b15" [3msession_id[0m[2m=[0m"s-3698d9833309"
[backend] [2m2026-04-25T16:45:05.8374745+08:00[0m [32m INFO[0m ThreadId(03) [2mkoko::shell::媒体资产外壳[0m[2m:[0m 读取附件内容成功 [3musecase[0m[2m=[0m"读取附件内容" [3madapter[0m[2m=[0m"http" [3moutcome[0m[2m=[0m"succeeded" [3mrequest_kind[0m[2m=[0m"附件内容读取" [3mattachment_id[0m[2m=[0m"att-9117ebee3b15" [3msession_id[0m[2m=[0m"s-3698d9833309"
[backend] [2m2026-04-25T16:45:05.8383195+08:00[0m [32m INFO[0m ThreadId(10) [2mkoko::shell::媒体资产外壳[0m[2m:[0m 读取附件内容成功 [3musecase[0m[2m=[0m"读取附件内容" [3madapter[0m[2m=[0m"http" [3moutcome[0m[2m=[0m"succeeded" [3mrequest_kind[0m[2m=[0m"附件内容读取" [3mattachment_id[0m[2m=[0m"att-9117ebee3b15" [3msession_id[0m[2m=[0m"s-3698d9833309"
[backend] [2m2026-04-25T16:45:05.8417742+08:00[0m [32m INFO[0m ThreadId(05) [2mkoko::shell::媒体资产外壳[0m[2m:[0m HTTP 请求已受理 [3musecase[0m[2m=[0m"读取附件内容" [3madapter[0m[2m=[0m"http" [3moutcome[0m[2m=[0m"accepted" [3mrequest_kind[0m[2m=[0m"附件内容读取" [3mattachment_id[0m[2m=[0m"att-9117ebee3b15" [3msession_id[0m[2m=[0m"s-3698d9833309"
[backend] [2m2026-04-25T16:45:05.870105+08:00[0m [32m INFO[0m ThreadId(10) [2mkoko::shell::媒体资产外壳[0m[2m:[0m HTTP 请求已受理 [3musecase[0m[2m=[0m"读取附件内容" [3madapter[0m[2m=[0m"http" [3moutcome[0m[2m=[0m"accepted" [3mrequest_kind[0m[2m=[0m"附件内容读取" [3mattachment_id[0m[2m=[0m"att-9117ebee3b15" [3msession_id[0m[2m=[0m"s-3698d9833309"
[backend] [2m2026-04-25T16:45:05.8738462+08:00[0m [32m INFO[0m ThreadId(10) [2mkoko::shell::媒体资产外壳[0m[2m:[0m HTTP 请求已受理 [3musecase[0m[2m=[0m"读取附件内容" [3madapter[0m[2m=[0m"http" [3moutcome[0m[2m=[0m"accepted" [3mrequest_kind[0m[2m=[0m"附件内容读取" [3mattachment_id[0m[2m=[0m"att-9117ebee3b15" [3msession_id[0m[2m=[0m"s-3698d9833309"
[backend] [2m2026-04-25T16:45:05.8743078+08:00[0m [32m INFO[0m ThreadId(05) [2mkoko::shell::媒体资产外壳[0m[2m:[0m HTTP 请求已受理 [3musecase[0m[2m=[0m"读取附件内容" [3madapter[0m[2m=[0m"http" [3moutcome[0m[2m=[0m"accepted" [3mrequest_kind[0m[2m=[0m"附件内容读取" [3mattachment_id[0m[2m=[0m"att-9117ebee3b15" [3msession_id[0m[2m=[0m"s-3698d9833309"
[backend] [2m2026-04-25T16:45:05.8757462+08:00[0m [32m INFO[0m ThreadId(10) [2mkoko::shell::媒体资产外壳[0m[2m:[0m 读取附件内容成功 [3musecase[0m[2m=[0m"读取附件内容" [3madapter[0m[2m=[0m"http" [3moutcome[0m[2m=[0m"succeeded" [3mrequest_kind[0m[2m=[0m"附件内容读取" [3mattachment_id[0m[2m=[0m"att-9117ebee3b15" [3msession_id[0m[2m=[0m"s-3698d9833309"
[backend] [2m2026-04-25T16:45:05.8905147+08:00[0m [32m INFO[0m ThreadId(03) [2mkoko::shell::媒体资产外壳[0m[2m:[0m 读取附件内容成功 [3musecase[0m[2m=[0m"读取附件内容" [3madapter[0m[2m=[0m"http" [3moutcome[0m[2m=[0m"succeeded" [3mrequest_kind[0m[2m=[0m"附件内容读取" [3mattachment_id[0m[2m=[0m"att-9117ebee3b15" [3msession_id[0m[2m=[0m"s-3698d9833309"
[backend] [2m2026-04-25T16:45:05.9031089+08:00[0m [32m INFO[0m ThreadId(10) [2mkoko::shell::媒体资产外壳[0m[2m:[0m HTTP 请求已受理 [3musecase[0m[2m=[0m"读取附件内容" [3madapter[0m[2m=[0m"http" [3moutcome[0m[2m=[0m"accepted" [3mrequest_kind[0m[2m=[0m"附件内容读取" [3mattachment_id[0m[2m=[0m"att-9117ebee3b15" [3msession_id[0m[2m=[0m"s-3698d9833309"
[backend] [2m2026-04-25T16:45:05.9044784+08:00[0m [32m INFO[0m ThreadId(05) [2mkoko::shell::媒体资产外壳[0m[2m:[0m 读取附件内容成功 [3musecase[0m[2m=[0m"读取附件内容" [3madapter[0m[2m=[0m"http" [3moutcome[0m[2m=[0m"succeeded" [3mrequest_kind[0m[2m=[0m"附件内容读取" [3mattachment_id[0m[2m=[0m"att-9117ebee3b15" [3msession_id[0m[2m=[0m"s-3698d9833309"
[backend] [2m2026-04-25T16:45:05.9044786+08:00[0m [32m INFO[0m ThreadId(03) [2mkoko::shell::媒体资产外壳[0m[2m:[0m 读取附件内容成功 [3musecase[0m[2m=[0m"读取附件内容" [3madapter[0m[2m=[0m"http" [3moutcome[0m[2m=[0m"succeeded" [3mrequest_kind[0m[2m=[0m"附件内容读取" [3mattachment_id[0m[2m=[0m"att-9117ebee3b15" [3msession_id[0m[2m=[0m"s-3698d9833309"
[backend] [2m2026-04-25T16:45:05.9144893+08:00[0m [32m INFO[0m ThreadId(11) [2mkoko::shell::媒体资产外壳[0m[2m:[0m HTTP 请求已受理 [3musecase[0m[2m=[0m"读取附件内容" [3madapter[0m[2m=[0m"http" [3moutcome[0m[2m=[0m"accepted" [3mrequest_kind[0m[2m=[0m"附件内容读取" [3mattachment_id[0m[2m=[0m"att-9117ebee3b15" [3msession_id[0m[2m=[0m"s-3698d9833309"
[backend] [2m2026-04-25T16:45:05.9455422+08:00[0m [32m INFO[0m ThreadId(11) [2mkoko::shell::媒体资产外壳[0m[2m:[0m 读取附件内容成功 [3musecase[0m[2m=[0m"读取附件内容" [3madapter[0m[2m=[0m"http" [3moutcome[0m[2m=[0m"succeeded" [3mrequest_kind[0m[2m=[0m"附件内容读取" [3mattachment_id[0m[2m=[0m"att-9117ebee3b15" [3msession_id[0m[2m=[0m"s-3698d9833309"
[backend] [2m2026-04-25T16:45:05.9458497+08:00[0m [32m INFO[0m ThreadId(06) [2mkoko::shell::媒体资产外壳[0m[2m:[0m 读取附件内容成功 [3musecase[0m[2m=[0m"读取附件内容" [3madapter[0m[2m=[0m"http" [3moutcome[0m[2m=[0m"succeeded" [3mrequest_kind[0m[2m=[0m"附件内容读取" [3mattachment_id[0m[2m=[0m"att-9117ebee3b15" [3msession_id[0m[2m=[0m"s-3698d9833309"
[backend] [2m2026-04-25T16:45:05.9463846+08:00[0m [32m INFO[0m ThreadId(10) [2mkoko::shell::媒体资产外壳[0m[2m:[0m HTTP 请求已受理 [3musecase[0m[2m=[0m"读取附件内容" [3madapter[0m[2m=[0m"http" [3moutcome[0m[2m=[0m"accepted" [3mrequest_kind[0m[2m=[0m"附件内容读取" [3mattachment_id[0m[2m=[0m"att-9117ebee3b15" [3msession_id[0m[2m=[0m"s-3698d9833309"
[backend] [2m2026-04-25T16:45:05.9463861+08:00[0m [32m INFO[0m ThreadId(05) [2mkoko::shell::媒体资产外壳[0m[2m:[0m HTTP 请求已受理 [3musecase[0m[2m=[0m"读取附件内容" [3madapter[0m[2m=[0m"http" [3moutcome[0m[2m=[0m"accepted" [3mrequest_kind[0m[2m=[0m"附件内容读取" [3mattachment_id[0m[2m=[0m"att-9117ebee3b15" [3msession_id[0m[2m=[0m"s-3698d9833309"
[backend] [2m2026-04-25T16:45:05.9613508+08:00[0m [32m INFO[0m ThreadId(11) [2mkoko::shell::实时外壳[0m[2m:[0m realtime 创建消息请求已受理 [3musecase[0m[2m=[0m"创建消息" [3madapter[0m[2m=[0m"socketioxide" [3moutcome[0m[2m=[0m"accepted" [3mroom_id[0m[2m=[0m"r-50793d744913" [3msession_id[0m[2m=[0m"s-3698d9833309" [3mclient_message_id[0m[2m=[0m"14bec177-04ac-4e51-bec4-5173324efa77"
[backend] [2m2026-04-25T16:45:05.9821179+08:00[0m [32m INFO[0m ThreadId(12) [2mkoko::shell::媒体资产外壳[0m[2m:[0m 读取附件内容成功 [3musecase[0m[2m=[0m"读取附件内容" [3madapter[0m[2m=[0m"http" [3moutcome[0m[2m=[0m"succeeded" [3mrequest_kind[0m[2m=[0m"附件内容读取" [3mattachment_id[0m[2m=[0m"att-9117ebee3b15" [3msession_id[0m[2m=[0m"s-3698d9833309"
[backend] [2m2026-04-25T16:45:05.9981028+08:00[0m [32m INFO[0m ThreadId(12) [2mkoko::shell::媒体资产外壳[0m[2m:[0m 读取附件内容成功 [3musecase[0m[2m=[0m"读取附件内容" [3madapter[0m[2m=[0m"http" [3moutcome[0m[2m=[0m"succeeded" [3mrequest_kind[0m[2m=[0m"附件内容读取" [3mattachment_id[0m[2m=[0m"att-9117ebee3b15" [3msession_id[0m[2m=[0m"s-3698d9833309"
[backend] [2m2026-04-25T16:45:06.3646988+08:00[0m [32m INFO[0m ThreadId(10) [2mkoko::shell::实时外壳[0m[2m:[0m 创建消息成功 [3musecase[0m[2m=[0m"创建消息" [3madapter[0m[2m=[0m"socketioxide" [3moutcome[0m[2m=[0m"succeeded" [3mroom_id[0m[2m=[0m"r-50793d744913" [3msession_id[0m[2m=[0m"s-3698d9833309" [3mclient_message_id[0m[2m=[0m"14bec177-04ac-4e51-bec4-5173324efa77" [3mevent_position[0m[2m=[0m9 [3mbroadcast_attempts[0m[2m=[0m1 [3mbroadcast_delivered[0m[2m=[0m1 [3mroom_runtime_continues[0m[2m=[0mtrue
[backend] [2m2026-04-25T16:45:06.4126553+08:00[0m [32m INFO[0m ThreadId(06) [2mkoko::shell::媒体资产外壳[0m[2m:[0m HTTP 请求已受理 [3musecase[0m[2m=[0m"读取附件内容" [3madapter[0m[2m=[0m"http" [3moutcome[0m[2m=[0m"accepted" [3mrequest_kind[0m[2m=[0m"附件内容读取" [3mattachment_id[0m[2m=[0m"att-9117ebee3b15" [3msession_id[0m[2m=[0m"s-3698d9833309"
[backend] [2m2026-04-25T16:45:06.4191529+08:00[0m [32m INFO[0m ThreadId(05) [2mkoko::shell::媒体资产外壳[0m[2m:[0m HTTP 请求已受理 [3musecase[0m[2m=[0m"读取附件内容" [3madapter[0m[2m=[0m"http" [3moutcome[0m[2m=[0m"accepted" [3mrequest_kind[0m[2m=[0m"附件内容读取" [3mattachment_id[0m[2m=[0m"att-9117ebee3b15" [3msession_id[0m[2m=[0m"s-3698d9833309"
[backend] [2m2026-04-25T16:45:06.4191529+08:00[0m [32m INFO[0m ThreadId(06) [2mkoko::shell::媒体资产外壳[0m[2m:[0m HTTP 请求已受理 [3musecase[0m[2m=[0m"读取附件内容" [3madapter[0m[2m=[0m"http" [3moutcome[0m[2m=[0m"accepted" [3mrequest_kind[0m[2m=[0m"附件内容读取" [3mattachment_id[0m[2m=[0m"att-9117ebee3b15" [3msession_id[0m[2m=[0m"s-3698d9833309"
[backend] [2m2026-04-25T16:45:06.4382749+08:00[0m [32m INFO[0m ThreadId(06) [2mkoko::shell::媒体资产外壳[0m[2m:[0m 读取附件内容成功 [3musecase[0m[2m=[0m"读取附件内容" [3madapter[0m[2m=[0m"http" [3moutcome[0m[2m=[0m"succeeded" [3mrequest_kind[0m[2m=[0m"附件内容读取" [3mattachment_id[0m[2m=[0m"att-9117ebee3b15" [3msession_id[0m[2m=[0m"s-3698d9833309"
[backend] [2m2026-04-25T16:45:06.4402539+08:00[0m [32m INFO[0m ThreadId(11) [2mkoko::shell::媒体资产外壳[0m[2m:[0m 读取附件内容成功 [3musecase[0m[2m=[0m"读取附件内容" [3madapter[0m[2m=[0m"http" [3moutcome[0m[2m=[0m"succeeded" [3mrequest_kind[0m[2m=[0m"附件内容读取" [3mattachment_id[0m[2m=[0m"att-9117ebee3b15" [3msession_id[0m[2m=[0m"s-3698d9833309"
[backend] [2m2026-04-25T16:45:06.4798778+08:00[0m [32m INFO[0m ThreadId(06) [2mkoko::shell::媒体资产外壳[0m[2m:[0m 读取附件内容成功 [3musecase[0m[2m=[0m"读取附件内容" [3madapter[0m[2m=[0m"http" [3moutcome[0m[2m=[0m"succeeded" [3mrequest_kind[0m[2m=[0m"附件内容读取" [3mattachment_id[0m[2m=[0m"att-9117ebee3b15" [3msession_id[0m[2m=[0m"s-3698d9833309"
[tracker] 2026-04-25T08:45:06.615Z complete: 2d5757303230382d5777657347504e6f4c4f4459
[backend] [2m2026-04-25T16:45:07.1115974+08:00[0m [32m INFO[0m ThreadId(10) [2mkoko::shell::房间外壳[0m[2m:[0m HTTP 请求已受理 [3musecase[0m[2m=[0m"推进房间阅读位置" [3madapter[0m[2m=[0m"http" [3moutcome[0m[2m=[0m"accepted" [3mrequest_kind[0m[2m=[0m"房间阅读位置推进" [3mroom_id[0m[2m=[0m"r-50793d744913" [3msession_id[0m[2m=[0m"s-3698d9833309" [3mevent_position[0m[2m=[0m9
[backend] [2m2026-04-25T16:45:07.1448796+08:00[0m [32m INFO[0m ThreadId(10) [2mkoko::shell::房间外壳[0m[2m:[0m 推进房间阅读位置成功 [3musecase[0m[2m=[0m"推进房间阅读位置" [3madapter[0m[2m=[0m"http" [3moutcome[0m[2m=[0m"succeeded" [3mrequest_kind[0m[2m=[0m"房间阅读位置推进" [3mroom_id[0m[2m=[0m"r-50793d744913" [3msession_id[0m[2m=[0m"s-3698d9833309" [3mevent_position[0m[2m=[0m9
[backend] [2m2026-04-25T16:45:07.3044055+08:00[0m [32m INFO[0m ThreadId(05) [2mkoko::shell::媒体资产外壳[0m[2m:[0m HTTP 请求已受理 [3musecase[0m[2m=[0m"读取附件内容" [3madapter[0m[2m=[0m"http" [3moutcome[0m[2m=[0m"accepted" [3mrequest_kind[0m[2m=[0m"附件内容读取" [3mattachment_id[0m[2m=[0m"att-9117ebee3b15" [3msession_id[0m[2m=[0m"s-3698d9833309"
[backend] [2m2026-04-25T16:45:07.3194462+08:00[0m [32m INFO[0m ThreadId(10) [2mkoko::shell::媒体资产外壳[0m[2m:[0m 读取附件内容成功 [3musecase[0m[2m=[0m"读取附件内容" [3madapter[0m[2m=[0m"http" [3moutcome[0m[2m=[0m"succeeded" [3mrequest_kind[0m[2m=[0m"附件内容读取" [3mattachment_id[0m[2m=[0m"att-9117ebee3b15" [3msession_id[0m[2m=[0m"s-3698d9833309"
[tracker] 2026-04-25T08:45:07.281Z start: 2d5757303230382d707674366a74593576456a4e
[tracker] 2026-04-25T08:45:07.336Z update: 2d5757303230382d5777657347504e6f4c4f4459
[backend] [2m2026-04-25T16:45:07.7011548+08:00[0m [32m INFO[0m ThreadId(06) [2mkoko::shell::房间外壳[0m[2m:[0m HTTP 请求已受理 [3musecase[0m[2m=[0m"推进房间阅读位置" [3madapter[0m[2m=[0m"http" [3moutcome[0m[2m=[0m"accepted" [3mrequest_kind[0m[2m=[0m"房间阅读位置推进" [3mroom_id[0m[2m=[0m"r-50793d744913" [3msession_id[0m[2m=[0m"s-3b774a25d87b" [3mevent_position[0m[2m=[0m9
[backend] [2m2026-04-25T16:45:07.7273536+08:00[0m [32m INFO[0m ThreadId(06) [2mkoko::shell::房间外壳[0m[2m:[0m 推进房间阅读位置成功 [3musecase[0m[2m=[0m"推进房间阅读位置" [3madapter[0m[2m=[0m"http" [3moutcome[0m[2m=[0m"succeeded" [3mrequest_kind[0m[2m=[0m"房间阅读位置推进" [3mroom_id[0m[2m=[0m"r-50793d744913" [3msession_id[0m[2m=[0m"s-3b774a25d87b" [3mevent_position[0m[2m=[0m9
[backend] [2m2026-04-25T16:45:07.9604767+08:00[0m [32m INFO[0m ThreadId(10) [2mkoko::shell::媒体资产外壳[0m[2m:[0m HTTP 请求已受理 [3musecase[0m[2m=[0m"读取附件内容" [3madapter[0m[2m=[0m"http" [3moutcome[0m[2m=[0m"accepted" [3mrequest_kind[0m[2m=[0m"附件内容读取" [3mattachment_id[0m[2m=[0m"att-9117ebee3b15" [3msession_id[0m[2m=[0m"s-3b774a25d87b"
[backend] [2m2026-04-25T16:45:07.9787932+08:00[0m [32m INFO[0m ThreadId(06) [2mkoko::shell::媒体资产外壳[0m[2m:[0m 读取附件内容成功 [3musecase[0m[2m=[0m"读取附件内容" [3madapter[0m[2m=[0m"http" [3moutcome[0m[2m=[0m"succeeded" [3mrequest_kind[0m[2m=[0m"附件内容读取" [3mattachment_id[0m[2m=[0m"att-9117ebee3b15" [3msession_id[0m[2m=[0m"s-3b774a25d87b"
[backend] [2m2026-04-25T16:45:07.9898285+08:00[0m [32m INFO[0m ThreadId(10) [2mkoko::shell::媒体资产外壳[0m[2m:[0m HTTP 请求已受理 [3musecase[0m[2m=[0m"读取附件内容" [3madapter[0m[2m=[0m"http" [3moutcome[0m[2m=[0m"accepted" [3mrequest_kind[0m[2m=[0m"附件内容读取" [3mattachment_id[0m[2m=[0m"att-9117ebee3b15" [3msession_id[0m[2m=[0m"s-3698d9833309"
[backend] [2m2026-04-25T16:45:07.9912401+08:00[0m [32m INFO[0m ThreadId(10) [2mkoko::shell::媒体资产外壳[0m[2m:[0m HTTP 请求已受理 [3musecase[0m[2m=[0m"读取附件内容" [3madapter[0m[2m=[0m"http" [3moutcome[0m[2m=[0m"accepted" [3mrequest_kind[0m[2m=[0m"附件内容读取" [3mattachment_id[0m[2m=[0m"att-9117ebee3b15" [3msession_id[0m[2m=[0m"s-3698d9833309"
[backend] [2m2026-04-25T16:45:08.0087039+08:00[0m [32m INFO[0m ThreadId(05) [2mkoko::shell::媒体资产外壳[0m[2m:[0m 读取附件内容成功 [3musecase[0m[2m=[0m"读取附件内容" [3madapter[0m[2m=[0m"http" [3moutcome[0m[2m=[0m"succeeded" [3mrequest_kind[0m[2m=[0m"附件内容读取" [3mattachment_id[0m[2m=[0m"att-9117ebee3b15" [3msession_id[0m[2m=[0m"s-3698d9833309"
[backend] [2m2026-04-25T16:45:08.0087038+08:00[0m [32m INFO[0m ThreadId(06) [2mkoko::shell::媒体资产外壳[0m[2m:[0m 读取附件内容成功 [3musecase[0m[2m=[0m"读取附件内容" [3madapter[0m[2m=[0m"http" [3moutcome[0m[2m=[0m"succeeded" [3mrequest_kind[0m[2m=[0m"附件内容读取" [3mattachment_id[0m[2m=[0m"att-9117ebee3b15" [3msession_id[0m[2m=[0m"s-3698d9833309"
[backend] [2m2026-04-25T16:45:08.2000869+08:00[0m [32m INFO[0m ThreadId(10) [2mkoko::shell::媒体资产外壳[0m[2m:[0m HTTP 请求已受理 [3musecase[0m[2m=[0m"读取附件内容" [3madapter[0m[2m=[0m"http" [3moutcome[0m[2m=[0m"accepted" [3mrequest_kind[0m[2m=[0m"附件内容读取" [3mattachment_id[0m[2m=[0m"att-9117ebee3b15" [3msession_id[0m[2m=[0m"s-3b774a25d87b"
[backend] [2m2026-04-25T16:45:08.2017426+08:00[0m [32m INFO[0m ThreadId(10) [2mkoko::shell::媒体资产外壳[0m[2m:[0m HTTP 请求已受理 [3musecase[0m[2m=[0m"读取附件内容" [3madapter[0m[2m=[0m"http" [3moutcome[0m[2m=[0m"accepted" [3mrequest_kind[0m[2m=[0m"附件内容读取" [3mattachment_id[0m[2m=[0m"att-9117ebee3b15" [3msession_id[0m[2m=[0m"s-3b774a25d87b"
[backend] [2m2026-04-25T16:45:08.2138133+08:00[0m [32m INFO[0m ThreadId(10) [2mkoko::shell::媒体资产外壳[0m[2m:[0m 读取附件内容成功 [3musecase[0m[2m=[0m"读取附件内容" [3madapter[0m[2m=[0m"http" [3moutcome[0m[2m=[0m"succeeded" [3mrequest_kind[0m[2m=[0m"附件内容读取" [3mattachment_id[0m[2m=[0m"att-9117ebee3b15" [3msession_id[0m[2m=[0m"s-3b774a25d87b"
[backend] [2m2026-04-25T16:45:08.2142244+08:00[0m [32m INFO[0m ThreadId(11) [2mkoko::shell::媒体资产外壳[0m[2m:[0m 读取附件内容成功 [3musecase[0m[2m=[0m"读取附件内容" [3madapter[0m[2m=[0m"http" [3moutcome[0m[2m=[0m"succeeded" [3mrequest_kind[0m[2m=[0m"附件内容读取" [3mattachment_id[0m[2m=[0m"att-9117ebee3b15" [3msession_id[0m[2m=[0m"s-3b774a25d87b"
[backend] [2m2026-04-25T16:45:08.3183765+08:00[0m [32m INFO[0m ThreadId(05) [2mkoko::shell::媒体资产外壳[0m[2m:[0m HTTP 请求已受理 [3musecase[0m[2m=[0m"读取附件内容" [3madapter[0m[2m=[0m"http" [3moutcome[0m[2m=[0m"accepted" [3mrequest_kind[0m[2m=[0m"附件内容读取" [3mattachment_id[0m[2m=[0m"att-9117ebee3b15" [3msession_id[0m[2m=[0m"s-3b774a25d87b"
[backend] [2m2026-04-25T16:45:08.3201774+08:00[0m [32m INFO[0m ThreadId(05) [2mkoko::shell::媒体资产外壳[0m[2m:[0m HTTP 请求已受理 [3musecase[0m[2m=[0m"读取附件内容" [3madapter[0m[2m=[0m"http" [3moutcome[0m[2m=[0m"accepted" [3mrequest_kind[0m[2m=[0m"附件内容读取" [3mattachment_id[0m[2m=[0m"att-9117ebee3b15" [3msession_id[0m[2m=[0m"s-3b774a25d87b"
[backend] [2m2026-04-25T16:45:08.3257938+08:00[0m [32m INFO[0m ThreadId(05) [2mkoko::shell::媒体资产外壳[0m[2m:[0m HTTP 请求已受理 [3musecase[0m[2m=[0m"读取附件内容" [3madapter[0m[2m=[0m"http" [3moutcome[0m[2m=[0m"accepted" [3mrequest_kind[0m[2m=[0m"附件内容读取" [3mattachment_id[0m[2m=[0m"att-9117ebee3b15" [3msession_id[0m[2m=[0m"s-3b774a25d87b"
[backend] [2m2026-04-25T16:45:08.3265845+08:00[0m [32m INFO[0m ThreadId(10) [2mkoko::shell::媒体资产外壳[0m[2m:[0m HTTP 请求已受理 [3musecase[0m[2m=[0m"读取附件内容" [3madapter[0m[2m=[0m"http" [3moutcome[0m[2m=[0m"accepted" [3mrequest_kind[0m[2m=[0m"附件内容读取" [3mattachment_id[0m[2m=[0m"att-9117ebee3b15" [3msession_id[0m[2m=[0m"s-3b774a25d87b"
[backend] [2m2026-04-25T16:45:08.3544623+08:00[0m [32m INFO[0m ThreadId(10) [2mkoko::shell::媒体资产外壳[0m[2m:[0m 读取附件内容成功 [3musecase[0m[2m=[0m"读取附件内容" [3madapter[0m[2m=[0m"http" [3moutcome[0m[2m=[0m"succeeded" [3mrequest_kind[0m[2m=[0m"附件内容读取" [3mattachment_id[0m[2m=[0m"att-9117ebee3b15" [3msession_id[0m[2m=[0m"s-3b774a25d87b"
[backend] [2m2026-04-25T16:45:08.3544624+08:00[0m [32m INFO[0m ThreadId(05) [2mkoko::shell::媒体资产外壳[0m[2m:[0m 读取附件内容成功 [3musecase[0m[2m=[0m"读取附件内容" [3madapter[0m[2m=[0m"http" [3moutcome[0m[2m=[0m"succeeded" [3mrequest_kind[0m[2m=[0m"附件内容读取" [3mattachment_id[0m[2m=[0m"att-9117ebee3b15" [3msession_id[0m[2m=[0m"s-3b774a25d87b"
[backend] [2m2026-04-25T16:45:08.3571675+08:00[0m [32m INFO[0m ThreadId(06) [2mkoko::shell::媒体资产外壳[0m[2m:[0m 读取附件内容成功 [3musecase[0m[2m=[0m"读取附件内容" [3madapter[0m[2m=[0m"http" [3moutcome[0m[2m=[0m"succeeded" [3mrequest_kind[0m[2m=[0m"附件内容读取" [3mattachment_id[0m[2m=[0m"att-9117ebee3b15" [3msession_id[0m[2m=[0m"s-3b774a25d87b"
[backend] [2m2026-04-25T16:45:08.3598593+08:00[0m [32m INFO[0m ThreadId(06) [2mkoko::shell::媒体资产外壳[0m[2m:[0m 读取附件内容成功 [3musecase[0m[2m=[0m"读取附件内容" [3madapter[0m[2m=[0m"http" [3moutcome[0m[2m=[0m"succeeded" [3mrequest_kind[0m[2m=[0m"附件内容读取" [3mattachment_id[0m[2m=[0m"att-9117ebee3b15" [3msession_id[0m[2m=[0m"s-3b774a25d87b"
[tracker] 2026-04-25T08:45:07.891Z update: 2d5757303230382d564f594651326c6753477054
[tracker] 2026-04-25T08:45:08.343Z update: 2d5757303230382d707674366a74593576456a4e
[tracker] 2026-04-25T08:45:08.462Z start: 2d5757303230382d564f594651326c6753477054
[backend] [2m2026-04-25T16:45:08.642427+08:00[0m [32m INFO[0m ThreadId(10) [2mkoko::shell::媒体资产外壳[0m[2m:[0m HTTP 请求已受理 [3musecase[0m[2m=[0m"读取附件内容" [3madapter[0m[2m=[0m"http" [3moutcome[0m[2m=[0m"accepted" [3mrequest_kind[0m[2m=[0m"附件内容读取" [3mattachment_id[0m[2m=[0m"att-9117ebee3b15" [3msession_id[0m[2m=[0m"s-3b774a25d87b"
[backend] [2m2026-04-25T16:45:08.6438909+08:00[0m [32m INFO[0m ThreadId(10) [2mkoko::shell::媒体资产外壳[0m[2m:[0m HTTP 请求已受理 [3musecase[0m[2m=[0m"读取附件内容" [3madapter[0m[2m=[0m"http" [3moutcome[0m[2m=[0m"accepted" [3mrequest_kind[0m[2m=[0m"附件内容读取" [3mattachment_id[0m[2m=[0m"att-9117ebee3b15" [3msession_id[0m[2m=[0m"s-3b774a25d87b"
[backend] [2m2026-04-25T16:45:08.6465451+08:00[0m [32m INFO[0m ThreadId(10) [2mkoko::shell::媒体资产外壳[0m[2m:[0m HTTP 请求已受理 [3musecase[0m[2m=[0m"读取附件内容" [3madapter[0m[2m=[0m"http" [3moutcome[0m[2m=[0m"accepted" [3mrequest_kind[0m[2m=[0m"附件内容读取" [3mattachment_id[0m[2m=[0m"att-9117ebee3b15" [3msession_id[0m[2m=[0m"s-3b774a25d87b"
[backend] [2m2026-04-25T16:45:08.6484944+08:00[0m [32m INFO[0m ThreadId(06) [2mkoko::shell::媒体资产外壳[0m[2m:[0m HTTP 请求已受理 [3musecase[0m[2m=[0m"读取附件内容" [3madapter[0m[2m=[0m"http" [3moutcome[0m[2m=[0m"accepted" [3mrequest_kind[0m[2m=[0m"附件内容读取" [3mattachment_id[0m[2m=[0m"att-9117ebee3b15" [3msession_id[0m[2m=[0m"s-3b774a25d87b"
[backend] [2m2026-04-25T16:45:08.7114294+08:00[0m [32m INFO[0m ThreadId(10) [2mkoko::shell::媒体资产外壳[0m[2m:[0m 读取附件内容成功 [3musecase[0m[2m=[0m"读取附件内容" [3madapter[0m[2m=[0m"http" [3moutcome[0m[2m=[0m"succeeded" [3mrequest_kind[0m[2m=[0m"附件内容读取" [3mattachment_id[0m[2m=[0m"att-9117ebee3b15" [3msession_id[0m[2m=[0m"s-3b774a25d87b"
[backend] [2m2026-04-25T16:45:08.7138799+08:00[0m [32m INFO[0m ThreadId(12) [2mkoko::shell::媒体资产外壳[0m[2m:[0m 读取附件内容成功 [3musecase[0m[2m=[0m"读取附件内容" [3madapter[0m[2m=[0m"http" [3moutcome[0m[2m=[0m"succeeded" [3mrequest_kind[0m[2m=[0m"附件内容读取" [3mattachment_id[0m[2m=[0m"att-9117ebee3b15" [3msession_id[0m[2m=[0m"s-3b774a25d87b"
[backend] [2m2026-04-25T16:45:08.8137417+08:00[0m [32m INFO[0m ThreadId(11) [2mkoko::shell::媒体资产外壳[0m[2m:[0m 读取附件内容成功 [3musecase[0m[2m=[0m"读取附件内容" [3madapter[0m[2m=[0m"http" [3moutcome[0m[2m=[0m"succeeded" [3mrequest_kind[0m[2m=[0m"附件内容读取" [3mattachment_id[0m[2m=[0m"att-9117ebee3b15" [3msession_id[0m[2m=[0m"s-3b774a25d87b"
[backend] [2m2026-04-25T16:45:08.8320351+08:00[0m [32m INFO[0m ThreadId(11) [2mkoko::shell::媒体资产外壳[0m[2m:[0m 读取附件内容成功 [3musecase[0m[2m=[0m"读取附件内容" [3madapter[0m[2m=[0m"http" [3moutcome[0m[2m=[0m"succeeded" [3mrequest_kind[0m[2m=[0m"附件内容读取" [3mattachment_id[0m[2m=[0m"att-9117ebee3b15" [3msession_id[0m[2m=[0m"s-3b774a25d87b"
[backend] [2m2026-04-25T16:45:08.8766812+08:00[0m [32m INFO[0m ThreadId(10) [2mkoko::shell::媒体资产外壳[0m[2m:[0m HTTP 请求已受理 [3musecase[0m[2m=[0m"读取附件内容" [3madapter[0m[2m=[0m"http" [3moutcome[0m[2m=[0m"accepted" [3mrequest_kind[0m[2m=[0m"附件内容读取" [3mattachment_id[0m[2m=[0m"att-9117ebee3b15" [3msession_id[0m[2m=[0m"s-3698d9833309"
[backend] [2m2026-04-25T16:45:08.8780894+08:00[0m [32m INFO[0m ThreadId(10) [2mkoko::shell::媒体资产外壳[0m[2m:[0m HTTP 请求已受理 [3musecase[0m[2m=[0m"读取附件内容" [3madapter[0m[2m=[0m"http" [3moutcome[0m[2m=[0m"accepted" [3mrequest_kind[0m[2m=[0m"附件内容读取" [3mattachment_id[0m[2m=[0m"att-9117ebee3b15" [3msession_id[0m[2m=[0m"s-3698d9833309"
[backend] [2m2026-04-25T16:45:08.8950093+08:00[0m [32m INFO[0m ThreadId(11) [2mkoko::shell::媒体资产外壳[0m[2m:[0m 读取附件内容成功 [3musecase[0m[2m=[0m"读取附件内容" [3madapter[0m[2m=[0m"http" [3moutcome[0m[2m=[0m"succeeded" [3mrequest_kind[0m[2m=[0m"附件内容读取" [3mattachment_id[0m[2m=[0m"att-9117ebee3b15" [3msession_id[0m[2m=[0m"s-3698d9833309"
[backend] [2m2026-04-25T16:45:08.8973034+08:00[0m [32m INFO[0m ThreadId(10) [2mkoko::shell::媒体资产外壳[0m[2m:[0m 读取附件内容成功 [3musecase[0m[2m=[0m"读取附件内容" [3madapter[0m[2m=[0m"http" [3moutcome[0m[2m=[0m"succeeded" [3mrequest_kind[0m[2m=[0m"附件内容读取" [3mattachment_id[0m[2m=[0m"att-9117ebee3b15" [3msession_id[0m[2m=[0m"s-3698d9833309"
[backend] [2m2026-04-25T16:45:08.9173932+08:00[0m [32m INFO[0m ThreadId(12) [2mkoko::shell::媒体资产外壳[0m[2m:[0m HTTP 请求已受理 [3musecase[0m[2m=[0m"读取附件内容" [3madapter[0m[2m=[0m"http" [3moutcome[0m[2m=[0m"accepted" [3mrequest_kind[0m[2m=[0m"附件内容读取" [3mattachment_id[0m[2m=[0m"att-9117ebee3b15" [3msession_id[0m[2m=[0m"s-3b774a25d87b"
[backend] [2m2026-04-25T16:45:08.9222441+08:00[0m [32m INFO[0m ThreadId(12) [2mkoko::shell::媒体资产外壳[0m[2m:[0m HTTP 请求已受理 [3musecase[0m[2m=[0m"读取附件内容" [3madapter[0m[2m=[0m"http" [3moutcome[0m[2m=[0m"accepted" [3mrequest_kind[0m[2m=[0m"附件内容读取" [3mattachment_id[0m[2m=[0m"att-9117ebee3b15" [3msession_id[0m[2m=[0m"s-3b774a25d87b"
[backend] [2m2026-04-25T16:45:08.9257744+08:00[0m [32m INFO[0m ThreadId(12) [2mkoko::shell::媒体资产外壳[0m[2m:[0m HTTP 请求已受理 [3musecase[0m[2m=[0m"读取附件内容" [3madapter[0m[2m=[0m"http" [3moutcome[0m[2m=[0m"accepted" [3mrequest_kind[0m[2m=[0m"附件内容读取" [3mattachment_id[0m[2m=[0m"att-9117ebee3b15" [3msession_id[0m[2m=[0m"s-3b774a25d87b"
[backend] [2m2026-04-25T16:45:08.9275119+08:00[0m [32m INFO[0m ThreadId(10) [2mkoko::shell::媒体资产外壳[0m[2m:[0m HTTP 请求已受理 [3musecase[0m[2m=[0m"读取附件内容" [3madapter[0m[2m=[0m"http" [3moutcome[0m[2m=[0m"accepted" [3mrequest_kind[0m[2m=[0m"附件内容读取" [3mattachment_id[0m[2m=[0m"att-9117ebee3b15" [3msession_id[0m[2m=[0m"s-3b774a25d87b"
[backend] [2m2026-04-25T16:45:08.9386919+08:00[0m [32m INFO[0m ThreadId(11) [2mkoko::shell::媒体资产外壳[0m[2m:[0m 读取附件内容成功 [3musecase[0m[2m=[0m"读取附件内容" [3madapter[0m[2m=[0m"http" [3moutcome[0m[2m=[0m"succeeded" [3mrequest_kind[0m[2m=[0m"附件内容读取" [3mattachment_id[0m[2m=[0m"att-9117ebee3b15" [3msession_id[0m[2m=[0m"s-3b774a25d87b"
[backend] [2m2026-04-25T16:45:08.9419343+08:00[0m [32m INFO[0m ThreadId(11) [2mkoko::shell::媒体资产外壳[0m[2m:[0m 读取附件内容成功 [3musecase[0m[2m=[0m"读取附件内容" [3madapter[0m[2m=[0m"http" [3moutcome[0m[2m=[0m"succeeded" [3mrequest_kind[0m[2m=[0m"附件内容读取" [3mattachment_id[0m[2m=[0m"att-9117ebee3b15" [3msession_id[0m[2m=[0m"s-3b774a25d87b"
[backend] [2m2026-04-25T16:45:08.9474672+08:00[0m [32m INFO[0m ThreadId(11) [2mkoko::shell::媒体资产外壳[0m[2m:[0m 读取附件内容成功 [3musecase[0m[2m=[0m"读取附件内容" [3madapter[0m[2m=[0m"http" [3moutcome[0m[2m=[0m"succeeded" [3mrequest_kind[0m[2m=[0m"附件内容读取" [3mattachment_id[0m[2m=[0m"att-9117ebee3b15" [3msession_id[0m[2m=[0m"s-3b774a25d87b"
[backend] [2m2026-04-25T16:45:08.9478774+08:00[0m [32m INFO[0m ThreadId(10) [2mkoko::shell::媒体资产外壳[0m[2m:[0m 读取附件内容成功 [3musecase[0m[2m=[0m"读取附件内容" [3madapter[0m[2m=[0m"http" [3moutcome[0m[2m=[0m"succeeded" [3mrequest_kind[0m[2m=[0m"附件内容读取" [3mattachment_id[0m[2m=[0m"att-9117ebee3b15" [3msession_id[0m[2m=[0m"s-3b774a25d87b"
[backend] [2m2026-04-25T16:45:09.1961746+08:00[0m [32m INFO[0m ThreadId(12) [2mkoko::shell::媒体资产外壳[0m[2m:[0m HTTP 请求已受理 [3musecase[0m[2m=[0m"读取附件内容" [3madapter[0m[2m=[0m"http" [3moutcome[0m[2m=[0m"accepted" [3mrequest_kind[0m[2m=[0m"附件内容读取" [3mattachment_id[0m[2m=[0m"att-9117ebee3b15" [3msession_id[0m[2m=[0m"s-3b774a25d87b"
[backend] [2m2026-04-25T16:45:09.2165631+08:00[0m [32m INFO[0m ThreadId(11) [2mkoko::shell::媒体资产外壳[0m[2m:[0m HTTP 请求已受理 [3musecase[0m[2m=[0m"读取附件内容" [3madapter[0m[2m=[0m"http" [3moutcome[0m[2m=[0m"accepted" [3mrequest_kind[0m[2m=[0m"附件内容读取" [3mattachment_id[0m[2m=[0m"att-9117ebee3b15" [3msession_id[0m[2m=[0m"s-3b774a25d87b"
[backend] [2m2026-04-25T16:45:09.2258356+08:00[0m [32m INFO[0m ThreadId(10) [2mkoko::shell::媒体资产外壳[0m[2m:[0m 读取附件内容成功 [3musecase[0m[2m=[0m"读取附件内容" [3madapter[0m[2m=[0m"http" [3moutcome[0m[2m=[0m"succeeded" [3mrequest_kind[0m[2m=[0m"附件内容读取" [3mattachment_id[0m[2m=[0m"att-9117ebee3b15" [3msession_id[0m[2m=[0m"s-3b774a25d87b"
[backend] [2m2026-04-25T16:45:09.2344639+08:00[0m [32m INFO[0m ThreadId(11) [2mkoko::shell::媒体资产外壳[0m[2m:[0m HTTP 请求已受理 [3musecase[0m[2m=[0m"读取附件内容" [3madapter[0m[2m=[0m"http" [3moutcome[0m[2m=[0m"accepted" [3mrequest_kind[0m[2m=[0m"附件内容读取" [3mattachment_id[0m[2m=[0m"att-9117ebee3b15" [3msession_id[0m[2m=[0m"s-3698d9833309"
[backend] [2m2026-04-25T16:45:09.2352455+08:00[0m [32m INFO[0m ThreadId(11) [2mkoko::shell::媒体资产外壳[0m[2m:[0m 读取附件内容成功 [3musecase[0m[2m=[0m"读取附件内容" [3madapter[0m[2m=[0m"http" [3moutcome[0m[2m=[0m"succeeded" [3mrequest_kind[0m[2m=[0m"附件内容读取" [3mattachment_id[0m[2m=[0m"att-9117ebee3b15" [3msession_id[0m[2m=[0m"s-3b774a25d87b"
[backend] [2m2026-04-25T16:45:09.2487204+08:00[0m [32m INFO[0m ThreadId(10) [2mkoko::shell::媒体资产外壳[0m[2m:[0m 读取附件内容成功 [3musecase[0m[2m=[0m"读取附件内容" [3madapter[0m[2m=[0m"http" [3moutcome[0m[2m=[0m"succeeded" [3mrequest_kind[0m[2m=[0m"附件内容读取" [3mattachment_id[0m[2m=[0m"att-9117ebee3b15" [3msession_id[0m[2m=[0m"s-3698d9833309"
[backend] [2m2026-04-25T16:45:09.2492617+08:00[0m [32m INFO[0m ThreadId(12) [2mkoko::shell::媒体资产外壳[0m[2m:[0m HTTP 请求已受理 [3musecase[0m[2m=[0m"读取附件内容" [3madapter[0m[2m=[0m"http" [3moutcome[0m[2m=[0m"accepted" [3mrequest_kind[0m[2m=[0m"附件内容读取" [3mattachment_id[0m[2m=[0m"att-9117ebee3b15" [3msession_id[0m[2m=[0m"s-3b774a25d87b"
[backend] [2m2026-04-25T16:45:09.2583888+08:00[0m [32m INFO[0m ThreadId(12) [2mkoko::shell::媒体资产外壳[0m[2m:[0m HTTP 请求已受理 [3musecase[0m[2m=[0m"读取附件内容" [3madapter[0m[2m=[0m"http" [3moutcome[0m[2m=[0m"accepted" [3mrequest_kind[0m[2m=[0m"附件内容读取" [3mattachment_id[0m[2m=[0m"att-9117ebee3b15" [3msession_id[0m[2m=[0m"s-3b774a25d87b"
[backend] [2m2026-04-25T16:45:09.2700907+08:00[0m [32m INFO[0m ThreadId(10) [2mkoko::shell::媒体资产外壳[0m[2m:[0m 读取附件内容成功 [3musecase[0m[2m=[0m"读取附件内容" [3madapter[0m[2m=[0m"http" [3moutcome[0m[2m=[0m"succeeded" [3mrequest_kind[0m[2m=[0m"附件内容读取" [3mattachment_id[0m[2m=[0m"att-9117ebee3b15" [3msession_id[0m[2m=[0m"s-3b774a25d87b"
[backend] [2m2026-04-25T16:45:09.2700907+08:00[0m [32m INFO[0m ThreadId(12) [2mkoko::shell::媒体资产外壳[0m[2m:[0m 读取附件内容成功 [3musecase[0m[2m=[0m"读取附件内容" [3madapter[0m[2m=[0m"http" [3moutcome[0m[2m=[0m"succeeded" [3mrequest_kind[0m[2m=[0m"附件内容读取" [3mattachment_id[0m[2m=[0m"att-9117ebee3b15" [3msession_id[0m[2m=[0m"s-3b774a25d87b"
[backend] [2m2026-04-25T16:45:09.2781523+08:00[0m [32m INFO[0m ThreadId(11) [2mkoko::shell::媒体资产外壳[0m[2m:[0m HTTP 请求已受理 [3musecase[0m[2m=[0m"读取附件内容" [3madapter[0m[2m=[0m"http" [3moutcome[0m[2m=[0m"accepted" [3mrequest_kind[0m[2m=[0m"附件内容读取" [3mattachment_id[0m[2m=[0m"att-9117ebee3b15" [3msession_id[0m[2m=[0m"s-3698d9833309"
[backend] [2m2026-04-25T16:45:09.297861+08:00[0m [32m INFO[0m ThreadId(11) [2mkoko::shell::媒体资产外壳[0m[2m:[0m 读取附件内容成功 [3musecase[0m[2m=[0m"读取附件内容" [3madapter[0m[2m=[0m"http" [3moutcome[0m[2m=[0m"succeeded" [3mrequest_kind[0m[2m=[0m"附件内容读取" [3mattachment_id[0m[2m=[0m"att-9117ebee3b15" [3msession_id[0m[2m=[0m"s-3698d9833309"
[backend] [2m2026-04-25T16:45:09.312609+08:00[0m [32m INFO[0m ThreadId(10) [2mkoko::shell::媒体资产外壳[0m[2m:[0m HTTP 请求已受理 [3musecase[0m[2m=[0m"读取附件内容" [3madapter[0m[2m=[0m"http" [3moutcome[0m[2m=[0m"accepted" [3mrequest_kind[0m[2m=[0m"附件内容读取" [3mattachment_id[0m[2m=[0m"att-9117ebee3b15" [3msession_id[0m[2m=[0m"s-3b774a25d87b"
[backend] [2m2026-04-25T16:45:09.3145547+08:00[0m [32m INFO[0m ThreadId(10) [2mkoko::shell::媒体资产外壳[0m[2m:[0m HTTP 请求已受理 [3musecase[0m[2m=[0m"读取附件内容" [3madapter[0m[2m=[0m"http" [3moutcome[0m[2m=[0m"accepted" [3mrequest_kind[0m[2m=[0m"附件内容读取" [3mattachment_id[0m[2m=[0m"att-9117ebee3b15" [3msession_id[0m[2m=[0m"s-3b774a25d87b"
[backend] [2m2026-04-25T16:45:09.3452689+08:00[0m [32m INFO[0m ThreadId(11) [2mkoko::shell::媒体资产外壳[0m[2m:[0m 读取附件内容成功 [3musecase[0m[2m=[0m"读取附件内容" [3madapter[0m[2m=[0m"http" [3moutcome[0m[2m=[0m"succeeded" [3mrequest_kind[0m[2m=[0m"附件内容读取" [3mattachment_id[0m[2m=[0m"att-9117ebee3b15" [3msession_id[0m[2m=[0m"s-3b774a25d87b"
[backend] [2m2026-04-25T16:45:09.3549424+08:00[0m [32m INFO[0m ThreadId(11) [2mkoko::shell::媒体资产外壳[0m[2m:[0m 读取附件内容成功 [3musecase[0m[2m=[0m"读取附件内容" [3madapter[0m[2m=[0m"http" [3moutcome[0m[2m=[0m"succeeded" [3mrequest_kind[0m[2m=[0m"附件内容读取" [3mattachment_id[0m[2m=[0m"att-9117ebee3b15" [3msession_id[0m[2m=[0m"s-3b774a25d87b"
[tracker] 2026-04-25T08:45:08.875Z update: 2d5757303230382d707674366a74593576456a4e
[tracker] 2026-04-25T08:45:09.455Z start: 2d5757303230382d5777657347504e6f4c4f4459
[backend] [2m2026-04-25T16:45:09.4324008+08:00[0m [32m INFO[0m ThreadId(12) [2mkoko::shell::媒体资产外壳[0m[2m:[0m HTTP 请求已受理 [3musecase[0m[2m=[0m"读取附件内容" [3madapter[0m[2m=[0m"http" [3moutcome[0m[2m=[0m"accepted" [3mrequest_kind[0m[2m=[0m"附件内容读取" [3mattachment_id[0m[2m=[0m"att-9117ebee3b15" [3msession_id[0m[2m=[0m"s-3b774a25d87b"
[backend] [2m2026-04-25T16:45:09.434336+08:00[0m [32m INFO[0m ThreadId(12) [2mkoko::shell::媒体资产外壳[0m[2m:[0m HTTP 请求已受理 [3musecase[0m[2m=[0m"读取附件内容" [3madapter[0m[2m=[0m"http" [3moutcome[0m[2m=[0m"accepted" [3mrequest_kind[0m[2m=[0m"附件内容读取" [3mattachment_id[0m[2m=[0m"att-9117ebee3b15" [3msession_id[0m[2m=[0m"s-3b774a25d87b"
[backend] [2m2026-04-25T16:45:09.4361289+08:00[0m [32m INFO[0m ThreadId(12) [2mkoko::shell::媒体资产外壳[0m[2m:[0m HTTP 请求已受理 [3musecase[0m[2m=[0m"读取附件内容" [3madapter[0m[2m=[0m"http" [3moutcome[0m[2m=[0m"accepted" [3mrequest_kind[0m[2m=[0m"附件内容读取" [3mattachment_id[0m[2m=[0m"att-9117ebee3b15" [3msession_id[0m[2m=[0m"s-3b774a25d87b"
[backend] [2m2026-04-25T16:45:09.4401858+08:00[0m [32m INFO[0m ThreadId(10) [2mkoko::shell::媒体资产外壳[0m[2m:[0m HTTP 请求已受理 [3musecase[0m[2m=[0m"读取附件内容" [3madapter[0m[2m=[0m"http" [3moutcome[0m[2m=[0m"accepted" [3mrequest_kind[0m[2m=[0m"附件内容读取" [3mattachment_id[0m[2m=[0m"att-9117ebee3b15" [3msession_id[0m[2m=[0m"s-3b774a25d87b"
[backend] [2m2026-04-25T16:45:09.4535271+08:00[0m [32m INFO[0m ThreadId(06) [2mkoko::shell::媒体资产外壳[0m[2m:[0m 读取附件内容成功 [3musecase[0m[2m=[0m"读取附件内容" [3madapter[0m[2m=[0m"http" [3moutcome[0m[2m=[0m"succeeded" [3mrequest_kind[0m[2m=[0m"附件内容读取" [3mattachment_id[0m[2m=[0m"att-9117ebee3b15" [3msession_id[0m[2m=[0m"s-3b774a25d87b"
[backend] [2m2026-04-25T16:45:09.4536099+08:00[0m [32m INFO[0m ThreadId(12) [2mkoko::shell::媒体资产外壳[0m[2m:[0m 读取附件内容成功 [3musecase[0m[2m=[0m"读取附件内容" [3madapter[0m[2m=[0m"http" [3moutcome[0m[2m=[0m"succeeded" [3mrequest_kind[0m[2m=[0m"附件内容读取" [3mattachment_id[0m[2m=[0m"att-9117ebee3b15" [3msession_id[0m[2m=[0m"s-3b774a25d87b"
[backend] [2m2026-04-25T16:45:09.4560613+08:00[0m [32m INFO[0m ThreadId(12) [2mkoko::shell::媒体资产外壳[0m[2m:[0m 读取附件内容成功 [3musecase[0m[2m=[0m"读取附件内容" [3madapter[0m[2m=[0m"http" [3moutcome[0m[2m=[0m"succeeded" [3mrequest_kind[0m[2m=[0m"附件内容读取" [3mattachment_id[0m[2m=[0m"att-9117ebee3b15" [3msession_id[0m[2m=[0m"s-3b774a25d87b"
[backend] [2m2026-04-25T16:45:09.4608571+08:00[0m [32m INFO[0m ThreadId(11) [2mkoko::shell::媒体资产外壳[0m[2m:[0m 读取附件内容成功 [3musecase[0m[2m=[0m"读取附件内容" [3madapter[0m[2m=[0m"http" [3moutcome[0m[2m=[0m"succeeded" [3mrequest_kind[0m[2m=[0m"附件内容读取" [3mattachment_id[0m[2m=[0m"att-9117ebee3b15" [3msession_id[0m[2m=[0m"s-3b774a25d87b"
[backend] [2m2026-04-25T16:45:09.558464+08:00[0m [32m INFO[0m ThreadId(10) [2mkoko::shell::媒体资产外壳[0m[2m:[0m HTTP 请求已受理 [3musecase[0m[2m=[0m"读取附件内容" [3madapter[0m[2m=[0m"http" [3moutcome[0m[2m=[0m"accepted" [3mrequest_kind[0m[2m=[0m"附件内容读取" [3mattachment_id[0m[2m=[0m"att-9117ebee3b15" [3msession_id[0m[2m=[0m"s-3698d9833309"
[backend] [2m2026-04-25T16:45:09.5605696+08:00[0m [32m INFO[0m ThreadId(10) [2mkoko::shell::媒体资产外壳[0m[2m:[0m HTTP 请求已受理 [3musecase[0m[2m=[0m"读取附件内容" [3madapter[0m[2m=[0m"http" [3moutcome[0m[2m=[0m"accepted" [3mrequest_kind[0m[2m=[0m"附件内容读取" [3mattachment_id[0m[2m=[0m"att-9117ebee3b15" [3msession_id[0m[2m=[0m"s-3698d9833309"
[backend] [2m2026-04-25T16:45:09.5796026+08:00[0m [32m INFO[0m ThreadId(12) [2mkoko::shell::媒体资产外壳[0m[2m:[0m HTTP 请求已受理 [3musecase[0m[2m=[0m"读取附件内容" [3madapter[0m[2m=[0m"http" [3moutcome[0m[2m=[0m"accepted" [3mrequest_kind[0m[2m=[0m"附件内容读取" [3mattachment_id[0m[2m=[0m"att-9117ebee3b15" [3msession_id[0m[2m=[0m"s-3698d9833309"
[backend] [2m2026-04-25T16:45:09.5814068+08:00[0m [32m INFO[0m ThreadId(12) [2mkoko::shell::媒体资产外壳[0m[2m:[0m 读取附件内容成功 [3musecase[0m[2m=[0m"读取附件内容" [3madapter[0m[2m=[0m"http" [3moutcome[0m[2m=[0m"succeeded" [3mrequest_kind[0m[2m=[0m"附件内容读取" [3mattachment_id[0m[2m=[0m"att-9117ebee3b15" [3msession_id[0m[2m=[0m"s-3698d9833309"
[backend] [2m2026-04-25T16:45:09.5849942+08:00[0m [32m INFO[0m ThreadId(12) [2mkoko::shell::媒体资产外壳[0m[2m:[0m 读取附件内容成功 [3musecase[0m[2m=[0m"读取附件内容" [3madapter[0m[2m=[0m"http" [3moutcome[0m[2m=[0m"succeeded" [3mrequest_kind[0m[2m=[0m"附件内容读取" [3mattachment_id[0m[2m=[0m"att-9117ebee3b15" [3msession_id[0m[2m=[0m"s-3698d9833309"
[backend] [2m2026-04-25T16:45:09.6059599+08:00[0m [32m INFO[0m ThreadId(06) [2mkoko::shell::媒体资产外壳[0m[2m:[0m 读取附件内容成功 [3musecase[0m[2m=[0m"读取附件内容" [3madapter[0m[2m=[0m"http" [3moutcome[0m[2m=[0m"succeeded" [3mrequest_kind[0m[2m=[0m"附件内容读取" [3mattachment_id[0m[2m=[0m"att-9117ebee3b15" [3msession_id[0m[2m=[0m"s-3698d9833309"
[backend] [2m2026-04-25T16:45:09.6164711+08:00[0m [32m INFO[0m ThreadId(12) [2mkoko::shell::媒体资产外壳[0m[2m:[0m HTTP 请求已受理 [3musecase[0m[2m=[0m"读取附件内容" [3madapter[0m[2m=[0m"http" [3moutcome[0m[2m=[0m"accepted" [3mrequest_kind[0m[2m=[0m"附件内容读取" [3mattachment_id[0m[2m=[0m"att-9117ebee3b15" [3msession_id[0m[2m=[0m"s-3698d9833309"
[backend] [2m2026-04-25T16:45:09.6353561+08:00[0m [32m INFO[0m ThreadId(10) [2mkoko::shell::媒体资产外壳[0m[2m:[0m 读取附件内容成功 [3musecase[0m[2m=[0m"读取附件内容" [3madapter[0m[2m=[0m"http" [3moutcome[0m[2m=[0m"succeeded" [3mrequest_kind[0m[2m=[0m"附件内容读取" [3mattachment_id[0m[2m=[0m"att-9117ebee3b15" [3msession_id[0m[2m=[0m"s-3698d9833309"
[backend] [2m2026-04-25T16:45:09.8002916+08:00[0m [32m INFO[0m ThreadId(10) [2mkoko::shell::媒体资产外壳[0m[2m:[0m HTTP 请求已受理 [3musecase[0m[2m=[0m"读取附件内容" [3madapter[0m[2m=[0m"http" [3moutcome[0m[2m=[0m"accepted" [3mrequest_kind[0m[2m=[0m"附件内容读取" [3mattachment_id[0m[2m=[0m"att-9117ebee3b15" [3msession_id[0m[2m=[0m"s-3b774a25d87b"
[backend] [2m2026-04-25T16:45:09.8172351+08:00[0m [32m INFO[0m ThreadId(12) [2mkoko::shell::媒体资产外壳[0m[2m:[0m 读取附件内容成功 [3musecase[0m[2m=[0m"读取附件内容" [3madapter[0m[2m=[0m"http" [3moutcome[0m[2m=[0m"succeeded" [3mrequest_kind[0m[2m=[0m"附件内容读取" [3mattachment_id[0m[2m=[0m"att-9117ebee3b15" [3msession_id[0m[2m=[0m"s-3b774a25d87b"
[backend] [2m2026-04-25T16:45:09.8181028+08:00[0m [32m INFO[0m ThreadId(06) [2mkoko::shell::媒体资产外壳[0m[2m:[0m HTTP 请求已受理 [3musecase[0m[2m=[0m"读取附件内容" [3madapter[0m[2m=[0m"http" [3moutcome[0m[2m=[0m"accepted" [3mrequest_kind[0m[2m=[0m"附件内容读取" [3mattachment_id[0m[2m=[0m"att-9117ebee3b15" [3msession_id[0m[2m=[0m"s-3b774a25d87b"
[backend] [2m2026-04-25T16:45:09.8212888+08:00[0m [32m INFO[0m ThreadId(10) [2mkoko::shell::媒体资产外壳[0m[2m:[0m HTTP 请求已受理 [3musecase[0m[2m=[0m"读取附件内容" [3madapter[0m[2m=[0m"http" [3moutcome[0m[2m=[0m"accepted" [3mrequest_kind[0m[2m=[0m"附件内容读取" [3mattachment_id[0m[2m=[0m"att-9117ebee3b15" [3msession_id[0m[2m=[0m"s-3b774a25d87b"
[backend] [2m2026-04-25T16:45:09.8212884+08:00[0m [32m INFO[0m ThreadId(06) [2mkoko::shell::媒体资产外壳[0m[2m:[0m HTTP 请求已受理 [3musecase[0m[2m=[0m"读取附件内容" [3madapter[0m[2m=[0m"http" [3moutcome[0m[2m=[0m"accepted" [3mrequest_kind[0m[2m=[0m"附件内容读取" [3mattachment_id[0m[2m=[0m"att-9117ebee3b15" [3msession_id[0m[2m=[0m"s-3b774a25d87b"
[backend] [2m2026-04-25T16:45:09.8325992+08:00[0m [32m INFO[0m ThreadId(11) [2mkoko::shell::媒体资产外壳[0m[2m:[0m 读取附件内容成功 [3musecase[0m[2m=[0m"读取附件内容" [3madapter[0m[2m=[0m"http" [3moutcome[0m[2m=[0m"succeeded" [3mrequest_kind[0m[2m=[0m"附件内容读取" [3mattachment_id[0m[2m=[0m"att-9117ebee3b15" [3msession_id[0m[2m=[0m"s-3b774a25d87b"
[backend] [2m2026-04-25T16:45:09.8330217+08:00[0m [32m INFO[0m ThreadId(10) [2mkoko::shell::媒体资产外壳[0m[2m:[0m 读取附件内容成功 [3musecase[0m[2m=[0m"读取附件内容" [3madapter[0m[2m=[0m"http" [3moutcome[0m[2m=[0m"succeeded" [3mrequest_kind[0m[2m=[0m"附件内容读取" [3mattachment_id[0m[2m=[0m"att-9117ebee3b15" [3msession_id[0m[2m=[0m"s-3b774a25d87b"
[backend] [2m2026-04-25T16:45:09.8339546+08:00[0m [32m INFO[0m ThreadId(05) [2mkoko::shell::媒体资产外壳[0m[2m:[0m 读取附件内容成功 [3musecase[0m[2m=[0m"读取附件内容" [3madapter[0m[2m=[0m"http" [3moutcome[0m[2m=[0m"succeeded" [3mrequest_kind[0m[2m=[0m"附件内容读取" [3mattachment_id[0m[2m=[0m"att-9117ebee3b15" [3msession_id[0m[2m=[0m"s-3b774a25d87b"
[backend] [2m2026-04-25T16:45:09.8613443+08:00[0m [32m INFO[0m ThreadId(06) [2mkoko::shell::媒体资产外壳[0m[2m:[0m HTTP 请求已受理 [3musecase[0m[2m=[0m"读取附件内容" [3madapter[0m[2m=[0m"http" [3moutcome[0m[2m=[0m"accepted" [3mrequest_kind[0m[2m=[0m"附件内容读取" [3mattachment_id[0m[2m=[0m"att-9117ebee3b15" [3msession_id[0m[2m=[0m"s-3b774a25d87b"
[backend] [2m2026-04-25T16:45:09.8627277+08:00[0m [32m INFO[0m ThreadId(06) [2mkoko::shell::媒体资产外壳[0m[2m:[0m HTTP 请求已受理 [3musecase[0m[2m=[0m"读取附件内容" [3madapter[0m[2m=[0m"http" [3moutcome[0m[2m=[0m"accepted" [3mrequest_kind[0m[2m=[0m"附件内容读取" [3mattachment_id[0m[2m=[0m"att-9117ebee3b15" [3msession_id[0m[2m=[0m"s-3b774a25d87b"
[backend] [2m2026-04-25T16:45:09.8781899+08:00[0m [32m INFO[0m ThreadId(11) [2mkoko::shell::媒体资产外壳[0m[2m:[0m 读取附件内容成功 [3musecase[0m[2m=[0m"读取附件内容" [3madapter[0m[2m=[0m"http" [3moutcome[0m[2m=[0m"succeeded" [3mrequest_kind[0m[2m=[0m"附件内容读取" [3mattachment_id[0m[2m=[0m"att-9117ebee3b15" [3msession_id[0m[2m=[0m"s-3b774a25d87b"
[backend] [2m2026-04-25T16:45:09.8808094+08:00[0m [32m INFO[0m ThreadId(06) [2mkoko::shell::媒体资产外壳[0m[2m:[0m 读取附件内容成功 [3musecase[0m[2m=[0m"读取附件内容" [3madapter[0m[2m=[0m"http" [3moutcome[0m[2m=[0m"succeeded" [3mrequest_kind[0m[2m=[0m"附件内容读取" [3mattachment_id[0m[2m=[0m"att-9117ebee3b15" [3msession_id[0m[2m=[0m"s-3b774a25d87b"
[tracker] 2026-04-25T08:45:09.615Z update: 2d5757303230382d707674366a74593576456a4e
[tracker] 2026-04-25T08:45:09.804Z update: 2d5757303230382d564f594651326c6753477054
[tracker] 2026-04-25T08:45:10.013Z update: 2d5757303230382d503366656a51793338305944
[backend] [2m2026-04-25T16:45:10.1056184+08:00[0m [32m INFO[0m ThreadId(10) [2mkoko::shell::媒体资产外壳[0m[2m:[0m HTTP 请求已受理 [3musecase[0m[2m=[0m"读取附件内容" [3madapter[0m[2m=[0m"http" [3moutcome[0m[2m=[0m"accepted" [3mrequest_kind[0m[2m=[0m"附件内容读取" [3mattachment_id[0m[2m=[0m"att-9117ebee3b15" [3msession_id[0m[2m=[0m"s-3b774a25d87b"
[backend] [2m2026-04-25T16:45:10.1146435+08:00[0m [32m INFO[0m ThreadId(11) [2mkoko::shell::媒体资产外壳[0m[2m:[0m HTTP 请求已受理 [3musecase[0m[2m=[0m"读取附件内容" [3madapter[0m[2m=[0m"http" [3moutcome[0m[2m=[0m"accepted" [3mrequest_kind[0m[2m=[0m"附件内容读取" [3mattachment_id[0m[2m=[0m"att-9117ebee3b15" [3msession_id[0m[2m=[0m"s-3b774a25d87b"
[backend] [2m2026-04-25T16:45:10.1158278+08:00[0m [32m INFO[0m ThreadId(10) [2mkoko::shell::媒体资产外壳[0m[2m:[0m HTTP 请求已受理 [3musecase[0m[2m=[0m"读取附件内容" [3madapter[0m[2m=[0m"http" [3moutcome[0m[2m=[0m"accepted" [3mrequest_kind[0m[2m=[0m"附件内容读取" [3mattachment_id[0m[2m=[0m"att-9117ebee3b15" [3msession_id[0m[2m=[0m"s-3b774a25d87b"
[backend] [2m2026-04-25T16:45:10.1174293+08:00[0m [32m INFO[0m ThreadId(11) [2mkoko::shell::媒体资产外壳[0m[2m:[0m HTTP 请求已受理 [3musecase[0m[2m=[0m"读取附件内容" [3madapter[0m[2m=[0m"http" [3moutcome[0m[2m=[0m"accepted" [3mrequest_kind[0m[2m=[0m"附件内容读取" [3mattachment_id[0m[2m=[0m"att-9117ebee3b15" [3msession_id[0m[2m=[0m"s-3b774a25d87b"
[backend] [2m2026-04-25T16:45:10.1226236+08:00[0m [32m INFO[0m ThreadId(10) [2mkoko::shell::媒体资产外壳[0m[2m:[0m 读取附件内容成功 [3musecase[0m[2m=[0m"读取附件内容" [3madapter[0m[2m=[0m"http" [3moutcome[0m[2m=[0m"succeeded" [3mrequest_kind[0m[2m=[0m"附件内容读取" [3mattachment_id[0m[2m=[0m"att-9117ebee3b15" [3msession_id[0m[2m=[0m"s-3b774a25d87b"
[backend] [2m2026-04-25T16:45:10.1297959+08:00[0m [32m INFO[0m ThreadId(06) [2mkoko::shell::媒体资产外壳[0m[2m:[0m 读取附件内容成功 [3musecase[0m[2m=[0m"读取附件内容" [3madapter[0m[2m=[0m"http" [3moutcome[0m[2m=[0m"succeeded" [3mrequest_kind[0m[2m=[0m"附件内容读取" [3mattachment_id[0m[2m=[0m"att-9117ebee3b15" [3msession_id[0m[2m=[0m"s-3b774a25d87b"
[backend] [2m2026-04-25T16:45:10.1306576+08:00[0m [32m INFO[0m ThreadId(10) [2mkoko::shell::媒体资产外壳[0m[2m:[0m 读取附件内容成功 [3musecase[0m[2m=[0m"读取附件内容" [3madapter[0m[2m=[0m"http" [3moutcome[0m[2m=[0m"succeeded" [3mrequest_kind[0m[2m=[0m"附件内容读取" [3mattachment_id[0m[2m=[0m"att-9117ebee3b15" [3msession_id[0m[2m=[0m"s-3b774a25d87b"
[backend] [2m2026-04-25T16:45:10.1321479+08:00[0m [32m INFO[0m ThreadId(11) [2mkoko::shell::媒体资产外壳[0m[2m:[0m 读取附件内容成功 [3musecase[0m[2m=[0m"读取附件内容" [3madapter[0m[2m=[0m"http" [3moutcome[0m[2m=[0m"succeeded" [3mrequest_kind[0m[2m=[0m"附件内容读取" [3mattachment_id[0m[2m=[0m"att-9117ebee3b15" [3msession_id[0m[2m=[0m"s-3b774a25d87b"
[backend] [2m2026-04-25T16:45:10.1921927+08:00[0m [32m INFO[0m ThreadId(12) [2mkoko::shell::房间外壳[0m[2m:[0m HTTP 请求已受理 [3musecase[0m[2m=[0m"推进房间阅读位置" [3madapter[0m[2m=[0m"http" [3moutcome[0m[2m=[0m"accepted" [3mrequest_kind[0m[2m=[0m"房间阅读位置推进" [3mroom_id[0m[2m=[0m"r-50793d744913" [3msession_id[0m[2m=[0m"s-61aba5a41cb7" [3mevent_position[0m[2m=[0m9
[backend] [2m2026-04-25T16:45:10.2250134+08:00[0m [32m INFO[0m ThreadId(12) [2mkoko::shell::房间外壳[0m[2m:[0m 推进房间阅读位置成功 [3musecase[0m[2m=[0m"推进房间阅读位置" [3madapter[0m[2m=[0m"http" [3moutcome[0m[2m=[0m"succeeded" [3mrequest_kind[0m[2m=[0m"房间阅读位置推进" [3mroom_id[0m[2m=[0m"r-50793d744913" [3msession_id[0m[2m=[0m"s-61aba5a41cb7" [3mevent_position[0m[2m=[0m9
[backend] [2m2026-04-25T16:45:10.2368548+08:00[0m [32m INFO[0m ThreadId(10) [2mkoko::shell::媒体资产外壳[0m[2m:[0m HTTP 请求已受理 [3musecase[0m[2m=[0m"读取附件内容" [3madapter[0m[2m=[0m"http" [3moutcome[0m[2m=[0m"accepted" [3mrequest_kind[0m[2m=[0m"附件内容读取" [3mattachment_id[0m[2m=[0m"att-9117ebee3b15" [3msession_id[0m[2m=[0m"s-3b774a25d87b"
[backend] [2m2026-04-25T16:45:10.238504+08:00[0m [32m INFO[0m ThreadId(10) [2mkoko::shell::媒体资产外壳[0m[2m:[0m HTTP 请求已受理 [3musecase[0m[2m=[0m"读取附件内容" [3madapter[0m[2m=[0m"http" [3moutcome[0m[2m=[0m"accepted" [3mrequest_kind[0m[2m=[0m"附件内容读取" [3mattachment_id[0m[2m=[0m"att-9117ebee3b15" [3msession_id[0m[2m=[0m"s-3b774a25d87b"
[backend] [2m2026-04-25T16:45:10.2401422+08:00[0m [32m INFO[0m ThreadId(06) [2mkoko::shell::媒体资产外壳[0m[2m:[0m HTTP 请求已受理 [3musecase[0m[2m=[0m"读取附件内容" [3madapter[0m[2m=[0m"http" [3moutcome[0m[2m=[0m"accepted" [3mrequest_kind[0m[2m=[0m"附件内容读取" [3mattachment_id[0m[2m=[0m"att-9117ebee3b15" [3msession_id[0m[2m=[0m"s-3b774a25d87b"
[backend] [2m2026-04-25T16:45:10.240172+08:00[0m [32m INFO[0m ThreadId(10) [2mkoko::shell::媒体资产外壳[0m[2m:[0m HTTP 请求已受理 [3musecase[0m[2m=[0m"读取附件内容" [3madapter[0m[2m=[0m"http" [3moutcome[0m[2m=[0m"accepted" [3mrequest_kind[0m[2m=[0m"附件内容读取" [3mattachment_id[0m[2m=[0m"att-9117ebee3b15" [3msession_id[0m[2m=[0m"s-3b774a25d87b"
[backend] [2m2026-04-25T16:45:10.2514986+08:00[0m [32m INFO[0m ThreadId(11) [2mkoko::shell::媒体资产外壳[0m[2m:[0m 读取附件内容成功 [3musecase[0m[2m=[0m"读取附件内容" [3madapter[0m[2m=[0m"http" [3moutcome[0m[2m=[0m"succeeded" [3mrequest_kind[0m[2m=[0m"附件内容读取" [3mattachment_id[0m[2m=[0m"att-9117ebee3b15" [3msession_id[0m[2m=[0m"s-3b774a25d87b"
[backend] [2m2026-04-25T16:45:10.2517649+08:00[0m [32m INFO[0m ThreadId(10) [2mkoko::shell::媒体资产外壳[0m[2m:[0m 读取附件内容成功 [3musecase[0m[2m=[0m"读取附件内容" [3madapter[0m[2m=[0m"http" [3moutcome[0m[2m=[0m"succeeded" [3mrequest_kind[0m[2m=[0m"附件内容读取" [3mattachment_id[0m[2m=[0m"att-9117ebee3b15" [3msession_id[0m[2m=[0m"s-3b774a25d87b"
[backend] [2m2026-04-25T16:45:10.2534752+08:00[0m [32m INFO[0m ThreadId(12) [2mkoko::shell::媒体资产外壳[0m[2m:[0m 读取附件内容成功 [3musecase[0m[2m=[0m"读取附件内容" [3madapter[0m[2m=[0m"http" [3moutcome[0m[2m=[0m"succeeded" [3mrequest_kind[0m[2m=[0m"附件内容读取" [3mattachment_id[0m[2m=[0m"att-9117ebee3b15" [3msession_id[0m[2m=[0m"s-3b774a25d87b"
[backend] [2m2026-04-25T16:45:10.256139+08:00[0m [32m INFO[0m ThreadId(06) [2mkoko::shell::媒体资产外壳[0m[2m:[0m 读取附件内容成功 [3musecase[0m[2m=[0m"读取附件内容" [3madapter[0m[2m=[0m"http" [3moutcome[0m[2m=[0m"succeeded" [3mrequest_kind[0m[2m=[0m"附件内容读取" [3mattachment_id[0m[2m=[0m"att-9117ebee3b15" [3msession_id[0m[2m=[0m"s-3b774a25d87b"
[backend] [2m2026-04-25T16:45:10.2638206+08:00[0m [32m INFO[0m ThreadId(11) [2mkoko::shell::媒体资产外壳[0m[2m:[0m HTTP 请求已受理 [3musecase[0m[2m=[0m"读取附件内容" [3madapter[0m[2m=[0m"http" [3moutcome[0m[2m=[0m"accepted" [3mrequest_kind[0m[2m=[0m"附件内容读取" [3mattachment_id[0m[2m=[0m"att-9117ebee3b15" [3msession_id[0m[2m=[0m"s-3698d9833309"
[backend] [2m2026-04-25T16:45:10.282018+08:00[0m [32m INFO[0m ThreadId(10) [2mkoko::shell::媒体资产外壳[0m[2m:[0m 读取附件内容成功 [3musecase[0m[2m=[0m"读取附件内容" [3madapter[0m[2m=[0m"http" [3moutcome[0m[2m=[0m"succeeded" [3mrequest_kind[0m[2m=[0m"附件内容读取" [3mattachment_id[0m[2m=[0m"att-9117ebee3b15" [3msession_id[0m[2m=[0m"s-3698d9833309"
[backend] [2m2026-04-25T16:45:10.3345305+08:00[0m [32m INFO[0m ThreadId(12) [2mkoko::shell::媒体资产外壳[0m[2m:[0m HTTP 请求已受理 [3musecase[0m[2m=[0m"读取附件内容" [3madapter[0m[2m=[0m"http" [3moutcome[0m[2m=[0m"accepted" [3mrequest_kind[0m[2m=[0m"附件内容读取" [3mattachment_id[0m[2m=[0m"att-9117ebee3b15" [3msession_id[0m[2m=[0m"s-3b774a25d87b"
[backend] [2m2026-04-25T16:45:10.3378294+08:00[0m [32m INFO[0m ThreadId(10) [2mkoko::shell::媒体资产外壳[0m[2m:[0m HTTP 请求已受理 [3musecase[0m[2m=[0m"读取附件内容" [3madapter[0m[2m=[0m"http" [3moutcome[0m[2m=[0m"accepted" [3mrequest_kind[0m[2m=[0m"附件内容读取" [3mattachment_id[0m[2m=[0m"att-9117ebee3b15" [3msession_id[0m[2m=[0m"s-3b774a25d87b"
[backend] [2m2026-04-25T16:45:10.3405311+08:00[0m [32m INFO[0m ThreadId(10) [2mkoko::shell::媒体资产外壳[0m[2m:[0m HTTP 请求已受理 [3musecase[0m[2m=[0m"读取附件内容" [3madapter[0m[2m=[0m"http" [3moutcome[0m[2m=[0m"accepted" [3mrequest_kind[0m[2m=[0m"附件内容读取" [3mattachment_id[0m[2m=[0m"att-9117ebee3b15" [3msession_id[0m[2m=[0m"s-3b774a25d87b"
[backend] [2m2026-04-25T16:45:10.3405295+08:00[0m [32m INFO[0m ThreadId(12) [2mkoko::shell::媒体资产外壳[0m[2m:[0m HTTP 请求已受理 [3musecase[0m[2m=[0m"读取附件内容" [3madapter[0m[2m=[0m"http" [3moutcome[0m[2m=[0m"accepted" [3mrequest_kind[0m[2m=[0m"附件内容读取" [3mattachment_id[0m[2m=[0m"att-9117ebee3b15" [3msession_id[0m[2m=[0m"s-3b774a25d87b"
[backend] [2m2026-04-25T16:45:10.3509003+08:00[0m [32m INFO[0m ThreadId(06) [2mkoko::shell::媒体资产外壳[0m[2m:[0m 读取附件内容成功 [3musecase[0m[2m=[0m"读取附件内容" [3madapter[0m[2m=[0m"http" [3moutcome[0m[2m=[0m"succeeded" [3mrequest_kind[0m[2m=[0m"附件内容读取" [3mattachment_id[0m[2m=[0m"att-9117ebee3b15" [3msession_id[0m[2m=[0m"s-3b774a25d87b"
[backend] [2m2026-04-25T16:45:10.3525249+08:00[0m [32m INFO[0m ThreadId(11) [2mkoko::shell::媒体资产外壳[0m[2m:[0m 读取附件内容成功 [3musecase[0m[2m=[0m"读取附件内容" [3madapter[0m[2m=[0m"http" [3moutcome[0m[2m=[0m"succeeded" [3mrequest_kind[0m[2m=[0m"附件内容读取" [3mattachment_id[0m[2m=[0m"att-9117ebee3b15" [3msession_id[0m[2m=[0m"s-3b774a25d87b"
[backend] [2m2026-04-25T16:45:10.3534458+08:00[0m [32m INFO[0m ThreadId(10) [2mkoko::shell::媒体资产外壳[0m[2m:[0m 读取附件内容成功 [3musecase[0m[2m=[0m"读取附件内容" [3madapter[0m[2m=[0m"http" [3moutcome[0m[2m=[0m"succeeded" [3mrequest_kind[0m[2m=[0m"附件内容读取" [3mattachment_id[0m[2m=[0m"att-9117ebee3b15" [3msession_id[0m[2m=[0m"s-3b774a25d87b"
[backend] [2m2026-04-25T16:45:10.3553211+08:00[0m [32m INFO[0m ThreadId(11) [2mkoko::shell::媒体资产外壳[0m[2m:[0m 读取附件内容成功 [3musecase[0m[2m=[0m"读取附件内容" [3madapter[0m[2m=[0m"http" [3moutcome[0m[2m=[0m"succeeded" [3mrequest_kind[0m[2m=[0m"附件内容读取" [3mattachment_id[0m[2m=[0m"att-9117ebee3b15" [3msession_id[0m[2m=[0m"s-3b774a25d87b"
[backend] [2m2026-04-25T16:45:10.5777005+08:00[0m [32m INFO[0m ThreadId(06) [2mkoko::shell::媒体资产外壳[0m[2m:[0m HTTP 请求已受理 [3musecase[0m[2m=[0m"读取附件内容" [3madapter[0m[2m=[0m"http" [3moutcome[0m[2m=[0m"accepted" [3mrequest_kind[0m[2m=[0m"附件内容读取" [3mattachment_id[0m[2m=[0m"att-9117ebee3b15" [3msession_id[0m[2m=[0m"s-3b774a25d87b"
[backend] [2m2026-04-25T16:45:10.579411+08:00[0m [32m INFO[0m ThreadId(06) [2mkoko::shell::媒体资产外壳[0m[2m:[0m HTTP 请求已受理 [3musecase[0m[2m=[0m"读取附件内容" [3madapter[0m[2m=[0m"http" [3moutcome[0m[2m=[0m"accepted" [3mrequest_kind[0m[2m=[0m"附件内容读取" [3mattachment_id[0m[2m=[0m"att-9117ebee3b15" [3msession_id[0m[2m=[0m"s-3b774a25d87b"
[backend] [2m2026-04-25T16:45:10.5936704+08:00[0m [32m INFO[0m ThreadId(05) [2mkoko::shell::媒体资产外壳[0m[2m:[0m HTTP 请求已受理 [3musecase[0m[2m=[0m"读取附件内容" [3madapter[0m[2m=[0m"http" [3moutcome[0m[2m=[0m"accepted" [3mrequest_kind[0m[2m=[0m"附件内容读取" [3mattachment_id[0m[2m=[0m"att-9117ebee3b15" [3msession_id[0m[2m=[0m"s-3698d9833309"
[backend] [2m2026-04-25T16:45:10.5942344+08:00[0m [32m INFO[0m ThreadId(06) [2mkoko::shell::媒体资产外壳[0m[2m:[0m 读取附件内容成功 [3musecase[0m[2m=[0m"读取附件内容" [3madapter[0m[2m=[0m"http" [3moutcome[0m[2m=[0m"succeeded" [3mrequest_kind[0m[2m=[0m"附件内容读取" [3mattachment_id[0m[2m=[0m"att-9117ebee3b15" [3msession_id[0m[2m=[0m"s-3b774a25d87b"
[backend] [2m2026-04-25T16:45:10.5956828+08:00[0m [32m INFO[0m ThreadId(11) [2mkoko::shell::媒体资产外壳[0m[2m:[0m HTTP 请求已受理 [3musecase[0m[2m=[0m"读取附件内容" [3madapter[0m[2m=[0m"http" [3moutcome[0m[2m=[0m"accepted" [3mrequest_kind[0m[2m=[0m"附件内容读取" [3mattachment_id[0m[2m=[0m"att-9117ebee3b15" [3msession_id[0m[2m=[0m"s-3698d9833309"
[backend] [2m2026-04-25T16:45:10.5958609+08:00[0m [32m INFO[0m ThreadId(10) [2mkoko::shell::媒体资产外壳[0m[2m:[0m HTTP 请求已受理 [3musecase[0m[2m=[0m"读取附件内容" [3madapter[0m[2m=[0m"http" [3moutcome[0m[2m=[0m"accepted" [3mrequest_kind[0m[2m=[0m"附件内容读取" [3mattachment_id[0m[2m=[0m"att-9117ebee3b15" [3msession_id[0m[2m=[0m"s-3698d9833309"
[backend] [2m2026-04-25T16:45:10.5951919+08:00[0m [32m INFO[0m ThreadId(12) [2mkoko::shell::媒体资产外壳[0m[2m:[0m HTTP 请求已受理 [3musecase[0m[2m=[0m"读取附件内容" [3madapter[0m[2m=[0m"http" [3moutcome[0m[2m=[0m"accepted" [3mrequest_kind[0m[2m=[0m"附件内容读取" [3mattachment_id[0m[2m=[0m"att-9117ebee3b15" [3msession_id[0m[2m=[0m"s-3698d9833309"
[backend] [2m2026-04-25T16:45:10.5984321+08:00[0m [32m INFO[0m ThreadId(03) [2mkoko::shell::媒体资产外壳[0m[2m:[0m 读取附件内容成功 [3musecase[0m[2m=[0m"读取附件内容" [3madapter[0m[2m=[0m"http" [3moutcome[0m[2m=[0m"succeeded" [3mrequest_kind[0m[2m=[0m"附件内容读取" [3mattachment_id[0m[2m=[0m"att-9117ebee3b15" [3msession_id[0m[2m=[0m"s-3b774a25d87b"
[backend] [2m2026-04-25T16:45:10.6416347+08:00[0m [32m INFO[0m ThreadId(12) [2mkoko::shell::媒体资产外壳[0m[2m:[0m 读取附件内容成功 [3musecase[0m[2m=[0m"读取附件内容" [3madapter[0m[2m=[0m"http" [3moutcome[0m[2m=[0m"succeeded" [3mrequest_kind[0m[2m=[0m"附件内容读取" [3mattachment_id[0m[2m=[0m"att-9117ebee3b15" [3msession_id[0m[2m=[0m"s-3698d9833309"
[backend] [2m2026-04-25T16:45:10.6396429+08:00[0m [32m INFO[0m ThreadId(10) [2mkoko::shell::媒体资产外壳[0m[2m:[0m 读取附件内容成功 [3musecase[0m[2m=[0m"读取附件内容" [3madapter[0m[2m=[0m"http" [3moutcome[0m[2m=[0m"succeeded" [3mrequest_kind[0m[2m=[0m"附件内容读取" [3mattachment_id[0m[2m=[0m"att-9117ebee3b15" [3msession_id[0m[2m=[0m"s-3698d9833309"
[backend] [2m2026-04-25T16:45:10.6532029+08:00[0m [32m INFO[0m ThreadId(03) [2mkoko::shell::媒体资产外壳[0m[2m:[0m 读取附件内容成功 [3musecase[0m[2m=[0m"读取附件内容" [3madapter[0m[2m=[0m"http" [3moutcome[0m[2m=[0m"succeeded" [3mrequest_kind[0m[2m=[0m"附件内容读取" [3mattachment_id[0m[2m=[0m"att-9117ebee3b15" [3msession_id[0m[2m=[0m"s-3698d9833309"
[backend] [2m2026-04-25T16:45:10.6631663+08:00[0m [32m INFO[0m ThreadId(10) [2mkoko::shell::媒体资产外壳[0m[2m:[0m 读取附件内容成功 [3musecase[0m[2m=[0m"读取附件内容" [3madapter[0m[2m=[0m"http" [3moutcome[0m[2m=[0m"succeeded" [3mrequest_kind[0m[2m=[0m"附件内容读取" [3mattachment_id[0m[2m=[0m"att-9117ebee3b15" [3msession_id[0m[2m=[0m"s-3698d9833309"
[tracker] 2026-04-25T08:45:10.760Z complete: 2d5757303230382d564f594651326c6753477054
[tracker] 2026-04-25T08:45:11.728Z start: 2d5757303230382d503366656a51793338305944
[tracker] 2026-04-25T08:45:11.749Z update: 2d5757303230382d564f594651326c6753477054
[tracker] 2026-04-25T08:45:12.261Z update: 2d5757303230382d707674366a74593576456a4e
[tracker] 2026-04-25T08:45:12.343Z update: 2d5757303230382d5777657347504e6f4c4f4459
[tracker] 2026-04-25T08:45:12.912Z update: 2d5757303230382d5777657347504e6f4c4f4459
[tracker] 2026-04-25T08:45:13.479Z update: 2d5757303230382d5777657347504e6f4c4f4459
[backend] [2m2026-04-25T16:45:11.1272488+08:00[0m [32m INFO[0m ThreadId(10) [2mkoko::shell::媒体资产外壳[0m[2m:[0m HTTP 请求已受理 [3musecase[0m[2m=[0m"读取附件内容" [3madapter[0m[2m=[0m"http" [3moutcome[0m[2m=[0m"accepted" [3mrequest_kind[0m[2m=[0m"附件内容读取" [3mattachment_id[0m[2m=[0m"att-9117ebee3b15" [3msession_id[0m[2m=[0m"s-3698d9833309"
[backend] [2m2026-04-25T16:45:11.1426243+08:00[0m [32m INFO[0m ThreadId(05) [2mkoko::shell::媒体资产外壳[0m[2m:[0m HTTP 请求已受理 [3musecase[0m[2m=[0m"读取附件内容" [3madapter[0m[2m=[0m"http" [3moutcome[0m[2m=[0m"accepted" [3mrequest_kind[0m[2m=[0m"附件内容读取" [3mattachment_id[0m[2m=[0m"att-9117ebee3b15" [3msession_id[0m[2m=[0m"s-3698d9833309"
[backend] [2m2026-04-25T16:45:11.1464453+08:00[0m [32m INFO[0m ThreadId(03) [2mkoko::shell::媒体资产外壳[0m[2m:[0m 读取附件内容成功 [3musecase[0m[2m=[0m"读取附件内容" [3madapter[0m[2m=[0m"http" [3moutcome[0m[2m=[0m"succeeded" [3mrequest_kind[0m[2m=[0m"附件内容读取" [3mattachment_id[0m[2m=[0m"att-9117ebee3b15" [3msession_id[0m[2m=[0m"s-3698d9833309"
[backend] [2m2026-04-25T16:45:11.1491462+08:00[0m [32m INFO[0m ThreadId(10) [2mkoko::shell::媒体资产外壳[0m[2m:[0m HTTP 请求已受理 [3musecase[0m[2m=[0m"读取附件内容" [3madapter[0m[2m=[0m"http" [3moutcome[0m[2m=[0m"accepted" [3mrequest_kind[0m[2m=[0m"附件内容读取" [3mattachment_id[0m[2m=[0m"att-9117ebee3b15" [3msession_id[0m[2m=[0m"s-3698d9833309"
[backend] [2m2026-04-25T16:45:11.1607904+08:00[0m [32m INFO[0m ThreadId(10) [2mkoko::shell::媒体资产外壳[0m[2m:[0m 读取附件内容成功 [3musecase[0m[2m=[0m"读取附件内容" [3madapter[0m[2m=[0m"http" [3moutcome[0m[2m=[0m"succeeded" [3mrequest_kind[0m[2m=[0m"附件内容读取" [3mattachment_id[0m[2m=[0m"att-9117ebee3b15" [3msession_id[0m[2m=[0m"s-3698d9833309"
[backend] [2m2026-04-25T16:45:11.16709+08:00[0m [32m INFO[0m ThreadId(10) [2mkoko::shell::媒体资产外壳[0m[2m:[0m 读取附件内容成功 [3musecase[0m[2m=[0m"读取附件内容" [3madapter[0m[2m=[0m"http" [3moutcome[0m[2m=[0m"succeeded" [3mrequest_kind[0m[2m=[0m"附件内容读取" [3mattachment_id[0m[2m=[0m"att-9117ebee3b15" [3msession_id[0m[2m=[0m"s-3698d9833309"
[backend] [2m2026-04-25T16:45:11.3304322+08:00[0m [32m INFO[0m ThreadId(03) [2mkoko::shell::媒体资产外壳[0m[2m:[0m HTTP 请求已受理 [3musecase[0m[2m=[0m"读取附件内容" [3madapter[0m[2m=[0m"http" [3moutcome[0m[2m=[0m"accepted" [3mrequest_kind[0m[2m=[0m"附件内容读取" [3mattachment_id[0m[2m=[0m"att-9117ebee3b15" [3msession_id[0m[2m=[0m"s-3698d9833309"
[backend] [2m2026-04-25T16:45:11.3552717+08:00[0m [32m INFO[0m ThreadId(10) [2mkoko::shell::媒体资产外壳[0m[2m:[0m 读取附件内容成功 [3musecase[0m[2m=[0m"读取附件内容" [3madapter[0m[2m=[0m"http" [3moutcome[0m[2m=[0m"succeeded" [3mrequest_kind[0m[2m=[0m"附件内容读取" [3mattachment_id[0m[2m=[0m"att-9117ebee3b15" [3msession_id[0m[2m=[0m"s-3698d9833309"
[backend] [2m2026-04-25T16:45:12.0054773+08:00[0m [32m INFO[0m ThreadId(03) [2mkoko::shell::媒体资产外壳[0m[2m:[0m HTTP 请求已受理 [3musecase[0m[2m=[0m"读取附件内容" [3madapter[0m[2m=[0m"http" [3moutcome[0m[2m=[0m"accepted" [3mrequest_kind[0m[2m=[0m"附件内容读取" [3mattachment_id[0m[2m=[0m"att-9117ebee3b15" [3msession_id[0m[2m=[0m"s-3698d9833309"
[backend] [2m2026-04-25T16:45:12.0134332+08:00[0m [32m INFO[0m ThreadId(03) [2mkoko::shell::媒体资产外壳[0m[2m:[0m 读取附件内容成功 [3musecase[0m[2m=[0m"读取附件内容" [3madapter[0m[2m=[0m"http" [3moutcome[0m[2m=[0m"succeeded" [3mrequest_kind[0m[2m=[0m"附件内容读取" [3mattachment_id[0m[2m=[0m"att-9117ebee3b15" [3msession_id[0m[2m=[0m"s-3698d9833309"
[backend] [2m2026-04-25T16:45:12.101522+08:00[0m [32m INFO[0m ThreadId(05) [2mkoko::shell::媒体资产外壳[0m[2m:[0m HTTP 请求已受理 [3musecase[0m[2m=[0m"读取附件内容" [3madapter[0m[2m=[0m"http" [3moutcome[0m[2m=[0m"accepted" [3mrequest_kind[0m[2m=[0m"附件内容读取" [3mattachment_id[0m[2m=[0m"att-9117ebee3b15" [3msession_id[0m[2m=[0m"s-61aba5a41cb7"
[backend] [2m2026-04-25T16:45:12.1103774+08:00[0m [32m INFO[0m ThreadId(10) [2mkoko::shell::媒体资产外壳[0m[2m:[0m 读取附件内容成功 [3musecase[0m[2m=[0m"读取附件内容" [3madapter[0m[2m=[0m"http" [3moutcome[0m[2m=[0m"succeeded" [3mrequest_kind[0m[2m=[0m"附件内容读取" [3mattachment_id[0m[2m=[0m"att-9117ebee3b15" [3msession_id[0m[2m=[0m"s-61aba5a41cb7"
[backend] [2m2026-04-25T16:45:12.2470345+08:00[0m [32m INFO[0m ThreadId(05) [2mkoko::shell::媒体资产外壳[0m[2m:[0m HTTP 请求已受理 [3musecase[0m[2m=[0m"读取附件内容" [3madapter[0m[2m=[0m"http" [3moutcome[0m[2m=[0m"accepted" [3mrequest_kind[0m[2m=[0m"附件内容读取" [3mattachment_id[0m[2m=[0m"att-9117ebee3b15" [3msession_id[0m[2m=[0m"s-3698d9833309"
[backend] [2m2026-04-25T16:45:12.2540136+08:00[0m [32m INFO[0m ThreadId(03) [2mkoko::shell::媒体资产外壳[0m[2m:[0m HTTP 请求已受理 [3musecase[0m[2m=[0m"读取附件内容" [3madapter[0m[2m=[0m"http" [3moutcome[0m[2m=[0m"accepted" [3mrequest_kind[0m[2m=[0m"附件内容读取" [3mattachment_id[0m[2m=[0m"att-9117ebee3b15" [3msession_id[0m[2m=[0m"s-3698d9833309"
[backend] [2m2026-04-25T16:45:12.2545287+08:00[0m [32m INFO[0m ThreadId(10) [2mkoko::shell::媒体资产外壳[0m[2m:[0m HTTP 请求已受理 [3musecase[0m[2m=[0m"读取附件内容" [3madapter[0m[2m=[0m"http" [3moutcome[0m[2m=[0m"accepted" [3mrequest_kind[0m[2m=[0m"附件内容读取" [3mattachment_id[0m[2m=[0m"att-9117ebee3b15" [3msession_id[0m[2m=[0m"s-3698d9833309"
[backend] [2m2026-04-25T16:45:12.2548841+08:00[0m [32m INFO[0m ThreadId(05) [2mkoko::shell::媒体资产外壳[0m[2m:[0m HTTP 请求已受理 [3musecase[0m[2m=[0m"读取附件内容" [3madapter[0m[2m=[0m"http" [3moutcome[0m[2m=[0m"accepted" [3mrequest_kind[0m[2m=[0m"附件内容读取" [3mattachment_id[0m[2m=[0m"att-9117ebee3b15" [3msession_id[0m[2m=[0m"s-3698d9833309"
[backend] [2m2026-04-25T16:45:12.2578424+08:00[0m [32m INFO[0m ThreadId(10) [2mkoko::shell::媒体资产外壳[0m[2m:[0m 读取附件内容成功 [3musecase[0m[2m=[0m"读取附件内容" [3madapter[0m[2m=[0m"http" [3moutcome[0m[2m=[0m"succeeded" [3mrequest_kind[0m[2m=[0m"附件内容读取" [3mattachment_id[0m[2m=[0m"att-9117ebee3b15" [3msession_id[0m[2m=[0m"s-3698d9833309"
[backend] [2m2026-04-25T16:45:12.2638218+08:00[0m [32m INFO[0m ThreadId(05) [2mkoko::shell::媒体资产外壳[0m[2m:[0m 读取附件内容成功 [3musecase[0m[2m=[0m"读取附件内容" [3madapter[0m[2m=[0m"http" [3moutcome[0m[2m=[0m"succeeded" [3mrequest_kind[0m[2m=[0m"附件内容读取" [3mattachment_id[0m[2m=[0m"att-9117ebee3b15" [3msession_id[0m[2m=[0m"s-3698d9833309"
[backend] [2m2026-04-25T16:45:12.2639226+08:00[0m [32m INFO[0m ThreadId(06) [2mkoko::shell::媒体资产外壳[0m[2m:[0m 读取附件内容成功 [3musecase[0m[2m=[0m"读取附件内容" [3madapter[0m[2m=[0m"http" [3moutcome[0m[2m=[0m"succeeded" [3mrequest_kind[0m[2m=[0m"附件内容读取" [3mattachment_id[0m[2m=[0m"att-9117ebee3b15" [3msession_id[0m[2m=[0m"s-3698d9833309"
[backend] [2m2026-04-25T16:45:12.2648668+08:00[0m [32m INFO[0m ThreadId(03) [2mkoko::shell::媒体资产外壳[0m[2m:[0m 读取附件内容成功 [3musecase[0m[2m=[0m"读取附件内容" [3madapter[0m[2m=[0m"http" [3moutcome[0m[2m=[0m"succeeded" [3mrequest_kind[0m[2m=[0m"附件内容读取" [3mattachment_id[0m[2m=[0m"att-9117ebee3b15" [3msession_id[0m[2m=[0m"s-3698d9833309"
[backend] [2m2026-04-25T16:45:12.556759+08:00[0m [32m INFO[0m ThreadId(10) [2mkoko::shell::媒体资产外壳[0m[2m:[0m HTTP 请求已受理 [3musecase[0m[2m=[0m"读取附件内容" [3madapter[0m[2m=[0m"http" [3moutcome[0m[2m=[0m"accepted" [3mrequest_kind[0m[2m=[0m"附件内容读取" [3mattachment_id[0m[2m=[0m"att-9117ebee3b15" [3msession_id[0m[2m=[0m"s-3698d9833309"
[backend] [2m2026-04-25T16:45:12.5649616+08:00[0m [32m INFO[0m ThreadId(10) [2mkoko::shell::媒体资产外壳[0m[2m:[0m 读取附件内容成功 [3musecase[0m[2m=[0m"读取附件内容" [3madapter[0m[2m=[0m"http" [3moutcome[0m[2m=[0m"succeeded" [3mrequest_kind[0m[2m=[0m"附件内容读取" [3mattachment_id[0m[2m=[0m"att-9117ebee3b15" [3msession_id[0m[2m=[0m"s-3698d9833309"
[backend] [2m2026-04-25T16:45:12.6910907+08:00[0m [32m INFO[0m ThreadId(05) [2mkoko::shell::媒体资产外壳[0m[2m:[0m HTTP 请求已受理 [3musecase[0m[2m=[0m"读取附件内容" [3madapter[0m[2m=[0m"http" [3moutcome[0m[2m=[0m"accepted" [3mrequest_kind[0m[2m=[0m"附件内容读取" [3mattachment_id[0m[2m=[0m"att-9117ebee3b15" [3msession_id[0m[2m=[0m"s-3698d9833309"
[backend] [2m2026-04-25T16:45:12.7049068+08:00[0m [32m INFO[0m ThreadId(05) [2mkoko::shell::媒体资产外壳[0m[2m:[0m 读取附件内容成功 [3musecase[0m[2m=[0m"读取附件内容" [3madapter[0m[2m=[0m"http" [3moutcome[0m[2m=[0m"succeeded" [3mrequest_kind[0m[2m=[0m"附件内容读取" [3mattachment_id[0m[2m=[0m"att-9117ebee3b15" [3msession_id[0m[2m=[0m"s-3698d9833309"
[backend] [2m2026-04-25T16:45:12.8126767+08:00[0m [32m INFO[0m ThreadId(10) [2mkoko::shell::媒体资产外壳[0m[2m:[0m HTTP 请求已受理 [3musecase[0m[2m=[0m"读取附件内容" [3madapter[0m[2m=[0m"http" [3moutcome[0m[2m=[0m"accepted" [3mrequest_kind[0m[2m=[0m"附件内容读取" [3mattachment_id[0m[2m=[0m"att-9117ebee3b15" [3msession_id[0m[2m=[0m"s-3698d9833309"
[backend] [2m2026-04-25T16:45:12.8148404+08:00[0m [32m INFO[0m ThreadId(10) [2mkoko::shell::媒体资产外壳[0m[2m:[0m HTTP 请求已受理 [3musecase[0m[2m=[0m"读取附件内容" [3madapter[0m[2m=[0m"http" [3moutcome[0m[2m=[0m"accepted" [3mrequest_kind[0m[2m=[0m"附件内容读取" [3mattachment_id[0m[2m=[0m"att-9117ebee3b15" [3msession_id[0m[2m=[0m"s-3698d9833309"
[backend] [2m2026-04-25T16:45:12.8259771+08:00[0m [32m INFO[0m ThreadId(10) [2mkoko::shell::媒体资产外壳[0m[2m:[0m HTTP 请求已受理 [3musecase[0m[2m=[0m"读取附件内容" [3madapter[0m[2m=[0m"http" [3moutcome[0m[2m=[0m"accepted" [3mrequest_kind[0m[2m=[0m"附件内容读取" [3mattachment_id[0m[2m=[0m"att-9117ebee3b15" [3msession_id[0m[2m=[0m"s-3698d9833309"
[backend] [2m2026-04-25T16:45:12.8427194+08:00[0m [32m INFO[0m ThreadId(03) [2mkoko::shell::媒体资产外壳[0m[2m:[0m 读取附件内容成功 [3musecase[0m[2m=[0m"读取附件内容" [3madapter[0m[2m=[0m"http" [3moutcome[0m[2m=[0m"succeeded" [3mrequest_kind[0m[2m=[0m"附件内容读取" [3mattachment_id[0m[2m=[0m"att-9117ebee3b15" [3msession_id[0m[2m=[0m"s-3698d9833309"
[backend] [2m2026-04-25T16:45:12.8427193+08:00[0m [32m INFO[0m ThreadId(06) [2mkoko::shell::媒体资产外壳[0m[2m:[0m 读取附件内容成功 [3musecase[0m[2m=[0m"读取附件内容" [3madapter[0m[2m=[0m"http" [3moutcome[0m[2m=[0m"succeeded" [3mrequest_kind[0m[2m=[0m"附件内容读取" [3mattachment_id[0m[2m=[0m"att-9117ebee3b15" [3msession_id[0m[2m=[0m"s-3698d9833309"
[backend] [2m2026-04-25T16:45:12.8484332+08:00[0m [32m INFO[0m ThreadId(06) [2mkoko::shell::媒体资产外壳[0m[2m:[0m 读取附件内容成功 [3musecase[0m[2m=[0m"读取附件内容" [3madapter[0m[2m=[0m"http" [3moutcome[0m[2m=[0m"succeeded" [3mrequest_kind[0m[2m=[0m"附件内容读取" [3mattachment_id[0m[2m=[0m"att-9117ebee3b15" [3msession_id[0m[2m=[0m"s-3698d9833309"
[backend] [2m2026-04-25T16:45:13.1740839+08:00[0m [32m INFO[0m ThreadId(10) [2mkoko::shell::媒体资产外壳[0m[2m:[0m HTTP 请求已受理 [3musecase[0m[2m=[0m"读取附件内容" [3madapter[0m[2m=[0m"http" [3moutcome[0m[2m=[0m"accepted" [3mrequest_kind[0m[2m=[0m"附件内容读取" [3mattachment_id[0m[2m=[0m"att-9117ebee3b15" [3msession_id[0m[2m=[0m"s-61aba5a41cb7"
[backend] [2m2026-04-25T16:45:13.2368608+08:00[0m [32m INFO[0m ThreadId(10) [2mkoko::shell::媒体资产外壳[0m[2m:[0m HTTP 请求已受理 [3musecase[0m[2m=[0m"读取附件内容" [3madapter[0m[2m=[0m"http" [3moutcome[0m[2m=[0m"accepted" [3mrequest_kind[0m[2m=[0m"附件内容读取" [3mattachment_id[0m[2m=[0m"att-9117ebee3b15" [3msession_id[0m[2m=[0m"s-3698d9833309"
[backend] [2m2026-04-25T16:45:13.2401597+08:00[0m [32m INFO[0m ThreadId(05) [2mkoko::shell::媒体资产外壳[0m[2m:[0m HTTP 请求已受理 [3musecase[0m[2m=[0m"读取附件内容" [3madapter[0m[2m=[0m"http" [3moutcome[0m[2m=[0m"accepted" [3mrequest_kind[0m[2m=[0m"附件内容读取" [3mattachment_id[0m[2m=[0m"att-9117ebee3b15" [3msession_id[0m[2m=[0m"s-3698d9833309"
[backend] [2m2026-04-25T16:45:13.2408515+08:00[0m [32m INFO[0m ThreadId(10) [2mkoko::shell::媒体资产外壳[0m[2m:[0m HTTP 请求已受理 [3musecase[0m[2m=[0m"读取附件内容" [3madapter[0m[2m=[0m"http" [3moutcome[0m[2m=[0m"accepted" [3mrequest_kind[0m[2m=[0m"附件内容读取" [3mattachment_id[0m[2m=[0m"att-9117ebee3b15" [3msession_id[0m[2m=[0m"s-3698d9833309"
[backend] [2m2026-04-25T16:45:13.2416742+08:00[0m [32m INFO[0m ThreadId(05) [2mkoko::shell::媒体资产外壳[0m[2m:[0m HTTP 请求已受理 [3musecase[0m[2m=[0m"读取附件内容" [3madapter[0m[2m=[0m"http" [3moutcome[0m[2m=[0m"accepted" [3mrequest_kind[0m[2m=[0m"附件内容读取" [3mattachment_id[0m[2m=[0m"att-9117ebee3b15" [3msession_id[0m[2m=[0m"s-3698d9833309"
[backend] [2m2026-04-25T16:45:13.2769055+08:00[0m [32m INFO[0m ThreadId(12) [2mkoko::shell::媒体资产外壳[0m[2m:[0m 读取附件内容成功 [3musecase[0m[2m=[0m"读取附件内容" [3madapter[0m[2m=[0m"http" [3moutcome[0m[2m=[0m"succeeded" [3mrequest_kind[0m[2m=[0m"附件内容读取" [3mattachment_id[0m[2m=[0m"att-9117ebee3b15" [3msession_id[0m[2m=[0m"s-3698d9833309"
[backend] [2m2026-04-25T16:45:13.2769508+08:00[0m [32m INFO[0m ThreadId(10) [2mkoko::shell::媒体资产外壳[0m[2m:[0m 读取附件内容成功 [3musecase[0m[2m=[0m"读取附件内容" [3madapter[0m[2m=[0m"http" [3moutcome[0m[2m=[0m"succeeded" [3mrequest_kind[0m[2m=[0m"附件内容读取" [3mattachment_id[0m[2m=[0m"att-9117ebee3b15" [3msession_id[0m[2m=[0m"s-3698d9833309"
[backend] [2m2026-04-25T16:45:13.2783496+08:00[0m [32m INFO[0m ThreadId(06) [2mkoko::shell::媒体资产外壳[0m[2m:[0m 读取附件内容成功 [3musecase[0m[2m=[0m"读取附件内容" [3madapter[0m[2m=[0m"http" [3moutcome[0m[2m=[0m"succeeded" [3mrequest_kind[0m[2m=[0m"附件内容读取" [3mattachment_id[0m[2m=[0m"att-9117ebee3b15" [3msession_id[0m[2m=[0m"s-3698d9833309"
[backend] [2m2026-04-25T16:45:13.2812484+08:00[0m [32m INFO[0m ThreadId(12) [2mkoko::shell::媒体资产外壳[0m[2m:[0m 读取附件内容成功 [3musecase[0m[2m=[0m"读取附件内容" [3madapter[0m[2m=[0m"http" [3moutcome[0m[2m=[0m"succeeded" [3mrequest_kind[0m[2m=[0m"附件内容读取" [3mattachment_id[0m[2m=[0m"att-9117ebee3b15" [3msession_id[0m[2m=[0m"s-3698d9833309"
[backend] [2m2026-04-25T16:45:13.2945863+08:00[0m [32m INFO[0m ThreadId(12) [2mkoko::shell::媒体资产外壳[0m[2m:[0m 读取附件内容成功 [3musecase[0m[2m=[0m"读取附件内容" [3madapter[0m[2m=[0m"http" [3moutcome[0m[2m=[0m"succeeded" [3mrequest_kind[0m[2m=[0m"附件内容读取" [3mattachment_id[0m[2m=[0m"att-9117ebee3b15" [3msession_id[0m[2m=[0m"s-61aba5a41cb7"
[backend] [2m2026-04-25T16:45:13.3681063+08:00[0m [32m INFO[0m ThreadId(03) [2mkoko::shell::媒体资产外壳[0m[2m:[0m HTTP 请求已受理 [3musecase[0m[2m=[0m"读取附件内容" [3madapter[0m[2m=[0m"http" [3moutcome[0m[2m=[0m"accepted" [3mrequest_kind[0m[2m=[0m"附件内容读取" [3mattachment_id[0m[2m=[0m"att-9117ebee3b15" [3msession_id[0m[2m=[0m"s-61aba5a41cb7"
[backend] [2m2026-04-25T16:45:13.3798558+08:00[0m [32m INFO[0m ThreadId(03) [2mkoko::shell::媒体资产外壳[0m[2m:[0m 读取附件内容成功 [3musecase[0m[2m=[0m"读取附件内容" [3madapter[0m[2m=[0m"http" [3moutcome[0m[2m=[0m"succeeded" [3mrequest_kind[0m[2m=[0m"附件内容读取" [3mattachment_id[0m[2m=[0m"att-9117ebee3b15" [3msession_id[0m[2m=[0m"s-61aba5a41cb7"
[backend] [2m2026-04-25T16:45:13.8927286+08:00[0m [32m INFO[0m ThreadId(10) [2mkoko::shell::媒体资产外壳[0m[2m:[0m HTTP 请求已受理 [3musecase[0m[2m=[0m"读取附件内容" [3madapter[0m[2m=[0m"http" [3moutcome[0m[2m=[0m"accepted" [3mrequest_kind[0m[2m=[0m"附件内容读取" [3mattachment_id[0m[2m=[0m"att-9117ebee3b15" [3msession_id[0m[2m=[0m"s-3698d9833309"
[backend] [2m2026-04-25T16:45:13.9153304+08:00[0m [32m INFO[0m ThreadId(06) [2mkoko::shell::媒体资产外壳[0m[2m:[0m 读取附件内容成功 [3musecase[0m[2m=[0m"读取附件内容" [3madapter[0m[2m=[0m"http" [3moutcome[0m[2m=[0m"succeeded" [3mrequest_kind[0m[2m=[0m"附件内容读取" [3mattachment_id[0m[2m=[0m"att-9117ebee3b15" [3msession_id[0m[2m=[0m"s-3698d9833309"
[backend] [2m2026-04-25T16:45:13.9281467+08:00[0m [32m INFO[0m ThreadId(10) [2mkoko::shell::媒体资产外壳[0m[2m:[0m HTTP 请求已受理 [3musecase[0m[2m=[0m"读取附件内容" [3madapter[0m[2m=[0m"http" [3moutcome[0m[2m=[0m"accepted" [3mrequest_kind[0m[2m=[0m"附件内容读取" [3mattachment_id[0m[2m=[0m"att-9117ebee3b15" [3msession_id[0m[2m=[0m"s-3698d9833309"
[backend] [2m2026-04-25T16:45:13.9558585+08:00[0m [32m INFO[0m ThreadId(06) [2mkoko::shell::媒体资产外壳[0m[2m:[0m 读取附件内容成功 [3musecase[0m[2m=[0m"读取附件内容" [3madapter[0m[2m=[0m"http" [3moutcome[0m[2m=[0m"succeeded" [3mrequest_kind[0m[2m=[0m"附件内容读取" [3mattachment_id[0m[2m=[0m"att-9117ebee3b15" [3msession_id[0m[2m=[0m"s-3698d9833309"
[backend] [2m2026-04-25T16:45:13.9939999+08:00[0m [32m INFO[0m ThreadId(03) [2mkoko::shell::媒体资产外壳[0m[2m:[0m HTTP 请求已受理 [3musecase[0m[2m=[0m"读取附件内容" [3madapter[0m[2m=[0m"http" [3moutcome[0m[2m=[0m"accepted" [3mrequest_kind[0m[2m=[0m"附件内容读取" [3mattachment_id[0m[2m=[0m"att-9117ebee3b15" [3msession_id[0m[2m=[0m"s-3698d9833309"
[backend] [2m2026-04-25T16:45:14.0114274+08:00[0m [32m INFO[0m ThreadId(10) [2mkoko::shell::媒体资产外壳[0m[2m:[0m 读取附件内容成功 [3musecase[0m[2m=[0m"读取附件内容" [3madapter[0m[2m=[0m"http" [3moutcome[0m[2m=[0m"succeeded" [3mrequest_kind[0m[2m=[0m"附件内容读取" [3mattachment_id[0m[2m=[0m"att-9117ebee3b15" [3msession_id[0m[2m=[0m"s-3698d9833309"
[backend] [2m2026-04-25T16:45:14.011649+08:00[0m [32m INFO[0m ThreadId(03) [2mkoko::shell::媒体资产外壳[0m[2m:[0m HTTP 请求已受理 [3musecase[0m[2m=[0m"读取附件内容" [3madapter[0m[2m=[0m"http" [3moutcome[0m[2m=[0m"accepted" [3mrequest_kind[0m[2m=[0m"附件内容读取" [3mattachment_id[0m[2m=[0m"att-9117ebee3b15" [3msession_id[0m[2m=[0m"s-3698d9833309"
[backend] [2m2026-04-25T16:45:14.0250164+08:00[0m [32m INFO[0m ThreadId(06) [2mkoko::shell::媒体资产外壳[0m[2m:[0m 读取附件内容成功 [3musecase[0m[2m=[0m"读取附件内容" [3madapter[0m[2m=[0m"http" [3moutcome[0m[2m=[0m"succeeded" [3mrequest_kind[0m[2m=[0m"附件内容读取" [3mattachment_id[0m[2m=[0m"att-9117ebee3b15" [3msession_id[0m[2m=[0m"s-3698d9833309"
[backend] [2m2026-04-25T16:45:14.4428301+08:00[0m [32m INFO[0m ThreadId(03) [2mkoko::shell::媒体资产外壳[0m[2m:[0m HTTP 请求已受理 [3musecase[0m[2m=[0m"读取附件内容" [3madapter[0m[2m=[0m"http" [3moutcome[0m[2m=[0m"accepted" [3mrequest_kind[0m[2m=[0m"附件内容读取" [3mattachment_id[0m[2m=[0m"att-9117ebee3b15" [3msession_id[0m[2m=[0m"s-3698d9833309"
[backend] [2m2026-04-25T16:45:14.4524128+08:00[0m [32m INFO[0m ThreadId(10) [2mkoko::shell::媒体资产外壳[0m[2m:[0m 读取附件内容成功 [3musecase[0m[2m=[0m"读取附件内容" [3madapter[0m[2m=[0m"http" [3moutcome[0m[2m=[0m"succeeded" [3mrequest_kind[0m[2m=[0m"附件内容读取" [3mattachment_id[0m[2m=[0m"att-9117ebee3b15" [3msession_id[0m[2m=[0m"s-3698d9833309"
[backend] [2m2026-04-25T16:45:14.4784772+08:00[0m [32m INFO[0m ThreadId(03) [2mkoko::shell::媒体资产外壳[0m[2m:[0m HTTP 请求已受理 [3musecase[0m[2m=[0m"读取附件内容" [3madapter[0m[2m=[0m"http" [3moutcome[0m[2m=[0m"accepted" [3mrequest_kind[0m[2m=[0m"附件内容读取" [3mattachment_id[0m[2m=[0m"att-9117ebee3b15" [3msession_id[0m[2m=[0m"s-3698d9833309"
[backend] [2m2026-04-25T16:45:14.490439+08:00[0m [32m INFO[0m ThreadId(06) [2mkoko::shell::媒体资产外壳[0m[2m:[0m 读取附件内容成功 [3musecase[0m[2m=[0m"读取附件内容" [3madapter[0m[2m=[0m"http" [3moutcome[0m[2m=[0m"succeeded" [3mrequest_kind[0m[2m=[0m"附件内容读取" [3mattachment_id[0m[2m=[0m"att-9117ebee3b15" [3msession_id[0m[2m=[0m"s-3698d9833309"
[backend] [2m2026-04-25T16:45:14.6602551+08:00[0m [32m INFO[0m ThreadId(03) [2mkoko::shell::媒体资产外壳[0m[2m:[0m HTTP 请求已受理 [3musecase[0m[2m=[0m"读取附件内容" [3madapter[0m[2m=[0m"http" [3moutcome[0m[2m=[0m"accepted" [3mrequest_kind[0m[2m=[0m"附件内容读取" [3mattachment_id[0m[2m=[0m"att-9117ebee3b15" [3msession_id[0m[2m=[0m"s-61aba5a41cb7"
[backend] [2m2026-04-25T16:45:14.6913666+08:00[0m [32m INFO[0m ThreadId(03) [2mkoko::shell::媒体资产外壳[0m[2m:[0m 读取附件内容成功 [3musecase[0m[2m=[0m"读取附件内容" [3madapter[0m[2m=[0m"http" [3moutcome[0m[2m=[0m"succeeded" [3mrequest_kind[0m[2m=[0m"附件内容读取" [3mattachment_id[0m[2m=[0m"att-9117ebee3b15" [3msession_id[0m[2m=[0m"s-61aba5a41cb7"
[backend] [2m2026-04-25T16:45:14.6919111+08:00[0m [32m INFO[0m ThreadId(06) [2mkoko::shell::媒体资产外壳[0m[2m:[0m HTTP 请求已受理 [3musecase[0m[2m=[0m"读取附件内容" [3madapter[0m[2m=[0m"http" [3moutcome[0m[2m=[0m"accepted" [3mrequest_kind[0m[2m=[0m"附件内容读取" [3mattachment_id[0m[2m=[0m"att-9117ebee3b15" [3msession_id[0m[2m=[0m"s-3698d9833309"
[backend] [2m2026-04-25T16:45:14.6931474+08:00[0m [32m INFO[0m ThreadId(06) [2mkoko::shell::媒体资产外壳[0m[2m:[0m HTTP 请求已受理 [3musecase[0m[2m=[0m"读取附件内容" [3madapter[0m[2m=[0m"http" [3moutcome[0m[2m=[0m"accepted" [3mrequest_kind[0m[2m=[0m"附件内容读取" [3mattachment_id[0m[2m=[0m"att-9117ebee3b15" [3msession_id[0m[2m=[0m"s-3698d9833309"
[backend] [2m2026-04-25T16:45:14.7122966+08:00[0m [32m INFO[0m ThreadId(03) [2mkoko::shell::媒体资产外壳[0m[2m:[0m 读取附件内容成功 [3musecase[0m[2m=[0m"读取附件内容" [3madapter[0m[2m=[0m"http" [3moutcome[0m[2m=[0m"succeeded" [3mrequest_kind[0m[2m=[0m"附件内容读取" [3mattachment_id[0m[2m=[0m"att-9117ebee3b15" [3msession_id[0m[2m=[0m"s-3698d9833309"
[backend] [2m2026-04-25T16:45:14.7194564+08:00[0m [32m INFO[0m ThreadId(03) [2mkoko::shell::媒体资产外壳[0m[2m:[0m 读取附件内容成功 [3musecase[0m[2m=[0m"读取附件内容" [3madapter[0m[2m=[0m"http" [3moutcome[0m[2m=[0m"succeeded" [3mrequest_kind[0m[2m=[0m"附件内容读取" [3mattachment_id[0m[2m=[0m"att-9117ebee3b15" [3msession_id[0m[2m=[0m"s-3698d9833309"
[backend] [2m2026-04-25T16:45:14.81539+08:00[0m [32m INFO[0m ThreadId(10) [2mkoko::shell::媒体资产外壳[0m[2m:[0m HTTP 请求已受理 [3musecase[0m[2m=[0m"读取附件内容" [3madapter[0m[2m=[0m"http" [3moutcome[0m[2m=[0m"accepted" [3mrequest_kind[0m[2m=[0m"附件内容读取" [3mattachment_id[0m[2m=[0m"att-9117ebee3b15" [3msession_id[0m[2m=[0m"s-3698d9833309"
[backend] [2m2026-04-25T16:45:14.8313348+08:00[0m [32m INFO[0m ThreadId(06) [2mkoko::shell::媒体资产外壳[0m[2m:[0m 读取附件内容成功 [3musecase[0m[2m=[0m"读取附件内容" [3madapter[0m[2m=[0m"http" [3moutcome[0m[2m=[0m"succeeded" [3mrequest_kind[0m[2m=[0m"附件内容读取" [3mattachment_id[0m[2m=[0m"att-9117ebee3b15" [3msession_id[0m[2m=[0m"s-3698d9833309"
[tracker] 2026-04-25T08:45:15.380Z complete: 2d5757303230382d707674366a74593576456a4e
[backend] [2m2026-04-25T16:45:15.4598373+08:00[0m [32m INFO[0m ThreadId(03) [2mkoko::shell::媒体资产外壳[0m[2m:[0m HTTP 请求已受理 [3musecase[0m[2m=[0m"读取附件内容" [3madapter[0m[2m=[0m"http" [3moutcome[0m[2m=[0m"accepted" [3mrequest_kind[0m[2m=[0m"附件内容读取" [3mattachment_id[0m[2m=[0m"att-9117ebee3b15" [3msession_id[0m[2m=[0m"s-61aba5a41cb7"
[backend] [2m2026-04-25T16:45:15.5043089+08:00[0m [32m INFO[0m ThreadId(03) [2mkoko::shell::媒体资产外壳[0m[2m:[0m 读取附件内容成功 [3musecase[0m[2m=[0m"读取附件内容" [3madapter[0m[2m=[0m"http" [3moutcome[0m[2m=[0m"succeeded" [3mrequest_kind[0m[2m=[0m"附件内容读取" [3mattachment_id[0m[2m=[0m"att-9117ebee3b15" [3msession_id[0m[2m=[0m"s-61aba5a41cb7"
[backend] [2m2026-04-25T16:45:16.0756983+08:00[0m [32m INFO[0m ThreadId(06) [2mkoko::shell::媒体资产外壳[0m[2m:[0m HTTP 请求已受理 [3musecase[0m[2m=[0m"读取附件内容" [3madapter[0m[2m=[0m"http" [3moutcome[0m[2m=[0m"accepted" [3mrequest_kind[0m[2m=[0m"附件内容读取" [3mattachment_id[0m[2m=[0m"att-9117ebee3b15" [3msession_id[0m[2m=[0m"s-61aba5a41cb7"
[tracker] 2026-04-25T08:45:16.038Z update: 2d5757303230382d503366656a51793338305944
[backend] [2m2026-04-25T16:45:16.2565426+08:00[0m [32m INFO[0m ThreadId(06) [2mkoko::shell::媒体资产外壳[0m[2m:[0m 读取附件内容成功 [3musecase[0m[2m=[0m"读取附件内容" [3madapter[0m[2m=[0m"http" [3moutcome[0m[2m=[0m"succeeded" [3mrequest_kind[0m[2m=[0m"附件内容读取" [3mattachment_id[0m[2m=[0m"att-9117ebee3b15" [3msession_id[0m[2m=[0m"s-61aba5a41cb7"
[backend] [2m2026-04-25T16:45:16.2604866+08:00[0m [32m INFO[0m ThreadId(03) [2mkoko::shell::媒体资产外壳[0m[2m:[0m HTTP 请求已受理 [3musecase[0m[2m=[0m"读取附件内容" [3madapter[0m[2m=[0m"http" [3moutcome[0m[2m=[0m"accepted" [3mrequest_kind[0m[2m=[0m"附件内容读取" [3mattachment_id[0m[2m=[0m"att-9117ebee3b15" [3msession_id[0m[2m=[0m"s-61aba5a41cb7"
[backend] [2m2026-04-25T16:45:16.3353634+08:00[0m [32m INFO[0m ThreadId(06) [2mkoko::shell::媒体资产外壳[0m[2m:[0m 读取附件内容成功 [3musecase[0m[2m=[0m"读取附件内容" [3madapter[0m[2m=[0m"http" [3moutcome[0m[2m=[0m"succeeded" [3mrequest_kind[0m[2m=[0m"附件内容读取" [3mattachment_id[0m[2m=[0m"att-9117ebee3b15" [3msession_id[0m[2m=[0m"s-61aba5a41cb7"
[tracker] 2026-04-25T08:45:16.676Z update: 2d5757303230382d5777657347504e6f4c4f4459
[tracker] 2026-04-25T08:45:16.788Z update: 2d5757303230382d5777657347504e6f4c4f4459
[tracker] 2026-04-25T08:45:16.833Z update: 2d5757303230382d5777657347504e6f4c4f4459
[tracker] 2026-04-25T08:45:16.894Z update: 2d5757303230382d503366656a51793338305944
[tracker] 2026-04-25T08:45:16.906Z update: 2d5757303230382d5777657347504e6f4c4f4459
[tracker] 2026-04-25T08:45:16.927Z update: 2d5757303230382d503366656a51793338305944
[backend] [2m2026-04-25T16:45:17.0887943+08:00[0m [32m INFO[0m ThreadId(06) [2mkoko::shell::媒体资产外壳[0m[2m:[0m HTTP 请求已受理 [3musecase[0m[2m=[0m"读取附件内容" [3madapter[0m[2m=[0m"http" [3moutcome[0m[2m=[0m"accepted" [3mrequest_kind[0m[2m=[0m"附件内容读取" [3mattachment_id[0m[2m=[0m"att-9117ebee3b15" [3msession_id[0m[2m=[0m"s-61aba5a41cb7"
[backend] [2m2026-04-25T16:45:17.0990226+08:00[0m [32m INFO[0m ThreadId(06) [2mkoko::shell::媒体资产外壳[0m[2m:[0m 读取附件内容成功 [3musecase[0m[2m=[0m"读取附件内容" [3madapter[0m[2m=[0m"http" [3moutcome[0m[2m=[0m"succeeded" [3mrequest_kind[0m[2m=[0m"附件内容读取" [3mattachment_id[0m[2m=[0m"att-9117ebee3b15" [3msession_id[0m[2m=[0m"s-61aba5a41cb7"
[backend] [2m2026-04-25T16:45:17.1055423+08:00[0m [32m INFO[0m ThreadId(03) [2mkoko::shell::媒体资产外壳[0m[2m:[0m HTTP 请求已受理 [3musecase[0m[2m=[0m"读取附件内容" [3madapter[0m[2m=[0m"http" [3moutcome[0m[2m=[0m"accepted" [3mrequest_kind[0m[2m=[0m"附件内容读取" [3mattachment_id[0m[2m=[0m"att-9117ebee3b15" [3msession_id[0m[2m=[0m"s-61aba5a41cb7"
[backend] [2m2026-04-25T16:45:17.1169539+08:00[0m [32m INFO[0m ThreadId(10) [2mkoko::shell::媒体资产外壳[0m[2m:[0m 读取附件内容成功 [3musecase[0m[2m=[0m"读取附件内容" [3madapter[0m[2m=[0m"http" [3moutcome[0m[2m=[0m"succeeded" [3mrequest_kind[0m[2m=[0m"附件内容读取" [3mattachment_id[0m[2m=[0m"att-9117ebee3b15" [3msession_id[0m[2m=[0m"s-61aba5a41cb7"
[backend] [2m2026-04-25T16:45:17.1233499+08:00[0m [32m INFO[0m ThreadId(03) [2mkoko::shell::媒体资产外壳[0m[2m:[0m HTTP 请求已受理 [3musecase[0m[2m=[0m"读取附件内容" [3madapter[0m[2m=[0m"http" [3moutcome[0m[2m=[0m"accepted" [3mrequest_kind[0m[2m=[0m"附件内容读取" [3mattachment_id[0m[2m=[0m"att-9117ebee3b15" [3msession_id[0m[2m=[0m"s-61aba5a41cb7"
[backend] [2m2026-04-25T16:45:17.1333244+08:00[0m [32m INFO[0m ThreadId(03) [2mkoko::shell::媒体资产外壳[0m[2m:[0m 读取附件内容成功 [3musecase[0m[2m=[0m"读取附件内容" [3madapter[0m[2m=[0m"http" [3moutcome[0m[2m=[0m"succeeded" [3mrequest_kind[0m[2m=[0m"附件内容读取" [3mattachment_id[0m[2m=[0m"att-9117ebee3b15" [3msession_id[0m[2m=[0m"s-61aba5a41cb7"
[tracker] 2026-04-25T08:45:17.076Z update: 2d5757303230382d5777657347504e6f4c4f4459
[tracker] 2026-04-25T08:45:17.203Z update: 2d5757303230382d503366656a51793338305944
[tracker] 2026-04-25T08:45:17.321Z update: 2d5757303230382d5777657347504e6f4c4f4459
[tracker] 2026-04-25T08:45:17.429Z update: 2d5757303230382d5777657347504e6f4c4f4459
[tracker] 2026-04-25T08:45:17.520Z update: 2d5757303230382d5777657347504e6f4c4f4459
[tracker] 2026-04-25T08:45:17.546Z update: 2d5757303230382d503366656a51793338305944
[backend] [2m2026-04-25T16:45:18.0887618+08:00[0m [32m INFO[0m ThreadId(10) [2mkoko::shell::媒体资产外壳[0m[2m:[0m HTTP 请求已受理 [3musecase[0m[2m=[0m"读取附件内容" [3madapter[0m[2m=[0m"http" [3moutcome[0m[2m=[0m"accepted" [3mrequest_kind[0m[2m=[0m"附件内容读取" [3mattachment_id[0m[2m=[0m"att-9117ebee3b15" [3msession_id[0m[2m=[0m"s-61aba5a41cb7"
[backend] [2m2026-04-25T16:45:18.1076011+08:00[0m [32m INFO[0m ThreadId(06) [2mkoko::shell::媒体资产外壳[0m[2m:[0m 读取附件内容成功 [3musecase[0m[2m=[0m"读取附件内容" [3madapter[0m[2m=[0m"http" [3moutcome[0m[2m=[0m"succeeded" [3mrequest_kind[0m[2m=[0m"附件内容读取" [3mattachment_id[0m[2m=[0m"att-9117ebee3b15" [3msession_id[0m[2m=[0m"s-61aba5a41cb7"
[backend] [2m2026-04-25T16:45:18.1227796+08:00[0m [32m INFO[0m ThreadId(10) [2mkoko::shell::媒体资产外壳[0m[2m:[0m HTTP 请求已受理 [3musecase[0m[2m=[0m"读取附件内容" [3madapter[0m[2m=[0m"http" [3moutcome[0m[2m=[0m"accepted" [3mrequest_kind[0m[2m=[0m"附件内容读取" [3mattachment_id[0m[2m=[0m"att-9117ebee3b15" [3msession_id[0m[2m=[0m"s-61aba5a41cb7"
[backend] [2m2026-04-25T16:45:18.1354549+08:00[0m [32m INFO[0m ThreadId(10) [2mkoko::shell::媒体资产外壳[0m[2m:[0m 读取附件内容成功 [3musecase[0m[2m=[0m"读取附件内容" [3madapter[0m[2m=[0m"http" [3moutcome[0m[2m=[0m"succeeded" [3mrequest_kind[0m[2m=[0m"附件内容读取" [3mattachment_id[0m[2m=[0m"att-9117ebee3b15" [3msession_id[0m[2m=[0m"s-61aba5a41cb7"
[backend] [2m2026-04-25T16:45:18.1411033+08:00[0m [32m INFO[0m ThreadId(06) [2mkoko::shell::媒体资产外壳[0m[2m:[0m HTTP 请求已受理 [3musecase[0m[2m=[0m"读取附件内容" [3madapter[0m[2m=[0m"http" [3moutcome[0m[2m=[0m"accepted" [3mrequest_kind[0m[2m=[0m"附件内容读取" [3mattachment_id[0m[2m=[0m"att-9117ebee3b15" [3msession_id[0m[2m=[0m"s-61aba5a41cb7"
[backend] [2m2026-04-25T16:45:18.1537065+08:00[0m [32m INFO[0m ThreadId(03) [2mkoko::shell::媒体资产外壳[0m[2m:[0m 读取附件内容成功 [3musecase[0m[2m=[0m"读取附件内容" [3madapter[0m[2m=[0m"http" [3moutcome[0m[2m=[0m"succeeded" [3mrequest_kind[0m[2m=[0m"附件内容读取" [3mattachment_id[0m[2m=[0m"att-9117ebee3b15" [3msession_id[0m[2m=[0m"s-61aba5a41cb7"
[tracker] 2026-04-25T08:45:18.658Z update: 2d5757303230382d564f594651326c6753477054
[tracker] 2026-04-25T08:45:18.883Z update: 2d5757303230382d707674366a74593576456a4e
[backend] [2m2026-04-25T16:45:19.1002751+08:00[0m [32m INFO[0m ThreadId(03) [2mkoko::shell::媒体资产外壳[0m[2m:[0m HTTP 请求已受理 [3musecase[0m[2m=[0m"读取附件内容" [3madapter[0m[2m=[0m"http" [3moutcome[0m[2m=[0m"accepted" [3mrequest_kind[0m[2m=[0m"附件内容读取" [3mattachment_id[0m[2m=[0m"att-9117ebee3b15" [3msession_id[0m[2m=[0m"s-61aba5a41cb7"
[backend] [2m2026-04-25T16:45:19.1107215+08:00[0m [32m INFO[0m ThreadId(03) [2mkoko::shell::媒体资产外壳[0m[2m:[0m 读取附件内容成功 [3musecase[0m[2m=[0m"读取附件内容" [3madapter[0m[2m=[0m"http" [3moutcome[0m[2m=[0m"succeeded" [3mrequest_kind[0m[2m=[0m"附件内容读取" [3mattachment_id[0m[2m=[0m"att-9117ebee3b15" [3msession_id[0m[2m=[0m"s-61aba5a41cb7"
[backend] [2m2026-04-25T16:45:19.1153272+08:00[0m [32m INFO[0m ThreadId(12) [2mkoko::shell::媒体资产外壳[0m[2m:[0m HTTP 请求已受理 [3musecase[0m[2m=[0m"读取附件内容" [3madapter[0m[2m=[0m"http" [3moutcome[0m[2m=[0m"accepted" [3mrequest_kind[0m[2m=[0m"附件内容读取" [3mattachment_id[0m[2m=[0m"att-9117ebee3b15" [3msession_id[0m[2m=[0m"s-61aba5a41cb7"
[backend] [2m2026-04-25T16:45:19.1263272+08:00[0m [32m INFO[0m ThreadId(03) [2mkoko::shell::媒体资产外壳[0m[2m:[0m 读取附件内容成功 [3musecase[0m[2m=[0m"读取附件内容" [3madapter[0m[2m=[0m"http" [3moutcome[0m[2m=[0m"succeeded" [3mrequest_kind[0m[2m=[0m"附件内容读取" [3mattachment_id[0m[2m=[0m"att-9117ebee3b15" [3msession_id[0m[2m=[0m"s-61aba5a41cb7"
[backend] [2m2026-04-25T16:45:19.1297978+08:00[0m [32m INFO[0m ThreadId(12) [2mkoko::shell::媒体资产外壳[0m[2m:[0m HTTP 请求已受理 [3musecase[0m[2m=[0m"读取附件内容" [3madapter[0m[2m=[0m"http" [3moutcome[0m[2m=[0m"accepted" [3mrequest_kind[0m[2m=[0m"附件内容读取" [3mattachment_id[0m[2m=[0m"att-9117ebee3b15" [3msession_id[0m[2m=[0m"s-61aba5a41cb7"
[backend] [2m2026-04-25T16:45:19.1412265+08:00[0m [32m INFO[0m ThreadId(03) [2mkoko::shell::媒体资产外壳[0m[2m:[0m 读取附件内容成功 [3musecase[0m[2m=[0m"读取附件内容" [3madapter[0m[2m=[0m"http" [3moutcome[0m[2m=[0m"succeeded" [3mrequest_kind[0m[2m=[0m"附件内容读取" [3mattachment_id[0m[2m=[0m"att-9117ebee3b15" [3msession_id[0m[2m=[0m"s-61aba5a41cb7"
[backend] [2m2026-04-25T16:45:19.1457323+08:00[0m [32m INFO[0m ThreadId(06) [2mkoko::shell::媒体资产外壳[0m[2m:[0m HTTP 请求已受理 [3musecase[0m[2m=[0m"读取附件内容" [3madapter[0m[2m=[0m"http" [3moutcome[0m[2m=[0m"accepted" [3mrequest_kind[0m[2m=[0m"附件内容读取" [3mattachment_id[0m[2m=[0m"att-9117ebee3b15" [3msession_id[0m[2m=[0m"s-61aba5a41cb7"
[backend] [2m2026-04-25T16:45:19.1570634+08:00[0m [32m INFO[0m ThreadId(06) [2mkoko::shell::媒体资产外壳[0m[2m:[0m 读取附件内容成功 [3musecase[0m[2m=[0m"读取附件内容" [3madapter[0m[2m=[0m"http" [3moutcome[0m[2m=[0m"succeeded" [3mrequest_kind[0m[2m=[0m"附件内容读取" [3mattachment_id[0m[2m=[0m"att-9117ebee3b15" [3msession_id[0m[2m=[0m"s-61aba5a41cb7"
[tracker] 2026-04-25T08:45:19.576Z update: 2d5757303230382d503366656a51793338305944
[backend] [2m2026-04-25T16:45:20.1151629+08:00[0m [32m INFO[0m ThreadId(12) [2mkoko::shell::媒体资产外壳[0m[2m:[0m HTTP 请求已受理 [3musecase[0m[2m=[0m"读取附件内容" [3madapter[0m[2m=[0m"http" [3moutcome[0m[2m=[0m"accepted" [3mrequest_kind[0m[2m=[0m"附件内容读取" [3mattachment_id[0m[2m=[0m"att-9117ebee3b15" [3msession_id[0m[2m=[0m"s-61aba5a41cb7"
[backend] [2m2026-04-25T16:45:20.1329184+08:00[0m [32m INFO[0m ThreadId(12) [2mkoko::shell::媒体资产外壳[0m[2m:[0m 读取附件内容成功 [3musecase[0m[2m=[0m"读取附件内容" [3madapter[0m[2m=[0m"http" [3moutcome[0m[2m=[0m"succeeded" [3mrequest_kind[0m[2m=[0m"附件内容读取" [3mattachment_id[0m[2m=[0m"att-9117ebee3b15" [3msession_id[0m[2m=[0m"s-61aba5a41cb7"
[backend] [2m2026-04-25T16:45:20.1722391+08:00[0m [32m INFO[0m ThreadId(03) [2mkoko::shell::媒体资产外壳[0m[2m:[0m HTTP 请求已受理 [3musecase[0m[2m=[0m"读取附件内容" [3madapter[0m[2m=[0m"http" [3moutcome[0m[2m=[0m"accepted" [3mrequest_kind[0m[2m=[0m"附件内容读取" [3mattachment_id[0m[2m=[0m"att-9117ebee3b15" [3msession_id[0m[2m=[0m"s-61aba5a41cb7"
[backend] [2m2026-04-25T16:45:20.1867655+08:00[0m [32m INFO[0m ThreadId(12) [2mkoko::shell::媒体资产外壳[0m[2m:[0m 读取附件内容成功 [3musecase[0m[2m=[0m"读取附件内容" [3madapter[0m[2m=[0m"http" [3moutcome[0m[2m=[0m"succeeded" [3mrequest_kind[0m[2m=[0m"附件内容读取" [3mattachment_id[0m[2m=[0m"att-9117ebee3b15" [3msession_id[0m[2m=[0m"s-61aba5a41cb7"
[backend] [2m2026-04-25T16:45:20.1925195+08:00[0m [32m INFO[0m ThreadId(03) [2mkoko::shell::媒体资产外壳[0m[2m:[0m HTTP 请求已受理 [3musecase[0m[2m=[0m"读取附件内容" [3madapter[0m[2m=[0m"http" [3moutcome[0m[2m=[0m"accepted" [3mrequest_kind[0m[2m=[0m"附件内容读取" [3mattachment_id[0m[2m=[0m"att-9117ebee3b15" [3msession_id[0m[2m=[0m"s-61aba5a41cb7"
[backend] [2m2026-04-25T16:45:20.2098592+08:00[0m [32m INFO[0m ThreadId(06) [2mkoko::shell::媒体资产外壳[0m[2m:[0m 读取附件内容成功 [3musecase[0m[2m=[0m"读取附件内容" [3madapter[0m[2m=[0m"http" [3moutcome[0m[2m=[0m"succeeded" [3mrequest_kind[0m[2m=[0m"附件内容读取" [3mattachment_id[0m[2m=[0m"att-9117ebee3b15" [3msession_id[0m[2m=[0m"s-61aba5a41cb7"
[backend] [2m2026-04-25T16:45:20.2307475+08:00[0m [32m INFO[0m ThreadId(12) [2mkoko::shell::媒体资产外壳[0m[2m:[0m HTTP 请求已受理 [3musecase[0m[2m=[0m"读取附件内容" [3madapter[0m[2m=[0m"http" [3moutcome[0m[2m=[0m"accepted" [3mrequest_kind[0m[2m=[0m"附件内容读取" [3mattachment_id[0m[2m=[0m"att-9117ebee3b15" [3msession_id[0m[2m=[0m"s-61aba5a41cb7"
[backend] [2m2026-04-25T16:45:20.2475141+08:00[0m [32m INFO[0m ThreadId(12) [2mkoko::shell::媒体资产外壳[0m[2m:[0m 读取附件内容成功 [3musecase[0m[2m=[0m"读取附件内容" [3madapter[0m[2m=[0m"http" [3moutcome[0m[2m=[0m"succeeded" [3mrequest_kind[0m[2m=[0m"附件内容读取" [3mattachment_id[0m[2m=[0m"att-9117ebee3b15" [3msession_id[0m[2m=[0m"s-61aba5a41cb7"
[tracker] 2026-04-25T08:45:20.070Z update: 2d5757303230382d707674366a74593576456a4e
[backend] [2m2026-04-25T16:45:21.2168569+08:00[0m [32m INFO[0m ThreadId(03) [2mkoko::shell::媒体资产外壳[0m[2m:[0m HTTP 请求已受理 [3musecase[0m[2m=[0m"读取附件内容" [3madapter[0m[2m=[0m"http" [3moutcome[0m[2m=[0m"accepted" [3mrequest_kind[0m[2m=[0m"附件内容读取" [3mattachment_id[0m[2m=[0m"att-9117ebee3b15" [3msession_id[0m[2m=[0m"s-61aba5a41cb7"
[backend] [2m2026-04-25T16:45:21.2362386+08:00[0m [32m INFO[0m ThreadId(12) [2mkoko::shell::媒体资产外壳[0m[2m:[0m 读取附件内容成功 [3musecase[0m[2m=[0m"读取附件内容" [3madapter[0m[2m=[0m"http" [3moutcome[0m[2m=[0m"succeeded" [3mrequest_kind[0m[2m=[0m"附件内容读取" [3mattachment_id[0m[2m=[0m"att-9117ebee3b15" [3msession_id[0m[2m=[0m"s-61aba5a41cb7"
[backend] [2m2026-04-25T16:45:21.2605251+08:00[0m [32m INFO[0m ThreadId(03) [2mkoko::shell::媒体资产外壳[0m[2m:[0m HTTP 请求已受理 [3musecase[0m[2m=[0m"读取附件内容" [3madapter[0m[2m=[0m"http" [3moutcome[0m[2m=[0m"accepted" [3mrequest_kind[0m[2m=[0m"附件内容读取" [3mattachment_id[0m[2m=[0m"att-9117ebee3b15" [3msession_id[0m[2m=[0m"s-61aba5a41cb7"
[backend] [2m2026-04-25T16:45:21.2759724+08:00[0m [32m INFO[0m ThreadId(03) [2mkoko::shell::媒体资产外壳[0m[2m:[0m 读取附件内容成功 [3musecase[0m[2m=[0m"读取附件内容" [3madapter[0m[2m=[0m"http" [3moutcome[0m[2m=[0m"succeeded" [3mrequest_kind[0m[2m=[0m"附件内容读取" [3mattachment_id[0m[2m=[0m"att-9117ebee3b15" [3msession_id[0m[2m=[0m"s-61aba5a41cb7"
[backend] [2m2026-04-25T16:45:21.2904845+08:00[0m [32m INFO[0m ThreadId(06) [2mkoko::shell::媒体资产外壳[0m[2m:[0m HTTP 请求已受理 [3musecase[0m[2m=[0m"读取附件内容" [3madapter[0m[2m=[0m"http" [3moutcome[0m[2m=[0m"accepted" [3mrequest_kind[0m[2m=[0m"附件内容读取" [3mattachment_id[0m[2m=[0m"att-9117ebee3b15" [3msession_id[0m[2m=[0m"s-61aba5a41cb7"
[backend] [2m2026-04-25T16:45:21.3012411+08:00[0m [32m INFO[0m ThreadId(06) [2mkoko::shell::媒体资产外壳[0m[2m:[0m 读取附件内容成功 [3musecase[0m[2m=[0m"读取附件内容" [3madapter[0m[2m=[0m"http" [3moutcome[0m[2m=[0m"succeeded" [3mrequest_kind[0m[2m=[0m"附件内容读取" [3mattachment_id[0m[2m=[0m"att-9117ebee3b15" [3msession_id[0m[2m=[0m"s-61aba5a41cb7"
[tracker] 2026-04-25T08:45:21.056Z update: 2d5757303230382d5777657347504e6f4c4f4459
[backend] [2m2026-04-25T16:45:21.328091+08:00[0m [32m INFO[0m ThreadId(12) [2mkoko::shell::媒体资产外壳[0m[2m:[0m HTTP 请求已受理 [3musecase[0m[2m=[0m"读取附件内容" [3madapter[0m[2m=[0m"http" [3moutcome[0m[2m=[0m"accepted" [3mrequest_kind[0m[2m=[0m"附件内容读取" [3mattachment_id[0m[2m=[0m"att-9117ebee3b15" [3msession_id[0m[2m=[0m"s-61aba5a41cb7"
[backend] [2m2026-04-25T16:45:21.3459934+08:00[0m [32m INFO[0m ThreadId(10) [2mkoko::shell::媒体资产外壳[0m[2m:[0m 读取附件内容成功 [3musecase[0m[2m=[0m"读取附件内容" [3madapter[0m[2m=[0m"http" [3moutcome[0m[2m=[0m"succeeded" [3mrequest_kind[0m[2m=[0m"附件内容读取" [3mattachment_id[0m[2m=[0m"att-9117ebee3b15" [3msession_id[0m[2m=[0m"s-61aba5a41cb7"
[tracker] 2026-04-25T08:45:21.810Z update: 2d5757303230382d564f594651326c6753477054
[backend] [2m2026-04-25T16:45:22.1483869+08:00[0m [32m INFO[0m ThreadId(06) [2mkoko::shell::媒体资产外壳[0m[2m:[0m HTTP 请求已受理 [3musecase[0m[2m=[0m"读取附件内容" [3madapter[0m[2m=[0m"http" [3moutcome[0m[2m=[0m"accepted" [3mrequest_kind[0m[2m=[0m"附件内容读取" [3mattachment_id[0m[2m=[0m"att-9117ebee3b15" [3msession_id[0m[2m=[0m"s-61aba5a41cb7"
[backend] [2m2026-04-25T16:45:22.1589853+08:00[0m [32m INFO[0m ThreadId(06) [2mkoko::shell::媒体资产外壳[0m[2m:[0m 读取附件内容成功 [3musecase[0m[2m=[0m"读取附件内容" [3madapter[0m[2m=[0m"http" [3moutcome[0m[2m=[0m"succeeded" [3mrequest_kind[0m[2m=[0m"附件内容读取" [3mattachment_id[0m[2m=[0m"att-9117ebee3b15" [3msession_id[0m[2m=[0m"s-61aba5a41cb7"
[tracker] 2026-04-25T08:45:22.072Z update: 2d5757303230382d707674366a74593576456a4e
[backend] [2m2026-04-25T16:45:22.2306176+08:00[0m [32m INFO[0m ThreadId(03) [2mkoko::shell::媒体资产外壳[0m[2m:[0m HTTP 请求已受理 [3musecase[0m[2m=[0m"读取附件内容" [3madapter[0m[2m=[0m"http" [3moutcome[0m[2m=[0m"accepted" [3mrequest_kind[0m[2m=[0m"附件内容读取" [3mattachment_id[0m[2m=[0m"att-9117ebee3b15" [3msession_id[0m[2m=[0m"s-61aba5a41cb7"
[backend] [2m2026-04-25T16:45:22.2452038+08:00[0m [32m INFO[0m ThreadId(06) [2mkoko::shell::媒体资产外壳[0m[2m:[0m 读取附件内容成功 [3musecase[0m[2m=[0m"读取附件内容" [3madapter[0m[2m=[0m"http" [3moutcome[0m[2m=[0m"succeeded" [3mrequest_kind[0m[2m=[0m"附件内容读取" [3mattachment_id[0m[2m=[0m"att-9117ebee3b15" [3msession_id[0m[2m=[0m"s-61aba5a41cb7"
[backend] [2m2026-04-25T16:45:22.3121029+08:00[0m [32m INFO[0m ThreadId(03) [2mkoko::shell::媒体资产外壳[0m[2m:[0m HTTP 请求已受理 [3musecase[0m[2m=[0m"读取附件内容" [3madapter[0m[2m=[0m"http" [3moutcome[0m[2m=[0m"accepted" [3mrequest_kind[0m[2m=[0m"附件内容读取" [3mattachment_id[0m[2m=[0m"att-9117ebee3b15" [3msession_id[0m[2m=[0m"s-61aba5a41cb7"
[backend] [2m2026-04-25T16:45:22.3237353+08:00[0m [32m INFO[0m ThreadId(06) [2mkoko::shell::媒体资产外壳[0m[2m:[0m 读取附件内容成功 [3musecase[0m[2m=[0m"读取附件内容" [3madapter[0m[2m=[0m"http" [3moutcome[0m[2m=[0m"succeeded" [3mrequest_kind[0m[2m=[0m"附件内容读取" [3mattachment_id[0m[2m=[0m"att-9117ebee3b15" [3msession_id[0m[2m=[0m"s-61aba5a41cb7"
[backend] [2m2026-04-25T16:45:22.369959+08:00[0m [32m INFO[0m ThreadId(03) [2mkoko::shell::媒体资产外壳[0m[2m:[0m HTTP 请求已受理 [3musecase[0m[2m=[0m"读取附件内容" [3madapter[0m[2m=[0m"http" [3moutcome[0m[2m=[0m"accepted" [3mrequest_kind[0m[2m=[0m"附件内容读取" [3mattachment_id[0m[2m=[0m"att-9117ebee3b15" [3msession_id[0m[2m=[0m"s-61aba5a41cb7"
[backend] [2m2026-04-25T16:45:22.3807468+08:00[0m [32m INFO[0m ThreadId(12) [2mkoko::shell::媒体资产外壳[0m[2m:[0m 读取附件内容成功 [3musecase[0m[2m=[0m"读取附件内容" [3madapter[0m[2m=[0m"http" [3moutcome[0m[2m=[0m"succeeded" [3mrequest_kind[0m[2m=[0m"附件内容读取" [3mattachment_id[0m[2m=[0m"att-9117ebee3b15" [3msession_id[0m[2m=[0m"s-61aba5a41cb7"
[backend] [2m2026-04-25T16:45:23.089437+08:00[0m [32m INFO[0m ThreadId(06) [2mkoko::shell::媒体资产外壳[0m[2m:[0m HTTP 请求已受理 [3musecase[0m[2m=[0m"读取附件内容" [3madapter[0m[2m=[0m"http" [3moutcome[0m[2m=[0m"accepted" [3mrequest_kind[0m[2m=[0m"附件内容读取" [3mattachment_id[0m[2m=[0m"att-9117ebee3b15" [3msession_id[0m[2m=[0m"s-61aba5a41cb7"
[backend] [2m2026-04-25T16:45:23.1097088+08:00[0m [32m INFO[0m ThreadId(03) [2mkoko::shell::媒体资产外壳[0m[2m:[0m 读取附件内容成功 [3musecase[0m[2m=[0m"读取附件内容" [3madapter[0m[2m=[0m"http" [3moutcome[0m[2m=[0m"succeeded" [3mrequest_kind[0m[2m=[0m"附件内容读取" [3mattachment_id[0m[2m=[0m"att-9117ebee3b15" [3msession_id[0m[2m=[0m"s-61aba5a41cb7"
[backend] [2m2026-04-25T16:45:23.1304662+08:00[0m [32m INFO[0m ThreadId(06) [2mkoko::shell::媒体资产外壳[0m[2m:[0m HTTP 请求已受理 [3musecase[0m[2m=[0m"读取附件内容" [3madapter[0m[2m=[0m"http" [3moutcome[0m[2m=[0m"accepted" [3mrequest_kind[0m[2m=[0m"附件内容读取" [3mattachment_id[0m[2m=[0m"att-9117ebee3b15" [3msession_id[0m[2m=[0m"s-61aba5a41cb7"
[backend] [2m2026-04-25T16:45:23.1446402+08:00[0m [32m INFO[0m ThreadId(03) [2mkoko::shell::媒体资产外壳[0m[2m:[0m 读取附件内容成功 [3musecase[0m[2m=[0m"读取附件内容" [3madapter[0m[2m=[0m"http" [3moutcome[0m[2m=[0m"succeeded" [3mrequest_kind[0m[2m=[0m"附件内容读取" [3mattachment_id[0m[2m=[0m"att-9117ebee3b15" [3msession_id[0m[2m=[0m"s-61aba5a41cb7"
[backend] [2m2026-04-25T16:45:23.173768+08:00[0m [32m INFO[0m ThreadId(06) [2mkoko::shell::媒体资产外壳[0m[2m:[0m HTTP 请求已受理 [3musecase[0m[2m=[0m"读取附件内容" [3madapter[0m[2m=[0m"http" [3moutcome[0m[2m=[0m"accepted" [3mrequest_kind[0m[2m=[0m"附件内容读取" [3mattachment_id[0m[2m=[0m"att-9117ebee3b15" [3msession_id[0m[2m=[0m"s-61aba5a41cb7"
[backend] [2m2026-04-25T16:45:23.1849515+08:00[0m [32m INFO[0m ThreadId(06) [2mkoko::shell::媒体资产外壳[0m[2m:[0m 读取附件内容成功 [3musecase[0m[2m=[0m"读取附件内容" [3madapter[0m[2m=[0m"http" [3moutcome[0m[2m=[0m"succeeded" [3mrequest_kind[0m[2m=[0m"附件内容读取" [3mattachment_id[0m[2m=[0m"att-9117ebee3b15" [3msession_id[0m[2m=[0m"s-61aba5a41cb7"
[backend] [2m2026-04-25T16:45:23.2285893+08:00[0m [32m INFO[0m ThreadId(12) [2mkoko::shell::媒体资产外壳[0m[2m:[0m HTTP 请求已受理 [3musecase[0m[2m=[0m"读取附件内容" [3madapter[0m[2m=[0m"http" [3moutcome[0m[2m=[0m"accepted" [3mrequest_kind[0m[2m=[0m"附件内容读取" [3mattachment_id[0m[2m=[0m"att-9117ebee3b15" [3msession_id[0m[2m=[0m"s-61aba5a41cb7"
[backend] [2m2026-04-25T16:45:23.2383725+08:00[0m [32m INFO[0m ThreadId(12) [2mkoko::shell::媒体资产外壳[0m[2m:[0m 读取附件内容成功 [3musecase[0m[2m=[0m"读取附件内容" [3madapter[0m[2m=[0m"http" [3moutcome[0m[2m=[0m"succeeded" [3mrequest_kind[0m[2m=[0m"附件内容读取" [3mattachment_id[0m[2m=[0m"att-9117ebee3b15" [3msession_id[0m[2m=[0m"s-61aba5a41cb7"
[tracker] 2026-04-25T08:45:23.675Z update: 2d5757303230382d5777657347504e6f4c4f4459
[backend] [2m2026-04-25T16:45:24.2921667+08:00[0m [32m INFO[0m ThreadId(06) [2mkoko::shell::媒体资产外壳[0m[2m:[0m HTTP 请求已受理 [3musecase[0m[2m=[0m"读取附件内容" [3madapter[0m[2m=[0m"http" [3moutcome[0m[2m=[0m"accepted" [3mrequest_kind[0m[2m=[0m"附件内容读取" [3mattachment_id[0m[2m=[0m"att-9117ebee3b15" [3msession_id[0m[2m=[0m"s-61aba5a41cb7"
[backend] [2m2026-04-25T16:45:24.3010926+08:00[0m [32m INFO[0m ThreadId(06) [2mkoko::shell::媒体资产外壳[0m[2m:[0m 读取附件内容成功 [3musecase[0m[2m=[0m"读取附件内容" [3madapter[0m[2m=[0m"http" [3moutcome[0m[2m=[0m"succeeded" [3mrequest_kind[0m[2m=[0m"附件内容读取" [3mattachment_id[0m[2m=[0m"att-9117ebee3b15" [3msession_id[0m[2m=[0m"s-61aba5a41cb7"
[backend] [2m2026-04-25T16:45:24.3079981+08:00[0m [32m INFO[0m ThreadId(03) [2mkoko::shell::媒体资产外壳[0m[2m:[0m HTTP 请求已受理 [3musecase[0m[2m=[0m"读取附件内容" [3madapter[0m[2m=[0m"http" [3moutcome[0m[2m=[0m"accepted" [3mrequest_kind[0m[2m=[0m"附件内容读取" [3mattachment_id[0m[2m=[0m"att-9117ebee3b15" [3msession_id[0m[2m=[0m"s-61aba5a41cb7"
[backend] [2m2026-04-25T16:45:24.3278621+08:00[0m [32m INFO[0m ThreadId(03) [2mkoko::shell::媒体资产外壳[0m[2m:[0m 读取附件内容成功 [3musecase[0m[2m=[0m"读取附件内容" [3madapter[0m[2m=[0m"http" [3moutcome[0m[2m=[0m"succeeded" [3mrequest_kind[0m[2m=[0m"附件内容读取" [3mattachment_id[0m[2m=[0m"att-9117ebee3b15" [3msession_id[0m[2m=[0m"s-61aba5a41cb7"
[backend] [2m2026-04-25T16:45:24.3751078+08:00[0m [32m INFO[0m ThreadId(12) [2mkoko::shell::媒体资产外壳[0m[2m:[0m HTTP 请求已受理 [3musecase[0m[2m=[0m"读取附件内容" [3madapter[0m[2m=[0m"http" [3moutcome[0m[2m=[0m"accepted" [3mrequest_kind[0m[2m=[0m"附件内容读取" [3mattachment_id[0m[2m=[0m"att-9117ebee3b15" [3msession_id[0m[2m=[0m"s-61aba5a41cb7"
[backend] [2m2026-04-25T16:45:24.387373+08:00[0m [32m INFO[0m ThreadId(12) [2mkoko::shell::媒体资产外壳[0m[2m:[0m 读取附件内容成功 [3musecase[0m[2m=[0m"读取附件内容" [3madapter[0m[2m=[0m"http" [3moutcome[0m[2m=[0m"succeeded" [3mrequest_kind[0m[2m=[0m"附件内容读取" [3mattachment_id[0m[2m=[0m"att-9117ebee3b15" [3msession_id[0m[2m=[0m"s-61aba5a41cb7"
[backend] [2m2026-04-25T16:45:24.4818732+08:00[0m [32m INFO[0m ThreadId(03) [2mkoko::shell::媒体资产外壳[0m[2m:[0m HTTP 请求已受理 [3musecase[0m[2m=[0m"读取附件内容" [3madapter[0m[2m=[0m"http" [3moutcome[0m[2m=[0m"accepted" [3mrequest_kind[0m[2m=[0m"附件内容读取" [3mattachment_id[0m[2m=[0m"att-9117ebee3b15" [3msession_id[0m[2m=[0m"s-61aba5a41cb7"
[backend] [2m2026-04-25T16:45:24.4923585+08:00[0m [32m INFO[0m ThreadId(12) [2mkoko::shell::媒体资产外壳[0m[2m:[0m 读取附件内容成功 [3musecase[0m[2m=[0m"读取附件内容" [3madapter[0m[2m=[0m"http" [3moutcome[0m[2m=[0m"succeeded" [3mrequest_kind[0m[2m=[0m"附件内容读取" [3mattachment_id[0m[2m=[0m"att-9117ebee3b15" [3msession_id[0m[2m=[0m"s-61aba5a41cb7"
[tracker] 2026-04-25T08:45:24.589Z update: 2d5757303230382d5777657347504e6f4c4f4459
[backend] [2m2026-04-25T16:45:26.4127569+08:00[0m [32m INFO[0m ThreadId(12) [2mkoko::shell::媒体资产外壳[0m[2m:[0m HTTP 请求已受理 [3musecase[0m[2m=[0m"读取附件内容" [3madapter[0m[2m=[0m"http" [3moutcome[0m[2m=[0m"accepted" [3mrequest_kind[0m[2m=[0m"附件内容读取" [3mattachment_id[0m[2m=[0m"att-9117ebee3b15" [3msession_id[0m[2m=[0m"s-61aba5a41cb7"
[backend] [2m2026-04-25T16:45:26.4260791+08:00[0m [32m INFO[0m ThreadId(06) [2mkoko::shell::媒体资产外壳[0m[2m:[0m 读取附件内容成功 [3musecase[0m[2m=[0m"读取附件内容" [3madapter[0m[2m=[0m"http" [3moutcome[0m[2m=[0m"succeeded" [3mrequest_kind[0m[2m=[0m"附件内容读取" [3mattachment_id[0m[2m=[0m"att-9117ebee3b15" [3msession_id[0m[2m=[0m"s-61aba5a41cb7"
[backend] [2m2026-04-25T16:45:26.4324697+08:00[0m [32m INFO[0m ThreadId(12) [2mkoko::shell::媒体资产外壳[0m[2m:[0m HTTP 请求已受理 [3musecase[0m[2m=[0m"读取附件内容" [3madapter[0m[2m=[0m"http" [3moutcome[0m[2m=[0m"accepted" [3mrequest_kind[0m[2m=[0m"附件内容读取" [3mattachment_id[0m[2m=[0m"att-9117ebee3b15" [3msession_id[0m[2m=[0m"s-61aba5a41cb7"
[backend] [2m2026-04-25T16:45:26.4463629+08:00[0m [32m INFO[0m ThreadId(06) [2mkoko::shell::媒体资产外壳[0m[2m:[0m 读取附件内容成功 [3musecase[0m[2m=[0m"读取附件内容" [3madapter[0m[2m=[0m"http" [3moutcome[0m[2m=[0m"succeeded" [3mrequest_kind[0m[2m=[0m"附件内容读取" [3mattachment_id[0m[2m=[0m"att-9117ebee3b15" [3msession_id[0m[2m=[0m"s-61aba5a41cb7"
[backend] [2m2026-04-25T16:45:26.4564702+08:00[0m [32m INFO[0m ThreadId(12) [2mkoko::shell::媒体资产外壳[0m[2m:[0m HTTP 请求已受理 [3musecase[0m[2m=[0m"读取附件内容" [3madapter[0m[2m=[0m"http" [3moutcome[0m[2m=[0m"accepted" [3mrequest_kind[0m[2m=[0m"附件内容读取" [3mattachment_id[0m[2m=[0m"att-9117ebee3b15" [3msession_id[0m[2m=[0m"s-61aba5a41cb7"
[backend] [2m2026-04-25T16:45:26.4687277+08:00[0m [32m INFO[0m ThreadId(12) [2mkoko::shell::媒体资产外壳[0m[2m:[0m 读取附件内容成功 [3musecase[0m[2m=[0m"读取附件内容" [3madapter[0m[2m=[0m"http" [3moutcome[0m[2m=[0m"succeeded" [3mrequest_kind[0m[2m=[0m"附件内容读取" [3mattachment_id[0m[2m=[0m"att-9117ebee3b15" [3msession_id[0m[2m=[0m"s-61aba5a41cb7"
[backend] [2m2026-04-25T16:45:26.4735666+08:00[0m [32m INFO[0m ThreadId(06) [2mkoko::shell::媒体资产外壳[0m[2m:[0m HTTP 请求已受理 [3musecase[0m[2m=[0m"读取附件内容" [3madapter[0m[2m=[0m"http" [3moutcome[0m[2m=[0m"accepted" [3mrequest_kind[0m[2m=[0m"附件内容读取" [3mattachment_id[0m[2m=[0m"att-9117ebee3b15" [3msession_id[0m[2m=[0m"s-61aba5a41cb7"
[backend] [2m2026-04-25T16:45:26.4843584+08:00[0m [32m INFO[0m ThreadId(03) [2mkoko::shell::媒体资产外壳[0m[2m:[0m 读取附件内容成功 [3musecase[0m[2m=[0m"读取附件内容" [3madapter[0m[2m=[0m"http" [3moutcome[0m[2m=[0m"succeeded" [3mrequest_kind[0m[2m=[0m"附件内容读取" [3mattachment_id[0m[2m=[0m"att-9117ebee3b15" [3msession_id[0m[2m=[0m"s-61aba5a41cb7"
[tracker] 2026-04-25T08:45:26.854Z update: 2d5757303230382d5777657347504e6f4c4f4459
[backend] [2m2026-04-25T16:45:27.0991015+08:00[0m [32m INFO[0m ThreadId(12) [2mkoko::shell::媒体资产外壳[0m[2m:[0m HTTP 请求已受理 [3musecase[0m[2m=[0m"读取附件内容" [3madapter[0m[2m=[0m"http" [3moutcome[0m[2m=[0m"accepted" [3mrequest_kind[0m[2m=[0m"附件内容读取" [3mattachment_id[0m[2m=[0m"att-9117ebee3b15" [3msession_id[0m[2m=[0m"s-61aba5a41cb7"
[backend] [2m2026-04-25T16:45:27.1095788+08:00[0m [32m INFO[0m ThreadId(12) [2mkoko::shell::媒体资产外壳[0m[2m:[0m 读取附件内容成功 [3musecase[0m[2m=[0m"读取附件内容" [3madapter[0m[2m=[0m"http" [3moutcome[0m[2m=[0m"succeeded" [3mrequest_kind[0m[2m=[0m"附件内容读取" [3mattachment_id[0m[2m=[0m"att-9117ebee3b15" [3msession_id[0m[2m=[0m"s-61aba5a41cb7"
[backend] [2m2026-04-25T16:45:27.1149865+08:00[0m [32m INFO[0m ThreadId(03) [2mkoko::shell::媒体资产外壳[0m[2m:[0m HTTP 请求已受理 [3musecase[0m[2m=[0m"读取附件内容" [3madapter[0m[2m=[0m"http" [3moutcome[0m[2m=[0m"accepted" [3mrequest_kind[0m[2m=[0m"附件内容读取" [3mattachment_id[0m[2m=[0m"att-9117ebee3b15" [3msession_id[0m[2m=[0m"s-61aba5a41cb7"
[backend] [2m2026-04-25T16:45:27.1288698+08:00[0m [32m INFO[0m ThreadId(12) [2mkoko::shell::媒体资产外壳[0m[2m:[0m 读取附件内容成功 [3musecase[0m[2m=[0m"读取附件内容" [3madapter[0m[2m=[0m"http" [3moutcome[0m[2m=[0m"succeeded" [3mrequest_kind[0m[2m=[0m"附件内容读取" [3mattachment_id[0m[2m=[0m"att-9117ebee3b15" [3msession_id[0m[2m=[0m"s-61aba5a41cb7"
[backend] [2m2026-04-25T16:45:27.1332401+08:00[0m [32m INFO[0m ThreadId(03) [2mkoko::shell::媒体资产外壳[0m[2m:[0m HTTP 请求已受理 [3musecase[0m[2m=[0m"读取附件内容" [3madapter[0m[2m=[0m"http" [3moutcome[0m[2m=[0m"accepted" [3mrequest_kind[0m[2m=[0m"附件内容读取" [3mattachment_id[0m[2m=[0m"att-9117ebee3b15" [3msession_id[0m[2m=[0m"s-61aba5a41cb7"
[backend] [2m2026-04-25T16:45:27.1469388+08:00[0m [32m INFO[0m ThreadId(03) [2mkoko::shell::媒体资产外壳[0m[2m:[0m 读取附件内容成功 [3musecase[0m[2m=[0m"读取附件内容" [3madapter[0m[2m=[0m"http" [3moutcome[0m[2m=[0m"succeeded" [3mrequest_kind[0m[2m=[0m"附件内容读取" [3mattachment_id[0m[2m=[0m"att-9117ebee3b15" [3msession_id[0m[2m=[0m"s-61aba5a41cb7"
[backend] [2m2026-04-25T16:45:27.1578309+08:00[0m [32m INFO[0m ThreadId(12) [2mkoko::shell::媒体资产外壳[0m[2m:[0m HTTP 请求已受理 [3musecase[0m[2m=[0m"读取附件内容" [3madapter[0m[2m=[0m"http" [3moutcome[0m[2m=[0m"accepted" [3mrequest_kind[0m[2m=[0m"附件内容读取" [3mattachment_id[0m[2m=[0m"att-9117ebee3b15" [3msession_id[0m[2m=[0m"s-61aba5a41cb7"
[backend] [2m2026-04-25T16:45:27.1721862+08:00[0m [32m INFO[0m ThreadId(12) [2mkoko::shell::媒体资产外壳[0m[2m:[0m 读取附件内容成功 [3musecase[0m[2m=[0m"读取附件内容" [3madapter[0m[2m=[0m"http" [3moutcome[0m[2m=[0m"succeeded" [3mrequest_kind[0m[2m=[0m"附件内容读取" [3mattachment_id[0m[2m=[0m"att-9117ebee3b15" [3msession_id[0m[2m=[0m"s-61aba5a41cb7"
[tracker] 2026-04-25T08:45:27.693Z update: 2d5757303230382d503366656a51793338305944
[backend] [2m2026-04-25T16:45:28.1026864+08:00[0m [32m INFO[0m ThreadId(03) [2mkoko::shell::媒体资产外壳[0m[2m:[0m HTTP 请求已受理 [3musecase[0m[2m=[0m"读取附件内容" [3madapter[0m[2m=[0m"http" [3moutcome[0m[2m=[0m"accepted" [3mrequest_kind[0m[2m=[0m"附件内容读取" [3mattachment_id[0m[2m=[0m"att-9117ebee3b15" [3msession_id[0m[2m=[0m"s-61aba5a41cb7"
[backend] [2m2026-04-25T16:45:28.1179118+08:00[0m [32m INFO[0m ThreadId(06) [2mkoko::shell::媒体资产外壳[0m[2m:[0m 读取附件内容成功 [3musecase[0m[2m=[0m"读取附件内容" [3madapter[0m[2m=[0m"http" [3moutcome[0m[2m=[0m"succeeded" [3mrequest_kind[0m[2m=[0m"附件内容读取" [3mattachment_id[0m[2m=[0m"att-9117ebee3b15" [3msession_id[0m[2m=[0m"s-61aba5a41cb7"
[tracker] 2026-04-25T08:45:30.379Z complete: 2d5757303230382d503366656a51793338305944
[tracker] 2026-04-25T08:45:30.624Z update: 2d5757303230382d503366656a51793338305944
[tracker] 2026-04-25T08:45:30.974Z update: 2d5757303230382d707674366a74593576456a4e
[tracker] 2026-04-25T08:45:33.127Z update: 2d5757303230382d564f594651326c6753477054
[tracker] 2026-04-25T08:45:33.373Z update: 2d5757303230382d707674366a74593576456a4e
[tracker] 2026-04-25T08:45:34.549Z update: 2d5757303230382d503366656a51793338305944
[tracker] 2026-04-25T08:45:35.641Z update: 2d5757303230382d5777657347504e6f4c4f4459
[tracker] 2026-04-25T08:45:38.151Z update: 2d5757303230382d5777657347504e6f4c4f4459
[tracker] 2026-04-25T08:45:40.140Z update: 2d5757303230382d564f594651326c6753477054
[tracker] 2026-04-25T08:45:47.939Z complete: 2d5757303230382d5777657347504e6f4c4f4459
[tracker] 2026-04-25T08:45:48.580Z update: 2d5757303230382d707674366a74593576456a4e
[backend] [2m2026-04-25T16:45:49.8734453+08:00[0m [32m INFO[0m ThreadId(06) [2mkoko::shell::实时外壳[0m[2m:[0m realtime 连接已正常断开 [3musecase[0m[2m=[0m"实时连接断开" [3madapter[0m[2m=[0m"socketioxide" [3moutcome[0m[2m=[0m"dropped" [3msession_id[0m[2m=[0m"s-3698d9833309" [3mdisconnect_reason[0m[2m=[0mclient has manually disconnected the socket from the namespace
[tracker] 2026-04-25T08:45:51.074Z update: 2d5757303230382d564f594651326c6753477054
[tracker] 2026-04-25T08:45:52.956Z start: 2d5757303230382d5777657347504e6f4c4f4459
[backend] [2m2026-04-25T16:45:57.9605973+08:00[0m [32m INFO[0m ThreadId(10) [2mkoko::shell::房间外壳[0m[2m:[0m HTTP 请求已受理 [3musecase[0m[2m=[0m"引导匿名身份" [3madapter[0m[2m=[0m"http" [3moutcome[0m[2m=[0m"accepted" [3mrequest_kind[0m[2m=[0m"匿名身份引导"
[backend] [2m2026-04-25T16:45:57.9634218+08:00[0m [32m INFO[0m ThreadId(03) [2mkoko::shell::房间外壳[0m[2m:[0m 引导匿名身份成功 [3musecase[0m[2m=[0m"引导匿名身份" [3madapter[0m[2m=[0m"http" [3moutcome[0m[2m=[0m"succeeded" [3mrequest_kind[0m[2m=[0m"匿名身份引导" [3msession_id[0m[2m=[0m"s-3698d9833309"
[backend] [2m2026-04-25T16:45:58.0544261+08:00[0m [32m INFO[0m ThreadId(10) [2mkoko::shell::房间外壳[0m[2m:[0m HTTP 请求已受理 [3musecase[0m[2m=[0m"加载房间快照" [3madapter[0m[2m=[0m"http" [3moutcome[0m[2m=[0m"accepted" [3mrequest_kind[0m[2m=[0m"房间快照查询" [3mroom_id[0m[2m=[0m"r-50793d744913" [3msession_id[0m[2m=[0m"s-3698d9833309"
[backend] [2m2026-04-25T16:45:58.073492+08:00[0m [32m INFO[0m ThreadId(10) [2mkoko::shell::房间外壳[0m[2m:[0m 加载房间快照成功 [3musecase[0m[2m=[0m"加载房间快照" [3madapter[0m[2m=[0m"http" [3moutcome[0m[2m=[0m"succeeded" [3mrequest_kind[0m[2m=[0m"房间快照查询" [3mroom_id[0m[2m=[0m"r-50793d744913" [3msession_id[0m[2m=[0m"s-3698d9833309" [3mevent_position[0m[2m=[0m9
[backend] [2m2026-04-25T16:45:58.0910258+08:00[0m [32m INFO[0m ThreadId(03) [2mkoko::shell::实时外壳[0m[2m:[0m realtime 连接认证已受理 [3musecase[0m[2m=[0m"实时连接认证" [3madapter[0m[2m=[0m"socketioxide" [3moutcome[0m[2m=[0m"accepted" [3msession_id[0m[2m=[0m"s-3698d9833309"
[backend] [2m2026-04-25T16:45:58.0923462+08:00[0m [32m INFO[0m ThreadId(03) [2mkoko::shell::实时外壳[0m[2m:[0m realtime 连接认证成功 [3musecase[0m[2m=[0m"实时连接认证" [3madapter[0m[2m=[0m"socketioxide" [3moutcome[0m[2m=[0m"succeeded" [3msession_id[0m[2m=[0m"s-3698d9833309"
[backend] [2m2026-04-25T16:45:58.2627111+08:00[0m [32m INFO[0m ThreadId(12) [2mkoko::shell::实时外壳[0m[2m:[0m realtime 订阅请求已受理 [3musecase[0m[2m=[0m"订阅房间事件流" [3madapter[0m[2m=[0m"socketioxide" [3moutcome[0m[2m=[0m"accepted" [3mroom_id[0m[2m=[0m"r-50793d744913" [3msession_id[0m[2m=[0m"s-3698d9833309" [3mfrom[0m[2m=[0m9
[backend] [2m2026-04-25T16:45:58.2627982+08:00[0m [32m INFO[0m ThreadId(04) [2mkoko::shell::实时外壳[0m[2m:[0m realtime 订阅请求已受理 [3musecase[0m[2m=[0m"订阅房间事件流" [3madapter[0m[2m=[0m"socketioxide" [3moutcome[0m[2m=[0m"accepted" [3mroom_id[0m[2m=[0m"r-50793d744913" [3msession_id[0m[2m=[0m"s-3698d9833309" [3mfrom[0m[2m=[0m9
[backend] [2m2026-04-25T16:45:58.2729657+08:00[0m [32m INFO[0m ThreadId(12) [2mkoko::shell::实时外壳[0m[2m:[0m 订阅房间事件流成功 [3musecase[0m[2m=[0m"订阅房间事件流" [3madapter[0m[2m=[0m"socketioxide" [3moutcome[0m[2m=[0m"succeeded" [3mroom_id[0m[2m=[0m"r-50793d744913" [3msession_id[0m[2m=[0m"s-3698d9833309" [3mfrom[0m[2m=[0m9 [3mevent_position[0m[2m=[0m9
[backend] [2m2026-04-25T16:45:58.2765604+08:00[0m [32m INFO[0m ThreadId(03) [2mkoko::shell::实时外壳[0m[2m:[0m 订阅房间事件流成功 [3musecase[0m[2m=[0m"订阅房间事件流" [3madapter[0m[2m=[0m"socketioxide" [3moutcome[0m[2m=[0m"succeeded" [3mroom_id[0m[2m=[0m"r-50793d744913" [3msession_id[0m[2m=[0m"s-3698d9833309" [3mfrom[0m[2m=[0m9 [3mevent_position[0m[2m=[0m9
[tracker] 2026-04-25T08:45:59.308Z complete: 2d5757303230382d68412b684634593442722b4a
[tracker] 2026-04-25T08:45:59.643Z complete: 2d5757303230382d68412b684634593442722b4a
[tracker] 2026-04-25T08:45:59.684Z complete: 2d5757303230382d68412b684634593442722b4a
[tracker] 2026-04-25T08:46:00.231Z complete: 2d5757303230382d68412b684634593442722b4a
[tracker] 2026-04-25T08:46:00.232Z complete: 2d5757303230382d68412b684634593442722b4a
[tracker] 2026-04-25T08:46:00.233Z start: 2d5757303230382d68412b684634593442722b4a
[tracker] 2026-04-25T08:46:00.391Z update: 2d5757303230382d564f594651326c6753477054
[tracker] 2026-04-25T08:46:00.392Z update: 2d5757303230382d503366656a51793338305944
[tracker] 2026-04-25T08:46:00.491Z start: 2d5757303230382d68412b684634593442722b4a
[tracker] 2026-04-25T08:46:00.535Z update: 2d5757303230382d503366656a51793338305944
[tracker] 2026-04-25T08:46:00.536Z update: 2d5757303230382d564f594651326c6753477054
[tracker] 2026-04-25T08:46:00.542Z complete: 2d5757303230382d68412b684634593442722b4a
[tracker] 2026-04-25T08:46:00.566Z start: 2d5757303230382d68412b684634593442722b4a
[tracker] 2026-04-25T08:46:00.569Z start: 2d5757303230382d68412b684634593442722b4a
[tracker] 2026-04-25T08:46:00.593Z update: 2d5757303230382d564f594651326c6753477054
[tracker] 2026-04-25T08:46:00.594Z update: 2d5757303230382d503366656a51793338305944
[tracker] 2026-04-25T08:46:00.595Z update: 2d5757303230382d503366656a51793338305944
[tracker] 2026-04-25T08:46:00.595Z update: 2d5757303230382d564f594651326c6753477054
[tracker] 2026-04-25T08:46:00.680Z start: 2d5757303230382d68412b684634593442722b4a
[tracker] 2026-04-25T08:46:00.713Z update: 2d5757303230382d503366656a51793338305944
[tracker] 2026-04-25T08:46:00.716Z update: 2d5757303230382d564f594651326c6753477054
[tracker] 2026-04-25T08:46:00.972Z complete: 2d5757303230382d68412b684634593442722b4a
[tracker] 2026-04-25T08:46:01.311Z start: 2d5757303230382d68412b684634593442722b4a
[tracker] 2026-04-25T08:46:01.313Z start: 2d5757303230382d68412b684634593442722b4a
[tracker] 2026-04-25T08:46:01.338Z update: 2d5757303230382d564f594651326c6753477054
[tracker] 2026-04-25T08:46:01.338Z update: 2d5757303230382d564f594651326c6753477054
[tracker] 2026-04-25T08:46:01.339Z update: 2d5757303230382d503366656a51793338305944
[tracker] 2026-04-25T08:46:01.339Z update: 2d5757303230382d503366656a51793338305944
[tracker] 2026-04-25T08:46:01.454Z complete: 2d5757303230382d68412b684634593442722b4a
[tracker] 2026-04-25T08:46:01.875Z start: 2d5757303230382d68412b684634593442722b4a
[tracker] 2026-04-25T08:46:01.986Z update: 2d5757303230382d503366656a51793338305944
[tracker] 2026-04-25T08:46:01.987Z update: 2d5757303230382d564f594651326c6753477054
[tracker] 2026-04-25T08:46:05.248Z update: 2d5757303230382d5777657347504e6f4c4f4459
[tracker] 2026-04-25T08:46:05.509Z update: 2d5757303230382d5777657347504e6f4c4f4459
[tracker] 2026-04-25T08:46:05.587Z update: 2d5757303230382d5777657347504e6f4c4f4459
[tracker] 2026-04-25T08:46:05.588Z update: 2d5757303230382d5777657347504e6f4c4f4459
[tracker] 2026-04-25T08:46:05.696Z update: 2d5757303230382d5777657347504e6f4c4f4459
[tracker] 2026-04-25T08:46:06.332Z update: 2d5757303230382d5777657347504e6f4c4f4459
[tracker] 2026-04-25T08:46:06.333Z update: 2d5757303230382d5777657347504e6f4c4f4459
[tracker] 2026-04-25T08:46:06.886Z update: 2d5757303230382d5777657347504e6f4c4f4459
[tracker] 2026-04-25T08:46:41.579Z update: 2d5757303230382d503366656a51793338305944
[tracker] 2026-04-25T08:46:58.528Z update: 2d5757303230382d564f594651326c6753477054
[backend] [2m2026-04-25T16:47:01.9714437+08:00[0m [33m WARN[0m ThreadId(06) [2mkoko::shell[0m[2m:[0m 同源 tracker 代理转发失败 [3musecase[0m[2m=[0m"协作分发tracker代理" [3madapter[0m[2m=[0m"http" [3moutcome[0m[2m=[0m"failed" [3merror_code[0m[2m=[0m"swarm_tracker_proxy_failed" [3mdetail[0m[2m=[0m读取客户端 websocket 失败: WebSocket protocol error: Connection reset without closing handshake
[backend] [2m2026-04-25T16:47:02.1435936+08:00[0m [33m WARN[0m ThreadId(56) [2msqlx::query[0m[2m:[0m slow statement: execution time exceeded alert threshold [3msummary[0m[2m=[0m"SELECT attachment_id, storage_key FROM …" [3mdb.statement[0m[2m=[0m"\n\nSELECT attachment_id, storage_key\n         FROM attachments\n         WHERE status = 'ready'\n           AND storage_key IS NOT NULL\n           AND origin_expires_at IS NOT NULL\n           AND origin_expires_at <= TO_TIMESTAMP($1)\n           AND origin_deleted_at IS NULL\n           AND NOT EXISTS (\n               SELECT 1\n               FROM attachment_canonical_asset_refs refs\n               WHERE refs.attachment_id = attachments.attachment_id\n           )\n         ORDER BY origin_expires_at ASC\n         LIMIT $2\n" [3mrows_affected[0m[2m=[0m0 [3mrows_returned[0m[2m=[0m0 [3melapsed[0m[2m=[0m1.1117754s [3melapsed_secs[0m[2m=[0m1.1117754 [3mslow_threshold[0m[2m=[0m1s
[backend] [2m2026-04-25T16:47:02.1758764+08:00[0m [33m WARN[0m ThreadId(57) [2msqlx::query[0m[2m:[0m slow statement: execution time exceeded alert threshold [3msummary[0m[2m=[0m"SELECT a.attachment_id, s.session_id AS …" [3mdb.statement[0m[2m=[0m"\n\nSELECT a.attachment_id,\n                s.session_id AS owner_session_id,\n                dm.content_id,\n                dm.content_hash,\n                dm.swarm_id,\n                EXTRACT(EPOCH FROM dm.web_seed_until)::BIGINT AS web_seed_until_epoch,\n                dm.torrent_info_hash\n         FROM attachments a\n         JOIN attachment_distribution_metadata dm\n           ON dm.attachment_id = a.attachment_id\n         JOIN LATERAL (\n            SELECT s2.session_id\n            FROM sessions s2\n            WHERE s2.anonymous_identity_id = a.owner_anonymous_identity_id\n            ORDER BY s2.last_seen_at DESC, s2.created_at DESC\n            LIMIT 1\n         ) s ON TRUE\n         WHERE a.status = 'ready'\n           AND a.origin_deleted_at IS NULL\n           AND dm.torrent_bytes IS NOT NULL\n           AND dm.torrent_info_hash IS NOT NULL\n           AND dm.piece_length_bytes IS NOT NULL\n           AND dm.web_seed_until > TO_TIMESTAMP($1)\n         ORDER BY dm.web_seed_until ASC\n         LIMIT $2\n" [3mrows_affected[0m[2m=[0m9 [3mrows_returned[0m[2m=[0m9 [3melapsed[0m[2m=[0m1.1453958s [3melapsed_secs[0m[2m=[0m1.1453958 [3mslow_threshold[0m[2m=[0m1s
[tracker] 2026-04-25T08:47:03.851Z update: 2d5757303230382d5777657347504e6f4c4f4459
[tracker] 2026-04-25T08:47:04.159Z update: 2d5757303230382d503366656a51793338305944
[backend] [2m2026-04-25T16:47:07.5574308+08:00[0m [33m WARN[0m ThreadId(10) [2mkoko::shell::实时外壳[0m[2m:[0m realtime 连接异常断开 [3musecase[0m[2m=[0m"实时连接断开" [3madapter[0m[2m=[0m"socketioxide" [3moutcome[0m[2m=[0m"failed" [3msession_id[0m[2m=[0m"s-3698d9833309" [3mdisconnect_reason[0m[2m=[0mThe connection was abruptly closed [3merror_code[0m[2m=[0m"socket_disconnect_abnormal"
[tracker] 2026-04-25T08:47:08.421Z update: 2d5757303230382d564f594651326c6753477054
[tracker] 2026-04-25T08:47:09.332Z update: 2d5757303230382d5777657347504e6f4c4f4459
[tracker] 2026-04-25T08:47:11.059Z update: 2d5757303230382d564f594651326c6753477054
[tracker] 2026-04-25T08:47:13.555Z update: 2d5757303230382d5777657347504e6f4c4f4459
[tracker] 2026-04-25T08:47:14.869Z update: 2d5757303230382d5777657347504e6f4c4f4459
[tracker] 2026-04-25T08:47:14.913Z update: 2d5757303230382d564f594651326c6753477054
[tracker] 2026-04-25T08:47:15.817Z update: 2d5757303230382d503366656a51793338305944
[tracker] 2026-04-25T08:47:16.627Z update: 2d5757303230382d5777657347504e6f4c4f4459
[tracker] 2026-04-25T08:47:17.509Z update: 2d5757303230382d503366656a51793338305944
[tracker] 2026-04-25T08:47:18.951Z update: 2d5757303230382d564f594651326c6753477054
[tracker] 2026-04-25T08:47:22.139Z update: 2d5757303230382d564f594651326c6753477054
[tracker] 2026-04-25T08:47:22.260Z update: 2d5757303230382d503366656a51793338305944
[tracker] 2026-04-25T08:47:22.517Z update: 2d5757303230382d5777657347504e6f4c4f4459
[tracker] 2026-04-25T08:47:23.783Z update: 2d5757303230382d5777657347504e6f4c4f4459
[tracker] 2026-04-25T08:47:23.785Z update: 2d5757303230382d5777657347504e6f4c4f4459
[tracker] 2026-04-25T08:47:23.787Z update: 2d5757303230382d5777657347504e6f4c4f4459
[tracker] 2026-04-25T08:47:23.887Z update: 2d5757303230382d564f594651326c6753477054
[tracker] 2026-04-25T08:47:23.892Z update: 2d5757303230382d564f594651326c6753477054
[tracker] 2026-04-25T08:47:24.109Z update: 2d5757303230382d503366656a51793338305944
[tracker] 2026-04-25T08:47:24.615Z update: 2d5757303230382d5777657347504e6f4c4f4459
[tracker] 2026-04-25T08:47:24.622Z update: 2d5757303230382d5777657347504e6f4c4f4459
[tracker] 2026-04-25T08:47:24.623Z update: 2d5757303230382d5777657347504e6f4c4f4459
[tracker] 2026-04-25T08:47:24.670Z update: 2d5757303230382d5777657347504e6f4c4f4459
[tracker] 2026-04-25T08:47:24.672Z update: 2d5757303230382d5777657347504e6f4c4f4459
[tracker] 2026-04-25T08:47:24.701Z update: 2d5757303230382d564f594651326c6753477054
[tracker] 2026-04-25T08:47:24.741Z update: 2d5757303230382d564f594651326c6753477054
[tracker] 2026-04-25T08:47:24.855Z update: 2d5757303230382d503366656a51793338305944
[tracker] 2026-04-25T08:47:24.858Z update: 2d5757303230382d503366656a51793338305944
[tracker] 2026-04-25T08:47:27.534Z update: 2d5757303230382d5777657347504e6f4c4f4459
[tracker] 2026-04-25T08:47:27.535Z update: 2d5757303230382d5777657347504e6f4c4f4459
[tracker] 2026-04-25T08:47:30.682Z update: 2d5757303230382d503366656a51793338305944
[tracker] 2026-04-25T08:47:32.614Z update: 2d5757303230382d503366656a51793338305944
[tracker] 2026-04-25T08:47:32.625Z update: 2d5757303230382d503366656a51793338305944
[tracker] 2026-04-25T08:47:33.442Z update: 2d5757303230382d564f594651326c6753477054
[tracker] 2026-04-25T08:47:36.044Z update: 2d5757303230382d503366656a51793338305944
[tracker] 2026-04-25T08:47:40.687Z update: 2d5757303230382d564f594651326c6753477054
[tracker] 2026-04-25T08:47:51.338Z update: 2d5757303230382d564f594651326c6753477054
[tracker] 2026-04-25T08:47:58.002Z update: 2d5757303230382d5777657347504e6f4c4f4459
[backend] [2m2026-04-25T16:48:23.2008619+08:00[0m [32m INFO[0m ThreadId(04) [2mkoko::shell::房间外壳[0m[2m:[0m HTTP 请求已受理 [3musecase[0m[2m=[0m"引导匿名身份" [3madapter[0m[2m=[0m"http" [3moutcome[0m[2m=[0m"accepted" [3mrequest_kind[0m[2m=[0m"匿名身份引导"
[backend] [2m2026-04-25T16:48:23.2247097+08:00[0m [32m INFO[0m ThreadId(12) [2mkoko::shell::房间外壳[0m[2m:[0m 引导匿名身份成功 [3musecase[0m[2m=[0m"引导匿名身份" [3madapter[0m[2m=[0m"http" [3moutcome[0m[2m=[0m"succeeded" [3mrequest_kind[0m[2m=[0m"匿名身份引导" [3msession_id[0m[2m=[0m"s-d9da65c9733d"
[backend] [2m2026-04-25T16:48:23.305755+08:00[0m [32m INFO[0m ThreadId(04) [2mkoko::shell::实时外壳[0m[2m:[0m realtime 连接认证已受理 [3musecase[0m[2m=[0m"实时连接认证" [3madapter[0m[2m=[0m"socketioxide" [3moutcome[0m[2m=[0m"accepted" [3msession_id[0m[2m=[0m"s-d9da65c9733d"
[backend] [2m2026-04-25T16:48:23.3088682+08:00[0m [32m INFO[0m ThreadId(12) [2mkoko::shell::实时外壳[0m[2m:[0m realtime 连接认证成功 [3musecase[0m[2m=[0m"实时连接认证" [3madapter[0m[2m=[0m"socketioxide" [3moutcome[0m[2m=[0m"succeeded" [3msession_id[0m[2m=[0m"s-d9da65c9733d"
[backend] [2m2026-04-25T16:48:30.0955026+08:00[0m [32m INFO[0m ThreadId(04) [2mkoko::shell::实时外壳[0m[2m:[0m realtime 订阅请求已受理 [3musecase[0m[2m=[0m"订阅房间事件流" [3madapter[0m[2m=[0m"socketioxide" [3moutcome[0m[2m=[0m"accepted" [3mroom_id[0m[2m=[0m"r-50793d744913" [3msession_id[0m[2m=[0m"s-61aba5a41cb7" [3mfrom[0m[2m=[0m8
[backend] [2m2026-04-25T16:48:30.124912+08:00[0m [32m INFO[0m ThreadId(10) [2mkoko::shell::实时外壳[0m[2m:[0m 订阅房间事件流成功 [3musecase[0m[2m=[0m"订阅房间事件流" [3madapter[0m[2m=[0m"socketioxide" [3moutcome[0m[2m=[0m"succeeded" [3mroom_id[0m[2m=[0m"r-50793d744913" [3msession_id[0m[2m=[0m"s-61aba5a41cb7" [3mfrom[0m[2m=[0m8 [3mevent_position[0m[2m=[0m9
[backend] [2m2026-04-25T16:48:33.8119725+08:00[0m [32m INFO[0m ThreadId(10) [2mkoko::shell::实时外壳[0m[2m:[0m realtime 连接已正常断开 [3musecase[0m[2m=[0m"实时连接断开" [3madapter[0m[2m=[0m"socketioxide" [3moutcome[0m[2m=[0m"dropped" [3msession_id[0m[2m=[0m"s-61aba5a41cb7" [3mdisconnect_reason[0m[2m=[0mclient has manually disconnected the socket from the namespace
[backend] [2m2026-04-25T16:48:34.4701645+08:00[0m [32m INFO[0m ThreadId(06) [2mkoko::shell::房间外壳[0m[2m:[0m HTTP 请求已受理 [3musecase[0m[2m=[0m"引导匿名身份" [3madapter[0m[2m=[0m"http" [3moutcome[0m[2m=[0m"accepted" [3mrequest_kind[0m[2m=[0m"匿名身份引导"
[backend] [2m2026-04-25T16:48:34.4742909+08:00[0m [32m INFO[0m ThreadId(04) [2mkoko::shell::房间外壳[0m[2m:[0m 引导匿名身份成功 [3musecase[0m[2m=[0m"引导匿名身份" [3madapter[0m[2m=[0m"http" [3moutcome[0m[2m=[0m"succeeded" [3mrequest_kind[0m[2m=[0m"匿名身份引导" [3msession_id[0m[2m=[0m"s-61aba5a41cb7"
[backend] [2m2026-04-25T16:48:34.5412577+08:00[0m [32m INFO[0m ThreadId(06) [2mkoko::shell::房间外壳[0m[2m:[0m HTTP 请求已受理 [3musecase[0m[2m=[0m"加载房间快照" [3madapter[0m[2m=[0m"http" [3moutcome[0m[2m=[0m"accepted" [3mrequest_kind[0m[2m=[0m"房间快照查询" [3mroom_id[0m[2m=[0m"r-50793d744913" [3msession_id[0m[2m=[0m"s-61aba5a41cb7"
[backend] [2m2026-04-25T16:48:34.5679772+08:00[0m [32m INFO[0m ThreadId(06) [2mkoko::shell::房间外壳[0m[2m:[0m 加载房间快照成功 [3musecase[0m[2m=[0m"加载房间快照" [3madapter[0m[2m=[0m"http" [3moutcome[0m[2m=[0m"succeeded" [3mrequest_kind[0m[2m=[0m"房间快照查询" [3mroom_id[0m[2m=[0m"r-50793d744913" [3msession_id[0m[2m=[0m"s-61aba5a41cb7" [3mevent_position[0m[2m=[0m9
[backend] [2m2026-04-25T16:48:34.7190403+08:00[0m [32m INFO[0m ThreadId(04) [2mkoko::shell::实时外壳[0m[2m:[0m realtime 连接认证已受理 [3musecase[0m[2m=[0m"实时连接认证" [3madapter[0m[2m=[0m"socketioxide" [3moutcome[0m[2m=[0m"accepted" [3msession_id[0m[2m=[0m"s-61aba5a41cb7"
[backend] [2m2026-04-25T16:48:34.7205486+08:00[0m [32m INFO[0m ThreadId(10) [2mkoko::shell::实时外壳[0m[2m:[0m realtime 连接认证成功 [3musecase[0m[2m=[0m"实时连接认证" [3madapter[0m[2m=[0m"socketioxide" [3moutcome[0m[2m=[0m"succeeded" [3msession_id[0m[2m=[0m"s-61aba5a41cb7"
[backend] [2m2026-04-25T16:48:34.9238703+08:00[0m [32m INFO[0m ThreadId(10) [2mkoko::shell::实时外壳[0m[2m:[0m realtime 订阅请求已受理 [3musecase[0m[2m=[0m"订阅房间事件流" [3madapter[0m[2m=[0m"socketioxide" [3moutcome[0m[2m=[0m"accepted" [3mroom_id[0m[2m=[0m"r-50793d744913" [3msession_id[0m[2m=[0m"s-61aba5a41cb7" [3mfrom[0m[2m=[0m9
[backend] [2m2026-04-25T16:48:34.9239191+08:00[0m [32m INFO[0m ThreadId(04) [2mkoko::shell::实时外壳[0m[2m:[0m realtime 订阅请求已受理 [3musecase[0m[2m=[0m"订阅房间事件流" [3madapter[0m[2m=[0m"socketioxide" [3moutcome[0m[2m=[0m"accepted" [3mroom_id[0m[2m=[0m"r-50793d744913" [3msession_id[0m[2m=[0m"s-61aba5a41cb7" [3mfrom[0m[2m=[0m9
[backend] [2m2026-04-25T16:48:34.9357557+08:00[0m [32m INFO[0m ThreadId(06) [2mkoko::shell::实时外壳[0m[2m:[0m 订阅房间事件流成功 [3musecase[0m[2m=[0m"订阅房间事件流" [3madapter[0m[2m=[0m"socketioxide" [3moutcome[0m[2m=[0m"succeeded" [3mroom_id[0m[2m=[0m"r-50793d744913" [3msession_id[0m[2m=[0m"s-61aba5a41cb7" [3mfrom[0m[2m=[0m9 [3mevent_position[0m[2m=[0m9
[backend] [2m2026-04-25T16:48:34.9360987+08:00[0m [32m INFO[0m ThreadId(12) [2mkoko::shell::实时外壳[0m[2m:[0m 订阅房间事件流成功 [3musecase[0m[2m=[0m"订阅房间事件流" [3madapter[0m[2m=[0m"socketioxide" [3moutcome[0m[2m=[0m"succeeded" [3mroom_id[0m[2m=[0m"r-50793d744913" [3msession_id[0m[2m=[0m"s-61aba5a41cb7" [3mfrom[0m[2m=[0m9 [3mevent_position[0m[2m=[0m9
[backend] [2m2026-04-25T16:48:35.7823237+08:00[0m [32m INFO[0m ThreadId(10) [2mkoko::shell::实时外壳[0m[2m:[0m realtime 连接已正常断开 [3musecase[0m[2m=[0m"实时连接断开" [3madapter[0m[2m=[0m"socketioxide" [3moutcome[0m[2m=[0m"dropped" [3msession_id[0m[2m=[0m"s-61aba5a41cb7" [3mdisconnect_reason[0m[2m=[0mclient has manually disconnected the socket from the namespace
[backend] [2m2026-04-25T16:48:36.4424815+08:00[0m [32m INFO[0m ThreadId(06) [2mkoko::shell::房间外壳[0m[2m:[0m HTTP 请求已受理 [3musecase[0m[2m=[0m"引导匿名身份" [3madapter[0m[2m=[0m"http" [3moutcome[0m[2m=[0m"accepted" [3mrequest_kind[0m[2m=[0m"匿名身份引导"
[backend] [2m2026-04-25T16:48:36.4466019+08:00[0m [32m INFO[0m ThreadId(11) [2mkoko::shell::房间外壳[0m[2m:[0m 引导匿名身份成功 [3musecase[0m[2m=[0m"引导匿名身份" [3madapter[0m[2m=[0m"http" [3moutcome[0m[2m=[0m"succeeded" [3mrequest_kind[0m[2m=[0m"匿名身份引导" [3msession_id[0m[2m=[0m"s-61aba5a41cb7"
[backend] [2m2026-04-25T16:48:36.5178403+08:00[0m [32m INFO[0m ThreadId(10) [2mkoko::shell::房间外壳[0m[2m:[0m HTTP 请求已受理 [3musecase[0m[2m=[0m"加载房间快照" [3madapter[0m[2m=[0m"http" [3moutcome[0m[2m=[0m"accepted" [3mrequest_kind[0m[2m=[0m"房间快照查询" [3mroom_id[0m[2m=[0m"r-50793d744913" [3msession_id[0m[2m=[0m"s-61aba5a41cb7"
[backend] [2m2026-04-25T16:48:36.5471836+08:00[0m [32m INFO[0m ThreadId(11) [2mkoko::shell::房间外壳[0m[2m:[0m 加载房间快照成功 [3musecase[0m[2m=[0m"加载房间快照" [3madapter[0m[2m=[0m"http" [3moutcome[0m[2m=[0m"succeeded" [3mrequest_kind[0m[2m=[0m"房间快照查询" [3mroom_id[0m[2m=[0m"r-50793d744913" [3msession_id[0m[2m=[0m"s-61aba5a41cb7" [3mevent_position[0m[2m=[0m9
[backend] [2m2026-04-25T16:48:36.7388696+08:00[0m [32m INFO[0m ThreadId(06) [2mkoko::shell::实时外壳[0m[2m:[0m realtime 连接认证已受理 [3musecase[0m[2m=[0m"实时连接认证" [3madapter[0m[2m=[0m"socketioxide" [3moutcome[0m[2m=[0m"accepted" [3msession_id[0m[2m=[0m"s-61aba5a41cb7"
[backend] [2m2026-04-25T16:48:36.7407+08:00[0m [32m INFO[0m ThreadId(10) [2mkoko::shell::实时外壳[0m[2m:[0m realtime 连接认证成功 [3musecase[0m[2m=[0m"实时连接认证" [3madapter[0m[2m=[0m"socketioxide" [3moutcome[0m[2m=[0m"succeeded" [3msession_id[0m[2m=[0m"s-61aba5a41cb7"
[backend] [2m2026-04-25T16:48:36.9297117+08:00[0m [32m INFO[0m ThreadId(04) [2mkoko::shell::实时外壳[0m[2m:[0m realtime 订阅请求已受理 [3musecase[0m[2m=[0m"订阅房间事件流" [3madapter[0m[2m=[0m"socketioxide" [3moutcome[0m[2m=[0m"accepted" [3mroom_id[0m[2m=[0m"r-50793d744913" [3msession_id[0m[2m=[0m"s-61aba5a41cb7" [3mfrom[0m[2m=[0m9
[backend] [2m2026-04-25T16:48:36.932889+08:00[0m [32m INFO[0m ThreadId(06) [2mkoko::shell::实时外壳[0m[2m:[0m realtime 订阅请求已受理 [3musecase[0m[2m=[0m"订阅房间事件流" [3madapter[0m[2m=[0m"socketioxide" [3moutcome[0m[2m=[0m"accepted" [3mroom_id[0m[2m=[0m"r-50793d744913" [3msession_id[0m[2m=[0m"s-61aba5a41cb7" [3mfrom[0m[2m=[0m9
[backend] [2m2026-04-25T16:48:36.9579775+08:00[0m [32m INFO[0m ThreadId(03) [2mkoko::shell::实时外壳[0m[2m:[0m 订阅房间事件流成功 [3musecase[0m[2m=[0m"订阅房间事件流" [3madapter[0m[2m=[0m"socketioxide" [3moutcome[0m[2m=[0m"succeeded" [3mroom_id[0m[2m=[0m"r-50793d744913" [3msession_id[0m[2m=[0m"s-61aba5a41cb7" [3mfrom[0m[2m=[0m9 [3mevent_position[0m[2m=[0m9
[backend] [2m2026-04-25T16:48:36.9579776+08:00[0m [32m INFO[0m ThreadId(06) [2mkoko::shell::实时外壳[0m[2m:[0m 订阅房间事件流成功 [3musecase[0m[2m=[0m"订阅房间事件流" [3madapter[0m[2m=[0m"socketioxide" [3moutcome[0m[2m=[0m"succeeded" [3mroom_id[0m[2m=[0m"r-50793d744913" [3msession_id[0m[2m=[0m"s-61aba5a41cb7" [3mfrom[0m[2m=[0m9 [3mevent_position[0m[2m=[0m9
[tracker] 2026-04-25T08:48:38.193Z complete: 2d5757303230382d4a70656647787650454d4673
[tracker] 2026-04-25T08:48:38.194Z complete: 2d5757303230382d4a70656647787650454d4673
[tracker] 2026-04-25T08:48:38.199Z complete: 2d5757303230382d4a70656647787650454d4673
[tracker] 2026-04-25T08:48:38.359Z complete: 2d5757303230382d4a70656647787650454d4673
[tracker] 2026-04-25T08:48:38.376Z complete: 2d5757303230382d4a70656647787650454d4673
[tracker] 2026-04-25T08:48:38.678Z complete: 2d5757303230382d4a70656647787650454d4673
[tracker] 2026-04-25T08:48:38.700Z start: 2d5757303230382d4a70656647787650454d4673
[tracker] 2026-04-25T08:48:38.702Z start: 2d5757303230382d4a70656647787650454d4673
[tracker] 2026-04-25T08:48:38.725Z start: 2d5757303230382d4a70656647787650454d4673
[tracker] 2026-04-25T08:48:38.727Z start: 2d5757303230382d4a70656647787650454d4673
[tracker] 2026-04-25T08:48:38.781Z start: 2d5757303230382d4a70656647787650454d4673
[tracker] 2026-04-25T08:48:38.839Z update: 2d5757303230382d564f594651326c6753477054
[tracker] 2026-04-25T08:48:38.891Z update: 2d5757303230382d564f594651326c6753477054
[tracker] 2026-04-25T08:48:38.899Z update: 2d5757303230382d564f594651326c6753477054
[tracker] 2026-04-25T08:48:38.900Z update: 2d5757303230382d564f594651326c6753477054
[tracker] 2026-04-25T08:48:38.934Z update: 2d5757303230382d564f594651326c6753477054
[tracker] 2026-04-25T08:48:38.954Z complete: 2d5757303230382d4a70656647787650454d4673
[tracker] 2026-04-25T08:48:39.105Z start: 2d5757303230382d4a70656647787650454d4673
[tracker] 2026-04-25T08:48:39.242Z start: 2d5757303230382d4a70656647787650454d4673
[tracker] 2026-04-25T08:48:39.282Z complete: 2d5757303230382d4a70656647787650454d4673
[tracker] 2026-04-25T08:48:39.296Z update: 2d5757303230382d564f594651326c6753477054
[tracker] 2026-04-25T08:48:39.298Z update: 2d5757303230382d564f594651326c6753477054
[tracker] 2026-04-25T08:48:39.597Z start: 2d5757303230382d4a70656647787650454d4673
[tracker] 2026-04-25T08:48:39.616Z update: 2d5757303230382d564f594651326c6753477054
[tracker] 2026-04-25T08:48:43.758Z update: 2d5757303230382d5777657347504e6f4c4f4459
[tracker] 2026-04-25T08:48:43.759Z update: 2d5757303230382d5777657347504e6f4c4f4459
[tracker] 2026-04-25T08:48:43.759Z update: 2d5757303230382d5777657347504e6f4c4f4459
[tracker] 2026-04-25T08:48:43.760Z update: 2d5757303230382d5777657347504e6f4c4f4459
[tracker] 2026-04-25T08:48:43.804Z update: 2d5757303230382d5777657347504e6f4c4f4459
[tracker] 2026-04-25T08:48:44.133Z update: 2d5757303230382d5777657347504e6f4c4f4459
[tracker] 2026-04-25T08:48:44.255Z update: 2d5757303230382d5777657347504e6f4c4f4459
[tracker] 2026-04-25T08:48:44.611Z update: 2d5757303230382d5777657347504e6f4c4f4459
[tracker] 2026-04-25T08:48:58.724Z update: 2d5757303230382d564f594651326c6753477054
[backend] [2m2026-04-25T16:49:03.1389465+08:00[0m [32m INFO[0m ThreadId(04) [2mkoko::shell::房间外壳[0m[2m:[0m HTTP 请求已受理 [3musecase[0m[2m=[0m"按短码进房或建房" [3madapter[0m[2m=[0m"http" [3moutcome[0m[2m=[0m"accepted" [3mrequest_kind[0m[2m=[0m"短码进房或建房" [3msession_id[0m[2m=[0m"s-d9da65c9733d"
[backend] [2m2026-04-25T16:49:03.1606244+08:00[0m [32m INFO[0m ThreadId(04) [2mkoko::shell::房间外壳[0m[2m:[0m 按短码进房或建房成功 [3musecase[0m[2m=[0m"按短码进房或建房" [3madapter[0m[2m=[0m"http" [3moutcome[0m[2m=[0m"succeeded" [3mrequest_kind[0m[2m=[0m"短码进房或建房" [3msession_id[0m[2m=[0m"s-d9da65c9733d" [3mroom_id[0m[2m=[0m"r-50793d744913" [3mevent_position[0m[2m=[0m9
[backend] [2m2026-04-25T16:49:03.1722013+08:00[0m [32m INFO[0m ThreadId(03) [2mkoko::shell::实时外壳[0m[2m:[0m realtime 订阅请求已受理 [3musecase[0m[2m=[0m"订阅房间事件流" [3madapter[0m[2m=[0m"socketioxide" [3moutcome[0m[2m=[0m"accepted" [3mroom_id[0m[2m=[0m"r-50793d744913" [3msession_id[0m[2m=[0m"s-d9da65c9733d" [3mfrom[0m[2m=[0m9
[backend] [2m2026-04-25T16:49:03.177848+08:00[0m [32m INFO[0m ThreadId(06) [2mkoko::shell::实时外壳[0m[2m:[0m 订阅房间事件流成功 [3musecase[0m[2m=[0m"订阅房间事件流" [3madapter[0m[2m=[0m"socketioxide" [3moutcome[0m[2m=[0m"succeeded" [3mroom_id[0m[2m=[0m"r-50793d744913" [3msession_id[0m[2m=[0m"s-d9da65c9733d" [3mfrom[0m[2m=[0m9 [3mevent_position[0m[2m=[0m9
[backend] [2m2026-04-25T16:49:03.6912569+08:00[0m [32m INFO[0m ThreadId(11) [2mkoko::shell::媒体资产外壳[0m[2m:[0m HTTP 请求已受理 [3musecase[0m[2m=[0m"读取附件内容" [3madapter[0m[2m=[0m"http" [3moutcome[0m[2m=[0m"accepted" [3mrequest_kind[0m[2m=[0m"附件内容读取" [3mattachment_id[0m[2m=[0m"att-e1deded9fc9b" [3msession_id[0m[2m=[0m"s-d9da65c9733d"
[backend] [2m2026-04-25T16:49:03.7233932+08:00[0m [32m INFO[0m ThreadId(11) [2mkoko::shell::媒体资产外壳[0m[2m:[0m 读取附件内容成功 [3musecase[0m[2m=[0m"读取附件内容" [3madapter[0m[2m=[0m"http" [3moutcome[0m[2m=[0m"succeeded" [3mrequest_kind[0m[2m=[0m"附件内容读取" [3mattachment_id[0m[2m=[0m"att-e1deded9fc9b" [3msession_id[0m[2m=[0m"s-d9da65c9733d"
[backend] [2m2026-04-25T16:49:03.7433989+08:00[0m [32m INFO[0m ThreadId(03) [2mkoko::shell::房间外壳[0m[2m:[0m HTTP 请求已受理 [3musecase[0m[2m=[0m"推进房间阅读位置" [3madapter[0m[2m=[0m"http" [3moutcome[0m[2m=[0m"accepted" [3mrequest_kind[0m[2m=[0m"房间阅读位置推进" [3mroom_id[0m[2m=[0m"r-50793d744913" [3msession_id[0m[2m=[0m"s-d9da65c9733d" [3mevent_position[0m[2m=[0m9
[backend] [2m2026-04-25T16:49:03.756231+08:00[0m [32m INFO[0m ThreadId(11) [2mkoko::shell::房间外壳[0m[2m:[0m 推进房间阅读位置成功 [3musecase[0m[2m=[0m"推进房间阅读位置" [3madapter[0m[2m=[0m"http" [3moutcome[0m[2m=[0m"succeeded" [3mrequest_kind[0m[2m=[0m"房间阅读位置推进" [3mroom_id[0m[2m=[0m"r-50793d744913" [3msession_id[0m[2m=[0m"s-d9da65c9733d" [3mevent_position[0m[2m=[0m9
[backend] [2m2026-04-25T16:49:03.9488146+08:00[0m [32m INFO[0m ThreadId(12) [2mkoko::shell::媒体资产外壳[0m[2m:[0m HTTP 请求已受理 [3musecase[0m[2m=[0m"读取附件内容" [3madapter[0m[2m=[0m"http" [3moutcome[0m[2m=[0m"accepted" [3mrequest_kind[0m[2m=[0m"附件内容读取" [3mattachment_id[0m[2m=[0m"att-e1deded9fc9b" [3msession_id[0m[2m=[0m"s-d9da65c9733d"
[backend] [2m2026-04-25T16:49:03.9535342+08:00[0m [32m INFO[0m ThreadId(12) [2mkoko::shell::媒体资产外壳[0m[2m:[0m HTTP 请求已受理 [3musecase[0m[2m=[0m"读取附件内容" [3madapter[0m[2m=[0m"http" [3moutcome[0m[2m=[0m"accepted" [3mrequest_kind[0m[2m=[0m"附件内容读取" [3mattachment_id[0m[2m=[0m"att-10b60d10c9e1" [3msession_id[0m[2m=[0m"s-d9da65c9733d"
[backend] [2m2026-04-25T16:49:03.9548848+08:00[0m [32m INFO[0m ThreadId(11) [2mkoko::shell::媒体资产外壳[0m[2m:[0m HTTP 请求已受理 [3musecase[0m[2m=[0m"读取附件内容" [3madapter[0m[2m=[0m"http" [3moutcome[0m[2m=[0m"accepted" [3mrequest_kind[0m[2m=[0m"附件内容读取" [3mattachment_id[0m[2m=[0m"att-e1deded9fc9b" [3msession_id[0m[2m=[0m"s-d9da65c9733d"
[backend] [2m2026-04-25T16:49:03.9548789+08:00[0m [32m INFO[0m ThreadId(12) [2mkoko::shell::媒体资产外壳[0m[2m:[0m HTTP 请求已受理 [3musecase[0m[2m=[0m"读取附件内容" [3madapter[0m[2m=[0m"http" [3moutcome[0m[2m=[0m"accepted" [3mrequest_kind[0m[2m=[0m"附件内容读取" [3mattachment_id[0m[2m=[0m"att-9f6a9ebb48a6" [3msession_id[0m[2m=[0m"s-d9da65c9733d"
[backend] [2m2026-04-25T16:49:03.9572772+08:00[0m [32m INFO[0m ThreadId(11) [2mkoko::shell::媒体资产外壳[0m[2m:[0m HTTP 请求已受理 [3musecase[0m[2m=[0m"读取附件内容" [3madapter[0m[2m=[0m"http" [3moutcome[0m[2m=[0m"accepted" [3mrequest_kind[0m[2m=[0m"附件内容读取" [3mattachment_id[0m[2m=[0m"att-9ea1bd13ba13" [3msession_id[0m[2m=[0m"s-d9da65c9733d"
[backend] [2m2026-04-25T16:49:03.9591706+08:00[0m [32m INFO[0m ThreadId(03) [2mkoko::shell::媒体资产外壳[0m[2m:[0m HTTP 请求已受理 [3musecase[0m[2m=[0m"读取附件内容" [3madapter[0m[2m=[0m"http" [3moutcome[0m[2m=[0m"accepted" [3mrequest_kind[0m[2m=[0m"附件内容读取" [3mattachment_id[0m[2m=[0m"att-e35bd47b6508" [3msession_id[0m[2m=[0m"s-d9da65c9733d"
[backend] [2m2026-04-25T16:49:03.9638279+08:00[0m [32m INFO[0m ThreadId(03) [2mkoko::shell::媒体资产外壳[0m[2m:[0m 读取附件内容成功 [3musecase[0m[2m=[0m"读取附件内容" [3madapter[0m[2m=[0m"http" [3moutcome[0m[2m=[0m"succeeded" [3mrequest_kind[0m[2m=[0m"附件内容读取" [3mattachment_id[0m[2m=[0m"att-10b60d10c9e1" [3msession_id[0m[2m=[0m"s-d9da65c9733d"
[backend] [2m2026-04-25T16:49:03.9638537+08:00[0m [32m INFO[0m ThreadId(12) [2mkoko::shell::媒体资产外壳[0m[2m:[0m 读取附件内容成功 [3musecase[0m[2m=[0m"读取附件内容" [3madapter[0m[2m=[0m"http" [3moutcome[0m[2m=[0m"succeeded" [3mrequest_kind[0m[2m=[0m"附件内容读取" [3mattachment_id[0m[2m=[0m"att-9f6a9ebb48a6" [3msession_id[0m[2m=[0m"s-d9da65c9733d"
[backend] [2m2026-04-25T16:49:03.9657354+08:00[0m [32m INFO[0m ThreadId(12) [2mkoko::shell::媒体资产外壳[0m[2m:[0m 读取附件内容成功 [3musecase[0m[2m=[0m"读取附件内容" [3madapter[0m[2m=[0m"http" [3moutcome[0m[2m=[0m"succeeded" [3mrequest_kind[0m[2m=[0m"附件内容读取" [3mattachment_id[0m[2m=[0m"att-e35bd47b6508" [3msession_id[0m[2m=[0m"s-d9da65c9733d"
[backend] [2m2026-04-25T16:49:03.967713+08:00[0m [32m INFO[0m ThreadId(12) [2mkoko::shell::媒体资产外壳[0m[2m:[0m 读取附件内容成功 [3musecase[0m[2m=[0m"读取附件内容" [3madapter[0m[2m=[0m"http" [3moutcome[0m[2m=[0m"succeeded" [3mrequest_kind[0m[2m=[0m"附件内容读取" [3mattachment_id[0m[2m=[0m"att-9ea1bd13ba13" [3msession_id[0m[2m=[0m"s-d9da65c9733d"
[backend] [2m2026-04-25T16:49:03.9683522+08:00[0m [32m INFO[0m ThreadId(11) [2mkoko::shell::媒体资产外壳[0m[2m:[0m 读取附件内容成功 [3musecase[0m[2m=[0m"读取附件内容" [3madapter[0m[2m=[0m"http" [3moutcome[0m[2m=[0m"succeeded" [3mrequest_kind[0m[2m=[0m"附件内容读取" [3mattachment_id[0m[2m=[0m"att-e1deded9fc9b" [3msession_id[0m[2m=[0m"s-d9da65c9733d"
[backend] [2m2026-04-25T16:49:03.967799+08:00[0m [32m INFO[0m ThreadId(03) [2mkoko::shell::媒体资产外壳[0m[2m:[0m 读取附件内容成功 [3musecase[0m[2m=[0m"读取附件内容" [3madapter[0m[2m=[0m"http" [3moutcome[0m[2m=[0m"succeeded" [3mrequest_kind[0m[2m=[0m"附件内容读取" [3mattachment_id[0m[2m=[0m"att-e1deded9fc9b" [3msession_id[0m[2m=[0m"s-d9da65c9733d"
[backend] [2m2026-04-25T16:49:04.0574957+08:00[0m [32m INFO[0m ThreadId(04) [2mkoko::shell::媒体资产外壳[0m[2m:[0m HTTP 请求已受理 [3musecase[0m[2m=[0m"读取附件内容" [3madapter[0m[2m=[0m"http" [3moutcome[0m[2m=[0m"accepted" [3mrequest_kind[0m[2m=[0m"附件内容读取" [3mattachment_id[0m[2m=[0m"att-9117ebee3b15" [3msession_id[0m[2m=[0m"s-d9da65c9733d"
[backend] [2m2026-04-25T16:49:04.0676827+08:00[0m [32m INFO[0m ThreadId(03) [2mkoko::shell::媒体资产外壳[0m[2m:[0m 读取附件内容成功 [3musecase[0m[2m=[0m"读取附件内容" [3madapter[0m[2m=[0m"http" [3moutcome[0m[2m=[0m"succeeded" [3mrequest_kind[0m[2m=[0m"附件内容读取" [3mattachment_id[0m[2m=[0m"att-9117ebee3b15" [3msession_id[0m[2m=[0m"s-d9da65c9733d"
[backend] [2m2026-04-25T16:49:04.1051167+08:00[0m [32m INFO[0m ThreadId(12) [2mkoko::shell::媒体资产外壳[0m[2m:[0m HTTP 请求已受理 [3musecase[0m[2m=[0m"读取附件内容" [3madapter[0m[2m=[0m"http" [3moutcome[0m[2m=[0m"accepted" [3mrequest_kind[0m[2m=[0m"附件内容读取" [3mattachment_id[0m[2m=[0m"att-9117ebee3b15" [3msession_id[0m[2m=[0m"s-d9da65c9733d"
[backend] [2m2026-04-25T16:49:04.1065167+08:00[0m [32m INFO[0m ThreadId(12) [2mkoko::shell::媒体资产外壳[0m[2m:[0m HTTP 请求已受理 [3musecase[0m[2m=[0m"读取附件内容" [3madapter[0m[2m=[0m"http" [3moutcome[0m[2m=[0m"accepted" [3mrequest_kind[0m[2m=[0m"附件内容读取" [3mattachment_id[0m[2m=[0m"att-9117ebee3b15" [3msession_id[0m[2m=[0m"s-d9da65c9733d"
[backend] [2m2026-04-25T16:49:04.1109358+08:00[0m [32m INFO[0m ThreadId(03) [2mkoko::shell::媒体资产外壳[0m[2m:[0m HTTP 请求已受理 [3musecase[0m[2m=[0m"读取附件内容" [3madapter[0m[2m=[0m"http" [3moutcome[0m[2m=[0m"accepted" [3mrequest_kind[0m[2m=[0m"附件内容读取" [3mattachment_id[0m[2m=[0m"att-9f6a9ebb48a6" [3msession_id[0m[2m=[0m"s-d9da65c9733d"
[backend] [2m2026-04-25T16:49:04.112664+08:00[0m [32m INFO[0m ThreadId(12) [2mkoko::shell::媒体资产外壳[0m[2m:[0m HTTP 请求已受理 [3musecase[0m[2m=[0m"读取附件内容" [3madapter[0m[2m=[0m"http" [3moutcome[0m[2m=[0m"accepted" [3mrequest_kind[0m[2m=[0m"附件内容读取" [3mattachment_id[0m[2m=[0m"att-9f6a9ebb48a6" [3msession_id[0m[2m=[0m"s-d9da65c9733d"
[backend] [2m2026-04-25T16:49:04.115836+08:00[0m [32m INFO[0m ThreadId(03) [2mkoko::shell::媒体资产外壳[0m[2m:[0m HTTP 请求已受理 [3musecase[0m[2m=[0m"读取附件内容" [3madapter[0m[2m=[0m"http" [3moutcome[0m[2m=[0m"accepted" [3mrequest_kind[0m[2m=[0m"附件内容读取" [3mattachment_id[0m[2m=[0m"att-e35bd47b6508" [3msession_id[0m[2m=[0m"s-d9da65c9733d"
[backend] [2m2026-04-25T16:49:04.1183094+08:00[0m [32m INFO[0m ThreadId(05) [2mkoko::shell::媒体资产外壳[0m[2m:[0m HTTP 请求已受理 [3musecase[0m[2m=[0m"读取附件内容" [3madapter[0m[2m=[0m"http" [3moutcome[0m[2m=[0m"accepted" [3mrequest_kind[0m[2m=[0m"附件内容读取" [3mattachment_id[0m[2m=[0m"att-e35bd47b6508" [3msession_id[0m[2m=[0m"s-d9da65c9733d"
[backend] [2m2026-04-25T16:49:04.1220342+08:00[0m [32m INFO[0m ThreadId(11) [2mkoko::shell::媒体资产外壳[0m[2m:[0m HTTP 请求已受理 [3musecase[0m[2m=[0m"读取附件内容" [3madapter[0m[2m=[0m"http" [3moutcome[0m[2m=[0m"accepted" [3mrequest_kind[0m[2m=[0m"附件内容读取" [3mattachment_id[0m[2m=[0m"att-10b60d10c9e1" [3msession_id[0m[2m=[0m"s-d9da65c9733d"
[backend] [2m2026-04-25T16:49:04.1235195+08:00[0m [32m INFO[0m ThreadId(12) [2mkoko::shell::媒体资产外壳[0m[2m:[0m HTTP 请求已受理 [3musecase[0m[2m=[0m"读取附件内容" [3madapter[0m[2m=[0m"http" [3moutcome[0m[2m=[0m"accepted" [3mrequest_kind[0m[2m=[0m"附件内容读取" [3mattachment_id[0m[2m=[0m"att-10b60d10c9e1" [3msession_id[0m[2m=[0m"s-d9da65c9733d"
[backend] [2m2026-04-25T16:49:04.1250284+08:00[0m [32m INFO[0m ThreadId(11) [2mkoko::shell::媒体资产外壳[0m[2m:[0m HTTP 请求已受理 [3musecase[0m[2m=[0m"读取附件内容" [3madapter[0m[2m=[0m"http" [3moutcome[0m[2m=[0m"accepted" [3mrequest_kind[0m[2m=[0m"附件内容读取" [3mattachment_id[0m[2m=[0m"att-e1deded9fc9b" [3msession_id[0m[2m=[0m"s-d9da65c9733d"
[backend] [2m2026-04-25T16:49:04.1251485+08:00[0m [32m INFO[0m ThreadId(04) [2mkoko::shell::媒体资产外壳[0m[2m:[0m HTTP 请求已受理 [3musecase[0m[2m=[0m"读取附件内容" [3madapter[0m[2m=[0m"http" [3moutcome[0m[2m=[0m"accepted" [3mrequest_kind[0m[2m=[0m"附件内容读取" [3mattachment_id[0m[2m=[0m"att-5d2bc6f45393" [3msession_id[0m[2m=[0m"s-d9da65c9733d"
[backend] [2m2026-04-25T16:49:04.1254012+08:00[0m [32m INFO[0m ThreadId(12) [2mkoko::shell::媒体资产外壳[0m[2m:[0m HTTP 请求已受理 [3musecase[0m[2m=[0m"读取附件内容" [3madapter[0m[2m=[0m"http" [3moutcome[0m[2m=[0m"accepted" [3mrequest_kind[0m[2m=[0m"附件内容读取" [3mattachment_id[0m[2m=[0m"att-e1deded9fc9b" [3msession_id[0m[2m=[0m"s-d9da65c9733d"
[backend] [2m2026-04-25T16:49:04.1331623+08:00[0m [32m INFO[0m ThreadId(11) [2mkoko::shell::媒体资产外壳[0m[2m:[0m HTTP 请求已受理 [3musecase[0m[2m=[0m"读取附件内容" [3madapter[0m[2m=[0m"http" [3moutcome[0m[2m=[0m"accepted" [3mrequest_kind[0m[2m=[0m"附件内容读取" [3mattachment_id[0m[2m=[0m"att-e1deded9fc9b" [3msession_id[0m[2m=[0m"s-d9da65c9733d"
[backend] [2m2026-04-25T16:49:04.1331624+08:00[0m [32m INFO[0m ThreadId(03) [2mkoko::shell::媒体资产外壳[0m[2m:[0m HTTP 请求已受理 [3musecase[0m[2m=[0m"读取附件内容" [3madapter[0m[2m=[0m"http" [3moutcome[0m[2m=[0m"accepted" [3mrequest_kind[0m[2m=[0m"附件内容读取" [3mattachment_id[0m[2m=[0m"att-e1deded9fc9b" [3msession_id[0m[2m=[0m"s-d9da65c9733d"
[backend] [2m2026-04-25T16:49:04.1348581+08:00[0m [32m INFO[0m ThreadId(06) [2mkoko::shell::媒体资产外壳[0m[2m:[0m HTTP 请求已受理 [3musecase[0m[2m=[0m"读取附件内容" [3madapter[0m[2m=[0m"http" [3moutcome[0m[2m=[0m"accepted" [3mrequest_kind[0m[2m=[0m"附件内容读取" [3mattachment_id[0m[2m=[0m"att-9ea1bd13ba13" [3msession_id[0m[2m=[0m"s-d9da65c9733d"
[backend] [2m2026-04-25T16:49:04.1359178+08:00[0m [32m INFO[0m ThreadId(03) [2mkoko::shell::媒体资产外壳[0m[2m:[0m HTTP 请求已受理 [3musecase[0m[2m=[0m"读取附件内容" [3madapter[0m[2m=[0m"http" [3moutcome[0m[2m=[0m"accepted" [3mrequest_kind[0m[2m=[0m"附件内容读取" [3mattachment_id[0m[2m=[0m"att-9ea1bd13ba13" [3msession_id[0m[2m=[0m"s-d9da65c9733d"
[backend] [2m2026-04-25T16:49:04.1475124+08:00[0m [32m INFO[0m ThreadId(03) [2mkoko::shell::媒体资产外壳[0m[2m:[0m 读取附件内容成功 [3musecase[0m[2m=[0m"读取附件内容" [3madapter[0m[2m=[0m"http" [3moutcome[0m[2m=[0m"succeeded" [3mrequest_kind[0m[2m=[0m"附件内容读取" [3mattachment_id[0m[2m=[0m"att-9f6a9ebb48a6" [3msession_id[0m[2m=[0m"s-d9da65c9733d"
[backend] [2m2026-04-25T16:49:04.1475133+08:00[0m [32m INFO[0m ThreadId(06) [2mkoko::shell::媒体资产外壳[0m[2m:[0m 读取附件内容成功 [3musecase[0m[2m=[0m"读取附件内容" [3madapter[0m[2m=[0m"http" [3moutcome[0m[2m=[0m"succeeded" [3mrequest_kind[0m[2m=[0m"附件内容读取" [3mattachment_id[0m[2m=[0m"att-9f6a9ebb48a6" [3msession_id[0m[2m=[0m"s-d9da65c9733d"
[backend] [2m2026-04-25T16:49:04.1484276+08:00[0m [32m INFO[0m ThreadId(12) [2mkoko::shell::媒体资产外壳[0m[2m:[0m 读取附件内容成功 [3musecase[0m[2m=[0m"读取附件内容" [3madapter[0m[2m=[0m"http" [3moutcome[0m[2m=[0m"succeeded" [3mrequest_kind[0m[2m=[0m"附件内容读取" [3mattachment_id[0m[2m=[0m"att-9117ebee3b15" [3msession_id[0m[2m=[0m"s-d9da65c9733d"
[backend] [2m2026-04-25T16:49:04.1484783+08:00[0m [32m INFO[0m ThreadId(05) [2mkoko::shell::媒体资产外壳[0m[2m:[0m 读取附件内容成功 [3musecase[0m[2m=[0m"读取附件内容" [3madapter[0m[2m=[0m"http" [3moutcome[0m[2m=[0m"succeeded" [3mrequest_kind[0m[2m=[0m"附件内容读取" [3mattachment_id[0m[2m=[0m"att-9117ebee3b15" [3msession_id[0m[2m=[0m"s-d9da65c9733d"
[backend] [2m2026-04-25T16:49:04.1517095+08:00[0m [32m INFO[0m ThreadId(12) [2mkoko::shell::媒体资产外壳[0m[2m:[0m 读取附件内容成功 [3musecase[0m[2m=[0m"读取附件内容" [3madapter[0m[2m=[0m"http" [3moutcome[0m[2m=[0m"succeeded" [3mrequest_kind[0m[2m=[0m"附件内容读取" [3mattachment_id[0m[2m=[0m"att-e35bd47b6508" [3msession_id[0m[2m=[0m"s-d9da65c9733d"
[backend] [2m2026-04-25T16:49:04.1517097+08:00[0m [32m INFO[0m ThreadId(03) [2mkoko::shell::媒体资产外壳[0m[2m:[0m 读取附件内容成功 [3musecase[0m[2m=[0m"读取附件内容" [3madapter[0m[2m=[0m"http" [3moutcome[0m[2m=[0m"succeeded" [3mrequest_kind[0m[2m=[0m"附件内容读取" [3mattachment_id[0m[2m=[0m"att-e35bd47b6508" [3msession_id[0m[2m=[0m"s-d9da65c9733d"
[backend] [2m2026-04-25T16:49:04.1558719+08:00[0m [32m INFO[0m ThreadId(12) [2mkoko::shell::媒体资产外壳[0m[2m:[0m 读取附件内容成功 [3musecase[0m[2m=[0m"读取附件内容" [3madapter[0m[2m=[0m"http" [3moutcome[0m[2m=[0m"succeeded" [3mrequest_kind[0m[2m=[0m"附件内容读取" [3mattachment_id[0m[2m=[0m"att-e1deded9fc9b" [3msession_id[0m[2m=[0m"s-d9da65c9733d"
[backend] [2m2026-04-25T16:49:04.1558719+08:00[0m [32m INFO[0m ThreadId(03) [2mkoko::shell::媒体资产外壳[0m[2m:[0m 读取附件内容成功 [3musecase[0m[2m=[0m"读取附件内容" [3madapter[0m[2m=[0m"http" [3moutcome[0m[2m=[0m"succeeded" [3mrequest_kind[0m[2m=[0m"附件内容读取" [3mattachment_id[0m[2m=[0m"att-e1deded9fc9b" [3msession_id[0m[2m=[0m"s-d9da65c9733d"
[backend] [2m2026-04-25T16:49:04.1560948+08:00[0m [32m INFO[0m ThreadId(11) [2mkoko::shell::媒体资产外壳[0m[2m:[0m 读取附件内容成功 [3musecase[0m[2m=[0m"读取附件内容" [3madapter[0m[2m=[0m"http" [3moutcome[0m[2m=[0m"succeeded" [3mrequest_kind[0m[2m=[0m"附件内容读取" [3mattachment_id[0m[2m=[0m"att-10b60d10c9e1" [3msession_id[0m[2m=[0m"s-d9da65c9733d"
[backend] [2m2026-04-25T16:49:04.1561481+08:00[0m [32m INFO[0m ThreadId(04) [2mkoko::shell::媒体资产外壳[0m[2m:[0m 读取附件内容成功 [3musecase[0m[2m=[0m"读取附件内容" [3madapter[0m[2m=[0m"http" [3moutcome[0m[2m=[0m"succeeded" [3mrequest_kind[0m[2m=[0m"附件内容读取" [3mattachment_id[0m[2m=[0m"att-10b60d10c9e1" [3msession_id[0m[2m=[0m"s-d9da65c9733d"
[backend] [2m2026-04-25T16:49:04.1584365+08:00[0m [32m INFO[0m ThreadId(12) [2mkoko::shell::媒体资产外壳[0m[2m:[0m 读取附件内容成功 [3musecase[0m[2m=[0m"读取附件内容" [3madapter[0m[2m=[0m"http" [3moutcome[0m[2m=[0m"succeeded" [3mrequest_kind[0m[2m=[0m"附件内容读取" [3mattachment_id[0m[2m=[0m"att-9ea1bd13ba13" [3msession_id[0m[2m=[0m"s-d9da65c9733d"
[backend] [2m2026-04-25T16:49:04.1585445+08:00[0m [32m INFO[0m ThreadId(03) [2mkoko::shell::媒体资产外壳[0m[2m:[0m 读取附件内容成功 [3musecase[0m[2m=[0m"读取附件内容" [3madapter[0m[2m=[0m"http" [3moutcome[0m[2m=[0m"succeeded" [3mrequest_kind[0m[2m=[0m"附件内容读取" [3mattachment_id[0m[2m=[0m"att-5d2bc6f45393" [3msession_id[0m[2m=[0m"s-d9da65c9733d"
[backend] [2m2026-04-25T16:49:04.1587184+08:00[0m [32m INFO[0m ThreadId(11) [2mkoko::shell::媒体资产外壳[0m[2m:[0m 读取附件内容成功 [3musecase[0m[2m=[0m"读取附件内容" [3madapter[0m[2m=[0m"http" [3moutcome[0m[2m=[0m"succeeded" [3mrequest_kind[0m[2m=[0m"附件内容读取" [3mattachment_id[0m[2m=[0m"att-9ea1bd13ba13" [3msession_id[0m[2m=[0m"s-d9da65c9733d"
[backend] [2m2026-04-25T16:49:04.1658198+08:00[0m [32m INFO[0m ThreadId(11) [2mkoko::shell::媒体资产外壳[0m[2m:[0m 读取附件内容成功 [3musecase[0m[2m=[0m"读取附件内容" [3madapter[0m[2m=[0m"http" [3moutcome[0m[2m=[0m"succeeded" [3mrequest_kind[0m[2m=[0m"附件内容读取" [3mattachment_id[0m[2m=[0m"att-e1deded9fc9b" [3msession_id[0m[2m=[0m"s-d9da65c9733d"
[backend] [2m2026-04-25T16:49:04.1674987+08:00[0m [32m INFO[0m ThreadId(11) [2mkoko::shell::媒体资产外壳[0m[2m:[0m 读取附件内容成功 [3musecase[0m[2m=[0m"读取附件内容" [3madapter[0m[2m=[0m"http" [3moutcome[0m[2m=[0m"succeeded" [3mrequest_kind[0m[2m=[0m"附件内容读取" [3mattachment_id[0m[2m=[0m"att-e1deded9fc9b" [3msession_id[0m[2m=[0m"s-d9da65c9733d"
[tracker] 2026-04-25T08:49:04.183Z start: 2d5757303230382d6d773678644b6b52416c3559
[tracker] 2026-04-25T08:49:04.185Z start: 2d5757303230382d6d773678644b6b52416c3559
[tracker] 2026-04-25T08:49:04.187Z start: 2d5757303230382d6d773678644b6b52416c3559
[tracker] 2026-04-25T08:49:04.188Z start: 2d5757303230382d6d773678644b6b52416c3559
[tracker] 2026-04-25T08:49:04.212Z update: 2d5757303230382d4a70656647787650454d4673
[tracker] 2026-04-25T08:49:04.217Z update: 2d5757303230382d4a70656647787650454d4673
[tracker] 2026-04-25T08:49:04.218Z update: 2d5757303230382d4a70656647787650454d4673
[tracker] 2026-04-25T08:49:04.219Z update: 2d5757303230382d4a70656647787650454d4673
[tracker] 2026-04-25T08:49:04.336Z start: 2d5757303230382d6d773678644b6b52416c3559
[tracker] 2026-04-25T08:49:04.350Z update: 2d5757303230382d4a70656647787650454d4673
[tracker] 2026-04-25T08:49:04.385Z update: 2d5757303230382d564f594651326c6753477054
[tracker] 2026-04-25T08:49:04.386Z update: 2d5757303230382d564f594651326c6753477054
[tracker] 2026-04-25T08:49:04.388Z update: 2d5757303230382d564f594651326c6753477054
[tracker] 2026-04-25T08:49:04.390Z update: 2d5757303230382d564f594651326c6753477054
[tracker] 2026-04-25T08:49:04.391Z update: 2d5757303230382d564f594651326c6753477054
[tracker] 2026-04-25T08:49:04.416Z start: 2d5757303230382d6d773678644b6b52416c3559
[tracker] 2026-04-25T08:49:04.430Z update: 2d5757303230382d4a70656647787650454d4673
[backend] [2m2026-04-25T16:49:04.5045587+08:00[0m [32m INFO[0m ThreadId(03) [2mkoko::shell::媒体资产外壳[0m[2m:[0m HTTP 请求已受理 [3musecase[0m[2m=[0m"读取附件内容" [3madapter[0m[2m=[0m"http" [3moutcome[0m[2m=[0m"accepted" [3mrequest_kind[0m[2m=[0m"附件内容读取" [3mattachment_id[0m[2m=[0m"att-e1deded9fc9b" [3msession_id[0m[2m=[0m"s-d9da65c9733d"
[backend] [2m2026-04-25T16:49:04.5067087+08:00[0m [32m INFO[0m ThreadId(03) [2mkoko::shell::媒体资产外壳[0m[2m:[0m HTTP 请求已受理 [3musecase[0m[2m=[0m"读取附件内容" [3madapter[0m[2m=[0m"http" [3moutcome[0m[2m=[0m"accepted" [3mrequest_kind[0m[2m=[0m"附件内容读取" [3mattachment_id[0m[2m=[0m"att-e1deded9fc9b" [3msession_id[0m[2m=[0m"s-d9da65c9733d"
[backend] [2m2026-04-25T16:49:04.5197123+08:00[0m [32m INFO[0m ThreadId(06) [2mkoko::shell::媒体资产外壳[0m[2m:[0m HTTP 请求已受理 [3musecase[0m[2m=[0m"读取附件内容" [3madapter[0m[2m=[0m"http" [3moutcome[0m[2m=[0m"accepted" [3mrequest_kind[0m[2m=[0m"附件内容读取" [3mattachment_id[0m[2m=[0m"att-e1deded9fc9b" [3msession_id[0m[2m=[0m"s-d9da65c9733d"
[backend] [2m2026-04-25T16:49:04.5210389+08:00[0m [32m INFO[0m ThreadId(06) [2mkoko::shell::媒体资产外壳[0m[2m:[0m HTTP 请求已受理 [3musecase[0m[2m=[0m"读取附件内容" [3madapter[0m[2m=[0m"http" [3moutcome[0m[2m=[0m"accepted" [3mrequest_kind[0m[2m=[0m"附件内容读取" [3mattachment_id[0m[2m=[0m"att-e1deded9fc9b" [3msession_id[0m[2m=[0m"s-d9da65c9733d"
[backend] [2m2026-04-25T16:49:04.5216578+08:00[0m [32m INFO[0m ThreadId(12) [2mkoko::shell::媒体资产外壳[0m[2m:[0m 读取附件内容成功 [3musecase[0m[2m=[0m"读取附件内容" [3madapter[0m[2m=[0m"http" [3moutcome[0m[2m=[0m"succeeded" [3mrequest_kind[0m[2m=[0m"附件内容读取" [3mattachment_id[0m[2m=[0m"att-e1deded9fc9b" [3msession_id[0m[2m=[0m"s-d9da65c9733d"
[backend] [2m2026-04-25T16:49:04.5216832+08:00[0m [32m INFO[0m ThreadId(03) [2mkoko::shell::媒体资产外壳[0m[2m:[0m 读取附件内容成功 [3musecase[0m[2m=[0m"读取附件内容" [3madapter[0m[2m=[0m"http" [3moutcome[0m[2m=[0m"succeeded" [3mrequest_kind[0m[2m=[0m"附件内容读取" [3mattachment_id[0m[2m=[0m"att-e1deded9fc9b" [3msession_id[0m[2m=[0m"s-d9da65c9733d"
[backend] [2m2026-04-25T16:49:04.5404596+08:00[0m [32m INFO[0m ThreadId(06) [2mkoko::shell::媒体资产外壳[0m[2m:[0m 读取附件内容成功 [3musecase[0m[2m=[0m"读取附件内容" [3madapter[0m[2m=[0m"http" [3moutcome[0m[2m=[0m"succeeded" [3mrequest_kind[0m[2m=[0m"附件内容读取" [3mattachment_id[0m[2m=[0m"att-e1deded9fc9b" [3msession_id[0m[2m=[0m"s-d9da65c9733d"
[backend] [2m2026-04-25T16:49:04.5404498+08:00[0m [32m INFO[0m ThreadId(04) [2mkoko::shell::媒体资产外壳[0m[2m:[0m 读取附件内容成功 [3musecase[0m[2m=[0m"读取附件内容" [3madapter[0m[2m=[0m"http" [3moutcome[0m[2m=[0m"succeeded" [3mrequest_kind[0m[2m=[0m"附件内容读取" [3mattachment_id[0m[2m=[0m"att-e1deded9fc9b" [3msession_id[0m[2m=[0m"s-d9da65c9733d"
[backend] [2m2026-04-25T16:49:04.561938+08:00[0m [32m INFO[0m ThreadId(10) [2mkoko::shell::媒体资产外壳[0m[2m:[0m HTTP 请求已受理 [3musecase[0m[2m=[0m"读取附件内容" [3madapter[0m[2m=[0m"http" [3moutcome[0m[2m=[0m"accepted" [3mrequest_kind[0m[2m=[0m"附件内容读取" [3mattachment_id[0m[2m=[0m"att-4e0480d9e16e" [3msession_id[0m[2m=[0m"s-d9da65c9733d"
[backend] [2m2026-04-25T16:49:04.5709326+08:00[0m [32m INFO[0m ThreadId(04) [2mkoko::shell::媒体资产外壳[0m[2m:[0m HTTP 请求已受理 [3musecase[0m[2m=[0m"读取附件内容" [3madapter[0m[2m=[0m"http" [3moutcome[0m[2m=[0m"accepted" [3mrequest_kind[0m[2m=[0m"附件内容读取" [3mattachment_id[0m[2m=[0m"att-9ea1bd13ba13" [3msession_id[0m[2m=[0m"s-d9da65c9733d"
[backend] [2m2026-04-25T16:49:04.5732052+08:00[0m [32m INFO[0m ThreadId(04) [2mkoko::shell::媒体资产外壳[0m[2m:[0m 读取附件内容成功 [3musecase[0m[2m=[0m"读取附件内容" [3madapter[0m[2m=[0m"http" [3moutcome[0m[2m=[0m"succeeded" [3mrequest_kind[0m[2m=[0m"附件内容读取" [3mattachment_id[0m[2m=[0m"att-4e0480d9e16e" [3msession_id[0m[2m=[0m"s-d9da65c9733d"
[backend] [2m2026-04-25T16:49:04.5765013+08:00[0m [32m INFO[0m ThreadId(10) [2mkoko::shell::媒体资产外壳[0m[2m:[0m HTTP 请求已受理 [3musecase[0m[2m=[0m"读取附件内容" [3madapter[0m[2m=[0m"http" [3moutcome[0m[2m=[0m"accepted" [3mrequest_kind[0m[2m=[0m"附件内容读取" [3mattachment_id[0m[2m=[0m"att-9ea1bd13ba13" [3msession_id[0m[2m=[0m"s-d9da65c9733d"
[backend] [2m2026-04-25T16:49:04.5812145+08:00[0m [32m INFO[0m ThreadId(06) [2mkoko::shell::媒体资产外壳[0m[2m:[0m HTTP 请求已受理 [3musecase[0m[2m=[0m"读取附件内容" [3madapter[0m[2m=[0m"http" [3moutcome[0m[2m=[0m"accepted" [3mrequest_kind[0m[2m=[0m"附件内容读取" [3mattachment_id[0m[2m=[0m"att-9ea1bd13ba13" [3msession_id[0m[2m=[0m"s-d9da65c9733d"
[backend] [2m2026-04-25T16:49:04.5830216+08:00[0m [32m INFO[0m ThreadId(04) [2mkoko::shell::媒体资产外壳[0m[2m:[0m 读取附件内容成功 [3musecase[0m[2m=[0m"读取附件内容" [3madapter[0m[2m=[0m"http" [3moutcome[0m[2m=[0m"succeeded" [3mrequest_kind[0m[2m=[0m"附件内容读取" [3mattachment_id[0m[2m=[0m"att-9ea1bd13ba13" [3msession_id[0m[2m=[0m"s-d9da65c9733d"
[backend] [2m2026-04-25T16:49:04.5895456+08:00[0m [32m INFO[0m ThreadId(03) [2mkoko::shell::媒体资产外壳[0m[2m:[0m HTTP 请求已受理 [3musecase[0m[2m=[0m"读取附件内容" [3madapter[0m[2m=[0m"http" [3moutcome[0m[2m=[0m"accepted" [3mrequest_kind[0m[2m=[0m"附件内容读取" [3mattachment_id[0m[2m=[0m"att-10b60d10c9e1" [3msession_id[0m[2m=[0m"s-d9da65c9733d"
[backend] [2m2026-04-25T16:49:04.5910106+08:00[0m [32m INFO[0m ThreadId(03) [2mkoko::shell::媒体资产外壳[0m[2m:[0m HTTP 请求已受理 [3musecase[0m[2m=[0m"读取附件内容" [3madapter[0m[2m=[0m"http" [3moutcome[0m[2m=[0m"accepted" [3mrequest_kind[0m[2m=[0m"附件内容读取" [3mattachment_id[0m[2m=[0m"att-10b60d10c9e1" [3msession_id[0m[2m=[0m"s-d9da65c9733d"
[backend] [2m2026-04-25T16:49:04.5910951+08:00[0m [32m INFO[0m ThreadId(10) [2mkoko::shell::媒体资产外壳[0m[2m:[0m 读取附件内容成功 [3musecase[0m[2m=[0m"读取附件内容" [3madapter[0m[2m=[0m"http" [3moutcome[0m[2m=[0m"succeeded" [3mrequest_kind[0m[2m=[0m"附件内容读取" [3mattachment_id[0m[2m=[0m"att-9ea1bd13ba13" [3msession_id[0m[2m=[0m"s-d9da65c9733d"
[backend] [2m2026-04-25T16:49:04.5930027+08:00[0m [32m INFO[0m ThreadId(06) [2mkoko::shell::媒体资产外壳[0m[2m:[0m HTTP 请求已受理 [3musecase[0m[2m=[0m"读取附件内容" [3madapter[0m[2m=[0m"http" [3moutcome[0m[2m=[0m"accepted" [3mrequest_kind[0m[2m=[0m"附件内容读取" [3mattachment_id[0m[2m=[0m"att-10b60d10c9e1" [3msession_id[0m[2m=[0m"s-d9da65c9733d"
[backend] [2m2026-04-25T16:49:04.5957052+08:00[0m [32m INFO[0m ThreadId(04) [2mkoko::shell::媒体资产外壳[0m[2m:[0m 读取附件内容成功 [3musecase[0m[2m=[0m"读取附件内容" [3madapter[0m[2m=[0m"http" [3moutcome[0m[2m=[0m"succeeded" [3mrequest_kind[0m[2m=[0m"附件内容读取" [3mattachment_id[0m[2m=[0m"att-9ea1bd13ba13" [3msession_id[0m[2m=[0m"s-d9da65c9733d"
[backend] [2m2026-04-25T16:49:04.5988623+08:00[0m [32m INFO[0m ThreadId(10) [2mkoko::shell::媒体资产外壳[0m[2m:[0m HTTP 请求已受理 [3musecase[0m[2m=[0m"读取附件内容" [3madapter[0m[2m=[0m"http" [3moutcome[0m[2m=[0m"accepted" [3mrequest_kind[0m[2m=[0m"附件内容读取" [3mattachment_id[0m[2m=[0m"att-e35bd47b6508" [3msession_id[0m[2m=[0m"s-d9da65c9733d"
[backend] [2m2026-04-25T16:49:04.6019056+08:00[0m [32m INFO[0m ThreadId(12) [2mkoko::shell::媒体资产外壳[0m[2m:[0m HTTP 请求已受理 [3musecase[0m[2m=[0m"读取附件内容" [3madapter[0m[2m=[0m"http" [3moutcome[0m[2m=[0m"accepted" [3mrequest_kind[0m[2m=[0m"附件内容读取" [3mattachment_id[0m[2m=[0m"att-e35bd47b6508" [3msession_id[0m[2m=[0m"s-d9da65c9733d"
[backend] [2m2026-04-25T16:49:04.6029083+08:00[0m [32m INFO[0m ThreadId(10) [2mkoko::shell::媒体资产外壳[0m[2m:[0m HTTP 请求已受理 [3musecase[0m[2m=[0m"读取附件内容" [3madapter[0m[2m=[0m"http" [3moutcome[0m[2m=[0m"accepted" [3mrequest_kind[0m[2m=[0m"附件内容读取" [3mattachment_id[0m[2m=[0m"att-e35bd47b6508" [3msession_id[0m[2m=[0m"s-d9da65c9733d"
[backend] [2m2026-04-25T16:49:04.6078586+08:00[0m [32m INFO[0m ThreadId(12) [2mkoko::shell::媒体资产外壳[0m[2m:[0m 读取附件内容成功 [3musecase[0m[2m=[0m"读取附件内容" [3madapter[0m[2m=[0m"http" [3moutcome[0m[2m=[0m"succeeded" [3mrequest_kind[0m[2m=[0m"附件内容读取" [3mattachment_id[0m[2m=[0m"att-10b60d10c9e1" [3msession_id[0m[2m=[0m"s-d9da65c9733d"
[backend] [2m2026-04-25T16:49:04.609962+08:00[0m [32m INFO[0m ThreadId(06) [2mkoko::shell::媒体资产外壳[0m[2m:[0m 读取附件内容成功 [3musecase[0m[2m=[0m"读取附件内容" [3madapter[0m[2m=[0m"http" [3moutcome[0m[2m=[0m"succeeded" [3mrequest_kind[0m[2m=[0m"附件内容读取" [3mattachment_id[0m[2m=[0m"att-10b60d10c9e1" [3msession_id[0m[2m=[0m"s-d9da65c9733d"
[backend] [2m2026-04-25T16:49:04.6099618+08:00[0m [32m INFO[0m ThreadId(10) [2mkoko::shell::媒体资产外壳[0m[2m:[0m 读取附件内容成功 [3musecase[0m[2m=[0m"读取附件内容" [3madapter[0m[2m=[0m"http" [3moutcome[0m[2m=[0m"succeeded" [3mrequest_kind[0m[2m=[0m"附件内容读取" [3mattachment_id[0m[2m=[0m"att-10b60d10c9e1" [3msession_id[0m[2m=[0m"s-d9da65c9733d"
[backend] [2m2026-04-25T16:49:04.6128616+08:00[0m [32m INFO[0m ThreadId(03) [2mkoko::shell::媒体资产外壳[0m[2m:[0m 读取附件内容成功 [3musecase[0m[2m=[0m"读取附件内容" [3madapter[0m[2m=[0m"http" [3moutcome[0m[2m=[0m"succeeded" [3mrequest_kind[0m[2m=[0m"附件内容读取" [3mattachment_id[0m[2m=[0m"att-e35bd47b6508" [3msession_id[0m[2m=[0m"s-d9da65c9733d"
[backend] [2m2026-04-25T16:49:04.616718+08:00[0m [32m INFO[0m ThreadId(03) [2mkoko::shell::媒体资产外壳[0m[2m:[0m 读取附件内容成功 [3musecase[0m[2m=[0m"读取附件内容" [3madapter[0m[2m=[0m"http" [3moutcome[0m[2m=[0m"succeeded" [3mrequest_kind[0m[2m=[0m"附件内容读取" [3mattachment_id[0m[2m=[0m"att-e35bd47b6508" [3msession_id[0m[2m=[0m"s-d9da65c9733d"
[backend] [2m2026-04-25T16:49:04.6208052+08:00[0m [32m INFO[0m ThreadId(03) [2mkoko::shell::媒体资产外壳[0m[2m:[0m 读取附件内容成功 [3musecase[0m[2m=[0m"读取附件内容" [3madapter[0m[2m=[0m"http" [3moutcome[0m[2m=[0m"succeeded" [3mrequest_kind[0m[2m=[0m"附件内容读取" [3mattachment_id[0m[2m=[0m"att-e35bd47b6508" [3msession_id[0m[2m=[0m"s-d9da65c9733d"
[backend] [2m2026-04-25T16:49:04.6698656+08:00[0m [32m INFO[0m ThreadId(04) [2mkoko::shell::媒体资产外壳[0m[2m:[0m HTTP 请求已受理 [3musecase[0m[2m=[0m"读取附件内容" [3madapter[0m[2m=[0m"http" [3moutcome[0m[2m=[0m"accepted" [3mrequest_kind[0m[2m=[0m"附件内容读取" [3mattachment_id[0m[2m=[0m"att-e1deded9fc9b" [3msession_id[0m[2m=[0m"s-d9da65c9733d"
[backend] [2m2026-04-25T16:49:04.6759692+08:00[0m [32m INFO[0m ThreadId(06) [2mkoko::shell::媒体资产外壳[0m[2m:[0m HTTP 请求已受理 [3musecase[0m[2m=[0m"读取附件内容" [3madapter[0m[2m=[0m"http" [3moutcome[0m[2m=[0m"accepted" [3mrequest_kind[0m[2m=[0m"附件内容读取" [3mattachment_id[0m[2m=[0m"att-e1deded9fc9b" [3msession_id[0m[2m=[0m"s-d9da65c9733d"
[backend] [2m2026-04-25T16:49:04.6857966+08:00[0m [32m INFO[0m ThreadId(10) [2mkoko::shell::媒体资产外壳[0m[2m:[0m HTTP 请求已受理 [3musecase[0m[2m=[0m"读取附件内容" [3madapter[0m[2m=[0m"http" [3moutcome[0m[2m=[0m"accepted" [3mrequest_kind[0m[2m=[0m"附件内容读取" [3mattachment_id[0m[2m=[0m"att-e1deded9fc9b" [3msession_id[0m[2m=[0m"s-d9da65c9733d"
[backend] [2m2026-04-25T16:49:04.6880814+08:00[0m [32m INFO[0m ThreadId(10) [2mkoko::shell::媒体资产外壳[0m[2m:[0m HTTP 请求已受理 [3musecase[0m[2m=[0m"读取附件内容" [3madapter[0m[2m=[0m"http" [3moutcome[0m[2m=[0m"accepted" [3mrequest_kind[0m[2m=[0m"附件内容读取" [3mattachment_id[0m[2m=[0m"att-e1deded9fc9b" [3msession_id[0m[2m=[0m"s-d9da65c9733d"
[backend] [2m2026-04-25T16:49:04.6883419+08:00[0m [32m INFO[0m ThreadId(06) [2mkoko::shell::媒体资产外壳[0m[2m:[0m HTTP 请求已受理 [3musecase[0m[2m=[0m"读取附件内容" [3madapter[0m[2m=[0m"http" [3moutcome[0m[2m=[0m"accepted" [3mrequest_kind[0m[2m=[0m"附件内容读取" [3mattachment_id[0m[2m=[0m"att-4e0480d9e16e" [3msession_id[0m[2m=[0m"s-d9da65c9733d"
[backend] [2m2026-04-25T16:49:04.6895387+08:00[0m [32m INFO[0m ThreadId(04) [2mkoko::shell::媒体资产外壳[0m[2m:[0m HTTP 请求已受理 [3musecase[0m[2m=[0m"读取附件内容" [3madapter[0m[2m=[0m"http" [3moutcome[0m[2m=[0m"accepted" [3mrequest_kind[0m[2m=[0m"附件内容读取" [3mattachment_id[0m[2m=[0m"att-4e0480d9e16e" [3msession_id[0m[2m=[0m"s-d9da65c9733d"
[backend] [2m2026-04-25T16:49:04.7075887+08:00[0m [32m INFO[0m ThreadId(06) [2mkoko::shell::媒体资产外壳[0m[2m:[0m 读取附件内容成功 [3musecase[0m[2m=[0m"读取附件内容" [3madapter[0m[2m=[0m"http" [3moutcome[0m[2m=[0m"succeeded" [3mrequest_kind[0m[2m=[0m"附件内容读取" [3mattachment_id[0m[2m=[0m"att-e1deded9fc9b" [3msession_id[0m[2m=[0m"s-d9da65c9733d"
[backend] [2m2026-04-25T16:49:04.7079259+08:00[0m [32m INFO[0m ThreadId(04) [2mkoko::shell::媒体资产外壳[0m[2m:[0m 读取附件内容成功 [3musecase[0m[2m=[0m"读取附件内容" [3madapter[0m[2m=[0m"http" [3moutcome[0m[2m=[0m"succeeded" [3mrequest_kind[0m[2m=[0m"附件内容读取" [3mattachment_id[0m[2m=[0m"att-e1deded9fc9b" [3msession_id[0m[2m=[0m"s-d9da65c9733d"
[backend] [2m2026-04-25T16:49:04.7086263+08:00[0m [32m INFO[0m ThreadId(03) [2mkoko::shell::媒体资产外壳[0m[2m:[0m 读取附件内容成功 [3musecase[0m[2m=[0m"读取附件内容" [3madapter[0m[2m=[0m"http" [3moutcome[0m[2m=[0m"succeeded" [3mrequest_kind[0m[2m=[0m"附件内容读取" [3mattachment_id[0m[2m=[0m"att-4e0480d9e16e" [3msession_id[0m[2m=[0m"s-d9da65c9733d"
[backend] [2m2026-04-25T16:49:04.7093014+08:00[0m [32m INFO[0m ThreadId(12) [2mkoko::shell::媒体资产外壳[0m[2m:[0m 读取附件内容成功 [3musecase[0m[2m=[0m"读取附件内容" [3madapter[0m[2m=[0m"http" [3moutcome[0m[2m=[0m"succeeded" [3mrequest_kind[0m[2m=[0m"附件内容读取" [3mattachment_id[0m[2m=[0m"att-4e0480d9e16e" [3msession_id[0m[2m=[0m"s-d9da65c9733d"
[backend] [2m2026-04-25T16:49:04.7210644+08:00[0m [32m INFO[0m ThreadId(03) [2mkoko::shell::媒体资产外壳[0m[2m:[0m 读取附件内容成功 [3musecase[0m[2m=[0m"读取附件内容" [3madapter[0m[2m=[0m"http" [3moutcome[0m[2m=[0m"succeeded" [3mrequest_kind[0m[2m=[0m"附件内容读取" [3mattachment_id[0m[2m=[0m"att-e1deded9fc9b" [3msession_id[0m[2m=[0m"s-d9da65c9733d"
[backend] [2m2026-04-25T16:49:04.7210643+08:00[0m [32m INFO[0m ThreadId(12) [2mkoko::shell::媒体资产外壳[0m[2m:[0m 读取附件内容成功 [3musecase[0m[2m=[0m"读取附件内容" [3madapter[0m[2m=[0m"http" [3moutcome[0m[2m=[0m"succeeded" [3mrequest_kind[0m[2m=[0m"附件内容读取" [3mattachment_id[0m[2m=[0m"att-e1deded9fc9b" [3msession_id[0m[2m=[0m"s-d9da65c9733d"
[tracker] 2026-04-25T08:49:04.494Z start: 2d5757303230382d6d773678644b6b52416c3559
[tracker] 2026-04-25T08:49:04.512Z update: 2d5757303230382d4a70656647787650454d4673
[tracker] 2026-04-25T08:49:04.787Z update: 2d5757303230382d564f594651326c6753477054
[backend] [2m2026-04-25T16:49:04.7603105+08:00[0m [32m INFO[0m ThreadId(12) [2mkoko::shell::媒体资产外壳[0m[2m:[0m HTTP 请求已受理 [3musecase[0m[2m=[0m"读取附件内容" [3madapter[0m[2m=[0m"http" [3moutcome[0m[2m=[0m"accepted" [3mrequest_kind[0m[2m=[0m"附件内容读取" [3mattachment_id[0m[2m=[0m"att-5d2bc6f45393" [3msession_id[0m[2m=[0m"s-d9da65c9733d"
[backend] [2m2026-04-25T16:49:04.7728686+08:00[0m [32m INFO[0m ThreadId(12) [2mkoko::shell::媒体资产外壳[0m[2m:[0m HTTP 请求已受理 [3musecase[0m[2m=[0m"读取附件内容" [3madapter[0m[2m=[0m"http" [3moutcome[0m[2m=[0m"accepted" [3mrequest_kind[0m[2m=[0m"附件内容读取" [3mattachment_id[0m[2m=[0m"att-5d2bc6f45393" [3msession_id[0m[2m=[0m"s-d9da65c9733d"
[backend] [2m2026-04-25T16:49:04.7777039+08:00[0m [32m INFO[0m ThreadId(12) [2mkoko::shell::媒体资产外壳[0m[2m:[0m 读取附件内容成功 [3musecase[0m[2m=[0m"读取附件内容" [3madapter[0m[2m=[0m"http" [3moutcome[0m[2m=[0m"succeeded" [3mrequest_kind[0m[2m=[0m"附件内容读取" [3mattachment_id[0m[2m=[0m"att-5d2bc6f45393" [3msession_id[0m[2m=[0m"s-d9da65c9733d"
[backend] [2m2026-04-25T16:49:04.7845156+08:00[0m [32m INFO[0m ThreadId(12) [2mkoko::shell::媒体资产外壳[0m[2m:[0m 读取附件内容成功 [3musecase[0m[2m=[0m"读取附件内容" [3madapter[0m[2m=[0m"http" [3moutcome[0m[2m=[0m"succeeded" [3mrequest_kind[0m[2m=[0m"附件内容读取" [3mattachment_id[0m[2m=[0m"att-5d2bc6f45393" [3msession_id[0m[2m=[0m"s-d9da65c9733d"
[backend] [2m2026-04-25T16:49:04.9276481+08:00[0m [32m INFO[0m ThreadId(06) [2mkoko::shell::媒体资产外壳[0m[2m:[0m HTTP 请求已受理 [3musecase[0m[2m=[0m"读取附件内容" [3madapter[0m[2m=[0m"http" [3moutcome[0m[2m=[0m"accepted" [3mrequest_kind[0m[2m=[0m"附件内容读取" [3mattachment_id[0m[2m=[0m"att-9117ebee3b15" [3msession_id[0m[2m=[0m"s-d9da65c9733d"
[backend] [2m2026-04-25T16:49:04.9290299+08:00[0m [32m INFO[0m ThreadId(12) [2mkoko::shell::媒体资产外壳[0m[2m:[0m HTTP 请求已受理 [3musecase[0m[2m=[0m"读取附件内容" [3madapter[0m[2m=[0m"http" [3moutcome[0m[2m=[0m"accepted" [3mrequest_kind[0m[2m=[0m"附件内容读取" [3mattachment_id[0m[2m=[0m"att-9117ebee3b15" [3msession_id[0m[2m=[0m"s-d9da65c9733d"
[backend] [2m2026-04-25T16:49:04.9290067+08:00[0m [32m INFO[0m ThreadId(06) [2mkoko::shell::媒体资产外壳[0m[2m:[0m HTTP 请求已受理 [3musecase[0m[2m=[0m"读取附件内容" [3madapter[0m[2m=[0m"http" [3moutcome[0m[2m=[0m"accepted" [3mrequest_kind[0m[2m=[0m"附件内容读取" [3mattachment_id[0m[2m=[0m"att-9117ebee3b15" [3msession_id[0m[2m=[0m"s-d9da65c9733d"
[backend] [2m2026-04-25T16:49:04.933882+08:00[0m [32m INFO[0m ThreadId(04) [2mkoko::shell::媒体资产外壳[0m[2m:[0m HTTP 请求已受理 [3musecase[0m[2m=[0m"读取附件内容" [3madapter[0m[2m=[0m"http" [3moutcome[0m[2m=[0m"accepted" [3mrequest_kind[0m[2m=[0m"附件内容读取" [3mattachment_id[0m[2m=[0m"att-9f6a9ebb48a6" [3msession_id[0m[2m=[0m"s-d9da65c9733d"
[backend] [2m2026-04-25T16:49:04.9374604+08:00[0m [32m INFO[0m ThreadId(04) [2mkoko::shell::媒体资产外壳[0m[2m:[0m HTTP 请求已受理 [3musecase[0m[2m=[0m"读取附件内容" [3madapter[0m[2m=[0m"http" [3moutcome[0m[2m=[0m"accepted" [3mrequest_kind[0m[2m=[0m"附件内容读取" [3mattachment_id[0m[2m=[0m"att-9f6a9ebb48a6" [3msession_id[0m[2m=[0m"s-d9da65c9733d"
[backend] [2m2026-04-25T16:49:04.9378108+08:00[0m [32m INFO[0m ThreadId(06) [2mkoko::shell::媒体资产外壳[0m[2m:[0m HTTP 请求已受理 [3musecase[0m[2m=[0m"读取附件内容" [3madapter[0m[2m=[0m"http" [3moutcome[0m[2m=[0m"accepted" [3mrequest_kind[0m[2m=[0m"附件内容读取" [3mattachment_id[0m[2m=[0m"att-9f6a9ebb48a6" [3msession_id[0m[2m=[0m"s-d9da65c9733d"
[backend] [2m2026-04-25T16:49:04.9485295+08:00[0m [32m INFO[0m ThreadId(06) [2mkoko::shell::媒体资产外壳[0m[2m:[0m 读取附件内容成功 [3musecase[0m[2m=[0m"读取附件内容" [3madapter[0m[2m=[0m"http" [3moutcome[0m[2m=[0m"succeeded" [3mrequest_kind[0m[2m=[0m"附件内容读取" [3mattachment_id[0m[2m=[0m"att-9117ebee3b15" [3msession_id[0m[2m=[0m"s-d9da65c9733d"
[backend] [2m2026-04-25T16:49:04.9484724+08:00[0m [32m INFO[0m ThreadId(10) [2mkoko::shell::媒体资产外壳[0m[2m:[0m 读取附件内容成功 [3musecase[0m[2m=[0m"读取附件内容" [3madapter[0m[2m=[0m"http" [3moutcome[0m[2m=[0m"succeeded" [3mrequest_kind[0m[2m=[0m"附件内容读取" [3mattachment_id[0m[2m=[0m"att-9117ebee3b15" [3msession_id[0m[2m=[0m"s-d9da65c9733d"
[backend] [2m2026-04-25T16:49:04.9485735+08:00[0m [32m INFO[0m ThreadId(03) [2mkoko::shell::媒体资产外壳[0m[2m:[0m 读取附件内容成功 [3musecase[0m[2m=[0m"读取附件内容" [3madapter[0m[2m=[0m"http" [3moutcome[0m[2m=[0m"succeeded" [3mrequest_kind[0m[2m=[0m"附件内容读取" [3mattachment_id[0m[2m=[0m"att-9117ebee3b15" [3msession_id[0m[2m=[0m"s-d9da65c9733d"
[backend] [2m2026-04-25T16:49:04.9499869+08:00[0m [32m INFO[0m ThreadId(04) [2mkoko::shell::媒体资产外壳[0m[2m:[0m 读取附件内容成功 [3musecase[0m[2m=[0m"读取附件内容" [3madapter[0m[2m=[0m"http" [3moutcome[0m[2m=[0m"succeeded" [3mrequest_kind[0m[2m=[0m"附件内容读取" [3mattachment_id[0m[2m=[0m"att-9f6a9ebb48a6" [3msession_id[0m[2m=[0m"s-d9da65c9733d"
[backend] [2m2026-04-25T16:49:04.9567087+08:00[0m [32m INFO[0m ThreadId(04) [2mkoko::shell::媒体资产外壳[0m[2m:[0m 读取附件内容成功 [3musecase[0m[2m=[0m"读取附件内容" [3madapter[0m[2m=[0m"http" [3moutcome[0m[2m=[0m"succeeded" [3mrequest_kind[0m[2m=[0m"附件内容读取" [3mattachment_id[0m[2m=[0m"att-9f6a9ebb48a6" [3msession_id[0m[2m=[0m"s-d9da65c9733d"
[backend] [2m2026-04-25T16:49:04.9567087+08:00[0m [32m INFO[0m ThreadId(06) [2mkoko::shell::媒体资产外壳[0m[2m:[0m 读取附件内容成功 [3musecase[0m[2m=[0m"读取附件内容" [3madapter[0m[2m=[0m"http" [3moutcome[0m[2m=[0m"succeeded" [3mrequest_kind[0m[2m=[0m"附件内容读取" [3mattachment_id[0m[2m=[0m"att-9f6a9ebb48a6" [3msession_id[0m[2m=[0m"s-d9da65c9733d"
[backend] [2m2026-04-25T16:49:05.0276913+08:00[0m [32m INFO[0m ThreadId(12) [2mkoko::shell::媒体资产外壳[0m[2m:[0m HTTP 请求已受理 [3musecase[0m[2m=[0m"读取附件内容" [3madapter[0m[2m=[0m"http" [3moutcome[0m[2m=[0m"accepted" [3mrequest_kind[0m[2m=[0m"附件内容读取" [3mattachment_id[0m[2m=[0m"att-9ea1bd13ba13" [3msession_id[0m[2m=[0m"s-d9da65c9733d"
[backend] [2m2026-04-25T16:49:05.0342301+08:00[0m [32m INFO[0m ThreadId(12) [2mkoko::shell::媒体资产外壳[0m[2m:[0m HTTP 请求已受理 [3musecase[0m[2m=[0m"读取附件内容" [3madapter[0m[2m=[0m"http" [3moutcome[0m[2m=[0m"accepted" [3mrequest_kind[0m[2m=[0m"附件内容读取" [3mattachment_id[0m[2m=[0m"att-9ea1bd13ba13" [3msession_id[0m[2m=[0m"s-d9da65c9733d"
[backend] [2m2026-04-25T16:49:05.0375303+08:00[0m [32m INFO[0m ThreadId(12) [2mkoko::shell::媒体资产外壳[0m[2m:[0m HTTP 请求已受理 [3musecase[0m[2m=[0m"读取附件内容" [3madapter[0m[2m=[0m"http" [3moutcome[0m[2m=[0m"accepted" [3mrequest_kind[0m[2m=[0m"附件内容读取" [3mattachment_id[0m[2m=[0m"att-9ea1bd13ba13" [3msession_id[0m[2m=[0m"s-d9da65c9733d"
[backend] [2m2026-04-25T16:49:05.0417929+08:00[0m [32m INFO[0m ThreadId(12) [2mkoko::shell::媒体资产外壳[0m[2m:[0m HTTP 请求已受理 [3musecase[0m[2m=[0m"读取附件内容" [3madapter[0m[2m=[0m"http" [3moutcome[0m[2m=[0m"accepted" [3mrequest_kind[0m[2m=[0m"附件内容读取" [3mattachment_id[0m[2m=[0m"att-9ea1bd13ba13" [3msession_id[0m[2m=[0m"s-d9da65c9733d"
[tracker] 2026-04-25T08:49:04.793Z update: 2d5757303230382d564f594651326c6753477054
[backend] [2m2026-04-25T16:49:05.0593894+08:00[0m [32m INFO[0m ThreadId(12) [2mkoko::shell::媒体资产外壳[0m[2m:[0m 读取附件内容成功 [3musecase[0m[2m=[0m"读取附件内容" [3madapter[0m[2m=[0m"http" [3moutcome[0m[2m=[0m"succeeded" [3mrequest_kind[0m[2m=[0m"附件内容读取" [3mattachment_id[0m[2m=[0m"att-9ea1bd13ba13" [3msession_id[0m[2m=[0m"s-d9da65c9733d"
[backend] [2m2026-04-25T16:49:05.0675655+08:00[0m [32m INFO[0m ThreadId(12) [2mkoko::shell::媒体资产外壳[0m[2m:[0m 读取附件内容成功 [3musecase[0m[2m=[0m"读取附件内容" [3madapter[0m[2m=[0m"http" [3moutcome[0m[2m=[0m"succeeded" [3mrequest_kind[0m[2m=[0m"附件内容读取" [3mattachment_id[0m[2m=[0m"att-9ea1bd13ba13" [3msession_id[0m[2m=[0m"s-d9da65c9733d"
[backend] [2m2026-04-25T16:49:05.0699456+08:00[0m [32m INFO[0m ThreadId(12) [2mkoko::shell::媒体资产外壳[0m[2m:[0m 读取附件内容成功 [3musecase[0m[2m=[0m"读取附件内容" [3madapter[0m[2m=[0m"http" [3moutcome[0m[2m=[0m"succeeded" [3mrequest_kind[0m[2m=[0m"附件内容读取" [3mattachment_id[0m[2m=[0m"att-9ea1bd13ba13" [3msession_id[0m[2m=[0m"s-d9da65c9733d"
[backend] [2m2026-04-25T16:49:05.0704037+08:00[0m [32m INFO[0m ThreadId(04) [2mkoko::shell::媒体资产外壳[0m[2m:[0m 读取附件内容成功 [3musecase[0m[2m=[0m"读取附件内容" [3madapter[0m[2m=[0m"http" [3moutcome[0m[2m=[0m"succeeded" [3mrequest_kind[0m[2m=[0m"附件内容读取" [3mattachment_id[0m[2m=[0m"att-9ea1bd13ba13" [3msession_id[0m[2m=[0m"s-d9da65c9733d"
[backend] [2m2026-04-25T16:49:05.0920754+08:00[0m [32m INFO[0m ThreadId(10) [2mkoko::shell::媒体资产外壳[0m[2m:[0m HTTP 请求已受理 [3musecase[0m[2m=[0m"读取附件内容" [3madapter[0m[2m=[0m"http" [3moutcome[0m[2m=[0m"accepted" [3mrequest_kind[0m[2m=[0m"附件内容读取" [3mattachment_id[0m[2m=[0m"att-10b60d10c9e1" [3msession_id[0m[2m=[0m"s-d9da65c9733d"
[backend] [2m2026-04-25T16:49:05.0933774+08:00[0m [32m INFO[0m ThreadId(10) [2mkoko::shell::媒体资产外壳[0m[2m:[0m HTTP 请求已受理 [3musecase[0m[2m=[0m"读取附件内容" [3madapter[0m[2m=[0m"http" [3moutcome[0m[2m=[0m"accepted" [3mrequest_kind[0m[2m=[0m"附件内容读取" [3mattachment_id[0m[2m=[0m"att-10b60d10c9e1" [3msession_id[0m[2m=[0m"s-d9da65c9733d"
[backend] [2m2026-04-25T16:49:05.09447+08:00[0m [32m INFO[0m ThreadId(10) [2mkoko::shell::媒体资产外壳[0m[2m:[0m HTTP 请求已受理 [3musecase[0m[2m=[0m"读取附件内容" [3madapter[0m[2m=[0m"http" [3moutcome[0m[2m=[0m"accepted" [3mrequest_kind[0m[2m=[0m"附件内容读取" [3mattachment_id[0m[2m=[0m"att-10b60d10c9e1" [3msession_id[0m[2m=[0m"s-d9da65c9733d"
[backend] [2m2026-04-25T16:49:05.1150827+08:00[0m [32m INFO[0m ThreadId(06) [2mkoko::shell::媒体资产外壳[0m[2m:[0m 读取附件内容成功 [3musecase[0m[2m=[0m"读取附件内容" [3madapter[0m[2m=[0m"http" [3moutcome[0m[2m=[0m"succeeded" [3mrequest_kind[0m[2m=[0m"附件内容读取" [3mattachment_id[0m[2m=[0m"att-10b60d10c9e1" [3msession_id[0m[2m=[0m"s-d9da65c9733d"
[backend] [2m2026-04-25T16:49:05.1150828+08:00[0m [32m INFO[0m ThreadId(10) [2mkoko::shell::媒体资产外壳[0m[2m:[0m 读取附件内容成功 [3musecase[0m[2m=[0m"读取附件内容" [3madapter[0m[2m=[0m"http" [3moutcome[0m[2m=[0m"succeeded" [3mrequest_kind[0m[2m=[0m"附件内容读取" [3mattachment_id[0m[2m=[0m"att-10b60d10c9e1" [3msession_id[0m[2m=[0m"s-d9da65c9733d"
[backend] [2m2026-04-25T16:49:05.1152235+08:00[0m [32m INFO[0m ThreadId(03) [2mkoko::shell::媒体资产外壳[0m[2m:[0m 读取附件内容成功 [3musecase[0m[2m=[0m"读取附件内容" [3madapter[0m[2m=[0m"http" [3moutcome[0m[2m=[0m"succeeded" [3mrequest_kind[0m[2m=[0m"附件内容读取" [3mattachment_id[0m[2m=[0m"att-10b60d10c9e1" [3msession_id[0m[2m=[0m"s-d9da65c9733d"
[backend] [2m2026-04-25T16:49:05.1185553+08:00[0m [32m INFO[0m ThreadId(11) [2mkoko::shell::媒体资产外壳[0m[2m:[0m HTTP 请求已受理 [3musecase[0m[2m=[0m"读取附件内容" [3madapter[0m[2m=[0m"http" [3moutcome[0m[2m=[0m"accepted" [3mrequest_kind[0m[2m=[0m"附件内容读取" [3mattachment_id[0m[2m=[0m"att-e35bd47b6508" [3msession_id[0m[2m=[0m"s-d9da65c9733d"
[backend] [2m2026-04-25T16:49:05.1206021+08:00[0m [32m INFO[0m ThreadId(11) [2mkoko::shell::媒体资产外壳[0m[2m:[0m HTTP 请求已受理 [3musecase[0m[2m=[0m"读取附件内容" [3madapter[0m[2m=[0m"http" [3moutcome[0m[2m=[0m"accepted" [3mrequest_kind[0m[2m=[0m"附件内容读取" [3mattachment_id[0m[2m=[0m"att-10b60d10c9e1" [3msession_id[0m[2m=[0m"s-d9da65c9733d"
[backend] [2m2026-04-25T16:49:05.1298088+08:00[0m [32m INFO[0m ThreadId(11) [2mkoko::shell::媒体资产外壳[0m[2m:[0m HTTP 请求已受理 [3musecase[0m[2m=[0m"读取附件内容" [3madapter[0m[2m=[0m"http" [3moutcome[0m[2m=[0m"accepted" [3mrequest_kind[0m[2m=[0m"附件内容读取" [3mattachment_id[0m[2m=[0m"att-e35bd47b6508" [3msession_id[0m[2m=[0m"s-d9da65c9733d"
[backend] [2m2026-04-25T16:49:05.1318938+08:00[0m [32m INFO[0m ThreadId(11) [2mkoko::shell::媒体资产外壳[0m[2m:[0m HTTP 请求已受理 [3musecase[0m[2m=[0m"读取附件内容" [3madapter[0m[2m=[0m"http" [3moutcome[0m[2m=[0m"accepted" [3mrequest_kind[0m[2m=[0m"附件内容读取" [3mattachment_id[0m[2m=[0m"att-e35bd47b6508" [3msession_id[0m[2m=[0m"s-d9da65c9733d"
[backend] [2m2026-04-25T16:49:05.1328393+08:00[0m [32m INFO[0m ThreadId(03) [2mkoko::shell::媒体资产外壳[0m[2m:[0m 读取附件内容成功 [3musecase[0m[2m=[0m"读取附件内容" [3madapter[0m[2m=[0m"http" [3moutcome[0m[2m=[0m"succeeded" [3mrequest_kind[0m[2m=[0m"附件内容读取" [3mattachment_id[0m[2m=[0m"att-e35bd47b6508" [3msession_id[0m[2m=[0m"s-d9da65c9733d"
[backend] [2m2026-04-25T16:49:05.1364919+08:00[0m [32m INFO[0m ThreadId(11) [2mkoko::shell::媒体资产外壳[0m[2m:[0m HTTP 请求已受理 [3musecase[0m[2m=[0m"读取附件内容" [3madapter[0m[2m=[0m"http" [3moutcome[0m[2m=[0m"accepted" [3mrequest_kind[0m[2m=[0m"附件内容读取" [3mattachment_id[0m[2m=[0m"att-e35bd47b6508" [3msession_id[0m[2m=[0m"s-d9da65c9733d"
[backend] [2m2026-04-25T16:49:05.1385525+08:00[0m [32m INFO[0m ThreadId(11) [2mkoko::shell::媒体资产外壳[0m[2m:[0m 读取附件内容成功 [3musecase[0m[2m=[0m"读取附件内容" [3madapter[0m[2m=[0m"http" [3moutcome[0m[2m=[0m"succeeded" [3mrequest_kind[0m[2m=[0m"附件内容读取" [3mattachment_id[0m[2m=[0m"att-10b60d10c9e1" [3msession_id[0m[2m=[0m"s-d9da65c9733d"
[backend] [2m2026-04-25T16:49:05.1506157+08:00[0m [32m INFO[0m ThreadId(10) [2mkoko::shell::媒体资产外壳[0m[2m:[0m HTTP 请求已受理 [3musecase[0m[2m=[0m"读取附件内容" [3madapter[0m[2m=[0m"http" [3moutcome[0m[2m=[0m"accepted" [3mrequest_kind[0m[2m=[0m"附件内容读取" [3mattachment_id[0m[2m=[0m"att-e1deded9fc9b" [3msession_id[0m[2m=[0m"s-d9da65c9733d"
[backend] [2m2026-04-25T16:49:05.1563537+08:00[0m [32m INFO[0m ThreadId(10) [2mkoko::shell::媒体资产外壳[0m[2m:[0m 读取附件内容成功 [3musecase[0m[2m=[0m"读取附件内容" [3madapter[0m[2m=[0m"http" [3moutcome[0m[2m=[0m"succeeded" [3mrequest_kind[0m[2m=[0m"附件内容读取" [3mattachment_id[0m[2m=[0m"att-e35bd47b6508" [3msession_id[0m[2m=[0m"s-d9da65c9733d"
[backend] [2m2026-04-25T16:49:05.1563536+08:00[0m [32m INFO[0m ThreadId(11) [2mkoko::shell::媒体资产外壳[0m[2m:[0m 读取附件内容成功 [3musecase[0m[2m=[0m"读取附件内容" [3madapter[0m[2m=[0m"http" [3moutcome[0m[2m=[0m"succeeded" [3mrequest_kind[0m[2m=[0m"附件内容读取" [3mattachment_id[0m[2m=[0m"att-e35bd47b6508" [3msession_id[0m[2m=[0m"s-d9da65c9733d"
[backend] [2m2026-04-25T16:49:05.1563536+08:00[0m [32m INFO[0m ThreadId(12) [2mkoko::shell::媒体资产外壳[0m[2m:[0m 读取附件内容成功 [3musecase[0m[2m=[0m"读取附件内容" [3madapter[0m[2m=[0m"http" [3moutcome[0m[2m=[0m"succeeded" [3mrequest_kind[0m[2m=[0m"附件内容读取" [3mattachment_id[0m[2m=[0m"att-e35bd47b6508" [3msession_id[0m[2m=[0m"s-d9da65c9733d"
[backend] [2m2026-04-25T16:49:05.1639586+08:00[0m [32m INFO[0m ThreadId(12) [2mkoko::shell::媒体资产外壳[0m[2m:[0m 读取附件内容成功 [3musecase[0m[2m=[0m"读取附件内容" [3madapter[0m[2m=[0m"http" [3moutcome[0m[2m=[0m"succeeded" [3mrequest_kind[0m[2m=[0m"附件内容读取" [3mattachment_id[0m[2m=[0m"att-e1deded9fc9b" [3msession_id[0m[2m=[0m"s-d9da65c9733d"
[backend] [2m2026-04-25T16:49:05.1708901+08:00[0m [32m INFO[0m ThreadId(04) [2mkoko::shell::媒体资产外壳[0m[2m:[0m HTTP 请求已受理 [3musecase[0m[2m=[0m"读取附件内容" [3madapter[0m[2m=[0m"http" [3moutcome[0m[2m=[0m"accepted" [3mrequest_kind[0m[2m=[0m"附件内容读取" [3mattachment_id[0m[2m=[0m"att-e1deded9fc9b" [3msession_id[0m[2m=[0m"s-d9da65c9733d"
[backend] [2m2026-04-25T16:49:05.1917882+08:00[0m [32m INFO[0m ThreadId(04) [2mkoko::shell::媒体资产外壳[0m[2m:[0m 读取附件内容成功 [3musecase[0m[2m=[0m"读取附件内容" [3madapter[0m[2m=[0m"http" [3moutcome[0m[2m=[0m"succeeded" [3mrequest_kind[0m[2m=[0m"附件内容读取" [3mattachment_id[0m[2m=[0m"att-e1deded9fc9b" [3msession_id[0m[2m=[0m"s-d9da65c9733d"
[backend] [2m2026-04-25T16:49:05.3026494+08:00[0m [32m INFO[0m ThreadId(10) [2mkoko::shell::媒体资产外壳[0m[2m:[0m HTTP 请求已受理 [3musecase[0m[2m=[0m"读取附件内容" [3madapter[0m[2m=[0m"http" [3moutcome[0m[2m=[0m"accepted" [3mrequest_kind[0m[2m=[0m"附件内容读取" [3mattachment_id[0m[2m=[0m"att-9f6a9ebb48a6" [3msession_id[0m[2m=[0m"s-d9da65c9733d"
[backend] [2m2026-04-25T16:49:05.3046617+08:00[0m [32m INFO[0m ThreadId(10) [2mkoko::shell::媒体资产外壳[0m[2m:[0m HTTP 请求已受理 [3musecase[0m[2m=[0m"读取附件内容" [3madapter[0m[2m=[0m"http" [3moutcome[0m[2m=[0m"accepted" [3mrequest_kind[0m[2m=[0m"附件内容读取" [3mattachment_id[0m[2m=[0m"att-9f6a9ebb48a6" [3msession_id[0m[2m=[0m"s-d9da65c9733d"
[backend] [2m2026-04-25T16:49:05.3064382+08:00[0m [32m INFO[0m ThreadId(10) [2mkoko::shell::媒体资产外壳[0m[2m:[0m HTTP 请求已受理 [3musecase[0m[2m=[0m"读取附件内容" [3madapter[0m[2m=[0m"http" [3moutcome[0m[2m=[0m"accepted" [3mrequest_kind[0m[2m=[0m"附件内容读取" [3mattachment_id[0m[2m=[0m"att-9f6a9ebb48a6" [3msession_id[0m[2m=[0m"s-d9da65c9733d"
[backend] [2m2026-04-25T16:49:05.3078118+08:00[0m [32m INFO[0m ThreadId(10) [2mkoko::shell::媒体资产外壳[0m[2m:[0m HTTP 请求已受理 [3musecase[0m[2m=[0m"读取附件内容" [3madapter[0m[2m=[0m"http" [3moutcome[0m[2m=[0m"accepted" [3mrequest_kind[0m[2m=[0m"附件内容读取" [3mattachment_id[0m[2m=[0m"att-9f6a9ebb48a6" [3msession_id[0m[2m=[0m"s-d9da65c9733d"
[backend] [2m2026-04-25T16:49:05.322717+08:00[0m [32m INFO[0m ThreadId(11) [2mkoko::shell::媒体资产外壳[0m[2m:[0m 读取附件内容成功 [3musecase[0m[2m=[0m"读取附件内容" [3madapter[0m[2m=[0m"http" [3moutcome[0m[2m=[0m"succeeded" [3mrequest_kind[0m[2m=[0m"附件内容读取" [3mattachment_id[0m[2m=[0m"att-9f6a9ebb48a6" [3msession_id[0m[2m=[0m"s-d9da65c9733d"
[backend] [2m2026-04-25T16:49:05.3334192+08:00[0m [32m INFO[0m ThreadId(11) [2mkoko::shell::媒体资产外壳[0m[2m:[0m 读取附件内容成功 [3musecase[0m[2m=[0m"读取附件内容" [3madapter[0m[2m=[0m"http" [3moutcome[0m[2m=[0m"succeeded" [3mrequest_kind[0m[2m=[0m"附件内容读取" [3mattachment_id[0m[2m=[0m"att-9f6a9ebb48a6" [3msession_id[0m[2m=[0m"s-d9da65c9733d"
[backend] [2m2026-04-25T16:49:05.3358316+08:00[0m [32m INFO[0m ThreadId(10) [2mkoko::shell::媒体资产外壳[0m[2m:[0m 读取附件内容成功 [3musecase[0m[2m=[0m"读取附件内容" [3madapter[0m[2m=[0m"http" [3moutcome[0m[2m=[0m"succeeded" [3mrequest_kind[0m[2m=[0m"附件内容读取" [3mattachment_id[0m[2m=[0m"att-9f6a9ebb48a6" [3msession_id[0m[2m=[0m"s-d9da65c9733d"
[backend] [2m2026-04-25T16:49:05.3379069+08:00[0m [32m INFO[0m ThreadId(10) [2mkoko::shell::媒体资产外壳[0m[2m:[0m 读取附件内容成功 [3musecase[0m[2m=[0m"读取附件内容" [3madapter[0m[2m=[0m"http" [3moutcome[0m[2m=[0m"succeeded" [3mrequest_kind[0m[2m=[0m"附件内容读取" [3mattachment_id[0m[2m=[0m"att-9f6a9ebb48a6" [3msession_id[0m[2m=[0m"s-d9da65c9733d"
[tracker] 2026-04-25T08:49:05.186Z start: 2d5757303230382d6d773678644b6b52416c3559
[tracker] 2026-04-25T08:49:05.222Z update: 2d5757303230382d4a70656647787650454d4673
[backend] [2m2026-04-25T16:49:05.3699529+08:00[0m [32m INFO[0m ThreadId(03) [2mkoko::shell::媒体资产外壳[0m[2m:[0m HTTP 请求已受理 [3musecase[0m[2m=[0m"读取附件内容" [3madapter[0m[2m=[0m"http" [3moutcome[0m[2m=[0m"accepted" [3mrequest_kind[0m[2m=[0m"附件内容读取" [3mattachment_id[0m[2m=[0m"att-9117ebee3b15" [3msession_id[0m[2m=[0m"s-d9da65c9733d"
[backend] [2m2026-04-25T16:49:05.3717327+08:00[0m [32m INFO[0m ThreadId(03) [2mkoko::shell::媒体资产外壳[0m[2m:[0m HTTP 请求已受理 [3musecase[0m[2m=[0m"读取附件内容" [3madapter[0m[2m=[0m"http" [3moutcome[0m[2m=[0m"accepted" [3mrequest_kind[0m[2m=[0m"附件内容读取" [3mattachment_id[0m[2m=[0m"att-9117ebee3b15" [3msession_id[0m[2m=[0m"s-d9da65c9733d"
[backend] [2m2026-04-25T16:49:05.3719444+08:00[0m [32m INFO[0m ThreadId(11) [2mkoko::shell::媒体资产外壳[0m[2m:[0m HTTP 请求已受理 [3musecase[0m[2m=[0m"读取附件内容" [3madapter[0m[2m=[0m"http" [3moutcome[0m[2m=[0m"accepted" [3mrequest_kind[0m[2m=[0m"附件内容读取" [3mattachment_id[0m[2m=[0m"att-9117ebee3b15" [3msession_id[0m[2m=[0m"s-d9da65c9733d"
[backend] [2m2026-04-25T16:49:05.3825282+08:00[0m [32m INFO[0m ThreadId(11) [2mkoko::shell::媒体资产外壳[0m[2m:[0m HTTP 请求已受理 [3musecase[0m[2m=[0m"读取附件内容" [3madapter[0m[2m=[0m"http" [3moutcome[0m[2m=[0m"accepted" [3mrequest_kind[0m[2m=[0m"附件内容读取" [3mattachment_id[0m[2m=[0m"att-9117ebee3b15" [3msession_id[0m[2m=[0m"s-d9da65c9733d"
[backend] [2m2026-04-25T16:49:05.3848078+08:00[0m [32m INFO[0m ThreadId(10) [2mkoko::shell::媒体资产外壳[0m[2m:[0m HTTP 请求已受理 [3musecase[0m[2m=[0m"读取附件内容" [3madapter[0m[2m=[0m"http" [3moutcome[0m[2m=[0m"accepted" [3mrequest_kind[0m[2m=[0m"附件内容读取" [3mattachment_id[0m[2m=[0m"att-5d2bc6f45393" [3msession_id[0m[2m=[0m"s-d9da65c9733d"
[backend] [2m2026-04-25T16:49:05.3855652+08:00[0m [32m INFO[0m ThreadId(11) [2mkoko::shell::媒体资产外壳[0m[2m:[0m HTTP 请求已受理 [3musecase[0m[2m=[0m"读取附件内容" [3madapter[0m[2m=[0m"http" [3moutcome[0m[2m=[0m"accepted" [3mrequest_kind[0m[2m=[0m"附件内容读取" [3mattachment_id[0m[2m=[0m"att-5d2bc6f45393" [3msession_id[0m[2m=[0m"s-d9da65c9733d"
[backend] [2m2026-04-25T16:49:05.3897071+08:00[0m [32m INFO[0m ThreadId(04) [2mkoko::shell::媒体资产外壳[0m[2m:[0m HTTP 请求已受理 [3musecase[0m[2m=[0m"读取附件内容" [3madapter[0m[2m=[0m"http" [3moutcome[0m[2m=[0m"accepted" [3mrequest_kind[0m[2m=[0m"附件内容读取" [3mattachment_id[0m[2m=[0m"att-5d2bc6f45393" [3msession_id[0m[2m=[0m"s-d9da65c9733d"
[backend] [2m2026-04-25T16:49:05.3940644+08:00[0m [32m INFO[0m ThreadId(12) [2mkoko::shell::媒体资产外壳[0m[2m:[0m 读取附件内容成功 [3musecase[0m[2m=[0m"读取附件内容" [3madapter[0m[2m=[0m"http" [3moutcome[0m[2m=[0m"succeeded" [3mrequest_kind[0m[2m=[0m"附件内容读取" [3mattachment_id[0m[2m=[0m"att-9117ebee3b15" [3msession_id[0m[2m=[0m"s-d9da65c9733d"
[backend] [2m2026-04-25T16:49:05.401198+08:00[0m [32m INFO[0m ThreadId(12) [2mkoko::shell::媒体资产外壳[0m[2m:[0m 读取附件内容成功 [3musecase[0m[2m=[0m"读取附件内容" [3madapter[0m[2m=[0m"http" [3moutcome[0m[2m=[0m"succeeded" [3mrequest_kind[0m[2m=[0m"附件内容读取" [3mattachment_id[0m[2m=[0m"att-9117ebee3b15" [3msession_id[0m[2m=[0m"s-d9da65c9733d"
[backend] [2m2026-04-25T16:49:05.4013686+08:00[0m [32m INFO[0m ThreadId(03) [2mkoko::shell::媒体资产外壳[0m[2m:[0m 读取附件内容成功 [3musecase[0m[2m=[0m"读取附件内容" [3madapter[0m[2m=[0m"http" [3moutcome[0m[2m=[0m"succeeded" [3mrequest_kind[0m[2m=[0m"附件内容读取" [3mattachment_id[0m[2m=[0m"att-9117ebee3b15" [3msession_id[0m[2m=[0m"s-d9da65c9733d"
[backend] [2m2026-04-25T16:49:05.4034518+08:00[0m [32m INFO[0m ThreadId(04) [2mkoko::shell::媒体资产外壳[0m[2m:[0m 读取附件内容成功 [3musecase[0m[2m=[0m"读取附件内容" [3madapter[0m[2m=[0m"http" [3moutcome[0m[2m=[0m"succeeded" [3mrequest_kind[0m[2m=[0m"附件内容读取" [3mattachment_id[0m[2m=[0m"att-5d2bc6f45393" [3msession_id[0m[2m=[0m"s-d9da65c9733d"
[backend] [2m2026-04-25T16:49:05.404212+08:00[0m [32m INFO[0m ThreadId(03) [2mkoko::shell::媒体资产外壳[0m[2m:[0m 读取附件内容成功 [3musecase[0m[2m=[0m"读取附件内容" [3madapter[0m[2m=[0m"http" [3moutcome[0m[2m=[0m"succeeded" [3mrequest_kind[0m[2m=[0m"附件内容读取" [3mattachment_id[0m[2m=[0m"att-5d2bc6f45393" [3msession_id[0m[2m=[0m"s-d9da65c9733d"
[backend] [2m2026-04-25T16:49:05.4141255+08:00[0m [32m INFO[0m ThreadId(03) [2mkoko::shell::媒体资产外壳[0m[2m:[0m 读取附件内容成功 [3musecase[0m[2m=[0m"读取附件内容" [3madapter[0m[2m=[0m"http" [3moutcome[0m[2m=[0m"succeeded" [3mrequest_kind[0m[2m=[0m"附件内容读取" [3mattachment_id[0m[2m=[0m"att-9117ebee3b15" [3msession_id[0m[2m=[0m"s-d9da65c9733d"
[backend] [2m2026-04-25T16:49:05.4162424+08:00[0m [32m INFO[0m ThreadId(04) [2mkoko::shell::媒体资产外壳[0m[2m:[0m 读取附件内容成功 [3musecase[0m[2m=[0m"读取附件内容" [3madapter[0m[2m=[0m"http" [3moutcome[0m[2m=[0m"succeeded" [3mrequest_kind[0m[2m=[0m"附件内容读取" [3mattachment_id[0m[2m=[0m"att-5d2bc6f45393" [3msession_id[0m[2m=[0m"s-d9da65c9733d"
[backend] [2m2026-04-25T16:49:05.4564011+08:00[0m [32m INFO[0m ThreadId(03) [2mkoko::shell::媒体资产外壳[0m[2m:[0m HTTP 请求已受理 [3musecase[0m[2m=[0m"读取附件内容" [3madapter[0m[2m=[0m"http" [3moutcome[0m[2m=[0m"accepted" [3mrequest_kind[0m[2m=[0m"附件内容读取" [3mattachment_id[0m[2m=[0m"att-e35bd47b6508" [3msession_id[0m[2m=[0m"s-d9da65c9733d"
[backend] [2m2026-04-25T16:49:05.4585068+08:00[0m [32m INFO[0m ThreadId(03) [2mkoko::shell::媒体资产外壳[0m[2m:[0m HTTP 请求已受理 [3musecase[0m[2m=[0m"读取附件内容" [3madapter[0m[2m=[0m"http" [3moutcome[0m[2m=[0m"accepted" [3mrequest_kind[0m[2m=[0m"附件内容读取" [3mattachment_id[0m[2m=[0m"att-e35bd47b6508" [3msession_id[0m[2m=[0m"s-d9da65c9733d"
[backend] [2m2026-04-25T16:49:05.4761514+08:00[0m [32m INFO[0m ThreadId(03) [2mkoko::shell::媒体资产外壳[0m[2m:[0m 读取附件内容成功 [3musecase[0m[2m=[0m"读取附件内容" [3madapter[0m[2m=[0m"http" [3moutcome[0m[2m=[0m"succeeded" [3mrequest_kind[0m[2m=[0m"附件内容读取" [3mattachment_id[0m[2m=[0m"att-e35bd47b6508" [3msession_id[0m[2m=[0m"s-d9da65c9733d"
[backend] [2m2026-04-25T16:49:05.4761515+08:00[0m [32m INFO[0m ThreadId(12) [2mkoko::shell::媒体资产外壳[0m[2m:[0m 读取附件内容成功 [3musecase[0m[2m=[0m"读取附件内容" [3madapter[0m[2m=[0m"http" [3moutcome[0m[2m=[0m"succeeded" [3mrequest_kind[0m[2m=[0m"附件内容读取" [3mattachment_id[0m[2m=[0m"att-e35bd47b6508" [3msession_id[0m[2m=[0m"s-d9da65c9733d"
[backend] [2m2026-04-25T16:49:05.5034353+08:00[0m [32m INFO[0m ThreadId(11) [2mkoko::shell::媒体资产外壳[0m[2m:[0m HTTP 请求已受理 [3musecase[0m[2m=[0m"读取附件内容" [3madapter[0m[2m=[0m"http" [3moutcome[0m[2m=[0m"accepted" [3mrequest_kind[0m[2m=[0m"附件内容读取" [3mattachment_id[0m[2m=[0m"att-10b60d10c9e1" [3msession_id[0m[2m=[0m"s-d9da65c9733d"
[backend] [2m2026-04-25T16:49:05.5059813+08:00[0m [32m INFO[0m ThreadId(11) [2mkoko::shell::媒体资产外壳[0m[2m:[0m HTTP 请求已受理 [3musecase[0m[2m=[0m"读取附件内容" [3madapter[0m[2m=[0m"http" [3moutcome[0m[2m=[0m"accepted" [3mrequest_kind[0m[2m=[0m"附件内容读取" [3mattachment_id[0m[2m=[0m"att-10b60d10c9e1" [3msession_id[0m[2m=[0m"s-d9da65c9733d"
[backend] [2m2026-04-25T16:49:05.5077563+08:00[0m [32m INFO[0m ThreadId(03) [2mkoko::shell::媒体资产外壳[0m[2m:[0m HTTP 请求已受理 [3musecase[0m[2m=[0m"读取附件内容" [3madapter[0m[2m=[0m"http" [3moutcome[0m[2m=[0m"accepted" [3mrequest_kind[0m[2m=[0m"附件内容读取" [3mattachment_id[0m[2m=[0m"att-10b60d10c9e1" [3msession_id[0m[2m=[0m"s-d9da65c9733d"
[backend] [2m2026-04-25T16:49:05.5092063+08:00[0m [32m INFO[0m ThreadId(03) [2mkoko::shell::媒体资产外壳[0m[2m:[0m HTTP 请求已受理 [3musecase[0m[2m=[0m"读取附件内容" [3madapter[0m[2m=[0m"http" [3moutcome[0m[2m=[0m"accepted" [3mrequest_kind[0m[2m=[0m"附件内容读取" [3mattachment_id[0m[2m=[0m"att-10b60d10c9e1" [3msession_id[0m[2m=[0m"s-d9da65c9733d"
[backend] [2m2026-04-25T16:49:05.511693+08:00[0m [32m INFO[0m ThreadId(12) [2mkoko::shell::媒体资产外壳[0m[2m:[0m HTTP 请求已受理 [3musecase[0m[2m=[0m"读取附件内容" [3madapter[0m[2m=[0m"http" [3moutcome[0m[2m=[0m"accepted" [3mrequest_kind[0m[2m=[0m"附件内容读取" [3mattachment_id[0m[2m=[0m"att-4e0480d9e16e" [3msession_id[0m[2m=[0m"s-d9da65c9733d"
[backend] [2m2026-04-25T16:49:05.5191178+08:00[0m [32m INFO[0m ThreadId(11) [2mkoko::shell::媒体资产外壳[0m[2m:[0m HTTP 请求已受理 [3musecase[0m[2m=[0m"读取附件内容" [3madapter[0m[2m=[0m"http" [3moutcome[0m[2m=[0m"accepted" [3mrequest_kind[0m[2m=[0m"附件内容读取" [3mattachment_id[0m[2m=[0m"att-4e0480d9e16e" [3msession_id[0m[2m=[0m"s-d9da65c9733d"
[backend] [2m2026-04-25T16:49:05.5202682+08:00[0m [32m INFO[0m ThreadId(12) [2mkoko::shell::媒体资产外壳[0m[2m:[0m HTTP 请求已受理 [3musecase[0m[2m=[0m"读取附件内容" [3madapter[0m[2m=[0m"http" [3moutcome[0m[2m=[0m"accepted" [3mrequest_kind[0m[2m=[0m"附件内容读取" [3mattachment_id[0m[2m=[0m"att-9ea1bd13ba13" [3msession_id[0m[2m=[0m"s-d9da65c9733d"
[backend] [2m2026-04-25T16:49:05.5228932+08:00[0m [32m INFO[0m ThreadId(04) [2mkoko::shell::媒体资产外壳[0m[2m:[0m 读取附件内容成功 [3musecase[0m[2m=[0m"读取附件内容" [3madapter[0m[2m=[0m"http" [3moutcome[0m[2m=[0m"succeeded" [3mrequest_kind[0m[2m=[0m"附件内容读取" [3mattachment_id[0m[2m=[0m"att-10b60d10c9e1" [3msession_id[0m[2m=[0m"s-d9da65c9733d"
[backend] [2m2026-04-25T16:49:05.5229428+08:00[0m [32m INFO[0m ThreadId(10) [2mkoko::shell::媒体资产外壳[0m[2m:[0m 读取附件内容成功 [3musecase[0m[2m=[0m"读取附件内容" [3madapter[0m[2m=[0m"http" [3moutcome[0m[2m=[0m"succeeded" [3mrequest_kind[0m[2m=[0m"附件内容读取" [3mattachment_id[0m[2m=[0m"att-10b60d10c9e1" [3msession_id[0m[2m=[0m"s-d9da65c9733d"
[backend] [2m2026-04-25T16:49:05.524862+08:00[0m [32m INFO[0m ThreadId(03) [2mkoko::shell::媒体资产外壳[0m[2m:[0m HTTP 请求已受理 [3musecase[0m[2m=[0m"读取附件内容" [3madapter[0m[2m=[0m"http" [3moutcome[0m[2m=[0m"accepted" [3mrequest_kind[0m[2m=[0m"附件内容读取" [3mattachment_id[0m[2m=[0m"att-9ea1bd13ba13" [3msession_id[0m[2m=[0m"s-d9da65c9733d"
[backend] [2m2026-04-25T16:49:05.5278838+08:00[0m [32m INFO[0m ThreadId(04) [2mkoko::shell::媒体资产外壳[0m[2m:[0m HTTP 请求已受理 [3musecase[0m[2m=[0m"读取附件内容" [3madapter[0m[2m=[0m"http" [3moutcome[0m[2m=[0m"accepted" [3mrequest_kind[0m[2m=[0m"附件内容读取" [3mattachment_id[0m[2m=[0m"att-9ea1bd13ba13" [3msession_id[0m[2m=[0m"s-d9da65c9733d"
[backend] [2m2026-04-25T16:49:05.529449+08:00[0m [32m INFO[0m ThreadId(10) [2mkoko::shell::媒体资产外壳[0m[2m:[0m 读取附件内容成功 [3musecase[0m[2m=[0m"读取附件内容" [3madapter[0m[2m=[0m"http" [3moutcome[0m[2m=[0m"succeeded" [3mrequest_kind[0m[2m=[0m"附件内容读取" [3mattachment_id[0m[2m=[0m"att-10b60d10c9e1" [3msession_id[0m[2m=[0m"s-d9da65c9733d"
[backend] [2m2026-04-25T16:49:05.5345921+08:00[0m [32m INFO[0m ThreadId(11) [2mkoko::shell::媒体资产外壳[0m[2m:[0m 读取附件内容成功 [3musecase[0m[2m=[0m"读取附件内容" [3madapter[0m[2m=[0m"http" [3moutcome[0m[2m=[0m"succeeded" [3mrequest_kind[0m[2m=[0m"附件内容读取" [3mattachment_id[0m[2m=[0m"att-4e0480d9e16e" [3msession_id[0m[2m=[0m"s-d9da65c9733d"
[backend] [2m2026-04-25T16:49:05.5404211+08:00[0m [32m INFO[0m ThreadId(11) [2mkoko::shell::媒体资产外壳[0m[2m:[0m HTTP 请求已受理 [3musecase[0m[2m=[0m"读取附件内容" [3madapter[0m[2m=[0m"http" [3moutcome[0m[2m=[0m"accepted" [3mrequest_kind[0m[2m=[0m"附件内容读取" [3mattachment_id[0m[2m=[0m"att-9ea1bd13ba13" [3msession_id[0m[2m=[0m"s-d9da65c9733d"
[backend] [2m2026-04-25T16:49:05.5411727+08:00[0m [32m INFO[0m ThreadId(12) [2mkoko::shell::媒体资产外壳[0m[2m:[0m 读取附件内容成功 [3musecase[0m[2m=[0m"读取附件内容" [3madapter[0m[2m=[0m"http" [3moutcome[0m[2m=[0m"succeeded" [3mrequest_kind[0m[2m=[0m"附件内容读取" [3mattachment_id[0m[2m=[0m"att-10b60d10c9e1" [3msession_id[0m[2m=[0m"s-d9da65c9733d"
[backend] [2m2026-04-25T16:49:05.54309+08:00[0m [32m INFO[0m ThreadId(11) [2mkoko::shell::媒体资产外壳[0m[2m:[0m 读取附件内容成功 [3musecase[0m[2m=[0m"读取附件内容" [3madapter[0m[2m=[0m"http" [3moutcome[0m[2m=[0m"succeeded" [3mrequest_kind[0m[2m=[0m"附件内容读取" [3mattachment_id[0m[2m=[0m"att-9ea1bd13ba13" [3msession_id[0m[2m=[0m"s-d9da65c9733d"
[backend] [2m2026-04-25T16:49:05.5469346+08:00[0m [32m INFO[0m ThreadId(11) [2mkoko::shell::媒体资产外壳[0m[2m:[0m 读取附件内容成功 [3musecase[0m[2m=[0m"读取附件内容" [3madapter[0m[2m=[0m"http" [3moutcome[0m[2m=[0m"succeeded" [3mrequest_kind[0m[2m=[0m"附件内容读取" [3mattachment_id[0m[2m=[0m"att-4e0480d9e16e" [3msession_id[0m[2m=[0m"s-d9da65c9733d"
[backend] [2m2026-04-25T16:49:05.550017+08:00[0m [32m INFO[0m ThreadId(04) [2mkoko::shell::媒体资产外壳[0m[2m:[0m 读取附件内容成功 [3musecase[0m[2m=[0m"读取附件内容" [3madapter[0m[2m=[0m"http" [3moutcome[0m[2m=[0m"succeeded" [3mrequest_kind[0m[2m=[0m"附件内容读取" [3mattachment_id[0m[2m=[0m"att-9ea1bd13ba13" [3msession_id[0m[2m=[0m"s-d9da65c9733d"
[backend] [2m2026-04-25T16:49:05.5527111+08:00[0m [32m INFO[0m ThreadId(03) [2mkoko::shell::媒体资产外壳[0m[2m:[0m 读取附件内容成功 [3musecase[0m[2m=[0m"读取附件内容" [3madapter[0m[2m=[0m"http" [3moutcome[0m[2m=[0m"succeeded" [3mrequest_kind[0m[2m=[0m"附件内容读取" [3mattachment_id[0m[2m=[0m"att-9ea1bd13ba13" [3msession_id[0m[2m=[0m"s-d9da65c9733d"
[backend] [2m2026-04-25T16:49:05.5646465+08:00[0m [32m INFO[0m ThreadId(03) [2mkoko::shell::媒体资产外壳[0m[2m:[0m 读取附件内容成功 [3musecase[0m[2m=[0m"读取附件内容" [3madapter[0m[2m=[0m"http" [3moutcome[0m[2m=[0m"succeeded" [3mrequest_kind[0m[2m=[0m"附件内容读取" [3mattachment_id[0m[2m=[0m"att-9ea1bd13ba13" [3msession_id[0m[2m=[0m"s-d9da65c9733d"
[backend] [2m2026-04-25T16:49:05.635252+08:00[0m [32m INFO[0m ThreadId(10) [2mkoko::shell::媒体资产外壳[0m[2m:[0m HTTP 请求已受理 [3musecase[0m[2m=[0m"读取附件内容" [3madapter[0m[2m=[0m"http" [3moutcome[0m[2m=[0m"accepted" [3mrequest_kind[0m[2m=[0m"附件内容读取" [3mattachment_id[0m[2m=[0m"att-9f6a9ebb48a6" [3msession_id[0m[2m=[0m"s-d9da65c9733d"
[backend] [2m2026-04-25T16:49:05.6412624+08:00[0m [32m INFO[0m ThreadId(10) [2mkoko::shell::媒体资产外壳[0m[2m:[0m HTTP 请求已受理 [3musecase[0m[2m=[0m"读取附件内容" [3madapter[0m[2m=[0m"http" [3moutcome[0m[2m=[0m"accepted" [3mrequest_kind[0m[2m=[0m"附件内容读取" [3mattachment_id[0m[2m=[0m"att-e35bd47b6508" [3msession_id[0m[2m=[0m"s-d9da65c9733d"
[backend] [2m2026-04-25T16:49:05.6426487+08:00[0m [32m INFO[0m ThreadId(10) [2mkoko::shell::媒体资产外壳[0m[2m:[0m HTTP 请求已受理 [3musecase[0m[2m=[0m"读取附件内容" [3madapter[0m[2m=[0m"http" [3moutcome[0m[2m=[0m"accepted" [3mrequest_kind[0m[2m=[0m"附件内容读取" [3mattachment_id[0m[2m=[0m"att-e35bd47b6508" [3msession_id[0m[2m=[0m"s-d9da65c9733d"
[backend] [2m2026-04-25T16:49:05.648181+08:00[0m [32m INFO[0m ThreadId(10) [2mkoko::shell::媒体资产外壳[0m[2m:[0m HTTP 请求已受理 [3musecase[0m[2m=[0m"读取附件内容" [3madapter[0m[2m=[0m"http" [3moutcome[0m[2m=[0m"accepted" [3mrequest_kind[0m[2m=[0m"附件内容读取" [3mattachment_id[0m[2m=[0m"att-9f6a9ebb48a6" [3msession_id[0m[2m=[0m"s-d9da65c9733d"
[backend] [2m2026-04-25T16:49:05.6560057+08:00[0m [32m INFO[0m ThreadId(04) [2mkoko::shell::媒体资产外壳[0m[2m:[0m 读取附件内容成功 [3musecase[0m[2m=[0m"读取附件内容" [3madapter[0m[2m=[0m"http" [3moutcome[0m[2m=[0m"succeeded" [3mrequest_kind[0m[2m=[0m"附件内容读取" [3mattachment_id[0m[2m=[0m"att-9f6a9ebb48a6" [3msession_id[0m[2m=[0m"s-d9da65c9733d"
[backend] [2m2026-04-25T16:49:05.6564043+08:00[0m [32m INFO[0m ThreadId(10) [2mkoko::shell::媒体资产外壳[0m[2m:[0m 读取附件内容成功 [3musecase[0m[2m=[0m"读取附件内容" [3madapter[0m[2m=[0m"http" [3moutcome[0m[2m=[0m"succeeded" [3mrequest_kind[0m[2m=[0m"附件内容读取" [3mattachment_id[0m[2m=[0m"att-e35bd47b6508" [3msession_id[0m[2m=[0m"s-d9da65c9733d"
[backend] [2m2026-04-25T16:49:05.6562893+08:00[0m [32m INFO[0m ThreadId(11) [2mkoko::shell::媒体资产外壳[0m[2m:[0m 读取附件内容成功 [3musecase[0m[2m=[0m"读取附件内容" [3madapter[0m[2m=[0m"http" [3moutcome[0m[2m=[0m"succeeded" [3mrequest_kind[0m[2m=[0m"附件内容读取" [3mattachment_id[0m[2m=[0m"att-e35bd47b6508" [3msession_id[0m[2m=[0m"s-d9da65c9733d"
[backend] [2m2026-04-25T16:49:05.6616059+08:00[0m [32m INFO[0m ThreadId(11) [2mkoko::shell::媒体资产外壳[0m[2m:[0m 读取附件内容成功 [3musecase[0m[2m=[0m"读取附件内容" [3madapter[0m[2m=[0m"http" [3moutcome[0m[2m=[0m"succeeded" [3mrequest_kind[0m[2m=[0m"附件内容读取" [3mattachment_id[0m[2m=[0m"att-9f6a9ebb48a6" [3msession_id[0m[2m=[0m"s-d9da65c9733d"
[tracker] 2026-04-25T08:49:05.440Z update: 2d5757303230382d564f594651326c6753477054
[backend] [2m2026-04-25T16:49:05.7083725+08:00[0m [32m INFO[0m ThreadId(03) [2mkoko::shell::媒体资产外壳[0m[2m:[0m HTTP 请求已受理 [3musecase[0m[2m=[0m"读取附件内容" [3madapter[0m[2m=[0m"http" [3moutcome[0m[2m=[0m"accepted" [3mrequest_kind[0m[2m=[0m"附件内容读取" [3mattachment_id[0m[2m=[0m"att-e35bd47b6508" [3msession_id[0m[2m=[0m"s-d9da65c9733d"
[backend] [2m2026-04-25T16:49:05.7252577+08:00[0m [32m INFO[0m ThreadId(03) [2mkoko::shell::媒体资产外壳[0m[2m:[0m 读取附件内容成功 [3musecase[0m[2m=[0m"读取附件内容" [3madapter[0m[2m=[0m"http" [3moutcome[0m[2m=[0m"succeeded" [3mrequest_kind[0m[2m=[0m"附件内容读取" [3mattachment_id[0m[2m=[0m"att-e35bd47b6508" [3msession_id[0m[2m=[0m"s-d9da65c9733d"
[backend] [2m2026-04-25T16:49:05.726296+08:00[0m [32m INFO[0m ThreadId(04) [2mkoko::shell::媒体资产外壳[0m[2m:[0m HTTP 请求已受理 [3musecase[0m[2m=[0m"读取附件内容" [3madapter[0m[2m=[0m"http" [3moutcome[0m[2m=[0m"accepted" [3mrequest_kind[0m[2m=[0m"附件内容读取" [3mattachment_id[0m[2m=[0m"att-9f6a9ebb48a6" [3msession_id[0m[2m=[0m"s-d9da65c9733d"
[backend] [2m2026-04-25T16:49:05.7306472+08:00[0m [32m INFO[0m ThreadId(04) [2mkoko::shell::媒体资产外壳[0m[2m:[0m HTTP 请求已受理 [3musecase[0m[2m=[0m"读取附件内容" [3madapter[0m[2m=[0m"http" [3moutcome[0m[2m=[0m"accepted" [3mrequest_kind[0m[2m=[0m"附件内容读取" [3mattachment_id[0m[2m=[0m"att-9f6a9ebb48a6" [3msession_id[0m[2m=[0m"s-d9da65c9733d"
[backend] [2m2026-04-25T16:49:05.7430053+08:00[0m [32m INFO[0m ThreadId(04) [2mkoko::shell::媒体资产外壳[0m[2m:[0m 读取附件内容成功 [3musecase[0m[2m=[0m"读取附件内容" [3madapter[0m[2m=[0m"http" [3moutcome[0m[2m=[0m"succeeded" [3mrequest_kind[0m[2m=[0m"附件内容读取" [3mattachment_id[0m[2m=[0m"att-9f6a9ebb48a6" [3msession_id[0m[2m=[0m"s-d9da65c9733d"
[backend] [2m2026-04-25T16:49:05.7493885+08:00[0m [32m INFO[0m ThreadId(04) [2mkoko::shell::媒体资产外壳[0m[2m:[0m 读取附件内容成功 [3musecase[0m[2m=[0m"读取附件内容" [3madapter[0m[2m=[0m"http" [3moutcome[0m[2m=[0m"succeeded" [3mrequest_kind[0m[2m=[0m"附件内容读取" [3mattachment_id[0m[2m=[0m"att-9f6a9ebb48a6" [3msession_id[0m[2m=[0m"s-d9da65c9733d"
[backend] [2m2026-04-25T16:49:05.7517084+08:00[0m [32m INFO[0m ThreadId(10) [2mkoko::shell::媒体资产外壳[0m[2m:[0m HTTP 请求已受理 [3musecase[0m[2m=[0m"读取附件内容" [3madapter[0m[2m=[0m"http" [3moutcome[0m[2m=[0m"accepted" [3mrequest_kind[0m[2m=[0m"附件内容读取" [3mattachment_id[0m[2m=[0m"att-10b60d10c9e1" [3msession_id[0m[2m=[0m"s-d9da65c9733d"
[backend] [2m2026-04-25T16:49:05.7651198+08:00[0m [32m INFO[0m ThreadId(10) [2mkoko::shell::媒体资产外壳[0m[2m:[0m 读取附件内容成功 [3musecase[0m[2m=[0m"读取附件内容" [3madapter[0m[2m=[0m"http" [3moutcome[0m[2m=[0m"succeeded" [3mrequest_kind[0m[2m=[0m"附件内容读取" [3mattachment_id[0m[2m=[0m"att-10b60d10c9e1" [3msession_id[0m[2m=[0m"s-d9da65c9733d"
[backend] [2m2026-04-25T16:49:05.9055219+08:00[0m [32m INFO[0m ThreadId(03) [2mkoko::shell::媒体资产外壳[0m[2m:[0m HTTP 请求已受理 [3musecase[0m[2m=[0m"读取附件内容" [3madapter[0m[2m=[0m"http" [3moutcome[0m[2m=[0m"accepted" [3mrequest_kind[0m[2m=[0m"附件内容读取" [3mattachment_id[0m[2m=[0m"att-9ea1bd13ba13" [3msession_id[0m[2m=[0m"s-d9da65c9733d"
[backend] [2m2026-04-25T16:49:05.9146336+08:00[0m [32m INFO[0m ThreadId(10) [2mkoko::shell::媒体资产外壳[0m[2m:[0m 读取附件内容成功 [3musecase[0m[2m=[0m"读取附件内容" [3madapter[0m[2m=[0m"http" [3moutcome[0m[2m=[0m"succeeded" [3mrequest_kind[0m[2m=[0m"附件内容读取" [3mattachment_id[0m[2m=[0m"att-9ea1bd13ba13" [3msession_id[0m[2m=[0m"s-d9da65c9733d"
[backend] [2m2026-04-25T16:49:05.9222528+08:00[0m [32m INFO[0m ThreadId(11) [2mkoko::shell::媒体资产外壳[0m[2m:[0m HTTP 请求已受理 [3musecase[0m[2m=[0m"读取附件内容" [3madapter[0m[2m=[0m"http" [3moutcome[0m[2m=[0m"accepted" [3mrequest_kind[0m[2m=[0m"附件内容读取" [3mattachment_id[0m[2m=[0m"att-10b60d10c9e1" [3msession_id[0m[2m=[0m"s-d9da65c9733d"
[backend] [2m2026-04-25T16:49:05.9236483+08:00[0m [32m INFO[0m ThreadId(11) [2mkoko::shell::媒体资产外壳[0m[2m:[0m HTTP 请求已受理 [3musecase[0m[2m=[0m"读取附件内容" [3madapter[0m[2m=[0m"http" [3moutcome[0m[2m=[0m"accepted" [3mrequest_kind[0m[2m=[0m"附件内容读取" [3mattachment_id[0m[2m=[0m"att-10b60d10c9e1" [3msession_id[0m[2m=[0m"s-d9da65c9733d"
[backend] [2m2026-04-25T16:49:05.9278805+08:00[0m [32m INFO[0m ThreadId(10) [2mkoko::shell::媒体资产外壳[0m[2m:[0m HTTP 请求已受理 [3musecase[0m[2m=[0m"读取附件内容" [3madapter[0m[2m=[0m"http" [3moutcome[0m[2m=[0m"accepted" [3mrequest_kind[0m[2m=[0m"附件内容读取" [3mattachment_id[0m[2m=[0m"att-10b60d10c9e1" [3msession_id[0m[2m=[0m"s-d9da65c9733d"
[backend] [2m2026-04-25T16:49:05.9296543+08:00[0m [32m INFO[0m ThreadId(10) [2mkoko::shell::媒体资产外壳[0m[2m:[0m HTTP 请求已受理 [3musecase[0m[2m=[0m"读取附件内容" [3madapter[0m[2m=[0m"http" [3moutcome[0m[2m=[0m"accepted" [3mrequest_kind[0m[2m=[0m"附件内容读取" [3mattachment_id[0m[2m=[0m"att-5d2bc6f45393" [3msession_id[0m[2m=[0m"s-d9da65c9733d"
[backend] [2m2026-04-25T16:49:05.9296446+08:00[0m [32m INFO[0m ThreadId(11) [2mkoko::shell::媒体资产外壳[0m[2m:[0m HTTP 请求已受理 [3musecase[0m[2m=[0m"读取附件内容" [3madapter[0m[2m=[0m"http" [3moutcome[0m[2m=[0m"accepted" [3mrequest_kind[0m[2m=[0m"附件内容读取" [3mattachment_id[0m[2m=[0m"att-e35bd47b6508" [3msession_id[0m[2m=[0m"s-d9da65c9733d"
[backend] [2m2026-04-25T16:49:05.933264+08:00[0m [32m INFO[0m ThreadId(10) [2mkoko::shell::媒体资产外壳[0m[2m:[0m HTTP 请求已受理 [3musecase[0m[2m=[0m"读取附件内容" [3madapter[0m[2m=[0m"http" [3moutcome[0m[2m=[0m"accepted" [3mrequest_kind[0m[2m=[0m"附件内容读取" [3mattachment_id[0m[2m=[0m"att-5d2bc6f45393" [3msession_id[0m[2m=[0m"s-d9da65c9733d"
[backend] [2m2026-04-25T16:49:05.9413703+08:00[0m [32m INFO[0m ThreadId(11) [2mkoko::shell::媒体资产外壳[0m[2m:[0m HTTP 请求已受理 [3musecase[0m[2m=[0m"读取附件内容" [3madapter[0m[2m=[0m"http" [3moutcome[0m[2m=[0m"accepted" [3mrequest_kind[0m[2m=[0m"附件内容读取" [3mattachment_id[0m[2m=[0m"att-5d2bc6f45393" [3msession_id[0m[2m=[0m"s-d9da65c9733d"
[backend] [2m2026-04-25T16:49:05.9441997+08:00[0m [32m INFO[0m ThreadId(06) [2mkoko::shell::媒体资产外壳[0m[2m:[0m HTTP 请求已受理 [3musecase[0m[2m=[0m"读取附件内容" [3madapter[0m[2m=[0m"http" [3moutcome[0m[2m=[0m"accepted" [3mrequest_kind[0m[2m=[0m"附件内容读取" [3mattachment_id[0m[2m=[0m"att-9117ebee3b15" [3msession_id[0m[2m=[0m"s-d9da65c9733d"
[backend] [2m2026-04-25T16:49:05.9450069+08:00[0m [32m INFO[0m ThreadId(12) [2mkoko::shell::媒体资产外壳[0m[2m:[0m 读取附件内容成功 [3musecase[0m[2m=[0m"读取附件内容" [3madapter[0m[2m=[0m"http" [3moutcome[0m[2m=[0m"succeeded" [3mrequest_kind[0m[2m=[0m"附件内容读取" [3mattachment_id[0m[2m=[0m"att-10b60d10c9e1" [3msession_id[0m[2m=[0m"s-d9da65c9733d"
[backend] [2m2026-04-25T16:49:05.9450069+08:00[0m [32m INFO[0m ThreadId(11) [2mkoko::shell::媒体资产外壳[0m[2m:[0m 读取附件内容成功 [3musecase[0m[2m=[0m"读取附件内容" [3madapter[0m[2m=[0m"http" [3moutcome[0m[2m=[0m"succeeded" [3mrequest_kind[0m[2m=[0m"附件内容读取" [3mattachment_id[0m[2m=[0m"att-10b60d10c9e1" [3msession_id[0m[2m=[0m"s-d9da65c9733d"
[backend] [2m2026-04-25T16:49:05.9474495+08:00[0m [32m INFO[0m ThreadId(05) [2mkoko::shell::媒体资产外壳[0m[2m:[0m 读取附件内容成功 [3musecase[0m[2m=[0m"读取附件内容" [3madapter[0m[2m=[0m"http" [3moutcome[0m[2m=[0m"succeeded" [3mrequest_kind[0m[2m=[0m"附件内容读取" [3mattachment_id[0m[2m=[0m"att-5d2bc6f45393" [3msession_id[0m[2m=[0m"s-d9da65c9733d"
[backend] [2m2026-04-25T16:49:05.9459674+08:00[0m [32m INFO[0m ThreadId(06) [2mkoko::shell::媒体资产外壳[0m[2m:[0m HTTP 请求已受理 [3musecase[0m[2m=[0m"读取附件内容" [3madapter[0m[2m=[0m"http" [3moutcome[0m[2m=[0m"accepted" [3mrequest_kind[0m[2m=[0m"附件内容读取" [3mattachment_id[0m[2m=[0m"att-9117ebee3b15" [3msession_id[0m[2m=[0m"s-d9da65c9733d"
[backend] [2m2026-04-25T16:49:05.945025+08:00[0m [32m INFO[0m ThreadId(10) [2mkoko::shell::媒体资产外壳[0m[2m:[0m 读取附件内容成功 [3musecase[0m[2m=[0m"读取附件内容" [3madapter[0m[2m=[0m"http" [3moutcome[0m[2m=[0m"succeeded" [3mrequest_kind[0m[2m=[0m"附件内容读取" [3mattachment_id[0m[2m=[0m"att-10b60d10c9e1" [3msession_id[0m[2m=[0m"s-d9da65c9733d"
[backend] [2m2026-04-25T16:49:05.9522574+08:00[0m [32m INFO[0m ThreadId(06) [2mkoko::shell::媒体资产外壳[0m[2m:[0m HTTP 请求已受理 [3musecase[0m[2m=[0m"读取附件内容" [3madapter[0m[2m=[0m"http" [3moutcome[0m[2m=[0m"accepted" [3mrequest_kind[0m[2m=[0m"附件内容读取" [3mattachment_id[0m[2m=[0m"att-9117ebee3b15" [3msession_id[0m[2m=[0m"s-d9da65c9733d"
[backend] [2m2026-04-25T16:49:05.9593084+08:00[0m [32m INFO[0m ThreadId(05) [2mkoko::shell::媒体资产外壳[0m[2m:[0m HTTP 请求已受理 [3musecase[0m[2m=[0m"读取附件内容" [3madapter[0m[2m=[0m"http" [3moutcome[0m[2m=[0m"accepted" [3mrequest_kind[0m[2m=[0m"附件内容读取" [3mattachment_id[0m[2m=[0m"att-9117ebee3b15" [3msession_id[0m[2m=[0m"s-d9da65c9733d"
[backend] [2m2026-04-25T16:49:05.9616776+08:00[0m [32m INFO[0m ThreadId(05) [2mkoko::shell::媒体资产外壳[0m[2m:[0m 读取附件内容成功 [3musecase[0m[2m=[0m"读取附件内容" [3madapter[0m[2m=[0m"http" [3moutcome[0m[2m=[0m"succeeded" [3mrequest_kind[0m[2m=[0m"附件内容读取" [3mattachment_id[0m[2m=[0m"att-e35bd47b6508" [3msession_id[0m[2m=[0m"s-d9da65c9733d"
[backend] [2m2026-04-25T16:49:05.963509+08:00[0m [32m INFO[0m ThreadId(05) [2mkoko::shell::媒体资产外壳[0m[2m:[0m 读取附件内容成功 [3musecase[0m[2m=[0m"读取附件内容" [3madapter[0m[2m=[0m"http" [3moutcome[0m[2m=[0m"succeeded" [3mrequest_kind[0m[2m=[0m"附件内容读取" [3mattachment_id[0m[2m=[0m"att-9117ebee3b15" [3msession_id[0m[2m=[0m"s-d9da65c9733d"
[backend] [2m2026-04-25T16:49:05.9649909+08:00[0m [32m INFO[0m ThreadId(06) [2mkoko::shell::媒体资产外壳[0m[2m:[0m 读取附件内容成功 [3musecase[0m[2m=[0m"读取附件内容" [3madapter[0m[2m=[0m"http" [3moutcome[0m[2m=[0m"succeeded" [3mrequest_kind[0m[2m=[0m"附件内容读取" [3mattachment_id[0m[2m=[0m"att-5d2bc6f45393" [3msession_id[0m[2m=[0m"s-d9da65c9733d"
[backend] [2m2026-04-25T16:49:05.9649908+08:00[0m [32m INFO[0m ThreadId(11) [2mkoko::shell::媒体资产外壳[0m[2m:[0m 读取附件内容成功 [3musecase[0m[2m=[0m"读取附件内容" [3madapter[0m[2m=[0m"http" [3moutcome[0m[2m=[0m"succeeded" [3mrequest_kind[0m[2m=[0m"附件内容读取" [3mattachment_id[0m[2m=[0m"att-5d2bc6f45393" [3msession_id[0m[2m=[0m"s-d9da65c9733d"
[backend] [2m2026-04-25T16:49:05.9673977+08:00[0m [32m INFO[0m ThreadId(06) [2mkoko::shell::媒体资产外壳[0m[2m:[0m 读取附件内容成功 [3musecase[0m[2m=[0m"读取附件内容" [3madapter[0m[2m=[0m"http" [3moutcome[0m[2m=[0m"succeeded" [3mrequest_kind[0m[2m=[0m"附件内容读取" [3mattachment_id[0m[2m=[0m"att-9117ebee3b15" [3msession_id[0m[2m=[0m"s-d9da65c9733d"
[backend] [2m2026-04-25T16:49:05.9739103+08:00[0m [32m INFO[0m ThreadId(03) [2mkoko::shell::媒体资产外壳[0m[2m:[0m 读取附件内容成功 [3musecase[0m[2m=[0m"读取附件内容" [3madapter[0m[2m=[0m"http" [3moutcome[0m[2m=[0m"succeeded" [3mrequest_kind[0m[2m=[0m"附件内容读取" [3mattachment_id[0m[2m=[0m"att-9117ebee3b15" [3msession_id[0m[2m=[0m"s-d9da65c9733d"
[backend] [2m2026-04-25T16:49:05.9781333+08:00[0m [32m INFO[0m ThreadId(03) [2mkoko::shell::媒体资产外壳[0m[2m:[0m 读取附件内容成功 [3musecase[0m[2m=[0m"读取附件内容" [3madapter[0m[2m=[0m"http" [3moutcome[0m[2m=[0m"succeeded" [3mrequest_kind[0m[2m=[0m"附件内容读取" [3mattachment_id[0m[2m=[0m"att-9117ebee3b15" [3msession_id[0m[2m=[0m"s-d9da65c9733d"
[tracker] 2026-04-25T08:49:05.907Z complete: 2d5757303230382d6d773678644b6b52416c3559
[backend] [2m2026-04-25T16:49:06.0105387+08:00[0m [32m INFO[0m ThreadId(04) [2mkoko::shell::媒体资产外壳[0m[2m:[0m HTTP 请求已受理 [3musecase[0m[2m=[0m"读取附件内容" [3madapter[0m[2m=[0m"http" [3moutcome[0m[2m=[0m"accepted" [3mrequest_kind[0m[2m=[0m"附件内容读取" [3mattachment_id[0m[2m=[0m"att-4e0480d9e16e" [3msession_id[0m[2m=[0m"s-d9da65c9733d"
[backend] [2m2026-04-25T16:49:06.0116688+08:00[0m [32m INFO[0m ThreadId(04) [2mkoko::shell::媒体资产外壳[0m[2m:[0m HTTP 请求已受理 [3musecase[0m[2m=[0m"读取附件内容" [3madapter[0m[2m=[0m"http" [3moutcome[0m[2m=[0m"accepted" [3mrequest_kind[0m[2m=[0m"附件内容读取" [3mattachment_id[0m[2m=[0m"att-4e0480d9e16e" [3msession_id[0m[2m=[0m"s-d9da65c9733d"
[backend] [2m2026-04-25T16:49:06.0233494+08:00[0m [32m INFO[0m ThreadId(11) [2mkoko::shell::媒体资产外壳[0m[2m:[0m 读取附件内容成功 [3musecase[0m[2m=[0m"读取附件内容" [3madapter[0m[2m=[0m"http" [3moutcome[0m[2m=[0m"succeeded" [3mrequest_kind[0m[2m=[0m"附件内容读取" [3mattachment_id[0m[2m=[0m"att-4e0480d9e16e" [3msession_id[0m[2m=[0m"s-d9da65c9733d"
[backend] [2m2026-04-25T16:49:06.023351+08:00[0m [32m INFO[0m ThreadId(03) [2mkoko::shell::媒体资产外壳[0m[2m:[0m 读取附件内容成功 [3musecase[0m[2m=[0m"读取附件内容" [3madapter[0m[2m=[0m"http" [3moutcome[0m[2m=[0m"succeeded" [3mrequest_kind[0m[2m=[0m"附件内容读取" [3mattachment_id[0m[2m=[0m"att-4e0480d9e16e" [3msession_id[0m[2m=[0m"s-d9da65c9733d"
[backend] [2m2026-04-25T16:49:06.0671674+08:00[0m [32m INFO[0m ThreadId(04) [2mkoko::shell::媒体资产外壳[0m[2m:[0m HTTP 请求已受理 [3musecase[0m[2m=[0m"读取附件内容" [3madapter[0m[2m=[0m"http" [3moutcome[0m[2m=[0m"accepted" [3mrequest_kind[0m[2m=[0m"附件内容读取" [3mattachment_id[0m[2m=[0m"att-9ea1bd13ba13" [3msession_id[0m[2m=[0m"s-d9da65c9733d"
[backend] [2m2026-04-25T16:49:06.0687008+08:00[0m [32m INFO[0m ThreadId(04) [2mkoko::shell::媒体资产外壳[0m[2m:[0m HTTP 请求已受理 [3musecase[0m[2m=[0m"读取附件内容" [3madapter[0m[2m=[0m"http" [3moutcome[0m[2m=[0m"accepted" [3mrequest_kind[0m[2m=[0m"附件内容读取" [3mattachment_id[0m[2m=[0m"att-9ea1bd13ba13" [3msession_id[0m[2m=[0m"s-d9da65c9733d"
[backend] [2m2026-04-25T16:49:06.071738+08:00[0m [32m INFO[0m ThreadId(11) [2mkoko::shell::媒体资产外壳[0m[2m:[0m HTTP 请求已受理 [3musecase[0m[2m=[0m"读取附件内容" [3madapter[0m[2m=[0m"http" [3moutcome[0m[2m=[0m"accepted" [3mrequest_kind[0m[2m=[0m"附件内容读取" [3mattachment_id[0m[2m=[0m"att-9ea1bd13ba13" [3msession_id[0m[2m=[0m"s-d9da65c9733d"
[backend] [2m2026-04-25T16:49:06.0822956+08:00[0m [32m INFO[0m ThreadId(04) [2mkoko::shell::媒体资产外壳[0m[2m:[0m 读取附件内容成功 [3musecase[0m[2m=[0m"读取附件内容" [3madapter[0m[2m=[0m"http" [3moutcome[0m[2m=[0m"succeeded" [3mrequest_kind[0m[2m=[0m"附件内容读取" [3mattachment_id[0m[2m=[0m"att-9ea1bd13ba13" [3msession_id[0m[2m=[0m"s-d9da65c9733d"
[backend] [2m2026-04-25T16:49:06.0880673+08:00[0m [32m INFO[0m ThreadId(04) [2mkoko::shell::媒体资产外壳[0m[2m:[0m 读取附件内容成功 [3musecase[0m[2m=[0m"读取附件内容" [3madapter[0m[2m=[0m"http" [3moutcome[0m[2m=[0m"succeeded" [3mrequest_kind[0m[2m=[0m"附件内容读取" [3mattachment_id[0m[2m=[0m"att-9ea1bd13ba13" [3msession_id[0m[2m=[0m"s-d9da65c9733d"
[backend] [2m2026-04-25T16:49:06.0880672+08:00[0m [32m INFO[0m ThreadId(03) [2mkoko::shell::媒体资产外壳[0m[2m:[0m 读取附件内容成功 [3musecase[0m[2m=[0m"读取附件内容" [3madapter[0m[2m=[0m"http" [3moutcome[0m[2m=[0m"succeeded" [3mrequest_kind[0m[2m=[0m"附件内容读取" [3mattachment_id[0m[2m=[0m"att-9ea1bd13ba13" [3msession_id[0m[2m=[0m"s-d9da65c9733d"
[backend] [2m2026-04-25T16:49:06.1890566+08:00[0m [32m INFO[0m ThreadId(05) [2mkoko::shell::媒体资产外壳[0m[2m:[0m HTTP 请求已受理 [3musecase[0m[2m=[0m"读取附件内容" [3madapter[0m[2m=[0m"http" [3moutcome[0m[2m=[0m"accepted" [3mrequest_kind[0m[2m=[0m"附件内容读取" [3mattachment_id[0m[2m=[0m"att-e35bd47b6508" [3msession_id[0m[2m=[0m"s-d9da65c9733d"
[backend] [2m2026-04-25T16:49:06.1908841+08:00[0m [32m INFO[0m ThreadId(05) [2mkoko::shell::媒体资产外壳[0m[2m:[0m HTTP 请求已受理 [3musecase[0m[2m=[0m"读取附件内容" [3madapter[0m[2m=[0m"http" [3moutcome[0m[2m=[0m"accepted" [3mrequest_kind[0m[2m=[0m"附件内容读取" [3mattachment_id[0m[2m=[0m"att-e35bd47b6508" [3msession_id[0m[2m=[0m"s-d9da65c9733d"
[backend] [2m2026-04-25T16:49:06.1925761+08:00[0m [32m INFO[0m ThreadId(05) [2mkoko::shell::媒体资产外壳[0m[2m:[0m HTTP 请求已受理 [3musecase[0m[2m=[0m"读取附件内容" [3madapter[0m[2m=[0m"http" [3moutcome[0m[2m=[0m"accepted" [3mrequest_kind[0m[2m=[0m"附件内容读取" [3mattachment_id[0m[2m=[0m"att-e35bd47b6508" [3msession_id[0m[2m=[0m"s-d9da65c9733d"
[backend] [2m2026-04-25T16:49:06.2126254+08:00[0m [32m INFO[0m ThreadId(04) [2mkoko::shell::媒体资产外壳[0m[2m:[0m 读取附件内容成功 [3musecase[0m[2m=[0m"读取附件内容" [3madapter[0m[2m=[0m"http" [3moutcome[0m[2m=[0m"succeeded" [3mrequest_kind[0m[2m=[0m"附件内容读取" [3mattachment_id[0m[2m=[0m"att-e35bd47b6508" [3msession_id[0m[2m=[0m"s-d9da65c9733d"
[backend] [2m2026-04-25T16:49:06.2125895+08:00[0m [32m INFO[0m ThreadId(03) [2mkoko::shell::媒体资产外壳[0m[2m:[0m 读取附件内容成功 [3musecase[0m[2m=[0m"读取附件内容" [3madapter[0m[2m=[0m"http" [3moutcome[0m[2m=[0m"succeeded" [3mrequest_kind[0m[2m=[0m"附件内容读取" [3mattachment_id[0m[2m=[0m"att-e35bd47b6508" [3msession_id[0m[2m=[0m"s-d9da65c9733d"
[backend] [2m2026-04-25T16:49:06.2126931+08:00[0m [32m INFO[0m ThreadId(05) [2mkoko::shell::媒体资产外壳[0m[2m:[0m HTTP 请求已受理 [3musecase[0m[2m=[0m"读取附件内容" [3madapter[0m[2m=[0m"http" [3moutcome[0m[2m=[0m"accepted" [3mrequest_kind[0m[2m=[0m"附件内容读取" [3mattachment_id[0m[2m=[0m"att-9f6a9ebb48a6" [3msession_id[0m[2m=[0m"s-d9da65c9733d"
[backend] [2m2026-04-25T16:49:06.2127835+08:00[0m [32m INFO[0m ThreadId(11) [2mkoko::shell::媒体资产外壳[0m[2m:[0m 读取附件内容成功 [3musecase[0m[2m=[0m"读取附件内容" [3madapter[0m[2m=[0m"http" [3moutcome[0m[2m=[0m"succeeded" [3mrequest_kind[0m[2m=[0m"附件内容读取" [3mattachment_id[0m[2m=[0m"att-e35bd47b6508" [3msession_id[0m[2m=[0m"s-d9da65c9733d"
[backend] [2m2026-04-25T16:49:06.2138189+08:00[0m [32m INFO[0m ThreadId(06) [2mkoko::shell::媒体资产外壳[0m[2m:[0m HTTP 请求已受理 [3musecase[0m[2m=[0m"读取附件内容" [3madapter[0m[2m=[0m"http" [3moutcome[0m[2m=[0m"accepted" [3mrequest_kind[0m[2m=[0m"附件内容读取" [3mattachment_id[0m[2m=[0m"att-9f6a9ebb48a6" [3msession_id[0m[2m=[0m"s-d9da65c9733d"
[backend] [2m2026-04-25T16:49:06.2153892+08:00[0m [32m INFO[0m ThreadId(04) [2mkoko::shell::媒体资产外壳[0m[2m:[0m HTTP 请求已受理 [3musecase[0m[2m=[0m"读取附件内容" [3madapter[0m[2m=[0m"http" [3moutcome[0m[2m=[0m"accepted" [3mrequest_kind[0m[2m=[0m"附件内容读取" [3mattachment_id[0m[2m=[0m"att-9f6a9ebb48a6" [3msession_id[0m[2m=[0m"s-d9da65c9733d"
[backend] [2m2026-04-25T16:49:06.2179713+08:00[0m [32m INFO[0m ThreadId(11) [2mkoko::shell::媒体资产外壳[0m[2m:[0m HTTP 请求已受理 [3musecase[0m[2m=[0m"读取附件内容" [3madapter[0m[2m=[0m"http" [3moutcome[0m[2m=[0m"accepted" [3mrequest_kind[0m[2m=[0m"附件内容读取" [3mattachment_id[0m[2m=[0m"att-9f6a9ebb48a6" [3msession_id[0m[2m=[0m"s-d9da65c9733d"
[backend] [2m2026-04-25T16:49:06.2222305+08:00[0m [32m INFO[0m ThreadId(06) [2mkoko::shell::媒体资产外壳[0m[2m:[0m HTTP 请求已受理 [3musecase[0m[2m=[0m"读取附件内容" [3madapter[0m[2m=[0m"http" [3moutcome[0m[2m=[0m"accepted" [3mrequest_kind[0m[2m=[0m"附件内容读取" [3mattachment_id[0m[2m=[0m"att-9ea1bd13ba13" [3msession_id[0m[2m=[0m"s-d9da65c9733d"
[backend] [2m2026-04-25T16:49:06.2263497+08:00[0m [32m INFO[0m ThreadId(05) [2mkoko::shell::媒体资产外壳[0m[2m:[0m 读取附件内容成功 [3musecase[0m[2m=[0m"读取附件内容" [3madapter[0m[2m=[0m"http" [3moutcome[0m[2m=[0m"succeeded" [3mrequest_kind[0m[2m=[0m"附件内容读取" [3mattachment_id[0m[2m=[0m"att-9f6a9ebb48a6" [3msession_id[0m[2m=[0m"s-d9da65c9733d"
[backend] [2m2026-04-25T16:49:06.2320549+08:00[0m [32m INFO[0m ThreadId(05) [2mkoko::shell::媒体资产外壳[0m[2m:[0m 读取附件内容成功 [3musecase[0m[2m=[0m"读取附件内容" [3madapter[0m[2m=[0m"http" [3moutcome[0m[2m=[0m"succeeded" [3mrequest_kind[0m[2m=[0m"附件内容读取" [3mattachment_id[0m[2m=[0m"att-9f6a9ebb48a6" [3msession_id[0m[2m=[0m"s-d9da65c9733d"
[backend] [2m2026-04-25T16:49:06.232055+08:00[0m [32m INFO[0m ThreadId(11) [2mkoko::shell::媒体资产外壳[0m[2m:[0m 读取附件内容成功 [3musecase[0m[2m=[0m"读取附件内容" [3madapter[0m[2m=[0m"http" [3moutcome[0m[2m=[0m"succeeded" [3mrequest_kind[0m[2m=[0m"附件内容读取" [3mattachment_id[0m[2m=[0m"att-9f6a9ebb48a6" [3msession_id[0m[2m=[0m"s-d9da65c9733d"
[backend] [2m2026-04-25T16:49:06.2320781+08:00[0m [32m INFO[0m ThreadId(04) [2mkoko::shell::媒体资产外壳[0m[2m:[0m 读取附件内容成功 [3musecase[0m[2m=[0m"读取附件内容" [3madapter[0m[2m=[0m"http" [3moutcome[0m[2m=[0m"succeeded" [3mrequest_kind[0m[2m=[0m"附件内容读取" [3mattachment_id[0m[2m=[0m"att-9f6a9ebb48a6" [3msession_id[0m[2m=[0m"s-d9da65c9733d"
[backend] [2m2026-04-25T16:49:06.2342371+08:00[0m [32m INFO[0m ThreadId(11) [2mkoko::shell::媒体资产外壳[0m[2m:[0m 读取附件内容成功 [3musecase[0m[2m=[0m"读取附件内容" [3madapter[0m[2m=[0m"http" [3moutcome[0m[2m=[0m"succeeded" [3mrequest_kind[0m[2m=[0m"附件内容读取" [3mattachment_id[0m[2m=[0m"att-9ea1bd13ba13" [3msession_id[0m[2m=[0m"s-d9da65c9733d"
[backend] [2m2026-04-25T16:49:06.2739706+08:00[0m [32m INFO[0m ThreadId(06) [2mkoko::shell::媒体资产外壳[0m[2m:[0m HTTP 请求已受理 [3musecase[0m[2m=[0m"读取附件内容" [3madapter[0m[2m=[0m"http" [3moutcome[0m[2m=[0m"accepted" [3mrequest_kind[0m[2m=[0m"附件内容读取" [3mattachment_id[0m[2m=[0m"att-9117ebee3b15" [3msession_id[0m[2m=[0m"s-d9da65c9733d"
[backend] [2m2026-04-25T16:49:06.2755176+08:00[0m [32m INFO[0m ThreadId(06) [2mkoko::shell::媒体资产外壳[0m[2m:[0m HTTP 请求已受理 [3musecase[0m[2m=[0m"读取附件内容" [3madapter[0m[2m=[0m"http" [3moutcome[0m[2m=[0m"accepted" [3mrequest_kind[0m[2m=[0m"附件内容读取" [3mattachment_id[0m[2m=[0m"att-9117ebee3b15" [3msession_id[0m[2m=[0m"s-d9da65c9733d"
[backend] [2m2026-04-25T16:49:06.2776092+08:00[0m [32m INFO[0m ThreadId(05) [2mkoko::shell::媒体资产外壳[0m[2m:[0m HTTP 请求已受理 [3musecase[0m[2m=[0m"读取附件内容" [3madapter[0m[2m=[0m"http" [3moutcome[0m[2m=[0m"accepted" [3mrequest_kind[0m[2m=[0m"附件内容读取" [3mattachment_id[0m[2m=[0m"att-9117ebee3b15" [3msession_id[0m[2m=[0m"s-d9da65c9733d"
[backend] [2m2026-04-25T16:49:06.2805787+08:00[0m [32m INFO[0m ThreadId(04) [2mkoko::shell::媒体资产外壳[0m[2m:[0m HTTP 请求已受理 [3musecase[0m[2m=[0m"读取附件内容" [3madapter[0m[2m=[0m"http" [3moutcome[0m[2m=[0m"accepted" [3mrequest_kind[0m[2m=[0m"附件内容读取" [3mattachment_id[0m[2m=[0m"att-9117ebee3b15" [3msession_id[0m[2m=[0m"s-d9da65c9733d"
[backend] [2m2026-04-25T16:49:06.2834653+08:00[0m [32m INFO[0m ThreadId(05) [2mkoko::shell::媒体资产外壳[0m[2m:[0m HTTP 请求已受理 [3musecase[0m[2m=[0m"读取附件内容" [3madapter[0m[2m=[0m"http" [3moutcome[0m[2m=[0m"accepted" [3mrequest_kind[0m[2m=[0m"附件内容读取" [3mattachment_id[0m[2m=[0m"att-10b60d10c9e1" [3msession_id[0m[2m=[0m"s-d9da65c9733d"
[backend] [2m2026-04-25T16:49:06.2836639+08:00[0m [32m INFO[0m ThreadId(06) [2mkoko::shell::媒体资产外壳[0m[2m:[0m HTTP 请求已受理 [3musecase[0m[2m=[0m"读取附件内容" [3madapter[0m[2m=[0m"http" [3moutcome[0m[2m=[0m"accepted" [3mrequest_kind[0m[2m=[0m"附件内容读取" [3mattachment_id[0m[2m=[0m"att-10b60d10c9e1" [3msession_id[0m[2m=[0m"s-d9da65c9733d"
[backend] [2m2026-04-25T16:49:06.2840708+08:00[0m [32m INFO[0m ThreadId(03) [2mkoko::shell::媒体资产外壳[0m[2m:[0m HTTP 请求已受理 [3musecase[0m[2m=[0m"读取附件内容" [3madapter[0m[2m=[0m"http" [3moutcome[0m[2m=[0m"accepted" [3mrequest_kind[0m[2m=[0m"附件内容读取" [3mattachment_id[0m[2m=[0m"att-10b60d10c9e1" [3msession_id[0m[2m=[0m"s-d9da65c9733d"
[backend] [2m2026-04-25T16:49:06.2852642+08:00[0m [32m INFO[0m ThreadId(06) [2mkoko::shell::媒体资产外壳[0m[2m:[0m 读取附件内容成功 [3musecase[0m[2m=[0m"读取附件内容" [3madapter[0m[2m=[0m"http" [3moutcome[0m[2m=[0m"succeeded" [3mrequest_kind[0m[2m=[0m"附件内容读取" [3mattachment_id[0m[2m=[0m"att-9117ebee3b15" [3msession_id[0m[2m=[0m"s-d9da65c9733d"
[backend] [2m2026-04-25T16:49:06.2876778+08:00[0m [32m INFO[0m ThreadId(05) [2mkoko::shell::媒体资产外壳[0m[2m:[0m HTTP 请求已受理 [3musecase[0m[2m=[0m"读取附件内容" [3madapter[0m[2m=[0m"http" [3moutcome[0m[2m=[0m"accepted" [3mrequest_kind[0m[2m=[0m"附件内容读取" [3mattachment_id[0m[2m=[0m"att-10b60d10c9e1" [3msession_id[0m[2m=[0m"s-d9da65c9733d"
[backend] [2m2026-04-25T16:49:06.2899875+08:00[0m [32m INFO[0m ThreadId(11) [2mkoko::shell::媒体资产外壳[0m[2m:[0m 读取附件内容成功 [3musecase[0m[2m=[0m"读取附件内容" [3madapter[0m[2m=[0m"http" [3moutcome[0m[2m=[0m"succeeded" [3mrequest_kind[0m[2m=[0m"附件内容读取" [3mattachment_id[0m[2m=[0m"att-9117ebee3b15" [3msession_id[0m[2m=[0m"s-d9da65c9733d"
[backend] [2m2026-04-25T16:49:06.2900714+08:00[0m [32m INFO[0m ThreadId(04) [2mkoko::shell::媒体资产外壳[0m[2m:[0m 读取附件内容成功 [3musecase[0m[2m=[0m"读取附件内容" [3madapter[0m[2m=[0m"http" [3moutcome[0m[2m=[0m"succeeded" [3mrequest_kind[0m[2m=[0m"附件内容读取" [3mattachment_id[0m[2m=[0m"att-9117ebee3b15" [3msession_id[0m[2m=[0m"s-d9da65c9733d"
[backend] [2m2026-04-25T16:49:06.2920916+08:00[0m [32m INFO[0m ThreadId(11) [2mkoko::shell::媒体资产外壳[0m[2m:[0m 读取附件内容成功 [3musecase[0m[2m=[0m"读取附件内容" [3madapter[0m[2m=[0m"http" [3moutcome[0m[2m=[0m"succeeded" [3mrequest_kind[0m[2m=[0m"附件内容读取" [3mattachment_id[0m[2m=[0m"att-9117ebee3b15" [3msession_id[0m[2m=[0m"s-d9da65c9733d"
[backend] [2m2026-04-25T16:49:06.2924688+08:00[0m [32m INFO[0m ThreadId(06) [2mkoko::shell::媒体资产外壳[0m[2m:[0m HTTP 请求已受理 [3musecase[0m[2m=[0m"读取附件内容" [3madapter[0m[2m=[0m"http" [3moutcome[0m[2m=[0m"accepted" [3mrequest_kind[0m[2m=[0m"附件内容读取" [3mattachment_id[0m[2m=[0m"att-e35bd47b6508" [3msession_id[0m[2m=[0m"s-d9da65c9733d"
[backend] [2m2026-04-25T16:49:06.2938471+08:00[0m [32m INFO[0m ThreadId(04) [2mkoko::shell::媒体资产外壳[0m[2m:[0m 读取附件内容成功 [3musecase[0m[2m=[0m"读取附件内容" [3madapter[0m[2m=[0m"http" [3moutcome[0m[2m=[0m"succeeded" [3mrequest_kind[0m[2m=[0m"附件内容读取" [3mattachment_id[0m[2m=[0m"att-10b60d10c9e1" [3msession_id[0m[2m=[0m"s-d9da65c9733d"
[backend] [2m2026-04-25T16:49:06.2969556+08:00[0m [32m INFO[0m ThreadId(04) [2mkoko::shell::媒体资产外壳[0m[2m:[0m HTTP 请求已受理 [3musecase[0m[2m=[0m"读取附件内容" [3madapter[0m[2m=[0m"http" [3moutcome[0m[2m=[0m"accepted" [3mrequest_kind[0m[2m=[0m"附件内容读取" [3mattachment_id[0m[2m=[0m"att-5d2bc6f45393" [3msession_id[0m[2m=[0m"s-d9da65c9733d"
[backend] [2m2026-04-25T16:49:06.2985164+08:00[0m [32m INFO[0m ThreadId(04) [2mkoko::shell::媒体资产外壳[0m[2m:[0m HTTP 请求已受理 [3musecase[0m[2m=[0m"读取附件内容" [3madapter[0m[2m=[0m"http" [3moutcome[0m[2m=[0m"accepted" [3mrequest_kind[0m[2m=[0m"附件内容读取" [3mattachment_id[0m[2m=[0m"att-5d2bc6f45393" [3msession_id[0m[2m=[0m"s-d9da65c9733d"
[backend] [2m2026-04-25T16:49:06.2989438+08:00[0m [32m INFO[0m ThreadId(05) [2mkoko::shell::媒体资产外壳[0m[2m:[0m 读取附件内容成功 [3musecase[0m[2m=[0m"读取附件内容" [3madapter[0m[2m=[0m"http" [3moutcome[0m[2m=[0m"succeeded" [3mrequest_kind[0m[2m=[0m"附件内容读取" [3mattachment_id[0m[2m=[0m"att-10b60d10c9e1" [3msession_id[0m[2m=[0m"s-d9da65c9733d"
[backend] [2m2026-04-25T16:49:06.2990364+08:00[0m [32m INFO[0m ThreadId(03) [2mkoko::shell::媒体资产外壳[0m[2m:[0m 读取附件内容成功 [3musecase[0m[2m=[0m"读取附件内容" [3madapter[0m[2m=[0m"http" [3moutcome[0m[2m=[0m"succeeded" [3mrequest_kind[0m[2m=[0m"附件内容读取" [3mattachment_id[0m[2m=[0m"att-10b60d10c9e1" [3msession_id[0m[2m=[0m"s-d9da65c9733d"
[backend] [2m2026-04-25T16:49:06.3006759+08:00[0m [32m INFO[0m ThreadId(06) [2mkoko::shell::媒体资产外壳[0m[2m:[0m 读取附件内容成功 [3musecase[0m[2m=[0m"读取附件内容" [3madapter[0m[2m=[0m"http" [3moutcome[0m[2m=[0m"succeeded" [3mrequest_kind[0m[2m=[0m"附件内容读取" [3mattachment_id[0m[2m=[0m"att-10b60d10c9e1" [3msession_id[0m[2m=[0m"s-d9da65c9733d"
[backend] [2m2026-04-25T16:49:06.3031929+08:00[0m [32m INFO[0m ThreadId(05) [2mkoko::shell::媒体资产外壳[0m[2m:[0m HTTP 请求已受理 [3musecase[0m[2m=[0m"读取附件内容" [3madapter[0m[2m=[0m"http" [3moutcome[0m[2m=[0m"accepted" [3mrequest_kind[0m[2m=[0m"附件内容读取" [3mattachment_id[0m[2m=[0m"att-5d2bc6f45393" [3msession_id[0m[2m=[0m"s-d9da65c9733d"
[backend] [2m2026-04-25T16:49:06.3058157+08:00[0m [32m INFO[0m ThreadId(11) [2mkoko::shell::媒体资产外壳[0m[2m:[0m 读取附件内容成功 [3musecase[0m[2m=[0m"读取附件内容" [3madapter[0m[2m=[0m"http" [3moutcome[0m[2m=[0m"succeeded" [3mrequest_kind[0m[2m=[0m"附件内容读取" [3mattachment_id[0m[2m=[0m"att-e35bd47b6508" [3msession_id[0m[2m=[0m"s-d9da65c9733d"
[backend] [2m2026-04-25T16:49:06.3062229+08:00[0m [32m INFO[0m ThreadId(05) [2mkoko::shell::媒体资产外壳[0m[2m:[0m 读取附件内容成功 [3musecase[0m[2m=[0m"读取附件内容" [3madapter[0m[2m=[0m"http" [3moutcome[0m[2m=[0m"succeeded" [3mrequest_kind[0m[2m=[0m"附件内容读取" [3mattachment_id[0m[2m=[0m"att-5d2bc6f45393" [3msession_id[0m[2m=[0m"s-d9da65c9733d"
[backend] [2m2026-04-25T16:49:06.3130566+08:00[0m [32m INFO[0m ThreadId(03) [2mkoko::shell::媒体资产外壳[0m[2m:[0m 读取附件内容成功 [3musecase[0m[2m=[0m"读取附件内容" [3madapter[0m[2m=[0m"http" [3moutcome[0m[2m=[0m"succeeded" [3mrequest_kind[0m[2m=[0m"附件内容读取" [3mattachment_id[0m[2m=[0m"att-5d2bc6f45393" [3msession_id[0m[2m=[0m"s-d9da65c9733d"
[backend] [2m2026-04-25T16:49:06.3154609+08:00[0m [32m INFO[0m ThreadId(03) [2mkoko::shell::媒体资产外壳[0m[2m:[0m 读取附件内容成功 [3musecase[0m[2m=[0m"读取附件内容" [3madapter[0m[2m=[0m"http" [3moutcome[0m[2m=[0m"succeeded" [3mrequest_kind[0m[2m=[0m"附件内容读取" [3mattachment_id[0m[2m=[0m"att-5d2bc6f45393" [3msession_id[0m[2m=[0m"s-d9da65c9733d"
[backend] [2m2026-04-25T16:49:06.3255215+08:00[0m [32m INFO[0m ThreadId(05) [2mkoko::shell::媒体资产外壳[0m[2m:[0m HTTP 请求已受理 [3musecase[0m[2m=[0m"读取附件内容" [3madapter[0m[2m=[0m"http" [3moutcome[0m[2m=[0m"accepted" [3mrequest_kind[0m[2m=[0m"附件内容读取" [3mattachment_id[0m[2m=[0m"att-5d2bc6f45393" [3msession_id[0m[2m=[0m"s-d9da65c9733d"
[backend] [2m2026-04-25T16:49:06.3366274+08:00[0m [32m INFO[0m ThreadId(05) [2mkoko::shell::媒体资产外壳[0m[2m:[0m 读取附件内容成功 [3musecase[0m[2m=[0m"读取附件内容" [3madapter[0m[2m=[0m"http" [3moutcome[0m[2m=[0m"succeeded" [3mrequest_kind[0m[2m=[0m"附件内容读取" [3mattachment_id[0m[2m=[0m"att-5d2bc6f45393" [3msession_id[0m[2m=[0m"s-d9da65c9733d"
[backend] [2m2026-04-25T16:49:06.4560313+08:00[0m [32m INFO[0m ThreadId(03) [2mkoko::shell::媒体资产外壳[0m[2m:[0m HTTP 请求已受理 [3musecase[0m[2m=[0m"读取附件内容" [3madapter[0m[2m=[0m"http" [3moutcome[0m[2m=[0m"accepted" [3mrequest_kind[0m[2m=[0m"附件内容读取" [3mattachment_id[0m[2m=[0m"att-4e0480d9e16e" [3msession_id[0m[2m=[0m"s-d9da65c9733d"
[backend] [2m2026-04-25T16:49:06.4573869+08:00[0m [32m INFO[0m ThreadId(03) [2mkoko::shell::媒体资产外壳[0m[2m:[0m HTTP 请求已受理 [3musecase[0m[2m=[0m"读取附件内容" [3madapter[0m[2m=[0m"http" [3moutcome[0m[2m=[0m"accepted" [3mrequest_kind[0m[2m=[0m"附件内容读取" [3mattachment_id[0m[2m=[0m"att-4e0480d9e16e" [3msession_id[0m[2m=[0m"s-d9da65c9733d"
[backend] [2m2026-04-25T16:49:06.4574056+08:00[0m [32m INFO[0m ThreadId(05) [2mkoko::shell::媒体资产外壳[0m[2m:[0m HTTP 请求已受理 [3musecase[0m[2m=[0m"读取附件内容" [3madapter[0m[2m=[0m"http" [3moutcome[0m[2m=[0m"accepted" [3mrequest_kind[0m[2m=[0m"附件内容读取" [3mattachment_id[0m[2m=[0m"att-4e0480d9e16e" [3msession_id[0m[2m=[0m"s-d9da65c9733d"
[backend] [2m2026-04-25T16:49:06.4688958+08:00[0m [32m INFO[0m ThreadId(06) [2mkoko::shell::媒体资产外壳[0m[2m:[0m HTTP 请求已受理 [3musecase[0m[2m=[0m"读取附件内容" [3madapter[0m[2m=[0m"http" [3moutcome[0m[2m=[0m"accepted" [3mrequest_kind[0m[2m=[0m"附件内容读取" [3mattachment_id[0m[2m=[0m"att-9ea1bd13ba13" [3msession_id[0m[2m=[0m"s-d9da65c9733d"
[backend] [2m2026-04-25T16:49:06.4724137+08:00[0m [32m INFO[0m ThreadId(03) [2mkoko::shell::媒体资产外壳[0m[2m:[0m 读取附件内容成功 [3musecase[0m[2m=[0m"读取附件内容" [3madapter[0m[2m=[0m"http" [3moutcome[0m[2m=[0m"succeeded" [3mrequest_kind[0m[2m=[0m"附件内容读取" [3mattachment_id[0m[2m=[0m"att-4e0480d9e16e" [3msession_id[0m[2m=[0m"s-d9da65c9733d"
[backend] [2m2026-04-25T16:49:06.4724136+08:00[0m [32m INFO[0m ThreadId(06) [2mkoko::shell::媒体资产外壳[0m[2m:[0m 读取附件内容成功 [3musecase[0m[2m=[0m"读取附件内容" [3madapter[0m[2m=[0m"http" [3moutcome[0m[2m=[0m"succeeded" [3mrequest_kind[0m[2m=[0m"附件内容读取" [3mattachment_id[0m[2m=[0m"att-4e0480d9e16e" [3msession_id[0m[2m=[0m"s-d9da65c9733d"
[backend] [2m2026-04-25T16:49:06.4724136+08:00[0m [32m INFO[0m ThreadId(05) [2mkoko::shell::媒体资产外壳[0m[2m:[0m 读取附件内容成功 [3musecase[0m[2m=[0m"读取附件内容" [3madapter[0m[2m=[0m"http" [3moutcome[0m[2m=[0m"succeeded" [3mrequest_kind[0m[2m=[0m"附件内容读取" [3mattachment_id[0m[2m=[0m"att-4e0480d9e16e" [3msession_id[0m[2m=[0m"s-d9da65c9733d"
[backend] [2m2026-04-25T16:49:06.477005+08:00[0m [32m INFO[0m ThreadId(05) [2mkoko::shell::媒体资产外壳[0m[2m:[0m 读取附件内容成功 [3musecase[0m[2m=[0m"读取附件内容" [3madapter[0m[2m=[0m"http" [3moutcome[0m[2m=[0m"succeeded" [3mrequest_kind[0m[2m=[0m"附件内容读取" [3mattachment_id[0m[2m=[0m"att-9ea1bd13ba13" [3msession_id[0m[2m=[0m"s-d9da65c9733d"
[backend] [2m2026-04-25T16:49:06.7384635+08:00[0m [32m INFO[0m ThreadId(10) [2mkoko::shell::媒体资产外壳[0m[2m:[0m HTTP 请求已受理 [3musecase[0m[2m=[0m"读取附件内容" [3madapter[0m[2m=[0m"http" [3moutcome[0m[2m=[0m"accepted" [3mrequest_kind[0m[2m=[0m"附件内容读取" [3mattachment_id[0m[2m=[0m"att-4e0480d9e16e" [3msession_id[0m[2m=[0m"s-d9da65c9733d"
[backend] [2m2026-04-25T16:49:06.741411+08:00[0m [32m INFO[0m ThreadId(11) [2mkoko::shell::媒体资产外壳[0m[2m:[0m HTTP 请求已受理 [3musecase[0m[2m=[0m"读取附件内容" [3madapter[0m[2m=[0m"http" [3moutcome[0m[2m=[0m"accepted" [3mrequest_kind[0m[2m=[0m"附件内容读取" [3mattachment_id[0m[2m=[0m"att-4e0480d9e16e" [3msession_id[0m[2m=[0m"s-d9da65c9733d"
[backend] [2m2026-04-25T16:49:06.743224+08:00[0m [32m INFO[0m ThreadId(11) [2mkoko::shell::媒体资产外壳[0m[2m:[0m HTTP 请求已受理 [3musecase[0m[2m=[0m"读取附件内容" [3madapter[0m[2m=[0m"http" [3moutcome[0m[2m=[0m"accepted" [3mrequest_kind[0m[2m=[0m"附件内容读取" [3mattachment_id[0m[2m=[0m"att-4e0480d9e16e" [3msession_id[0m[2m=[0m"s-d9da65c9733d"
[backend] [2m2026-04-25T16:49:06.7470866+08:00[0m [32m INFO[0m ThreadId(03) [2mkoko::shell::媒体资产外壳[0m[2m:[0m HTTP 请求已受理 [3musecase[0m[2m=[0m"读取附件内容" [3madapter[0m[2m=[0m"http" [3moutcome[0m[2m=[0m"accepted" [3mrequest_kind[0m[2m=[0m"附件内容读取" [3mattachment_id[0m[2m=[0m"att-4e0480d9e16e" [3msession_id[0m[2m=[0m"s-d9da65c9733d"
[backend] [2m2026-04-25T16:49:06.7589845+08:00[0m [32m INFO[0m ThreadId(11) [2mkoko::shell::媒体资产外壳[0m[2m:[0m 读取附件内容成功 [3musecase[0m[2m=[0m"读取附件内容" [3madapter[0m[2m=[0m"http" [3moutcome[0m[2m=[0m"succeeded" [3mrequest_kind[0m[2m=[0m"附件内容读取" [3mattachment_id[0m[2m=[0m"att-4e0480d9e16e" [3msession_id[0m[2m=[0m"s-d9da65c9733d"
[backend] [2m2026-04-25T16:49:06.7589846+08:00[0m [32m INFO[0m ThreadId(03) [2mkoko::shell::媒体资产外壳[0m[2m:[0m HTTP 请求已受理 [3musecase[0m[2m=[0m"读取附件内容" [3madapter[0m[2m=[0m"http" [3moutcome[0m[2m=[0m"accepted" [3mrequest_kind[0m[2m=[0m"附件内容读取" [3mattachment_id[0m[2m=[0m"att-9f6a9ebb48a6" [3msession_id[0m[2m=[0m"s-d9da65c9733d"
[backend] [2m2026-04-25T16:49:06.7599234+08:00[0m [32m INFO[0m ThreadId(05) [2mkoko::shell::媒体资产外壳[0m[2m:[0m HTTP 请求已受理 [3musecase[0m[2m=[0m"读取附件内容" [3madapter[0m[2m=[0m"http" [3moutcome[0m[2m=[0m"accepted" [3mrequest_kind[0m[2m=[0m"附件内容读取" [3mattachment_id[0m[2m=[0m"att-9f6a9ebb48a6" [3msession_id[0m[2m=[0m"s-d9da65c9733d"
[backend] [2m2026-04-25T16:49:06.7608083+08:00[0m [32m INFO[0m ThreadId(11) [2mkoko::shell::媒体资产外壳[0m[2m:[0m 读取附件内容成功 [3musecase[0m[2m=[0m"读取附件内容" [3madapter[0m[2m=[0m"http" [3moutcome[0m[2m=[0m"succeeded" [3mrequest_kind[0m[2m=[0m"附件内容读取" [3mattachment_id[0m[2m=[0m"att-4e0480d9e16e" [3msession_id[0m[2m=[0m"s-d9da65c9733d"
[backend] [2m2026-04-25T16:49:06.7608382+08:00[0m [32m INFO[0m ThreadId(05) [2mkoko::shell::媒体资产外壳[0m[2m:[0m 读取附件内容成功 [3musecase[0m[2m=[0m"读取附件内容" [3madapter[0m[2m=[0m"http" [3moutcome[0m[2m=[0m"succeeded" [3mrequest_kind[0m[2m=[0m"附件内容读取" [3mattachment_id[0m[2m=[0m"att-4e0480d9e16e" [3msession_id[0m[2m=[0m"s-d9da65c9733d"
[backend] [2m2026-04-25T16:49:06.7607208+08:00[0m [32m INFO[0m ThreadId(03) [2mkoko::shell::媒体资产外壳[0m[2m:[0m HTTP 请求已受理 [3musecase[0m[2m=[0m"读取附件内容" [3madapter[0m[2m=[0m"http" [3moutcome[0m[2m=[0m"accepted" [3mrequest_kind[0m[2m=[0m"附件内容读取" [3mattachment_id[0m[2m=[0m"att-9f6a9ebb48a6" [3msession_id[0m[2m=[0m"s-d9da65c9733d"
[backend] [2m2026-04-25T16:49:06.7611848+08:00[0m [32m INFO[0m ThreadId(04) [2mkoko::shell::媒体资产外壳[0m[2m:[0m 读取附件内容成功 [3musecase[0m[2m=[0m"读取附件内容" [3madapter[0m[2m=[0m"http" [3moutcome[0m[2m=[0m"succeeded" [3mrequest_kind[0m[2m=[0m"附件内容读取" [3mattachment_id[0m[2m=[0m"att-4e0480d9e16e" [3msession_id[0m[2m=[0m"s-d9da65c9733d"
[backend] [2m2026-04-25T16:49:06.7657616+08:00[0m [32m INFO[0m ThreadId(06) [2mkoko::shell::媒体资产外壳[0m[2m:[0m HTTP 请求已受理 [3musecase[0m[2m=[0m"读取附件内容" [3madapter[0m[2m=[0m"http" [3moutcome[0m[2m=[0m"accepted" [3mrequest_kind[0m[2m=[0m"附件内容读取" [3mattachment_id[0m[2m=[0m"att-9f6a9ebb48a6" [3msession_id[0m[2m=[0m"s-d9da65c9733d"
[backend] [2m2026-04-25T16:49:06.7739865+08:00[0m [32m INFO[0m ThreadId(11) [2mkoko::shell::媒体资产外壳[0m[2m:[0m HTTP 请求已受理 [3musecase[0m[2m=[0m"读取附件内容" [3madapter[0m[2m=[0m"http" [3moutcome[0m[2m=[0m"accepted" [3mrequest_kind[0m[2m=[0m"附件内容读取" [3mattachment_id[0m[2m=[0m"att-9117ebee3b15" [3msession_id[0m[2m=[0m"s-d9da65c9733d"
[backend] [2m2026-04-25T16:49:06.7746833+08:00[0m [32m INFO[0m ThreadId(04) [2mkoko::shell::媒体资产外壳[0m[2m:[0m HTTP 请求已受理 [3musecase[0m[2m=[0m"读取附件内容" [3madapter[0m[2m=[0m"http" [3moutcome[0m[2m=[0m"accepted" [3mrequest_kind[0m[2m=[0m"附件内容读取" [3mattachment_id[0m[2m=[0m"att-9117ebee3b15" [3msession_id[0m[2m=[0m"s-d9da65c9733d"
[backend] [2m2026-04-25T16:49:06.7768394+08:00[0m [32m INFO[0m ThreadId(04) [2mkoko::shell::媒体资产外壳[0m[2m:[0m HTTP 请求已受理 [3musecase[0m[2m=[0m"读取附件内容" [3madapter[0m[2m=[0m"http" [3moutcome[0m[2m=[0m"accepted" [3mrequest_kind[0m[2m=[0m"附件内容读取" [3mattachment_id[0m[2m=[0m"att-9117ebee3b15" [3msession_id[0m[2m=[0m"s-d9da65c9733d"
[backend] [2m2026-04-25T16:49:06.7815789+08:00[0m [32m INFO[0m ThreadId(11) [2mkoko::shell::媒体资产外壳[0m[2m:[0m HTTP 请求已受理 [3musecase[0m[2m=[0m"读取附件内容" [3madapter[0m[2m=[0m"http" [3moutcome[0m[2m=[0m"accepted" [3mrequest_kind[0m[2m=[0m"附件内容读取" [3mattachment_id[0m[2m=[0m"att-9117ebee3b15" [3msession_id[0m[2m=[0m"s-d9da65c9733d"
[backend] [2m2026-04-25T16:49:06.7823412+08:00[0m [32m INFO[0m ThreadId(03) [2mkoko::shell::媒体资产外壳[0m[2m:[0m 读取附件内容成功 [3musecase[0m[2m=[0m"读取附件内容" [3madapter[0m[2m=[0m"http" [3moutcome[0m[2m=[0m"succeeded" [3mrequest_kind[0m[2m=[0m"附件内容读取" [3mattachment_id[0m[2m=[0m"att-9f6a9ebb48a6" [3msession_id[0m[2m=[0m"s-d9da65c9733d"
[backend] [2m2026-04-25T16:49:06.7823756+08:00[0m [32m INFO[0m ThreadId(06) [2mkoko::shell::媒体资产外壳[0m[2m:[0m 读取附件内容成功 [3musecase[0m[2m=[0m"读取附件内容" [3madapter[0m[2m=[0m"http" [3moutcome[0m[2m=[0m"succeeded" [3mrequest_kind[0m[2m=[0m"附件内容读取" [3mattachment_id[0m[2m=[0m"att-9f6a9ebb48a6" [3msession_id[0m[2m=[0m"s-d9da65c9733d"
[backend] [2m2026-04-25T16:49:06.7823772+08:00[0m [32m INFO[0m ThreadId(04) [2mkoko::shell::媒体资产外壳[0m[2m:[0m 读取附件内容成功 [3musecase[0m[2m=[0m"读取附件内容" [3madapter[0m[2m=[0m"http" [3moutcome[0m[2m=[0m"succeeded" [3mrequest_kind[0m[2m=[0m"附件内容读取" [3mattachment_id[0m[2m=[0m"att-9f6a9ebb48a6" [3msession_id[0m[2m=[0m"s-d9da65c9733d"
[backend] [2m2026-04-25T16:49:06.7866516+08:00[0m [32m INFO[0m ThreadId(10) [2mkoko::shell::媒体资产外壳[0m[2m:[0m HTTP 请求已受理 [3musecase[0m[2m=[0m"读取附件内容" [3madapter[0m[2m=[0m"http" [3moutcome[0m[2m=[0m"accepted" [3mrequest_kind[0m[2m=[0m"附件内容读取" [3mattachment_id[0m[2m=[0m"att-e35bd47b6508" [3msession_id[0m[2m=[0m"s-d9da65c9733d"
[backend] [2m2026-04-25T16:49:06.7945185+08:00[0m [32m INFO[0m ThreadId(06) [2mkoko::shell::媒体资产外壳[0m[2m:[0m HTTP 请求已受理 [3musecase[0m[2m=[0m"读取附件内容" [3madapter[0m[2m=[0m"http" [3moutcome[0m[2m=[0m"accepted" [3mrequest_kind[0m[2m=[0m"附件内容读取" [3mattachment_id[0m[2m=[0m"att-5d2bc6f45393" [3msession_id[0m[2m=[0m"s-d9da65c9733d"
[backend] [2m2026-04-25T16:49:06.7946433+08:00[0m [32m INFO[0m ThreadId(10) [2mkoko::shell::媒体资产外壳[0m[2m:[0m HTTP 请求已受理 [3musecase[0m[2m=[0m"读取附件内容" [3madapter[0m[2m=[0m"http" [3moutcome[0m[2m=[0m"accepted" [3mrequest_kind[0m[2m=[0m"附件内容读取" [3mattachment_id[0m[2m=[0m"att-e35bd47b6508" [3msession_id[0m[2m=[0m"s-d9da65c9733d"
[backend] [2m2026-04-25T16:49:06.794732+08:00[0m [32m INFO[0m ThreadId(05) [2mkoko::shell::媒体资产外壳[0m[2m:[0m HTTP 请求已受理 [3musecase[0m[2m=[0m"读取附件内容" [3madapter[0m[2m=[0m"http" [3moutcome[0m[2m=[0m"accepted" [3mrequest_kind[0m[2m=[0m"附件内容读取" [3mattachment_id[0m[2m=[0m"att-e35bd47b6508" [3msession_id[0m[2m=[0m"s-d9da65c9733d"
[backend] [2m2026-04-25T16:49:06.7947719+08:00[0m [32m INFO[0m ThreadId(11) [2mkoko::shell::媒体资产外壳[0m[2m:[0m HTTP 请求已受理 [3musecase[0m[2m=[0m"读取附件内容" [3madapter[0m[2m=[0m"http" [3moutcome[0m[2m=[0m"accepted" [3mrequest_kind[0m[2m=[0m"附件内容读取" [3mattachment_id[0m[2m=[0m"att-e35bd47b6508" [3msession_id[0m[2m=[0m"s-d9da65c9733d"
[backend] [2m2026-04-25T16:49:06.7993435+08:00[0m [32m INFO[0m ThreadId(11) [2mkoko::shell::媒体资产外壳[0m[2m:[0m 读取附件内容成功 [3musecase[0m[2m=[0m"读取附件内容" [3madapter[0m[2m=[0m"http" [3moutcome[0m[2m=[0m"succeeded" [3mrequest_kind[0m[2m=[0m"附件内容读取" [3mattachment_id[0m[2m=[0m"att-9117ebee3b15" [3msession_id[0m[2m=[0m"s-d9da65c9733d"
[backend] [2m2026-04-25T16:49:06.8024762+08:00[0m [32m INFO[0m ThreadId(11) [2mkoko::shell::媒体资产外壳[0m[2m:[0m 读取附件内容成功 [3musecase[0m[2m=[0m"读取附件内容" [3madapter[0m[2m=[0m"http" [3moutcome[0m[2m=[0m"succeeded" [3mrequest_kind[0m[2m=[0m"附件内容读取" [3mattachment_id[0m[2m=[0m"att-9f6a9ebb48a6" [3msession_id[0m[2m=[0m"s-d9da65c9733d"
[backend] [2m2026-04-25T16:49:06.8110815+08:00[0m [32m INFO[0m ThreadId(03) [2mkoko::shell::媒体资产外壳[0m[2m:[0m HTTP 请求已受理 [3musecase[0m[2m=[0m"读取附件内容" [3madapter[0m[2m=[0m"http" [3moutcome[0m[2m=[0m"accepted" [3mrequest_kind[0m[2m=[0m"附件内容读取" [3mattachment_id[0m[2m=[0m"att-10b60d10c9e1" [3msession_id[0m[2m=[0m"s-d9da65c9733d"
[backend] [2m2026-04-25T16:49:06.8114281+08:00[0m [32m INFO[0m ThreadId(04) [2mkoko::shell::媒体资产外壳[0m[2m:[0m 读取附件内容成功 [3musecase[0m[2m=[0m"读取附件内容" [3madapter[0m[2m=[0m"http" [3moutcome[0m[2m=[0m"succeeded" [3mrequest_kind[0m[2m=[0m"附件内容读取" [3mattachment_id[0m[2m=[0m"att-9117ebee3b15" [3msession_id[0m[2m=[0m"s-d9da65c9733d"
[backend] [2m2026-04-25T16:49:06.8183604+08:00[0m [32m INFO[0m ThreadId(11) [2mkoko::shell::媒体资产外壳[0m[2m:[0m 读取附件内容成功 [3musecase[0m[2m=[0m"读取附件内容" [3madapter[0m[2m=[0m"http" [3moutcome[0m[2m=[0m"succeeded" [3mrequest_kind[0m[2m=[0m"附件内容读取" [3mattachment_id[0m[2m=[0m"att-9117ebee3b15" [3msession_id[0m[2m=[0m"s-d9da65c9733d"
[backend] [2m2026-04-25T16:49:06.8199654+08:00[0m [32m INFO[0m ThreadId(03) [2mkoko::shell::媒体资产外壳[0m[2m:[0m HTTP 请求已受理 [3musecase[0m[2m=[0m"读取附件内容" [3madapter[0m[2m=[0m"http" [3moutcome[0m[2m=[0m"accepted" [3mrequest_kind[0m[2m=[0m"附件内容读取" [3mattachment_id[0m[2m=[0m"att-5d2bc6f45393" [3msession_id[0m[2m=[0m"s-d9da65c9733d"
[backend] [2m2026-04-25T16:49:06.8233446+08:00[0m [32m INFO[0m ThreadId(11) [2mkoko::shell::媒体资产外壳[0m[2m:[0m 读取附件内容成功 [3musecase[0m[2m=[0m"读取附件内容" [3madapter[0m[2m=[0m"http" [3moutcome[0m[2m=[0m"succeeded" [3mrequest_kind[0m[2m=[0m"附件内容读取" [3mattachment_id[0m[2m=[0m"att-5d2bc6f45393" [3msession_id[0m[2m=[0m"s-d9da65c9733d"
[backend] [2m2026-04-25T16:49:06.8285028+08:00[0m [32m INFO[0m ThreadId(02) [2mkoko::shell::媒体资产外壳[0m[2m:[0m 读取附件内容成功 [3musecase[0m[2m=[0m"读取附件内容" [3madapter[0m[2m=[0m"http" [3moutcome[0m[2m=[0m"succeeded" [3mrequest_kind[0m[2m=[0m"附件内容读取" [3mattachment_id[0m[2m=[0m"att-e35bd47b6508" [3msession_id[0m[2m=[0m"s-d9da65c9733d"
[backend] [2m2026-04-25T16:49:06.8288187+08:00[0m [32m INFO[0m ThreadId(03) [2mkoko::shell::媒体资产外壳[0m[2m:[0m 读取附件内容成功 [3musecase[0m[2m=[0m"读取附件内容" [3madapter[0m[2m=[0m"http" [3moutcome[0m[2m=[0m"succeeded" [3mrequest_kind[0m[2m=[0m"附件内容读取" [3mattachment_id[0m[2m=[0m"att-e35bd47b6508" [3msession_id[0m[2m=[0m"s-d9da65c9733d"
[backend] [2m2026-04-25T16:49:06.8288945+08:00[0m [32m INFO[0m ThreadId(11) [2mkoko::shell::媒体资产外壳[0m[2m:[0m 读取附件内容成功 [3musecase[0m[2m=[0m"读取附件内容" [3madapter[0m[2m=[0m"http" [3moutcome[0m[2m=[0m"succeeded" [3mrequest_kind[0m[2m=[0m"附件内容读取" [3mattachment_id[0m[2m=[0m"att-9117ebee3b15" [3msession_id[0m[2m=[0m"s-d9da65c9733d"
[backend] [2m2026-04-25T16:49:06.8292567+08:00[0m [32m INFO[0m ThreadId(04) [2mkoko::shell::媒体资产外壳[0m[2m:[0m 读取附件内容成功 [3musecase[0m[2m=[0m"读取附件内容" [3madapter[0m[2m=[0m"http" [3moutcome[0m[2m=[0m"succeeded" [3mrequest_kind[0m[2m=[0m"附件内容读取" [3mattachment_id[0m[2m=[0m"att-10b60d10c9e1" [3msession_id[0m[2m=[0m"s-d9da65c9733d"
[backend] [2m2026-04-25T16:49:06.8313733+08:00[0m [32m INFO[0m ThreadId(04) [2mkoko::shell::媒体资产外壳[0m[2m:[0m 读取附件内容成功 [3musecase[0m[2m=[0m"读取附件内容" [3madapter[0m[2m=[0m"http" [3moutcome[0m[2m=[0m"succeeded" [3mrequest_kind[0m[2m=[0m"附件内容读取" [3mattachment_id[0m[2m=[0m"att-e35bd47b6508" [3msession_id[0m[2m=[0m"s-d9da65c9733d"
[backend] [2m2026-04-25T16:49:06.8342915+08:00[0m [32m INFO[0m ThreadId(04) [2mkoko::shell::媒体资产外壳[0m[2m:[0m 读取附件内容成功 [3musecase[0m[2m=[0m"读取附件内容" [3madapter[0m[2m=[0m"http" [3moutcome[0m[2m=[0m"succeeded" [3mrequest_kind[0m[2m=[0m"附件内容读取" [3mattachment_id[0m[2m=[0m"att-e35bd47b6508" [3msession_id[0m[2m=[0m"s-d9da65c9733d"
[backend] [2m2026-04-25T16:49:06.8356951+08:00[0m [32m INFO[0m ThreadId(03) [2mkoko::shell::媒体资产外壳[0m[2m:[0m 读取附件内容成功 [3musecase[0m[2m=[0m"读取附件内容" [3madapter[0m[2m=[0m"http" [3moutcome[0m[2m=[0m"succeeded" [3mrequest_kind[0m[2m=[0m"附件内容读取" [3mattachment_id[0m[2m=[0m"att-5d2bc6f45393" [3msession_id[0m[2m=[0m"s-d9da65c9733d"
[backend] [2m2026-04-25T16:49:06.8418504+08:00[0m [32m INFO[0m ThreadId(06) [2mkoko::shell::媒体资产外壳[0m[2m:[0m HTTP 请求已受理 [3musecase[0m[2m=[0m"读取附件内容" [3madapter[0m[2m=[0m"http" [3moutcome[0m[2m=[0m"accepted" [3mrequest_kind[0m[2m=[0m"附件内容读取" [3mattachment_id[0m[2m=[0m"att-5d2bc6f45393" [3msession_id[0m[2m=[0m"s-d9da65c9733d"
[backend] [2m2026-04-25T16:49:06.8539399+08:00[0m [32m INFO[0m ThreadId(06) [2mkoko::shell::媒体资产外壳[0m[2m:[0m 读取附件内容成功 [3musecase[0m[2m=[0m"读取附件内容" [3madapter[0m[2m=[0m"http" [3moutcome[0m[2m=[0m"succeeded" [3mrequest_kind[0m[2m=[0m"附件内容读取" [3mattachment_id[0m[2m=[0m"att-5d2bc6f45393" [3msession_id[0m[2m=[0m"s-d9da65c9733d"
[backend] [2m2026-04-25T16:49:06.8878775+08:00[0m [32m INFO[0m ThreadId(06) [2mkoko::shell::媒体资产外壳[0m[2m:[0m HTTP 请求已受理 [3musecase[0m[2m=[0m"读取附件内容" [3madapter[0m[2m=[0m"http" [3moutcome[0m[2m=[0m"accepted" [3mrequest_kind[0m[2m=[0m"附件内容读取" [3mattachment_id[0m[2m=[0m"att-5d2bc6f45393" [3msession_id[0m[2m=[0m"s-d9da65c9733d"
[backend] [2m2026-04-25T16:49:06.8993369+08:00[0m [32m INFO[0m ThreadId(06) [2mkoko::shell::媒体资产外壳[0m[2m:[0m 读取附件内容成功 [3musecase[0m[2m=[0m"读取附件内容" [3madapter[0m[2m=[0m"http" [3moutcome[0m[2m=[0m"succeeded" [3mrequest_kind[0m[2m=[0m"附件内容读取" [3mattachment_id[0m[2m=[0m"att-5d2bc6f45393" [3msession_id[0m[2m=[0m"s-d9da65c9733d"
[tracker] 2026-04-25T08:49:06.957Z complete: 2d5757303230382d6d773678644b6b52416c3559
[backend] [2m2026-04-25T16:49:07.2900273+08:00[0m [32m INFO[0m ThreadId(04) [2mkoko::shell::媒体资产外壳[0m[2m:[0m HTTP 请求已受理 [3musecase[0m[2m=[0m"读取附件内容" [3madapter[0m[2m=[0m"http" [3moutcome[0m[2m=[0m"accepted" [3mrequest_kind[0m[2m=[0m"附件内容读取" [3mattachment_id[0m[2m=[0m"att-9117ebee3b15" [3msession_id[0m[2m=[0m"s-d9da65c9733d"
[backend] [2m2026-04-25T16:49:07.2914135+08:00[0m [32m INFO[0m ThreadId(04) [2mkoko::shell::媒体资产外壳[0m[2m:[0m HTTP 请求已受理 [3musecase[0m[2m=[0m"读取附件内容" [3madapter[0m[2m=[0m"http" [3moutcome[0m[2m=[0m"accepted" [3mrequest_kind[0m[2m=[0m"附件内容读取" [3mattachment_id[0m[2m=[0m"att-9117ebee3b15" [3msession_id[0m[2m=[0m"s-d9da65c9733d"
[backend] [2m2026-04-25T16:49:07.2925757+08:00[0m [32m INFO[0m ThreadId(04) [2mkoko::shell::媒体资产外壳[0m[2m:[0m HTTP 请求已受理 [3musecase[0m[2m=[0m"读取附件内容" [3madapter[0m[2m=[0m"http" [3moutcome[0m[2m=[0m"accepted" [3mrequest_kind[0m[2m=[0m"附件内容读取" [3mattachment_id[0m[2m=[0m"att-9117ebee3b15" [3msession_id[0m[2m=[0m"s-d9da65c9733d"
[backend] [2m2026-04-25T16:49:07.3033163+08:00[0m [32m INFO[0m ThreadId(04) [2mkoko::shell::媒体资产外壳[0m[2m:[0m HTTP 请求已受理 [3musecase[0m[2m=[0m"读取附件内容" [3madapter[0m[2m=[0m"http" [3moutcome[0m[2m=[0m"accepted" [3mrequest_kind[0m[2m=[0m"附件内容读取" [3mattachment_id[0m[2m=[0m"att-5d2bc6f45393" [3msession_id[0m[2m=[0m"s-d9da65c9733d"
[backend] [2m2026-04-25T16:49:07.3049227+08:00[0m [32m INFO[0m ThreadId(04) [2mkoko::shell::媒体资产外壳[0m[2m:[0m HTTP 请求已受理 [3musecase[0m[2m=[0m"读取附件内容" [3madapter[0m[2m=[0m"http" [3moutcome[0m[2m=[0m"accepted" [3mrequest_kind[0m[2m=[0m"附件内容读取" [3mattachment_id[0m[2m=[0m"att-5d2bc6f45393" [3msession_id[0m[2m=[0m"s-d9da65c9733d"
[backend] [2m2026-04-25T16:49:07.3063244+08:00[0m [32m INFO[0m ThreadId(04) [2mkoko::shell::媒体资产外壳[0m[2m:[0m 读取附件内容成功 [3musecase[0m[2m=[0m"读取附件内容" [3madapter[0m[2m=[0m"http" [3moutcome[0m[2m=[0m"succeeded" [3mrequest_kind[0m[2m=[0m"附件内容读取" [3mattachment_id[0m[2m=[0m"att-9117ebee3b15" [3msession_id[0m[2m=[0m"s-d9da65c9733d"
[backend] [2m2026-04-25T16:49:07.3063243+08:00[0m [32m INFO[0m ThreadId(11) [2mkoko::shell::媒体资产外壳[0m[2m:[0m 读取附件内容成功 [3musecase[0m[2m=[0m"读取附件内容" [3madapter[0m[2m=[0m"http" [3moutcome[0m[2m=[0m"succeeded" [3mrequest_kind[0m[2m=[0m"附件内容读取" [3mattachment_id[0m[2m=[0m"att-9117ebee3b15" [3msession_id[0m[2m=[0m"s-d9da65c9733d"
[backend] [2m2026-04-25T16:49:07.3063941+08:00[0m [32m INFO[0m ThreadId(06) [2mkoko::shell::媒体资产外壳[0m[2m:[0m 读取附件内容成功 [3musecase[0m[2m=[0m"读取附件内容" [3madapter[0m[2m=[0m"http" [3moutcome[0m[2m=[0m"succeeded" [3mrequest_kind[0m[2m=[0m"附件内容读取" [3mattachment_id[0m[2m=[0m"att-9117ebee3b15" [3msession_id[0m[2m=[0m"s-d9da65c9733d"
[backend] [2m2026-04-25T16:49:07.3071675+08:00[0m [32m INFO[0m ThreadId(03) [2mkoko::shell::媒体资产外壳[0m[2m:[0m HTTP 请求已受理 [3musecase[0m[2m=[0m"读取附件内容" [3madapter[0m[2m=[0m"http" [3moutcome[0m[2m=[0m"accepted" [3mrequest_kind[0m[2m=[0m"附件内容读取" [3mattachment_id[0m[2m=[0m"att-9117ebee3b15" [3msession_id[0m[2m=[0m"s-d9da65c9733d"
[backend] [2m2026-04-25T16:49:07.3142514+08:00[0m [32m INFO[0m ThreadId(12) [2mkoko::shell::媒体资产外壳[0m[2m:[0m 读取附件内容成功 [3musecase[0m[2m=[0m"读取附件内容" [3madapter[0m[2m=[0m"http" [3moutcome[0m[2m=[0m"succeeded" [3mrequest_kind[0m[2m=[0m"附件内容读取" [3mattachment_id[0m[2m=[0m"att-5d2bc6f45393" [3msession_id[0m[2m=[0m"s-d9da65c9733d"
[backend] [2m2026-04-25T16:49:07.3193909+08:00[0m [32m INFO[0m ThreadId(12) [2mkoko::shell::媒体资产外壳[0m[2m:[0m 读取附件内容成功 [3musecase[0m[2m=[0m"读取附件内容" [3madapter[0m[2m=[0m"http" [3moutcome[0m[2m=[0m"succeeded" [3mrequest_kind[0m[2m=[0m"附件内容读取" [3mattachment_id[0m[2m=[0m"att-5d2bc6f45393" [3msession_id[0m[2m=[0m"s-d9da65c9733d"
[backend] [2m2026-04-25T16:49:07.322334+08:00[0m [32m INFO[0m ThreadId(06) [2mkoko::shell::媒体资产外壳[0m[2m:[0m 读取附件内容成功 [3musecase[0m[2m=[0m"读取附件内容" [3madapter[0m[2m=[0m"http" [3moutcome[0m[2m=[0m"succeeded" [3mrequest_kind[0m[2m=[0m"附件内容读取" [3mattachment_id[0m[2m=[0m"att-9117ebee3b15" [3msession_id[0m[2m=[0m"s-d9da65c9733d"
[backend] [2m2026-04-25T16:49:07.3508521+08:00[0m [32m INFO[0m ThreadId(03) [2mkoko::shell::媒体资产外壳[0m[2m:[0m HTTP 请求已受理 [3musecase[0m[2m=[0m"读取附件内容" [3madapter[0m[2m=[0m"http" [3moutcome[0m[2m=[0m"accepted" [3mrequest_kind[0m[2m=[0m"附件内容读取" [3mattachment_id[0m[2m=[0m"att-4e0480d9e16e" [3msession_id[0m[2m=[0m"s-d9da65c9733d"
[backend] [2m2026-04-25T16:49:07.3532084+08:00[0m [32m INFO[0m ThreadId(03) [2mkoko::shell::媒体资产外壳[0m[2m:[0m HTTP 请求已受理 [3musecase[0m[2m=[0m"读取附件内容" [3madapter[0m[2m=[0m"http" [3moutcome[0m[2m=[0m"accepted" [3mrequest_kind[0m[2m=[0m"附件内容读取" [3mattachment_id[0m[2m=[0m"att-4e0480d9e16e" [3msession_id[0m[2m=[0m"s-d9da65c9733d"
[backend] [2m2026-04-25T16:49:07.3547357+08:00[0m [32m INFO[0m ThreadId(06) [2mkoko::shell::媒体资产外壳[0m[2m:[0m HTTP 请求已受理 [3musecase[0m[2m=[0m"读取附件内容" [3madapter[0m[2m=[0m"http" [3moutcome[0m[2m=[0m"accepted" [3mrequest_kind[0m[2m=[0m"附件内容读取" [3mattachment_id[0m[2m=[0m"att-4e0480d9e16e" [3msession_id[0m[2m=[0m"s-d9da65c9733d"
[backend] [2m2026-04-25T16:49:07.3574277+08:00[0m [32m INFO[0m ThreadId(03) [2mkoko::shell::媒体资产外壳[0m[2m:[0m HTTP 请求已受理 [3musecase[0m[2m=[0m"读取附件内容" [3madapter[0m[2m=[0m"http" [3moutcome[0m[2m=[0m"accepted" [3mrequest_kind[0m[2m=[0m"附件内容读取" [3mattachment_id[0m[2m=[0m"att-4e0480d9e16e" [3msession_id[0m[2m=[0m"s-d9da65c9733d"
[backend] [2m2026-04-25T16:49:07.3633456+08:00[0m [32m INFO[0m ThreadId(05) [2mkoko::shell::媒体资产外壳[0m[2m:[0m 读取附件内容成功 [3musecase[0m[2m=[0m"读取附件内容" [3madapter[0m[2m=[0m"http" [3moutcome[0m[2m=[0m"succeeded" [3mrequest_kind[0m[2m=[0m"附件内容读取" [3mattachment_id[0m[2m=[0m"att-4e0480d9e16e" [3msession_id[0m[2m=[0m"s-d9da65c9733d"
[backend] [2m2026-04-25T16:49:07.3692937+08:00[0m [32m INFO[0m ThreadId(12) [2mkoko::shell::媒体资产外壳[0m[2m:[0m HTTP 请求已受理 [3musecase[0m[2m=[0m"读取附件内容" [3madapter[0m[2m=[0m"http" [3moutcome[0m[2m=[0m"accepted" [3mrequest_kind[0m[2m=[0m"附件内容读取" [3mattachment_id[0m[2m=[0m"att-9f6a9ebb48a6" [3msession_id[0m[2m=[0m"s-d9da65c9733d"
[backend] [2m2026-04-25T16:49:07.3712989+08:00[0m [32m INFO[0m ThreadId(12) [2mkoko::shell::媒体资产外壳[0m[2m:[0m HTTP 请求已受理 [3musecase[0m[2m=[0m"读取附件内容" [3madapter[0m[2m=[0m"http" [3moutcome[0m[2m=[0m"accepted" [3mrequest_kind[0m[2m=[0m"附件内容读取" [3mattachment_id[0m[2m=[0m"att-9f6a9ebb48a6" [3msession_id[0m[2m=[0m"s-d9da65c9733d"
[backend] [2m2026-04-25T16:49:07.3715006+08:00[0m [32m INFO[0m ThreadId(03) [2mkoko::shell::媒体资产外壳[0m[2m:[0m 读取附件内容成功 [3musecase[0m[2m=[0m"读取附件内容" [3madapter[0m[2m=[0m"http" [3moutcome[0m[2m=[0m"succeeded" [3mrequest_kind[0m[2m=[0m"附件内容读取" [3mattachment_id[0m[2m=[0m"att-4e0480d9e16e" [3msession_id[0m[2m=[0m"s-d9da65c9733d"
[backend] [2m2026-04-25T16:49:07.3715461+08:00[0m [32m INFO[0m ThreadId(06) [2mkoko::shell::媒体资产外壳[0m[2m:[0m 读取附件内容成功 [3musecase[0m[2m=[0m"读取附件内容" [3madapter[0m[2m=[0m"http" [3moutcome[0m[2m=[0m"succeeded" [3mrequest_kind[0m[2m=[0m"附件内容读取" [3mattachment_id[0m[2m=[0m"att-4e0480d9e16e" [3msession_id[0m[2m=[0m"s-d9da65c9733d"
[backend] [2m2026-04-25T16:49:07.3715452+08:00[0m [32m INFO[0m ThreadId(04) [2mkoko::shell::媒体资产外壳[0m[2m:[0m 读取附件内容成功 [3musecase[0m[2m=[0m"读取附件内容" [3madapter[0m[2m=[0m"http" [3moutcome[0m[2m=[0m"succeeded" [3mrequest_kind[0m[2m=[0m"附件内容读取" [3mattachment_id[0m[2m=[0m"att-4e0480d9e16e" [3msession_id[0m[2m=[0m"s-d9da65c9733d"
[backend] [2m2026-04-25T16:49:07.3729637+08:00[0m [32m INFO[0m ThreadId(02) [2mkoko::shell::媒体资产外壳[0m[2m:[0m HTTP 请求已受理 [3musecase[0m[2m=[0m"读取附件内容" [3madapter[0m[2m=[0m"http" [3moutcome[0m[2m=[0m"accepted" [3mrequest_kind[0m[2m=[0m"附件内容读取" [3mattachment_id[0m[2m=[0m"att-9f6a9ebb48a6" [3msession_id[0m[2m=[0m"s-d9da65c9733d"
[backend] [2m2026-04-25T16:49:07.3783463+08:00[0m [32m INFO[0m ThreadId(04) [2mkoko::shell::媒体资产外壳[0m[2m:[0m HTTP 请求已受理 [3musecase[0m[2m=[0m"读取附件内容" [3madapter[0m[2m=[0m"http" [3moutcome[0m[2m=[0m"accepted" [3mrequest_kind[0m[2m=[0m"附件内容读取" [3mattachment_id[0m[2m=[0m"att-9f6a9ebb48a6" [3msession_id[0m[2m=[0m"s-d9da65c9733d"
[backend] [2m2026-04-25T16:49:07.3864119+08:00[0m [32m INFO[0m ThreadId(02) [2mkoko::shell::媒体资产外壳[0m[2m:[0m 读取附件内容成功 [3musecase[0m[2m=[0m"读取附件内容" [3madapter[0m[2m=[0m"http" [3moutcome[0m[2m=[0m"succeeded" [3mrequest_kind[0m[2m=[0m"附件内容读取" [3mattachment_id[0m[2m=[0m"att-9f6a9ebb48a6" [3msession_id[0m[2m=[0m"s-d9da65c9733d"
[backend] [2m2026-04-25T16:49:07.3864119+08:00[0m [32m INFO[0m ThreadId(12) [2mkoko::shell::媒体资产外壳[0m[2m:[0m 读取附件内容成功 [3musecase[0m[2m=[0m"读取附件内容" [3madapter[0m[2m=[0m"http" [3moutcome[0m[2m=[0m"succeeded" [3mrequest_kind[0m[2m=[0m"附件内容读取" [3mattachment_id[0m[2m=[0m"att-9f6a9ebb48a6" [3msession_id[0m[2m=[0m"s-d9da65c9733d"
[backend] [2m2026-04-25T16:49:07.3865044+08:00[0m [32m INFO[0m ThreadId(03) [2mkoko::shell::媒体资产外壳[0m[2m:[0m 读取附件内容成功 [3musecase[0m[2m=[0m"读取附件内容" [3madapter[0m[2m=[0m"http" [3moutcome[0m[2m=[0m"succeeded" [3mrequest_kind[0m[2m=[0m"附件内容读取" [3mattachment_id[0m[2m=[0m"att-9f6a9ebb48a6" [3msession_id[0m[2m=[0m"s-d9da65c9733d"
[backend] [2m2026-04-25T16:49:07.3880096+08:00[0m [32m INFO[0m ThreadId(06) [2mkoko::shell::媒体资产外壳[0m[2m:[0m HTTP 请求已受理 [3musecase[0m[2m=[0m"读取附件内容" [3madapter[0m[2m=[0m"http" [3moutcome[0m[2m=[0m"accepted" [3mrequest_kind[0m[2m=[0m"附件内容读取" [3mattachment_id[0m[2m=[0m"att-5d2bc6f45393" [3msession_id[0m[2m=[0m"s-d9da65c9733d"
[backend] [2m2026-04-25T16:49:07.3925227+08:00[0m [32m INFO[0m ThreadId(02) [2mkoko::shell::媒体资产外壳[0m[2m:[0m HTTP 请求已受理 [3musecase[0m[2m=[0m"读取附件内容" [3madapter[0m[2m=[0m"http" [3moutcome[0m[2m=[0m"accepted" [3mrequest_kind[0m[2m=[0m"附件内容读取" [3mattachment_id[0m[2m=[0m"att-5d2bc6f45393" [3msession_id[0m[2m=[0m"s-d9da65c9733d"
[backend] [2m2026-04-25T16:49:07.3929222+08:00[0m [32m INFO[0m ThreadId(03) [2mkoko::shell::媒体资产外壳[0m[2m:[0m 读取附件内容成功 [3musecase[0m[2m=[0m"读取附件内容" [3madapter[0m[2m=[0m"http" [3moutcome[0m[2m=[0m"succeeded" [3mrequest_kind[0m[2m=[0m"附件内容读取" [3mattachment_id[0m[2m=[0m"att-9f6a9ebb48a6" [3msession_id[0m[2m=[0m"s-d9da65c9733d"
[backend] [2m2026-04-25T16:49:07.4021146+08:00[0m [32m INFO[0m ThreadId(02) [2mkoko::shell::媒体资产外壳[0m[2m:[0m 读取附件内容成功 [3musecase[0m[2m=[0m"读取附件内容" [3madapter[0m[2m=[0m"http" [3moutcome[0m[2m=[0m"succeeded" [3mrequest_kind[0m[2m=[0m"附件内容读取" [3mattachment_id[0m[2m=[0m"att-5d2bc6f45393" [3msession_id[0m[2m=[0m"s-d9da65c9733d"
[backend] [2m2026-04-25T16:49:07.4048725+08:00[0m [32m INFO[0m ThreadId(02) [2mkoko::shell::媒体资产外壳[0m[2m:[0m 读取附件内容成功 [3musecase[0m[2m=[0m"读取附件内容" [3madapter[0m[2m=[0m"http" [3moutcome[0m[2m=[0m"succeeded" [3mrequest_kind[0m[2m=[0m"附件内容读取" [3mattachment_id[0m[2m=[0m"att-5d2bc6f45393" [3msession_id[0m[2m=[0m"s-d9da65c9733d"
[tracker] 2026-04-25T08:49:07.460Z complete: 2d5757303230382d6d773678644b6b52416c3559
[tracker] 2026-04-25T08:49:07.519Z complete: 2d5757303230382d6d773678644b6b52416c3559
[backend] [2m2026-04-25T16:49:07.6526251+08:00[0m [32m INFO[0m ThreadId(02) [2mkoko::shell::媒体资产外壳[0m[2m:[0m HTTP 请求已受理 [3musecase[0m[2m=[0m"读取附件内容" [3madapter[0m[2m=[0m"http" [3moutcome[0m[2m=[0m"accepted" [3mrequest_kind[0m[2m=[0m"附件内容读取" [3mattachment_id[0m[2m=[0m"att-9117ebee3b15" [3msession_id[0m[2m=[0m"s-d9da65c9733d"
[backend] [2m2026-04-25T16:49:07.6543972+08:00[0m [32m INFO[0m ThreadId(02) [2mkoko::shell::媒体资产外壳[0m[2m:[0m HTTP 请求已受理 [3musecase[0m[2m=[0m"读取附件内容" [3madapter[0m[2m=[0m"http" [3moutcome[0m[2m=[0m"accepted" [3mrequest_kind[0m[2m=[0m"附件内容读取" [3mattachment_id[0m[2m=[0m"att-9117ebee3b15" [3msession_id[0m[2m=[0m"s-d9da65c9733d"
[backend] [2m2026-04-25T16:49:07.6556512+08:00[0m [32m INFO[0m ThreadId(02) [2mkoko::shell::媒体资产外壳[0m[2m:[0m HTTP 请求已受理 [3musecase[0m[2m=[0m"读取附件内容" [3madapter[0m[2m=[0m"http" [3moutcome[0m[2m=[0m"accepted" [3mrequest_kind[0m[2m=[0m"附件内容读取" [3mattachment_id[0m[2m=[0m"att-9117ebee3b15" [3msession_id[0m[2m=[0m"s-d9da65c9733d"
[backend] [2m2026-04-25T16:49:07.6582687+08:00[0m [32m INFO[0m ThreadId(12) [2mkoko::shell::媒体资产外壳[0m[2m:[0m HTTP 请求已受理 [3musecase[0m[2m=[0m"读取附件内容" [3madapter[0m[2m=[0m"http" [3moutcome[0m[2m=[0m"accepted" [3mrequest_kind[0m[2m=[0m"附件内容读取" [3mattachment_id[0m[2m=[0m"att-9117ebee3b15" [3msession_id[0m[2m=[0m"s-d9da65c9733d"
[backend] [2m2026-04-25T16:49:07.6598364+08:00[0m [32m INFO[0m ThreadId(04) [2mkoko::shell::媒体资产外壳[0m[2m:[0m HTTP 请求已受理 [3musecase[0m[2m=[0m"读取附件内容" [3madapter[0m[2m=[0m"http" [3moutcome[0m[2m=[0m"accepted" [3mrequest_kind[0m[2m=[0m"附件内容读取" [3mattachment_id[0m[2m=[0m"att-4e0480d9e16e" [3msession_id[0m[2m=[0m"s-d9da65c9733d"
[backend] [2m2026-04-25T16:49:07.6627496+08:00[0m [32m INFO[0m ThreadId(03) [2mkoko::shell::媒体资产外壳[0m[2m:[0m HTTP 请求已受理 [3musecase[0m[2m=[0m"读取附件内容" [3madapter[0m[2m=[0m"http" [3moutcome[0m[2m=[0m"accepted" [3mrequest_kind[0m[2m=[0m"附件内容读取" [3mattachment_id[0m[2m=[0m"att-4e0480d9e16e" [3msession_id[0m[2m=[0m"s-d9da65c9733d"
[backend] [2m2026-04-25T16:49:07.6627493+08:00[0m [32m INFO[0m ThreadId(04) [2mkoko::shell::媒体资产外壳[0m[2m:[0m HTTP 请求已受理 [3musecase[0m[2m=[0m"读取附件内容" [3madapter[0m[2m=[0m"http" [3moutcome[0m[2m=[0m"accepted" [3mrequest_kind[0m[2m=[0m"附件内容读取" [3mattachment_id[0m[2m=[0m"att-4e0480d9e16e" [3msession_id[0m[2m=[0m"s-d9da65c9733d"
[backend] [2m2026-04-25T16:49:07.6662314+08:00[0m [32m INFO[0m ThreadId(06) [2mkoko::shell::媒体资产外壳[0m[2m:[0m HTTP 请求已受理 [3musecase[0m[2m=[0m"读取附件内容" [3madapter[0m[2m=[0m"http" [3moutcome[0m[2m=[0m"accepted" [3mrequest_kind[0m[2m=[0m"附件内容读取" [3mattachment_id[0m[2m=[0m"att-4e0480d9e16e" [3msession_id[0m[2m=[0m"s-d9da65c9733d"
[backend] [2m2026-04-25T16:49:07.6691422+08:00[0m [32m INFO[0m ThreadId(02) [2mkoko::shell::媒体资产外壳[0m[2m:[0m 读取附件内容成功 [3musecase[0m[2m=[0m"读取附件内容" [3madapter[0m[2m=[0m"http" [3moutcome[0m[2m=[0m"succeeded" [3mrequest_kind[0m[2m=[0m"附件内容读取" [3mattachment_id[0m[2m=[0m"att-9117ebee3b15" [3msession_id[0m[2m=[0m"s-d9da65c9733d"
[backend] [2m2026-04-25T16:49:07.6698234+08:00[0m [32m INFO[0m ThreadId(05) [2mkoko::shell::媒体资产外壳[0m[2m:[0m 读取附件内容成功 [3musecase[0m[2m=[0m"读取附件内容" [3madapter[0m[2m=[0m"http" [3moutcome[0m[2m=[0m"succeeded" [3mrequest_kind[0m[2m=[0m"附件内容读取" [3mattachment_id[0m[2m=[0m"att-9117ebee3b15" [3msession_id[0m[2m=[0m"s-d9da65c9733d"
[backend] [2m2026-04-25T16:49:07.669167+08:00[0m [32m INFO[0m ThreadId(06) [2mkoko::shell::媒体资产外壳[0m[2m:[0m HTTP 请求已受理 [3musecase[0m[2m=[0m"读取附件内容" [3madapter[0m[2m=[0m"http" [3moutcome[0m[2m=[0m"accepted" [3mrequest_kind[0m[2m=[0m"附件内容读取" [3mattachment_id[0m[2m=[0m"att-9f6a9ebb48a6" [3msession_id[0m[2m=[0m"s-d9da65c9733d"
[backend] [2m2026-04-25T16:49:07.6721509+08:00[0m [32m INFO[0m ThreadId(06) [2mkoko::shell::媒体资产外壳[0m[2m:[0m 读取附件内容成功 [3musecase[0m[2m=[0m"读取附件内容" [3madapter[0m[2m=[0m"http" [3moutcome[0m[2m=[0m"succeeded" [3mrequest_kind[0m[2m=[0m"附件内容读取" [3mattachment_id[0m[2m=[0m"att-4e0480d9e16e" [3msession_id[0m[2m=[0m"s-d9da65c9733d"
[backend] [2m2026-04-25T16:49:07.6724196+08:00[0m [32m INFO[0m ThreadId(03) [2mkoko::shell::媒体资产外壳[0m[2m:[0m 读取附件内容成功 [3musecase[0m[2m=[0m"读取附件内容" [3madapter[0m[2m=[0m"http" [3moutcome[0m[2m=[0m"succeeded" [3mrequest_kind[0m[2m=[0m"附件内容读取" [3mattachment_id[0m[2m=[0m"att-9117ebee3b15" [3msession_id[0m[2m=[0m"s-d9da65c9733d"
[backend] [2m2026-04-25T16:49:07.6759769+08:00[0m [32m INFO[0m ThreadId(03) [2mkoko::shell::媒体资产外壳[0m[2m:[0m 读取附件内容成功 [3musecase[0m[2m=[0m"读取附件内容" [3madapter[0m[2m=[0m"http" [3moutcome[0m[2m=[0m"succeeded" [3mrequest_kind[0m[2m=[0m"附件内容读取" [3mattachment_id[0m[2m=[0m"att-9117ebee3b15" [3msession_id[0m[2m=[0m"s-d9da65c9733d"
[backend] [2m2026-04-25T16:49:07.6768486+08:00[0m [32m INFO[0m ThreadId(04) [2mkoko::shell::媒体资产外壳[0m[2m:[0m 读取附件内容成功 [3musecase[0m[2m=[0m"读取附件内容" [3madapter[0m[2m=[0m"http" [3moutcome[0m[2m=[0m"succeeded" [3mrequest_kind[0m[2m=[0m"附件内容读取" [3mattachment_id[0m[2m=[0m"att-4e0480d9e16e" [3msession_id[0m[2m=[0m"s-d9da65c9733d"
[backend] [2m2026-04-25T16:49:07.6801497+08:00[0m [32m INFO[0m ThreadId(04) [2mkoko::shell::媒体资产外壳[0m[2m:[0m 读取附件内容成功 [3musecase[0m[2m=[0m"读取附件内容" [3madapter[0m[2m=[0m"http" [3moutcome[0m[2m=[0m"succeeded" [3mrequest_kind[0m[2m=[0m"附件内容读取" [3mattachment_id[0m[2m=[0m"att-4e0480d9e16e" [3msession_id[0m[2m=[0m"s-d9da65c9733d"
[backend] [2m2026-04-25T16:49:07.6801497+08:00[0m [32m INFO[0m ThreadId(03) [2mkoko::shell::媒体资产外壳[0m[2m:[0m 读取附件内容成功 [3musecase[0m[2m=[0m"读取附件内容" [3madapter[0m[2m=[0m"http" [3moutcome[0m[2m=[0m"succeeded" [3mrequest_kind[0m[2m=[0m"附件内容读取" [3mattachment_id[0m[2m=[0m"att-4e0480d9e16e" [3msession_id[0m[2m=[0m"s-d9da65c9733d"
[backend] [2m2026-04-25T16:49:07.6808731+08:00[0m [32m INFO[0m ThreadId(02) [2mkoko::shell::媒体资产外壳[0m[2m:[0m 读取附件内容成功 [3musecase[0m[2m=[0m"读取附件内容" [3madapter[0m[2m=[0m"http" [3moutcome[0m[2m=[0m"succeeded" [3mrequest_kind[0m[2m=[0m"附件内容读取" [3mattachment_id[0m[2m=[0m"att-9f6a9ebb48a6" [3msession_id[0m[2m=[0m"s-d9da65c9733d"
[backend] [2m2026-04-25T16:49:07.6918403+08:00[0m [32m INFO[0m ThreadId(06) [2mkoko::shell::媒体资产外壳[0m[2m:[0m HTTP 请求已受理 [3musecase[0m[2m=[0m"读取附件内容" [3madapter[0m[2m=[0m"http" [3moutcome[0m[2m=[0m"accepted" [3mrequest_kind[0m[2m=[0m"附件内容读取" [3mattachment_id[0m[2m=[0m"att-5d2bc6f45393" [3msession_id[0m[2m=[0m"s-d9da65c9733d"
[backend] [2m2026-04-25T16:49:07.6937942+08:00[0m [32m INFO[0m ThreadId(06) [2mkoko::shell::媒体资产外壳[0m[2m:[0m HTTP 请求已受理 [3musecase[0m[2m=[0m"读取附件内容" [3madapter[0m[2m=[0m"http" [3moutcome[0m[2m=[0m"accepted" [3mrequest_kind[0m[2m=[0m"附件内容读取" [3mattachment_id[0m[2m=[0m"att-5d2bc6f45393" [3msession_id[0m[2m=[0m"s-d9da65c9733d"
[backend] [2m2026-04-25T16:49:07.6989727+08:00[0m [32m INFO[0m ThreadId(03) [2mkoko::shell::媒体资产外壳[0m[2m:[0m HTTP 请求已受理 [3musecase[0m[2m=[0m"读取附件内容" [3madapter[0m[2m=[0m"http" [3moutcome[0m[2m=[0m"accepted" [3mrequest_kind[0m[2m=[0m"附件内容读取" [3mattachment_id[0m[2m=[0m"att-5d2bc6f45393" [3msession_id[0m[2m=[0m"s-d9da65c9733d"
[backend] [2m2026-04-25T16:49:07.704992+08:00[0m [32m INFO[0m ThreadId(12) [2mkoko::shell::媒体资产外壳[0m[2m:[0m HTTP 请求已受理 [3musecase[0m[2m=[0m"读取附件内容" [3madapter[0m[2m=[0m"http" [3moutcome[0m[2m=[0m"accepted" [3mrequest_kind[0m[2m=[0m"附件内容读取" [3mattachment_id[0m[2m=[0m"att-5d2bc6f45393" [3msession_id[0m[2m=[0m"s-d9da65c9733d"
[backend] [2m2026-04-25T16:49:07.7054061+08:00[0m [32m INFO[0m ThreadId(03) [2mkoko::shell::媒体资产外壳[0m[2m:[0m 读取附件内容成功 [3musecase[0m[2m=[0m"读取附件内容" [3madapter[0m[2m=[0m"http" [3moutcome[0m[2m=[0m"succeeded" [3mrequest_kind[0m[2m=[0m"附件内容读取" [3mattachment_id[0m[2m=[0m"att-5d2bc6f45393" [3msession_id[0m[2m=[0m"s-d9da65c9733d"
[backend] [2m2026-04-25T16:49:07.705406+08:00[0m [32m INFO[0m ThreadId(04) [2mkoko::shell::媒体资产外壳[0m[2m:[0m 读取附件内容成功 [3musecase[0m[2m=[0m"读取附件内容" [3madapter[0m[2m=[0m"http" [3moutcome[0m[2m=[0m"succeeded" [3mrequest_kind[0m[2m=[0m"附件内容读取" [3mattachment_id[0m[2m=[0m"att-5d2bc6f45393" [3msession_id[0m[2m=[0m"s-d9da65c9733d"
[backend] [2m2026-04-25T16:49:07.7116014+08:00[0m [32m INFO[0m ThreadId(03) [2mkoko::shell::媒体资产外壳[0m[2m:[0m 读取附件内容成功 [3musecase[0m[2m=[0m"读取附件内容" [3madapter[0m[2m=[0m"http" [3moutcome[0m[2m=[0m"succeeded" [3mrequest_kind[0m[2m=[0m"附件内容读取" [3mattachment_id[0m[2m=[0m"att-5d2bc6f45393" [3msession_id[0m[2m=[0m"s-d9da65c9733d"
[backend] [2m2026-04-25T16:49:07.7186158+08:00[0m [32m INFO[0m ThreadId(03) [2mkoko::shell::媒体资产外壳[0m[2m:[0m 读取附件内容成功 [3musecase[0m[2m=[0m"读取附件内容" [3madapter[0m[2m=[0m"http" [3moutcome[0m[2m=[0m"succeeded" [3mrequest_kind[0m[2m=[0m"附件内容读取" [3mattachment_id[0m[2m=[0m"att-5d2bc6f45393" [3msession_id[0m[2m=[0m"s-d9da65c9733d"
[backend] [2m2026-04-25T16:49:08.1626533+08:00[0m [32m INFO[0m ThreadId(02) [2mkoko::shell::媒体资产外壳[0m[2m:[0m HTTP 请求已受理 [3musecase[0m[2m=[0m"读取附件内容" [3madapter[0m[2m=[0m"http" [3moutcome[0m[2m=[0m"accepted" [3mrequest_kind[0m[2m=[0m"附件内容读取" [3mattachment_id[0m[2m=[0m"att-4e0480d9e16e" [3msession_id[0m[2m=[0m"s-d9da65c9733d"
[backend] [2m2026-04-25T16:49:08.1683224+08:00[0m [32m INFO[0m ThreadId(04) [2mkoko::shell::媒体资产外壳[0m[2m:[0m HTTP 请求已受理 [3musecase[0m[2m=[0m"读取附件内容" [3madapter[0m[2m=[0m"http" [3moutcome[0m[2m=[0m"accepted" [3mrequest_kind[0m[2m=[0m"附件内容读取" [3mattachment_id[0m[2m=[0m"att-4e0480d9e16e" [3msession_id[0m[2m=[0m"s-d9da65c9733d"
[backend] [2m2026-04-25T16:49:08.1700844+08:00[0m [32m INFO[0m ThreadId(04) [2mkoko::shell::媒体资产外壳[0m[2m:[0m HTTP 请求已受理 [3musecase[0m[2m=[0m"读取附件内容" [3madapter[0m[2m=[0m"http" [3moutcome[0m[2m=[0m"accepted" [3mrequest_kind[0m[2m=[0m"附件内容读取" [3mattachment_id[0m[2m=[0m"att-4e0480d9e16e" [3msession_id[0m[2m=[0m"s-d9da65c9733d"
[backend] [2m2026-04-25T16:49:08.1709869+08:00[0m [32m INFO[0m ThreadId(02) [2mkoko::shell::媒体资产外壳[0m[2m:[0m HTTP 请求已受理 [3musecase[0m[2m=[0m"读取附件内容" [3madapter[0m[2m=[0m"http" [3moutcome[0m[2m=[0m"accepted" [3mrequest_kind[0m[2m=[0m"附件内容读取" [3mattachment_id[0m[2m=[0m"att-4e0480d9e16e" [3msession_id[0m[2m=[0m"s-d9da65c9733d"
[backend] [2m2026-04-25T16:49:08.1750449+08:00[0m [32m INFO[0m ThreadId(03) [2mkoko::shell::媒体资产外壳[0m[2m:[0m HTTP 请求已受理 [3musecase[0m[2m=[0m"读取附件内容" [3madapter[0m[2m=[0m"http" [3moutcome[0m[2m=[0m"accepted" [3mrequest_kind[0m[2m=[0m"附件内容读取" [3mattachment_id[0m[2m=[0m"att-9117ebee3b15" [3msession_id[0m[2m=[0m"s-d9da65c9733d"
[backend] [2m2026-04-25T16:49:08.176599+08:00[0m [32m INFO[0m ThreadId(04) [2mkoko::shell::媒体资产外壳[0m[2m:[0m 读取附件内容成功 [3musecase[0m[2m=[0m"读取附件内容" [3madapter[0m[2m=[0m"http" [3moutcome[0m[2m=[0m"succeeded" [3mrequest_kind[0m[2m=[0m"附件内容读取" [3mattachment_id[0m[2m=[0m"att-4e0480d9e16e" [3msession_id[0m[2m=[0m"s-d9da65c9733d"
[backend] [2m2026-04-25T16:49:08.1807782+08:00[0m [32m INFO[0m ThreadId(06) [2mkoko::shell::媒体资产外壳[0m[2m:[0m HTTP 请求已受理 [3musecase[0m[2m=[0m"读取附件内容" [3madapter[0m[2m=[0m"http" [3moutcome[0m[2m=[0m"accepted" [3mrequest_kind[0m[2m=[0m"附件内容读取" [3mattachment_id[0m[2m=[0m"att-9117ebee3b15" [3msession_id[0m[2m=[0m"s-d9da65c9733d"
[backend] [2m2026-04-25T16:49:08.1855913+08:00[0m [32m INFO[0m ThreadId(06) [2mkoko::shell::媒体资产外壳[0m[2m:[0m 读取附件内容成功 [3musecase[0m[2m=[0m"读取附件内容" [3madapter[0m[2m=[0m"http" [3moutcome[0m[2m=[0m"succeeded" [3mrequest_kind[0m[2m=[0m"附件内容读取" [3mattachment_id[0m[2m=[0m"att-4e0480d9e16e" [3msession_id[0m[2m=[0m"s-d9da65c9733d"
[backend] [2m2026-04-25T16:49:08.1914368+08:00[0m [32m INFO[0m ThreadId(12) [2mkoko::shell::媒体资产外壳[0m[2m:[0m 读取附件内容成功 [3musecase[0m[2m=[0m"读取附件内容" [3madapter[0m[2m=[0m"http" [3moutcome[0m[2m=[0m"succeeded" [3mrequest_kind[0m[2m=[0m"附件内容读取" [3mattachment_id[0m[2m=[0m"att-9117ebee3b15" [3msession_id[0m[2m=[0m"s-d9da65c9733d"
[backend] [2m2026-04-25T16:49:08.1943254+08:00[0m [32m INFO[0m ThreadId(06) [2mkoko::shell::媒体资产外壳[0m[2m:[0m HTTP 请求已受理 [3musecase[0m[2m=[0m"读取附件内容" [3madapter[0m[2m=[0m"http" [3moutcome[0m[2m=[0m"accepted" [3mrequest_kind[0m[2m=[0m"附件内容读取" [3mattachment_id[0m[2m=[0m"att-9117ebee3b15" [3msession_id[0m[2m=[0m"s-d9da65c9733d"
[backend] [2m2026-04-25T16:49:08.1950733+08:00[0m [32m INFO[0m ThreadId(06) [2mkoko::shell::媒体资产外壳[0m[2m:[0m 读取附件内容成功 [3musecase[0m[2m=[0m"读取附件内容" [3madapter[0m[2m=[0m"http" [3moutcome[0m[2m=[0m"succeeded" [3mrequest_kind[0m[2m=[0m"附件内容读取" [3mattachment_id[0m[2m=[0m"att-4e0480d9e16e" [3msession_id[0m[2m=[0m"s-d9da65c9733d"
[backend] [2m2026-04-25T16:49:08.1955526+08:00[0m [32m INFO[0m ThreadId(04) [2mkoko::shell::媒体资产外壳[0m[2m:[0m 读取附件内容成功 [3musecase[0m[2m=[0m"读取附件内容" [3madapter[0m[2m=[0m"http" [3moutcome[0m[2m=[0m"succeeded" [3mrequest_kind[0m[2m=[0m"附件内容读取" [3mattachment_id[0m[2m=[0m"att-4e0480d9e16e" [3msession_id[0m[2m=[0m"s-d9da65c9733d"
[backend] [2m2026-04-25T16:49:08.1984645+08:00[0m [32m INFO[0m ThreadId(02) [2mkoko::shell::媒体资产外壳[0m[2m:[0m HTTP 请求已受理 [3musecase[0m[2m=[0m"读取附件内容" [3madapter[0m[2m=[0m"http" [3moutcome[0m[2m=[0m"accepted" [3mrequest_kind[0m[2m=[0m"附件内容读取" [3mattachment_id[0m[2m=[0m"att-9117ebee3b15" [3msession_id[0m[2m=[0m"s-d9da65c9733d"
[backend] [2m2026-04-25T16:49:08.1993099+08:00[0m [32m INFO[0m ThreadId(02) [2mkoko::shell::媒体资产外壳[0m[2m:[0m 读取附件内容成功 [3musecase[0m[2m=[0m"读取附件内容" [3madapter[0m[2m=[0m"http" [3moutcome[0m[2m=[0m"succeeded" [3mrequest_kind[0m[2m=[0m"附件内容读取" [3mattachment_id[0m[2m=[0m"att-9117ebee3b15" [3msession_id[0m[2m=[0m"s-d9da65c9733d"
[backend] [2m2026-04-25T16:49:08.2079649+08:00[0m [32m INFO[0m ThreadId(04) [2mkoko::shell::媒体资产外壳[0m[2m:[0m 读取附件内容成功 [3musecase[0m[2m=[0m"读取附件内容" [3madapter[0m[2m=[0m"http" [3moutcome[0m[2m=[0m"succeeded" [3mrequest_kind[0m[2m=[0m"附件内容读取" [3mattachment_id[0m[2m=[0m"att-9117ebee3b15" [3msession_id[0m[2m=[0m"s-d9da65c9733d"
[backend] [2m2026-04-25T16:49:08.2083782+08:00[0m [32m INFO[0m ThreadId(12) [2mkoko::shell::媒体资产外壳[0m[2m:[0m HTTP 请求已受理 [3musecase[0m[2m=[0m"读取附件内容" [3madapter[0m[2m=[0m"http" [3moutcome[0m[2m=[0m"accepted" [3mrequest_kind[0m[2m=[0m"附件内容读取" [3mattachment_id[0m[2m=[0m"att-5d2bc6f45393" [3msession_id[0m[2m=[0m"s-d9da65c9733d"
[backend] [2m2026-04-25T16:49:08.2106777+08:00[0m [32m INFO[0m ThreadId(12) [2mkoko::shell::媒体资产外壳[0m[2m:[0m 读取附件内容成功 [3musecase[0m[2m=[0m"读取附件内容" [3madapter[0m[2m=[0m"http" [3moutcome[0m[2m=[0m"succeeded" [3mrequest_kind[0m[2m=[0m"附件内容读取" [3mattachment_id[0m[2m=[0m"att-9117ebee3b15" [3msession_id[0m[2m=[0m"s-d9da65c9733d"
[backend] [2m2026-04-25T16:49:08.2190888+08:00[0m [32m INFO[0m ThreadId(02) [2mkoko::shell::媒体资产外壳[0m[2m:[0m 读取附件内容成功 [3musecase[0m[2m=[0m"读取附件内容" [3madapter[0m[2m=[0m"http" [3moutcome[0m[2m=[0m"succeeded" [3mrequest_kind[0m[2m=[0m"附件内容读取" [3mattachment_id[0m[2m=[0m"att-5d2bc6f45393" [3msession_id[0m[2m=[0m"s-d9da65c9733d"
[backend] [2m2026-04-25T16:49:08.2329412+08:00[0m [32m INFO[0m ThreadId(04) [2mkoko::shell::媒体资产外壳[0m[2m:[0m HTTP 请求已受理 [3musecase[0m[2m=[0m"读取附件内容" [3madapter[0m[2m=[0m"http" [3moutcome[0m[2m=[0m"accepted" [3mrequest_kind[0m[2m=[0m"附件内容读取" [3mattachment_id[0m[2m=[0m"att-5d2bc6f45393" [3msession_id[0m[2m=[0m"s-d9da65c9733d"
[backend] [2m2026-04-25T16:49:08.2365703+08:00[0m [32m INFO[0m ThreadId(02) [2mkoko::shell::媒体资产外壳[0m[2m:[0m HTTP 请求已受理 [3musecase[0m[2m=[0m"读取附件内容" [3madapter[0m[2m=[0m"http" [3moutcome[0m[2m=[0m"accepted" [3mrequest_kind[0m[2m=[0m"附件内容读取" [3mattachment_id[0m[2m=[0m"att-5d2bc6f45393" [3msession_id[0m[2m=[0m"s-d9da65c9733d"
[backend] [2m2026-04-25T16:49:08.242196+08:00[0m [32m INFO[0m ThreadId(02) [2mkoko::shell::媒体资产外壳[0m[2m:[0m HTTP 请求已受理 [3musecase[0m[2m=[0m"读取附件内容" [3madapter[0m[2m=[0m"http" [3moutcome[0m[2m=[0m"accepted" [3mrequest_kind[0m[2m=[0m"附件内容读取" [3mattachment_id[0m[2m=[0m"att-5d2bc6f45393" [3msession_id[0m[2m=[0m"s-d9da65c9733d"
[backend] [2m2026-04-25T16:49:08.2511357+08:00[0m [32m INFO[0m ThreadId(12) [2mkoko::shell::媒体资产外壳[0m[2m:[0m 读取附件内容成功 [3musecase[0m[2m=[0m"读取附件内容" [3madapter[0m[2m=[0m"http" [3moutcome[0m[2m=[0m"succeeded" [3mrequest_kind[0m[2m=[0m"附件内容读取" [3mattachment_id[0m[2m=[0m"att-5d2bc6f45393" [3msession_id[0m[2m=[0m"s-d9da65c9733d"
[backend] [2m2026-04-25T16:49:08.2548501+08:00[0m [32m INFO[0m ThreadId(04) [2mkoko::shell::媒体资产外壳[0m[2m:[0m 读取附件内容成功 [3musecase[0m[2m=[0m"读取附件内容" [3madapter[0m[2m=[0m"http" [3moutcome[0m[2m=[0m"succeeded" [3mrequest_kind[0m[2m=[0m"附件内容读取" [3mattachment_id[0m[2m=[0m"att-5d2bc6f45393" [3msession_id[0m[2m=[0m"s-d9da65c9733d"
[backend] [2m2026-04-25T16:49:08.2615272+08:00[0m [32m INFO[0m ThreadId(04) [2mkoko::shell::媒体资产外壳[0m[2m:[0m 读取附件内容成功 [3musecase[0m[2m=[0m"读取附件内容" [3madapter[0m[2m=[0m"http" [3moutcome[0m[2m=[0m"succeeded" [3mrequest_kind[0m[2m=[0m"附件内容读取" [3mattachment_id[0m[2m=[0m"att-5d2bc6f45393" [3msession_id[0m[2m=[0m"s-d9da65c9733d"
[backend] [2m2026-04-25T16:49:08.50554+08:00[0m [32m INFO[0m ThreadId(04) [2mkoko::shell::媒体资产外壳[0m[2m:[0m HTTP 请求已受理 [3musecase[0m[2m=[0m"读取附件内容" [3madapter[0m[2m=[0m"http" [3moutcome[0m[2m=[0m"accepted" [3mrequest_kind[0m[2m=[0m"附件内容读取" [3mattachment_id[0m[2m=[0m"att-9117ebee3b15" [3msession_id[0m[2m=[0m"s-d9da65c9733d"
[backend] [2m2026-04-25T16:49:08.5094832+08:00[0m [32m INFO[0m ThreadId(06) [2mkoko::shell::媒体资产外壳[0m[2m:[0m HTTP 请求已受理 [3musecase[0m[2m=[0m"读取附件内容" [3madapter[0m[2m=[0m"http" [3moutcome[0m[2m=[0m"accepted" [3mrequest_kind[0m[2m=[0m"附件内容读取" [3mattachment_id[0m[2m=[0m"att-9117ebee3b15" [3msession_id[0m[2m=[0m"s-d9da65c9733d"
[backend] [2m2026-04-25T16:49:08.5124178+08:00[0m [32m INFO[0m ThreadId(04) [2mkoko::shell::媒体资产外壳[0m[2m:[0m HTTP 请求已受理 [3musecase[0m[2m=[0m"读取附件内容" [3madapter[0m[2m=[0m"http" [3moutcome[0m[2m=[0m"accepted" [3mrequest_kind[0m[2m=[0m"附件内容读取" [3mattachment_id[0m[2m=[0m"att-9117ebee3b15" [3msession_id[0m[2m=[0m"s-d9da65c9733d"
[backend] [2m2026-04-25T16:49:08.5194566+08:00[0m [32m INFO[0m ThreadId(02) [2mkoko::shell::媒体资产外壳[0m[2m:[0m HTTP 请求已受理 [3musecase[0m[2m=[0m"读取附件内容" [3madapter[0m[2m=[0m"http" [3moutcome[0m[2m=[0m"accepted" [3mrequest_kind[0m[2m=[0m"附件内容读取" [3mattachment_id[0m[2m=[0m"att-9117ebee3b15" [3msession_id[0m[2m=[0m"s-d9da65c9733d"
[backend] [2m2026-04-25T16:49:08.5197327+08:00[0m [32m INFO[0m ThreadId(03) [2mkoko::shell::媒体资产外壳[0m[2m:[0m HTTP 请求已受理 [3musecase[0m[2m=[0m"读取附件内容" [3madapter[0m[2m=[0m"http" [3moutcome[0m[2m=[0m"accepted" [3mrequest_kind[0m[2m=[0m"附件内容读取" [3mattachment_id[0m[2m=[0m"att-4e0480d9e16e" [3msession_id[0m[2m=[0m"s-d9da65c9733d"
[backend] [2m2026-04-25T16:49:08.5198476+08:00[0m [32m INFO[0m ThreadId(06) [2mkoko::shell::媒体资产外壳[0m[2m:[0m HTTP 请求已受理 [3musecase[0m[2m=[0m"读取附件内容" [3madapter[0m[2m=[0m"http" [3moutcome[0m[2m=[0m"accepted" [3mrequest_kind[0m[2m=[0m"附件内容读取" [3mattachment_id[0m[2m=[0m"att-4e0480d9e16e" [3msession_id[0m[2m=[0m"s-d9da65c9733d"
[backend] [2m2026-04-25T16:49:08.5241787+08:00[0m [32m INFO[0m ThreadId(02) [2mkoko::shell::媒体资产外壳[0m[2m:[0m 读取附件内容成功 [3musecase[0m[2m=[0m"读取附件内容" [3madapter[0m[2m=[0m"http" [3moutcome[0m[2m=[0m"succeeded" [3mrequest_kind[0m[2m=[0m"附件内容读取" [3mattachment_id[0m[2m=[0m"att-9117ebee3b15" [3msession_id[0m[2m=[0m"s-d9da65c9733d"
[backend] [2m2026-04-25T16:49:08.5242163+08:00[0m [32m INFO[0m ThreadId(06) [2mkoko::shell::媒体资产外壳[0m[2m:[0m 读取附件内容成功 [3musecase[0m[2m=[0m"读取附件内容" [3madapter[0m[2m=[0m"http" [3moutcome[0m[2m=[0m"succeeded" [3mrequest_kind[0m[2m=[0m"附件内容读取" [3mattachment_id[0m[2m=[0m"att-9117ebee3b15" [3msession_id[0m[2m=[0m"s-d9da65c9733d"
[backend] [2m2026-04-25T16:49:08.525285+08:00[0m [32m INFO[0m ThreadId(03) [2mkoko::shell::媒体资产外壳[0m[2m:[0m HTTP 请求已受理 [3musecase[0m[2m=[0m"读取附件内容" [3madapter[0m[2m=[0m"http" [3moutcome[0m[2m=[0m"accepted" [3mrequest_kind[0m[2m=[0m"附件内容读取" [3mattachment_id[0m[2m=[0m"att-4e0480d9e16e" [3msession_id[0m[2m=[0m"s-d9da65c9733d"
[backend] [2m2026-04-25T16:49:08.5265068+08:00[0m [32m INFO[0m ThreadId(05) [2mkoko::shell::媒体资产外壳[0m[2m:[0m 读取附件内容成功 [3musecase[0m[2m=[0m"读取附件内容" [3madapter[0m[2m=[0m"http" [3moutcome[0m[2m=[0m"succeeded" [3mrequest_kind[0m[2m=[0m"附件内容读取" [3mattachment_id[0m[2m=[0m"att-9117ebee3b15" [3msession_id[0m[2m=[0m"s-d9da65c9733d"
[backend] [2m2026-04-25T16:49:08.5281866+08:00[0m [32m INFO[0m ThreadId(06) [2mkoko::shell::媒体资产外壳[0m[2m:[0m 读取附件内容成功 [3musecase[0m[2m=[0m"读取附件内容" [3madapter[0m[2m=[0m"http" [3moutcome[0m[2m=[0m"succeeded" [3mrequest_kind[0m[2m=[0m"附件内容读取" [3mattachment_id[0m[2m=[0m"att-4e0480d9e16e" [3msession_id[0m[2m=[0m"s-d9da65c9733d"
[backend] [2m2026-04-25T16:49:08.5323679+08:00[0m [32m INFO[0m ThreadId(02) [2mkoko::shell::媒体资产外壳[0m[2m:[0m 读取附件内容成功 [3musecase[0m[2m=[0m"读取附件内容" [3madapter[0m[2m=[0m"http" [3moutcome[0m[2m=[0m"succeeded" [3mrequest_kind[0m[2m=[0m"附件内容读取" [3mattachment_id[0m[2m=[0m"att-4e0480d9e16e" [3msession_id[0m[2m=[0m"s-d9da65c9733d"
[backend] [2m2026-04-25T16:49:08.5351749+08:00[0m [32m INFO[0m ThreadId(02) [2mkoko::shell::媒体资产外壳[0m[2m:[0m 读取附件内容成功 [3musecase[0m[2m=[0m"读取附件内容" [3madapter[0m[2m=[0m"http" [3moutcome[0m[2m=[0m"succeeded" [3mrequest_kind[0m[2m=[0m"附件内容读取" [3mattachment_id[0m[2m=[0m"att-9117ebee3b15" [3msession_id[0m[2m=[0m"s-d9da65c9733d"
[backend] [2m2026-04-25T16:49:08.5391945+08:00[0m [32m INFO[0m ThreadId(02) [2mkoko::shell::媒体资产外壳[0m[2m:[0m 读取附件内容成功 [3musecase[0m[2m=[0m"读取附件内容" [3madapter[0m[2m=[0m"http" [3moutcome[0m[2m=[0m"succeeded" [3mrequest_kind[0m[2m=[0m"附件内容读取" [3mattachment_id[0m[2m=[0m"att-4e0480d9e16e" [3msession_id[0m[2m=[0m"s-d9da65c9733d"
[backend] [2m2026-04-25T16:49:08.5451337+08:00[0m [32m INFO[0m ThreadId(06) [2mkoko::shell::媒体资产外壳[0m[2m:[0m HTTP 请求已受理 [3musecase[0m[2m=[0m"读取附件内容" [3madapter[0m[2m=[0m"http" [3moutcome[0m[2m=[0m"accepted" [3mrequest_kind[0m[2m=[0m"附件内容读取" [3mattachment_id[0m[2m=[0m"att-4e0480d9e16e" [3msession_id[0m[2m=[0m"s-d9da65c9733d"
[backend] [2m2026-04-25T16:49:08.553818+08:00[0m [32m INFO[0m ThreadId(02) [2mkoko::shell::媒体资产外壳[0m[2m:[0m HTTP 请求已受理 [3musecase[0m[2m=[0m"读取附件内容" [3madapter[0m[2m=[0m"http" [3moutcome[0m[2m=[0m"accepted" [3mrequest_kind[0m[2m=[0m"附件内容读取" [3mattachment_id[0m[2m=[0m"att-5d2bc6f45393" [3msession_id[0m[2m=[0m"s-d9da65c9733d"
[backend] [2m2026-04-25T16:49:08.5556676+08:00[0m [32m INFO[0m ThreadId(02) [2mkoko::shell::媒体资产外壳[0m[2m:[0m HTTP 请求已受理 [3musecase[0m[2m=[0m"读取附件内容" [3madapter[0m[2m=[0m"http" [3moutcome[0m[2m=[0m"accepted" [3mrequest_kind[0m[2m=[0m"附件内容读取" [3mattachment_id[0m[2m=[0m"att-5d2bc6f45393" [3msession_id[0m[2m=[0m"s-d9da65c9733d"
[backend] [2m2026-04-25T16:49:08.5561635+08:00[0m [32m INFO[0m ThreadId(06) [2mkoko::shell::媒体资产外壳[0m[2m:[0m 读取附件内容成功 [3musecase[0m[2m=[0m"读取附件内容" [3madapter[0m[2m=[0m"http" [3moutcome[0m[2m=[0m"succeeded" [3mrequest_kind[0m[2m=[0m"附件内容读取" [3mattachment_id[0m[2m=[0m"att-4e0480d9e16e" [3msession_id[0m[2m=[0m"s-d9da65c9733d"
[backend] [2m2026-04-25T16:49:08.5648225+08:00[0m [32m INFO[0m ThreadId(06) [2mkoko::shell::媒体资产外壳[0m[2m:[0m 读取附件内容成功 [3musecase[0m[2m=[0m"读取附件内容" [3madapter[0m[2m=[0m"http" [3moutcome[0m[2m=[0m"succeeded" [3mrequest_kind[0m[2m=[0m"附件内容读取" [3mattachment_id[0m[2m=[0m"att-5d2bc6f45393" [3msession_id[0m[2m=[0m"s-d9da65c9733d"
[backend] [2m2026-04-25T16:49:08.5668148+08:00[0m [32m INFO[0m ThreadId(06) [2mkoko::shell::媒体资产外壳[0m[2m:[0m 读取附件内容成功 [3musecase[0m[2m=[0m"读取附件内容" [3madapter[0m[2m=[0m"http" [3moutcome[0m[2m=[0m"succeeded" [3mrequest_kind[0m[2m=[0m"附件内容读取" [3mattachment_id[0m[2m=[0m"att-5d2bc6f45393" [3msession_id[0m[2m=[0m"s-d9da65c9733d"
[backend] [2m2026-04-25T16:49:08.5738548+08:00[0m [32m INFO[0m ThreadId(03) [2mkoko::shell::媒体资产外壳[0m[2m:[0m HTTP 请求已受理 [3musecase[0m[2m=[0m"读取附件内容" [3madapter[0m[2m=[0m"http" [3moutcome[0m[2m=[0m"accepted" [3mrequest_kind[0m[2m=[0m"附件内容读取" [3mattachment_id[0m[2m=[0m"att-5d2bc6f45393" [3msession_id[0m[2m=[0m"s-d9da65c9733d"
[backend] [2m2026-04-25T16:49:08.5759861+08:00[0m [32m INFO[0m ThreadId(03) [2mkoko::shell::媒体资产外壳[0m[2m:[0m HTTP 请求已受理 [3musecase[0m[2m=[0m"读取附件内容" [3madapter[0m[2m=[0m"http" [3moutcome[0m[2m=[0m"accepted" [3mrequest_kind[0m[2m=[0m"附件内容读取" [3mattachment_id[0m[2m=[0m"att-5d2bc6f45393" [3msession_id[0m[2m=[0m"s-d9da65c9733d"
[backend] [2m2026-04-25T16:49:08.5896171+08:00[0m [32m INFO[0m ThreadId(05) [2mkoko::shell::媒体资产外壳[0m[2m:[0m 读取附件内容成功 [3musecase[0m[2m=[0m"读取附件内容" [3madapter[0m[2m=[0m"http" [3moutcome[0m[2m=[0m"succeeded" [3mrequest_kind[0m[2m=[0m"附件内容读取" [3mattachment_id[0m[2m=[0m"att-5d2bc6f45393" [3msession_id[0m[2m=[0m"s-d9da65c9733d"
[backend] [2m2026-04-25T16:49:08.5896169+08:00[0m [32m INFO[0m ThreadId(03) [2mkoko::shell::媒体资产外壳[0m[2m:[0m 读取附件内容成功 [3musecase[0m[2m=[0m"读取附件内容" [3madapter[0m[2m=[0m"http" [3moutcome[0m[2m=[0m"succeeded" [3mrequest_kind[0m[2m=[0m"附件内容读取" [3mattachment_id[0m[2m=[0m"att-5d2bc6f45393" [3msession_id[0m[2m=[0m"s-d9da65c9733d"
[tracker] 2026-04-25T08:49:08.388Z complete: 2d5757303230382d6d773678644b6b52416c3559
[backend] [2m2026-04-25T16:49:08.7111361+08:00[0m [32m INFO[0m ThreadId(02) [2mkoko::shell::媒体资产外壳[0m[2m:[0m HTTP 请求已受理 [3musecase[0m[2m=[0m"读取附件内容" [3madapter[0m[2m=[0m"http" [3moutcome[0m[2m=[0m"accepted" [3mrequest_kind[0m[2m=[0m"附件内容读取" [3mattachment_id[0m[2m=[0m"att-4e0480d9e16e" [3msession_id[0m[2m=[0m"s-d9da65c9733d"
[backend] [2m2026-04-25T16:49:08.7129954+08:00[0m [32m INFO[0m ThreadId(02) [2mkoko::shell::媒体资产外壳[0m[2m:[0m HTTP 请求已受理 [3musecase[0m[2m=[0m"读取附件内容" [3madapter[0m[2m=[0m"http" [3moutcome[0m[2m=[0m"accepted" [3mrequest_kind[0m[2m=[0m"附件内容读取" [3mattachment_id[0m[2m=[0m"att-4e0480d9e16e" [3msession_id[0m[2m=[0m"s-d9da65c9733d"
[backend] [2m2026-04-25T16:49:08.7151865+08:00[0m [32m INFO[0m ThreadId(02) [2mkoko::shell::媒体资产外壳[0m[2m:[0m HTTP 请求已受理 [3musecase[0m[2m=[0m"读取附件内容" [3madapter[0m[2m=[0m"http" [3moutcome[0m[2m=[0m"accepted" [3mrequest_kind[0m[2m=[0m"附件内容读取" [3mattachment_id[0m[2m=[0m"att-4e0480d9e16e" [3msession_id[0m[2m=[0m"s-d9da65c9733d"
[backend] [2m2026-04-25T16:49:08.7169523+08:00[0m [32m INFO[0m ThreadId(05) [2mkoko::shell::媒体资产外壳[0m[2m:[0m HTTP 请求已受理 [3musecase[0m[2m=[0m"读取附件内容" [3madapter[0m[2m=[0m"http" [3moutcome[0m[2m=[0m"accepted" [3mrequest_kind[0m[2m=[0m"附件内容读取" [3mattachment_id[0m[2m=[0m"att-4e0480d9e16e" [3msession_id[0m[2m=[0m"s-d9da65c9733d"
[backend] [2m2026-04-25T16:49:08.7193399+08:00[0m [32m INFO[0m ThreadId(03) [2mkoko::shell::媒体资产外壳[0m[2m:[0m HTTP 请求已受理 [3musecase[0m[2m=[0m"读取附件内容" [3madapter[0m[2m=[0m"http" [3moutcome[0m[2m=[0m"accepted" [3mrequest_kind[0m[2m=[0m"附件内容读取" [3mattachment_id[0m[2m=[0m"att-5d2bc6f45393" [3msession_id[0m[2m=[0m"s-d9da65c9733d"
[backend] [2m2026-04-25T16:49:08.7229551+08:00[0m [32m INFO[0m ThreadId(05) [2mkoko::shell::媒体资产外壳[0m[2m:[0m HTTP 请求已受理 [3musecase[0m[2m=[0m"读取附件内容" [3madapter[0m[2m=[0m"http" [3moutcome[0m[2m=[0m"accepted" [3mrequest_kind[0m[2m=[0m"附件内容读取" [3mattachment_id[0m[2m=[0m"att-5d2bc6f45393" [3msession_id[0m[2m=[0m"s-d9da65c9733d"
[backend] [2m2026-04-25T16:49:08.7301952+08:00[0m [32m INFO[0m ThreadId(05) [2mkoko::shell::媒体资产外壳[0m[2m:[0m 读取附件内容成功 [3musecase[0m[2m=[0m"读取附件内容" [3madapter[0m[2m=[0m"http" [3moutcome[0m[2m=[0m"succeeded" [3mrequest_kind[0m[2m=[0m"附件内容读取" [3mattachment_id[0m[2m=[0m"att-5d2bc6f45393" [3msession_id[0m[2m=[0m"s-d9da65c9733d"
[backend] [2m2026-04-25T16:49:08.7324389+08:00[0m [32m INFO[0m ThreadId(12) [2mkoko::shell::媒体资产外壳[0m[2m:[0m 读取附件内容成功 [3musecase[0m[2m=[0m"读取附件内容" [3madapter[0m[2m=[0m"http" [3moutcome[0m[2m=[0m"succeeded" [3mrequest_kind[0m[2m=[0m"附件内容读取" [3mattachment_id[0m[2m=[0m"att-4e0480d9e16e" [3msession_id[0m[2m=[0m"s-d9da65c9733d"
[backend] [2m2026-04-25T16:49:08.7324023+08:00[0m [32m INFO[0m ThreadId(06) [2mkoko::shell::媒体资产外壳[0m[2m:[0m 读取附件内容成功 [3musecase[0m[2m=[0m"读取附件内容" [3madapter[0m[2m=[0m"http" [3moutcome[0m[2m=[0m"succeeded" [3mrequest_kind[0m[2m=[0m"附件内容读取" [3mattachment_id[0m[2m=[0m"att-4e0480d9e16e" [3msession_id[0m[2m=[0m"s-d9da65c9733d"
[backend] [2m2026-04-25T16:49:08.7323957+08:00[0m [32m INFO[0m ThreadId(05) [2mkoko::shell::媒体资产外壳[0m[2m:[0m 读取附件内容成功 [3musecase[0m[2m=[0m"读取附件内容" [3madapter[0m[2m=[0m"http" [3moutcome[0m[2m=[0m"succeeded" [3mrequest_kind[0m[2m=[0m"附件内容读取" [3mattachment_id[0m[2m=[0m"att-4e0480d9e16e" [3msession_id[0m[2m=[0m"s-d9da65c9733d"
[backend] [2m2026-04-25T16:49:08.732462+08:00[0m [32m INFO[0m ThreadId(03) [2mkoko::shell::媒体资产外壳[0m[2m:[0m 读取附件内容成功 [3musecase[0m[2m=[0m"读取附件内容" [3madapter[0m[2m=[0m"http" [3moutcome[0m[2m=[0m"succeeded" [3mrequest_kind[0m[2m=[0m"附件内容读取" [3mattachment_id[0m[2m=[0m"att-4e0480d9e16e" [3msession_id[0m[2m=[0m"s-d9da65c9733d"
[backend] [2m2026-04-25T16:49:08.736394+08:00[0m [32m INFO[0m ThreadId(05) [2mkoko::shell::媒体资产外壳[0m[2m:[0m 读取附件内容成功 [3musecase[0m[2m=[0m"读取附件内容" [3madapter[0m[2m=[0m"http" [3moutcome[0m[2m=[0m"succeeded" [3mrequest_kind[0m[2m=[0m"附件内容读取" [3mattachment_id[0m[2m=[0m"att-5d2bc6f45393" [3msession_id[0m[2m=[0m"s-d9da65c9733d"
[backend] [2m2026-04-25T16:49:08.7612881+08:00[0m [32m INFO[0m ThreadId(02) [2mkoko::shell::媒体资产外壳[0m[2m:[0m HTTP 请求已受理 [3musecase[0m[2m=[0m"读取附件内容" [3madapter[0m[2m=[0m"http" [3moutcome[0m[2m=[0m"accepted" [3mrequest_kind[0m[2m=[0m"附件内容读取" [3mattachment_id[0m[2m=[0m"att-5d2bc6f45393" [3msession_id[0m[2m=[0m"s-d9da65c9733d"
[backend] [2m2026-04-25T16:49:08.7628651+08:00[0m [32m INFO[0m ThreadId(02) [2mkoko::shell::媒体资产外壳[0m[2m:[0m HTTP 请求已受理 [3musecase[0m[2m=[0m"读取附件内容" [3madapter[0m[2m=[0m"http" [3moutcome[0m[2m=[0m"accepted" [3mrequest_kind[0m[2m=[0m"附件内容读取" [3mattachment_id[0m[2m=[0m"att-5d2bc6f45393" [3msession_id[0m[2m=[0m"s-d9da65c9733d"
[backend] [2m2026-04-25T16:49:08.7748612+08:00[0m [32m INFO[0m ThreadId(06) [2mkoko::shell::媒体资产外壳[0m[2m:[0m 读取附件内容成功 [3musecase[0m[2m=[0m"读取附件内容" [3madapter[0m[2m=[0m"http" [3moutcome[0m[2m=[0m"succeeded" [3mrequest_kind[0m[2m=[0m"附件内容读取" [3mattachment_id[0m[2m=[0m"att-5d2bc6f45393" [3msession_id[0m[2m=[0m"s-d9da65c9733d"
[backend] [2m2026-04-25T16:49:08.7748612+08:00[0m [32m INFO[0m ThreadId(03) [2mkoko::shell::媒体资产外壳[0m[2m:[0m 读取附件内容成功 [3musecase[0m[2m=[0m"读取附件内容" [3madapter[0m[2m=[0m"http" [3moutcome[0m[2m=[0m"succeeded" [3mrequest_kind[0m[2m=[0m"附件内容读取" [3mattachment_id[0m[2m=[0m"att-5d2bc6f45393" [3msession_id[0m[2m=[0m"s-d9da65c9733d"
[tracker] 2026-04-25T08:49:08.659Z update: 2d5757303230382d564f594651326c6753477054
[backend] [2m2026-04-25T16:49:08.9874036+08:00[0m [32m INFO[0m ThreadId(03) [2mkoko::shell::媒体资产外壳[0m[2m:[0m HTTP 请求已受理 [3musecase[0m[2m=[0m"读取附件内容" [3madapter[0m[2m=[0m"http" [3moutcome[0m[2m=[0m"accepted" [3mrequest_kind[0m[2m=[0m"附件内容读取" [3mattachment_id[0m[2m=[0m"att-5d2bc6f45393" [3msession_id[0m[2m=[0m"s-d9da65c9733d"
[backend] [2m2026-04-25T16:49:08.9903969+08:00[0m [32m INFO[0m ThreadId(03) [2mkoko::shell::媒体资产外壳[0m[2m:[0m HTTP 请求已受理 [3musecase[0m[2m=[0m"读取附件内容" [3madapter[0m[2m=[0m"http" [3moutcome[0m[2m=[0m"accepted" [3mrequest_kind[0m[2m=[0m"附件内容读取" [3mattachment_id[0m[2m=[0m"att-5d2bc6f45393" [3msession_id[0m[2m=[0m"s-d9da65c9733d"
[backend] [2m2026-04-25T16:49:09.0062296+08:00[0m [32m INFO[0m ThreadId(02) [2mkoko::shell::媒体资产外壳[0m[2m:[0m 读取附件内容成功 [3musecase[0m[2m=[0m"读取附件内容" [3madapter[0m[2m=[0m"http" [3moutcome[0m[2m=[0m"succeeded" [3mrequest_kind[0m[2m=[0m"附件内容读取" [3mattachment_id[0m[2m=[0m"att-5d2bc6f45393" [3msession_id[0m[2m=[0m"s-d9da65c9733d"
[backend] [2m2026-04-25T16:49:09.0062296+08:00[0m [32m INFO[0m ThreadId(12) [2mkoko::shell::媒体资产外壳[0m[2m:[0m 读取附件内容成功 [3musecase[0m[2m=[0m"读取附件内容" [3madapter[0m[2m=[0m"http" [3moutcome[0m[2m=[0m"succeeded" [3mrequest_kind[0m[2m=[0m"附件内容读取" [3mattachment_id[0m[2m=[0m"att-5d2bc6f45393" [3msession_id[0m[2m=[0m"s-d9da65c9733d"
[backend] [2m2026-04-25T16:49:09.007075+08:00[0m [32m INFO[0m ThreadId(03) [2mkoko::shell::媒体资产外壳[0m[2m:[0m HTTP 请求已受理 [3musecase[0m[2m=[0m"读取附件内容" [3madapter[0m[2m=[0m"http" [3moutcome[0m[2m=[0m"accepted" [3mrequest_kind[0m[2m=[0m"附件内容读取" [3mattachment_id[0m[2m=[0m"att-5d2bc6f45393" [3msession_id[0m[2m=[0m"s-d9da65c9733d"
[backend] [2m2026-04-25T16:49:09.008315+08:00[0m [32m INFO[0m ThreadId(03) [2mkoko::shell::媒体资产外壳[0m[2m:[0m HTTP 请求已受理 [3musecase[0m[2m=[0m"读取附件内容" [3madapter[0m[2m=[0m"http" [3moutcome[0m[2m=[0m"accepted" [3mrequest_kind[0m[2m=[0m"附件内容读取" [3mattachment_id[0m[2m=[0m"att-5d2bc6f45393" [3msession_id[0m[2m=[0m"s-d9da65c9733d"
[backend] [2m2026-04-25T16:49:09.0214945+08:00[0m [32m INFO[0m ThreadId(02) [2mkoko::shell::媒体资产外壳[0m[2m:[0m 读取附件内容成功 [3musecase[0m[2m=[0m"读取附件内容" [3madapter[0m[2m=[0m"http" [3moutcome[0m[2m=[0m"succeeded" [3mrequest_kind[0m[2m=[0m"附件内容读取" [3mattachment_id[0m[2m=[0m"att-5d2bc6f45393" [3msession_id[0m[2m=[0m"s-d9da65c9733d"
[backend] [2m2026-04-25T16:49:09.0214945+08:00[0m [32m INFO[0m ThreadId(12) [2mkoko::shell::媒体资产外壳[0m[2m:[0m 读取附件内容成功 [3musecase[0m[2m=[0m"读取附件内容" [3madapter[0m[2m=[0m"http" [3moutcome[0m[2m=[0m"succeeded" [3mrequest_kind[0m[2m=[0m"附件内容读取" [3mattachment_id[0m[2m=[0m"att-5d2bc6f45393" [3msession_id[0m[2m=[0m"s-d9da65c9733d"
[backend] [2m2026-04-25T16:49:09.0259122+08:00[0m [32m INFO[0m ThreadId(03) [2mkoko::shell::媒体资产外壳[0m[2m:[0m HTTP 请求已受理 [3musecase[0m[2m=[0m"读取附件内容" [3madapter[0m[2m=[0m"http" [3moutcome[0m[2m=[0m"accepted" [3mrequest_kind[0m[2m=[0m"附件内容读取" [3mattachment_id[0m[2m=[0m"att-4e0480d9e16e" [3msession_id[0m[2m=[0m"s-d9da65c9733d"
[backend] [2m2026-04-25T16:49:09.0278663+08:00[0m [32m INFO[0m ThreadId(03) [2mkoko::shell::媒体资产外壳[0m[2m:[0m HTTP 请求已受理 [3musecase[0m[2m=[0m"读取附件内容" [3madapter[0m[2m=[0m"http" [3moutcome[0m[2m=[0m"accepted" [3mrequest_kind[0m[2m=[0m"附件内容读取" [3mattachment_id[0m[2m=[0m"att-4e0480d9e16e" [3msession_id[0m[2m=[0m"s-d9da65c9733d"
[backend] [2m2026-04-25T16:49:09.0302602+08:00[0m [32m INFO[0m ThreadId(12) [2mkoko::shell::媒体资产外壳[0m[2m:[0m HTTP 请求已受理 [3musecase[0m[2m=[0m"读取附件内容" [3madapter[0m[2m=[0m"http" [3moutcome[0m[2m=[0m"accepted" [3mrequest_kind[0m[2m=[0m"附件内容读取" [3mattachment_id[0m[2m=[0m"att-4e0480d9e16e" [3msession_id[0m[2m=[0m"s-d9da65c9733d"
[backend] [2m2026-04-25T16:49:09.0343106+08:00[0m [32m INFO[0m ThreadId(06) [2mkoko::shell::媒体资产外壳[0m[2m:[0m 读取附件内容成功 [3musecase[0m[2m=[0m"读取附件内容" [3madapter[0m[2m=[0m"http" [3moutcome[0m[2m=[0m"succeeded" [3mrequest_kind[0m[2m=[0m"附件内容读取" [3mattachment_id[0m[2m=[0m"att-4e0480d9e16e" [3msession_id[0m[2m=[0m"s-d9da65c9733d"
[backend] [2m2026-04-25T16:49:09.0360412+08:00[0m [32m INFO[0m ThreadId(12) [2mkoko::shell::媒体资产外壳[0m[2m:[0m HTTP 请求已受理 [3musecase[0m[2m=[0m"读取附件内容" [3madapter[0m[2m=[0m"http" [3moutcome[0m[2m=[0m"accepted" [3mrequest_kind[0m[2m=[0m"附件内容读取" [3mattachment_id[0m[2m=[0m"att-4e0480d9e16e" [3msession_id[0m[2m=[0m"s-d9da65c9733d"
[backend] [2m2026-04-25T16:49:09.0424784+08:00[0m [32m INFO[0m ThreadId(02) [2mkoko::shell::媒体资产外壳[0m[2m:[0m 读取附件内容成功 [3musecase[0m[2m=[0m"读取附件内容" [3madapter[0m[2m=[0m"http" [3moutcome[0m[2m=[0m"succeeded" [3mrequest_kind[0m[2m=[0m"附件内容读取" [3mattachment_id[0m[2m=[0m"att-4e0480d9e16e" [3msession_id[0m[2m=[0m"s-d9da65c9733d"
[backend] [2m2026-04-25T16:49:09.0424703+08:00[0m [32m INFO[0m ThreadId(03) [2mkoko::shell::媒体资产外壳[0m[2m:[0m 读取附件内容成功 [3musecase[0m[2m=[0m"读取附件内容" [3madapter[0m[2m=[0m"http" [3moutcome[0m[2m=[0m"succeeded" [3mrequest_kind[0m[2m=[0m"附件内容读取" [3mattachment_id[0m[2m=[0m"att-4e0480d9e16e" [3msession_id[0m[2m=[0m"s-d9da65c9733d"
[backend] [2m2026-04-25T16:49:09.0490982+08:00[0m [32m INFO[0m ThreadId(03) [2mkoko::shell::媒体资产外壳[0m[2m:[0m 读取附件内容成功 [3musecase[0m[2m=[0m"读取附件内容" [3madapter[0m[2m=[0m"http" [3moutcome[0m[2m=[0m"succeeded" [3mrequest_kind[0m[2m=[0m"附件内容读取" [3mattachment_id[0m[2m=[0m"att-4e0480d9e16e" [3msession_id[0m[2m=[0m"s-d9da65c9733d"
[tracker] 2026-04-25T08:49:08.899Z complete: 2d5757303230382d6d773678644b6b52416c3559
[backend] [2m2026-04-25T16:49:09.2733792+08:00[0m [32m INFO[0m ThreadId(12) [2mkoko::shell::媒体资产外壳[0m[2m:[0m HTTP 请求已受理 [3musecase[0m[2m=[0m"读取附件内容" [3madapter[0m[2m=[0m"http" [3moutcome[0m[2m=[0m"accepted" [3mrequest_kind[0m[2m=[0m"附件内容读取" [3mattachment_id[0m[2m=[0m"att-5d2bc6f45393" [3msession_id[0m[2m=[0m"s-d9da65c9733d"
[backend] [2m2026-04-25T16:49:09.2750045+08:00[0m [32m INFO[0m ThreadId(12) [2mkoko::shell::媒体资产外壳[0m[2m:[0m HTTP 请求已受理 [3musecase[0m[2m=[0m"读取附件内容" [3madapter[0m[2m=[0m"http" [3moutcome[0m[2m=[0m"accepted" [3mrequest_kind[0m[2m=[0m"附件内容读取" [3mattachment_id[0m[2m=[0m"att-5d2bc6f45393" [3msession_id[0m[2m=[0m"s-d9da65c9733d"
[backend] [2m2026-04-25T16:49:09.2853899+08:00[0m [32m INFO[0m ThreadId(02) [2mkoko::shell::媒体资产外壳[0m[2m:[0m 读取附件内容成功 [3musecase[0m[2m=[0m"读取附件内容" [3madapter[0m[2m=[0m"http" [3moutcome[0m[2m=[0m"succeeded" [3mrequest_kind[0m[2m=[0m"附件内容读取" [3mattachment_id[0m[2m=[0m"att-5d2bc6f45393" [3msession_id[0m[2m=[0m"s-d9da65c9733d"
[backend] [2m2026-04-25T16:49:09.2854692+08:00[0m [32m INFO[0m ThreadId(05) [2mkoko::shell::媒体资产外壳[0m[2m:[0m 读取附件内容成功 [3musecase[0m[2m=[0m"读取附件内容" [3madapter[0m[2m=[0m"http" [3moutcome[0m[2m=[0m"succeeded" [3mrequest_kind[0m[2m=[0m"附件内容读取" [3mattachment_id[0m[2m=[0m"att-5d2bc6f45393" [3msession_id[0m[2m=[0m"s-d9da65c9733d"
[backend] [2m2026-04-25T16:49:09.3328709+08:00[0m [32m INFO[0m ThreadId(03) [2mkoko::shell::媒体资产外壳[0m[2m:[0m HTTP 请求已受理 [3musecase[0m[2m=[0m"读取附件内容" [3madapter[0m[2m=[0m"http" [3moutcome[0m[2m=[0m"accepted" [3mrequest_kind[0m[2m=[0m"附件内容读取" [3mattachment_id[0m[2m=[0m"att-4e0480d9e16e" [3msession_id[0m[2m=[0m"s-d9da65c9733d"
[backend] [2m2026-04-25T16:49:09.3346135+08:00[0m [32m INFO[0m ThreadId(03) [2mkoko::shell::媒体资产外壳[0m[2m:[0m HTTP 请求已受理 [3musecase[0m[2m=[0m"读取附件内容" [3madapter[0m[2m=[0m"http" [3moutcome[0m[2m=[0m"accepted" [3mrequest_kind[0m[2m=[0m"附件内容读取" [3mattachment_id[0m[2m=[0m"att-4e0480d9e16e" [3msession_id[0m[2m=[0m"s-d9da65c9733d"
[backend] [2m2026-04-25T16:49:09.3376078+08:00[0m [32m INFO[0m ThreadId(03) [2mkoko::shell::媒体资产外壳[0m[2m:[0m HTTP 请求已受理 [3musecase[0m[2m=[0m"读取附件内容" [3madapter[0m[2m=[0m"http" [3moutcome[0m[2m=[0m"accepted" [3mrequest_kind[0m[2m=[0m"附件内容读取" [3mattachment_id[0m[2m=[0m"att-4e0480d9e16e" [3msession_id[0m[2m=[0m"s-d9da65c9733d"
[backend] [2m2026-04-25T16:49:09.33896+08:00[0m [32m INFO[0m ThreadId(02) [2mkoko::shell::媒体资产外壳[0m[2m:[0m HTTP 请求已受理 [3musecase[0m[2m=[0m"读取附件内容" [3madapter[0m[2m=[0m"http" [3moutcome[0m[2m=[0m"accepted" [3mrequest_kind[0m[2m=[0m"附件内容读取" [3mattachment_id[0m[2m=[0m"att-4e0480d9e16e" [3msession_id[0m[2m=[0m"s-d9da65c9733d"
[tracker] 2026-04-25T08:49:09.233Z update: 2d5757303230382d5777657347504e6f4c4f4459
[tracker] 2026-04-25T08:49:09.234Z update: 2d5757303230382d5777657347504e6f4c4f4459
[tracker] 2026-04-25T08:49:09.235Z update: 2d5757303230382d5777657347504e6f4c4f4459
[tracker] 2026-04-25T08:49:09.235Z update: 2d5757303230382d5777657347504e6f4c4f4459
[tracker] 2026-04-25T08:49:09.356Z update: 2d5757303230382d5777657347504e6f4c4f4459
[backend] [2m2026-04-25T16:49:09.3504909+08:00[0m [32m INFO[0m ThreadId(02) [2mkoko::shell::媒体资产外壳[0m[2m:[0m 读取附件内容成功 [3musecase[0m[2m=[0m"读取附件内容" [3madapter[0m[2m=[0m"http" [3moutcome[0m[2m=[0m"succeeded" [3mrequest_kind[0m[2m=[0m"附件内容读取" [3mattachment_id[0m[2m=[0m"att-4e0480d9e16e" [3msession_id[0m[2m=[0m"s-d9da65c9733d"
[backend] [2m2026-04-25T16:49:09.3523+08:00[0m [32m INFO[0m ThreadId(02) [2mkoko::shell::媒体资产外壳[0m[2m:[0m 读取附件内容成功 [3musecase[0m[2m=[0m"读取附件内容" [3madapter[0m[2m=[0m"http" [3moutcome[0m[2m=[0m"succeeded" [3mrequest_kind[0m[2m=[0m"附件内容读取" [3mattachment_id[0m[2m=[0m"att-4e0480d9e16e" [3msession_id[0m[2m=[0m"s-d9da65c9733d"
[backend] [2m2026-04-25T16:49:09.3523311+08:00[0m [32m INFO[0m ThreadId(05) [2mkoko::shell::媒体资产外壳[0m[2m:[0m 读取附件内容成功 [3musecase[0m[2m=[0m"读取附件内容" [3madapter[0m[2m=[0m"http" [3moutcome[0m[2m=[0m"succeeded" [3mrequest_kind[0m[2m=[0m"附件内容读取" [3mattachment_id[0m[2m=[0m"att-4e0480d9e16e" [3msession_id[0m[2m=[0m"s-d9da65c9733d"
[backend] [2m2026-04-25T16:49:09.352615+08:00[0m [32m INFO[0m ThreadId(12) [2mkoko::shell::媒体资产外壳[0m[2m:[0m 读取附件内容成功 [3musecase[0m[2m=[0m"读取附件内容" [3madapter[0m[2m=[0m"http" [3moutcome[0m[2m=[0m"succeeded" [3mrequest_kind[0m[2m=[0m"附件内容读取" [3mattachment_id[0m[2m=[0m"att-4e0480d9e16e" [3msession_id[0m[2m=[0m"s-d9da65c9733d"
[backend] [2m2026-04-25T16:49:09.3714131+08:00[0m [32m INFO[0m ThreadId(06) [2mkoko::shell::媒体资产外壳[0m[2m:[0m HTTP 请求已受理 [3musecase[0m[2m=[0m"读取附件内容" [3madapter[0m[2m=[0m"http" [3moutcome[0m[2m=[0m"accepted" [3mrequest_kind[0m[2m=[0m"附件内容读取" [3mattachment_id[0m[2m=[0m"att-5d2bc6f45393" [3msession_id[0m[2m=[0m"s-d9da65c9733d"
[backend] [2m2026-04-25T16:49:09.3731235+08:00[0m [32m INFO[0m ThreadId(06) [2mkoko::shell::媒体资产外壳[0m[2m:[0m HTTP 请求已受理 [3musecase[0m[2m=[0m"读取附件内容" [3madapter[0m[2m=[0m"http" [3moutcome[0m[2m=[0m"accepted" [3mrequest_kind[0m[2m=[0m"附件内容读取" [3mattachment_id[0m[2m=[0m"att-5d2bc6f45393" [3msession_id[0m[2m=[0m"s-d9da65c9733d"
[backend] [2m2026-04-25T16:49:09.3847254+08:00[0m [32m INFO[0m ThreadId(12) [2mkoko::shell::媒体资产外壳[0m[2m:[0m 读取附件内容成功 [3musecase[0m[2m=[0m"读取附件内容" [3madapter[0m[2m=[0m"http" [3moutcome[0m[2m=[0m"succeeded" [3mrequest_kind[0m[2m=[0m"附件内容读取" [3mattachment_id[0m[2m=[0m"att-5d2bc6f45393" [3msession_id[0m[2m=[0m"s-d9da65c9733d"
[backend] [2m2026-04-25T16:49:09.3847449+08:00[0m [32m INFO[0m ThreadId(06) [2mkoko::shell::媒体资产外壳[0m[2m:[0m 读取附件内容成功 [3musecase[0m[2m=[0m"读取附件内容" [3madapter[0m[2m=[0m"http" [3moutcome[0m[2m=[0m"succeeded" [3mrequest_kind[0m[2m=[0m"附件内容读取" [3mattachment_id[0m[2m=[0m"att-5d2bc6f45393" [3msession_id[0m[2m=[0m"s-d9da65c9733d"
[tracker] 2026-04-25T08:49:09.431Z update: 2d5757303230382d5777657347504e6f4c4f4459
[tracker] 2026-04-25T08:49:09.524Z update: 2d5757303230382d5777657347504e6f4c4f4459
[backend] [2m2026-04-25T16:49:09.6908757+08:00[0m [32m INFO[0m ThreadId(02) [2mkoko::shell::媒体资产外壳[0m[2m:[0m HTTP 请求已受理 [3musecase[0m[2m=[0m"读取附件内容" [3madapter[0m[2m=[0m"http" [3moutcome[0m[2m=[0m"accepted" [3mrequest_kind[0m[2m=[0m"附件内容读取" [3mattachment_id[0m[2m=[0m"att-5d2bc6f45393" [3msession_id[0m[2m=[0m"s-d9da65c9733d"
[backend] [2m2026-04-25T16:49:09.6922611+08:00[0m [32m INFO[0m ThreadId(02) [2mkoko::shell::媒体资产外壳[0m[2m:[0m HTTP 请求已受理 [3musecase[0m[2m=[0m"读取附件内容" [3madapter[0m[2m=[0m"http" [3moutcome[0m[2m=[0m"accepted" [3mrequest_kind[0m[2m=[0m"附件内容读取" [3mattachment_id[0m[2m=[0m"att-5d2bc6f45393" [3msession_id[0m[2m=[0m"s-d9da65c9733d"
[backend] [2m2026-04-25T16:49:09.7063296+08:00[0m [32m INFO[0m ThreadId(12) [2mkoko::shell::媒体资产外壳[0m[2m:[0m 读取附件内容成功 [3musecase[0m[2m=[0m"读取附件内容" [3madapter[0m[2m=[0m"http" [3moutcome[0m[2m=[0m"succeeded" [3mrequest_kind[0m[2m=[0m"附件内容读取" [3mattachment_id[0m[2m=[0m"att-5d2bc6f45393" [3msession_id[0m[2m=[0m"s-d9da65c9733d"
[backend] [2m2026-04-25T16:49:09.7063296+08:00[0m [32m INFO[0m ThreadId(06) [2mkoko::shell::媒体资产外壳[0m[2m:[0m 读取附件内容成功 [3musecase[0m[2m=[0m"读取附件内容" [3madapter[0m[2m=[0m"http" [3moutcome[0m[2m=[0m"succeeded" [3mrequest_kind[0m[2m=[0m"附件内容读取" [3mattachment_id[0m[2m=[0m"att-5d2bc6f45393" [3msession_id[0m[2m=[0m"s-d9da65c9733d"
[backend] [2m2026-04-25T16:49:09.7806174+08:00[0m [32m INFO[0m ThreadId(05) [2mkoko::shell::媒体资产外壳[0m[2m:[0m HTTP 请求已受理 [3musecase[0m[2m=[0m"读取附件内容" [3madapter[0m[2m=[0m"http" [3moutcome[0m[2m=[0m"accepted" [3mrequest_kind[0m[2m=[0m"附件内容读取" [3mattachment_id[0m[2m=[0m"att-4e0480d9e16e" [3msession_id[0m[2m=[0m"s-d9da65c9733d"
[backend] [2m2026-04-25T16:49:09.7821105+08:00[0m [32m INFO[0m ThreadId(05) [2mkoko::shell::媒体资产外壳[0m[2m:[0m HTTP 请求已受理 [3musecase[0m[2m=[0m"读取附件内容" [3madapter[0m[2m=[0m"http" [3moutcome[0m[2m=[0m"accepted" [3mrequest_kind[0m[2m=[0m"附件内容读取" [3mattachment_id[0m[2m=[0m"att-4e0480d9e16e" [3msession_id[0m[2m=[0m"s-d9da65c9733d"
[backend] [2m2026-04-25T16:49:09.7835764+08:00[0m [32m INFO[0m ThreadId(05) [2mkoko::shell::媒体资产外壳[0m[2m:[0m HTTP 请求已受理 [3musecase[0m[2m=[0m"读取附件内容" [3madapter[0m[2m=[0m"http" [3moutcome[0m[2m=[0m"accepted" [3mrequest_kind[0m[2m=[0m"附件内容读取" [3mattachment_id[0m[2m=[0m"att-4e0480d9e16e" [3msession_id[0m[2m=[0m"s-d9da65c9733d"
[backend] [2m2026-04-25T16:49:09.7847481+08:00[0m [32m INFO[0m ThreadId(05) [2mkoko::shell::媒体资产外壳[0m[2m:[0m HTTP 请求已受理 [3musecase[0m[2m=[0m"读取附件内容" [3madapter[0m[2m=[0m"http" [3moutcome[0m[2m=[0m"accepted" [3mrequest_kind[0m[2m=[0m"附件内容读取" [3mattachment_id[0m[2m=[0m"att-4e0480d9e16e" [3msession_id[0m[2m=[0m"s-d9da65c9733d"
[backend] [2m2026-04-25T16:49:09.7872464+08:00[0m [32m INFO[0m ThreadId(06) [2mkoko::shell::媒体资产外壳[0m[2m:[0m HTTP 请求已受理 [3musecase[0m[2m=[0m"读取附件内容" [3madapter[0m[2m=[0m"http" [3moutcome[0m[2m=[0m"accepted" [3mrequest_kind[0m[2m=[0m"附件内容读取" [3mattachment_id[0m[2m=[0m"att-5d2bc6f45393" [3msession_id[0m[2m=[0m"s-d9da65c9733d"
[backend] [2m2026-04-25T16:49:09.7882106+08:00[0m [32m INFO[0m ThreadId(02) [2mkoko::shell::媒体资产外壳[0m[2m:[0m HTTP 请求已受理 [3musecase[0m[2m=[0m"读取附件内容" [3madapter[0m[2m=[0m"http" [3moutcome[0m[2m=[0m"accepted" [3mrequest_kind[0m[2m=[0m"附件内容读取" [3mattachment_id[0m[2m=[0m"att-5d2bc6f45393" [3msession_id[0m[2m=[0m"s-d9da65c9733d"
[backend] [2m2026-04-25T16:49:09.7940856+08:00[0m [32m INFO[0m ThreadId(06) [2mkoko::shell::媒体资产外壳[0m[2m:[0m 读取附件内容成功 [3musecase[0m[2m=[0m"读取附件内容" [3madapter[0m[2m=[0m"http" [3moutcome[0m[2m=[0m"succeeded" [3mrequest_kind[0m[2m=[0m"附件内容读取" [3mattachment_id[0m[2m=[0m"att-4e0480d9e16e" [3msession_id[0m[2m=[0m"s-d9da65c9733d"
[backend] [2m2026-04-25T16:49:09.7988626+08:00[0m [32m INFO[0m ThreadId(06) [2mkoko::shell::媒体资产外壳[0m[2m:[0m 读取附件内容成功 [3musecase[0m[2m=[0m"读取附件内容" [3madapter[0m[2m=[0m"http" [3moutcome[0m[2m=[0m"succeeded" [3mrequest_kind[0m[2m=[0m"附件内容读取" [3mattachment_id[0m[2m=[0m"att-4e0480d9e16e" [3msession_id[0m[2m=[0m"s-d9da65c9733d"
[backend] [2m2026-04-25T16:49:09.7988625+08:00[0m [32m INFO[0m ThreadId(12) [2mkoko::shell::媒体资产外壳[0m[2m:[0m 读取附件内容成功 [3musecase[0m[2m=[0m"读取附件内容" [3madapter[0m[2m=[0m"http" [3moutcome[0m[2m=[0m"succeeded" [3mrequest_kind[0m[2m=[0m"附件内容读取" [3mattachment_id[0m[2m=[0m"att-4e0480d9e16e" [3msession_id[0m[2m=[0m"s-d9da65c9733d"
[backend] [2m2026-04-25T16:49:09.7988625+08:00[0m [32m INFO[0m ThreadId(03) [2mkoko::shell::媒体资产外壳[0m[2m:[0m 读取附件内容成功 [3musecase[0m[2m=[0m"读取附件内容" [3madapter[0m[2m=[0m"http" [3moutcome[0m[2m=[0m"succeeded" [3mrequest_kind[0m[2m=[0m"附件内容读取" [3mattachment_id[0m[2m=[0m"att-4e0480d9e16e" [3msession_id[0m[2m=[0m"s-d9da65c9733d"
[backend] [2m2026-04-25T16:49:09.8011333+08:00[0m [32m INFO[0m ThreadId(12) [2mkoko::shell::媒体资产外壳[0m[2m:[0m 读取附件内容成功 [3musecase[0m[2m=[0m"读取附件内容" [3madapter[0m[2m=[0m"http" [3moutcome[0m[2m=[0m"succeeded" [3mrequest_kind[0m[2m=[0m"附件内容读取" [3mattachment_id[0m[2m=[0m"att-5d2bc6f45393" [3msession_id[0m[2m=[0m"s-d9da65c9733d"
[backend] [2m2026-04-25T16:49:09.8011575+08:00[0m [32m INFO[0m ThreadId(06) [2mkoko::shell::媒体资产外壳[0m[2m:[0m 读取附件内容成功 [3musecase[0m[2m=[0m"读取附件内容" [3madapter[0m[2m=[0m"http" [3moutcome[0m[2m=[0m"succeeded" [3mrequest_kind[0m[2m=[0m"附件内容读取" [3mattachment_id[0m[2m=[0m"att-5d2bc6f45393" [3msession_id[0m[2m=[0m"s-d9da65c9733d"
[backend] [2m2026-04-25T16:49:10.0826702+08:00[0m [32m INFO[0m ThreadId(05) [2mkoko::shell::媒体资产外壳[0m[2m:[0m HTTP 请求已受理 [3musecase[0m[2m=[0m"读取附件内容" [3madapter[0m[2m=[0m"http" [3moutcome[0m[2m=[0m"accepted" [3mrequest_kind[0m[2m=[0m"附件内容读取" [3mattachment_id[0m[2m=[0m"att-4e0480d9e16e" [3msession_id[0m[2m=[0m"s-d9da65c9733d"
[backend] [2m2026-04-25T16:49:10.0913747+08:00[0m [32m INFO[0m ThreadId(03) [2mkoko::shell::媒体资产外壳[0m[2m:[0m HTTP 请求已受理 [3musecase[0m[2m=[0m"读取附件内容" [3madapter[0m[2m=[0m"http" [3moutcome[0m[2m=[0m"accepted" [3mrequest_kind[0m[2m=[0m"附件内容读取" [3mattachment_id[0m[2m=[0m"att-4e0480d9e16e" [3msession_id[0m[2m=[0m"s-d9da65c9733d"
[backend] [2m2026-04-25T16:49:10.0935118+08:00[0m [32m INFO[0m ThreadId(03) [2mkoko::shell::媒体资产外壳[0m[2m:[0m HTTP 请求已受理 [3musecase[0m[2m=[0m"读取附件内容" [3madapter[0m[2m=[0m"http" [3moutcome[0m[2m=[0m"accepted" [3mrequest_kind[0m[2m=[0m"附件内容读取" [3mattachment_id[0m[2m=[0m"att-4e0480d9e16e" [3msession_id[0m[2m=[0m"s-d9da65c9733d"
[backend] [2m2026-04-25T16:49:10.0937959+08:00[0m [32m INFO[0m ThreadId(12) [2mkoko::shell::媒体资产外壳[0m[2m:[0m 读取附件内容成功 [3musecase[0m[2m=[0m"读取附件内容" [3madapter[0m[2m=[0m"http" [3moutcome[0m[2m=[0m"succeeded" [3mrequest_kind[0m[2m=[0m"附件内容读取" [3mattachment_id[0m[2m=[0m"att-4e0480d9e16e" [3msession_id[0m[2m=[0m"s-d9da65c9733d"
[backend] [2m2026-04-25T16:49:10.0945973+08:00[0m [32m INFO[0m ThreadId(02) [2mkoko::shell::媒体资产外壳[0m[2m:[0m HTTP 请求已受理 [3musecase[0m[2m=[0m"读取附件内容" [3madapter[0m[2m=[0m"http" [3moutcome[0m[2m=[0m"accepted" [3mrequest_kind[0m[2m=[0m"附件内容读取" [3mattachment_id[0m[2m=[0m"att-4e0480d9e16e" [3msession_id[0m[2m=[0m"s-d9da65c9733d"
[backend] [2m2026-04-25T16:49:10.106152+08:00[0m [32m INFO[0m ThreadId(02) [2mkoko::shell::媒体资产外壳[0m[2m:[0m 读取附件内容成功 [3musecase[0m[2m=[0m"读取附件内容" [3madapter[0m[2m=[0m"http" [3moutcome[0m[2m=[0m"succeeded" [3mrequest_kind[0m[2m=[0m"附件内容读取" [3mattachment_id[0m[2m=[0m"att-4e0480d9e16e" [3msession_id[0m[2m=[0m"s-d9da65c9733d"
[backend] [2m2026-04-25T16:49:10.1076055+08:00[0m [32m INFO[0m ThreadId(03) [2mkoko::shell::媒体资产外壳[0m[2m:[0m 读取附件内容成功 [3musecase[0m[2m=[0m"读取附件内容" [3madapter[0m[2m=[0m"http" [3moutcome[0m[2m=[0m"succeeded" [3mrequest_kind[0m[2m=[0m"附件内容读取" [3mattachment_id[0m[2m=[0m"att-4e0480d9e16e" [3msession_id[0m[2m=[0m"s-d9da65c9733d"
[backend] [2m2026-04-25T16:49:10.1076054+08:00[0m [32m INFO[0m ThreadId(12) [2mkoko::shell::媒体资产外壳[0m[2m:[0m 读取附件内容成功 [3musecase[0m[2m=[0m"读取附件内容" [3madapter[0m[2m=[0m"http" [3moutcome[0m[2m=[0m"succeeded" [3mrequest_kind[0m[2m=[0m"附件内容读取" [3mattachment_id[0m[2m=[0m"att-4e0480d9e16e" [3msession_id[0m[2m=[0m"s-d9da65c9733d"
[backend] [2m2026-04-25T16:49:10.3053549+08:00[0m [32m INFO[0m ThreadId(05) [2mkoko::shell::媒体资产外壳[0m[2m:[0m HTTP 请求已受理 [3musecase[0m[2m=[0m"读取附件内容" [3madapter[0m[2m=[0m"http" [3moutcome[0m[2m=[0m"accepted" [3mrequest_kind[0m[2m=[0m"附件内容读取" [3mattachment_id[0m[2m=[0m"att-4e0480d9e16e" [3msession_id[0m[2m=[0m"s-d9da65c9733d"
[backend] [2m2026-04-25T16:49:10.3070664+08:00[0m [32m INFO[0m ThreadId(05) [2mkoko::shell::媒体资产外壳[0m[2m:[0m HTTP 请求已受理 [3musecase[0m[2m=[0m"读取附件内容" [3madapter[0m[2m=[0m"http" [3moutcome[0m[2m=[0m"accepted" [3mrequest_kind[0m[2m=[0m"附件内容读取" [3mattachment_id[0m[2m=[0m"att-4e0480d9e16e" [3msession_id[0m[2m=[0m"s-d9da65c9733d"
[backend] [2m2026-04-25T16:49:10.3101962+08:00[0m [32m INFO[0m ThreadId(03) [2mkoko::shell::媒体资产外壳[0m[2m:[0m HTTP 请求已受理 [3musecase[0m[2m=[0m"读取附件内容" [3madapter[0m[2m=[0m"http" [3moutcome[0m[2m=[0m"accepted" [3mrequest_kind[0m[2m=[0m"附件内容读取" [3mattachment_id[0m[2m=[0m"att-4e0480d9e16e" [3msession_id[0m[2m=[0m"s-d9da65c9733d"
[backend] [2m2026-04-25T16:49:10.3114201+08:00[0m [32m INFO[0m ThreadId(05) [2mkoko::shell::媒体资产外壳[0m[2m:[0m HTTP 请求已受理 [3musecase[0m[2m=[0m"读取附件内容" [3madapter[0m[2m=[0m"http" [3moutcome[0m[2m=[0m"accepted" [3mrequest_kind[0m[2m=[0m"附件内容读取" [3mattachment_id[0m[2m=[0m"att-4e0480d9e16e" [3msession_id[0m[2m=[0m"s-d9da65c9733d"
[tracker] 2026-04-25T08:49:10.204Z update: 2d5757303230382d5777657347504e6f4c4f4459
[backend] [2m2026-04-25T16:49:10.3220599+08:00[0m [32m INFO[0m ThreadId(05) [2mkoko::shell::媒体资产外壳[0m[2m:[0m 读取附件内容成功 [3musecase[0m[2m=[0m"读取附件内容" [3madapter[0m[2m=[0m"http" [3moutcome[0m[2m=[0m"succeeded" [3mrequest_kind[0m[2m=[0m"附件内容读取" [3mattachment_id[0m[2m=[0m"att-4e0480d9e16e" [3msession_id[0m[2m=[0m"s-d9da65c9733d"
[backend] [2m2026-04-25T16:49:10.3220599+08:00[0m [32m INFO[0m ThreadId(03) [2mkoko::shell::媒体资产外壳[0m[2m:[0m 读取附件内容成功 [3musecase[0m[2m=[0m"读取附件内容" [3madapter[0m[2m=[0m"http" [3moutcome[0m[2m=[0m"succeeded" [3mrequest_kind[0m[2m=[0m"附件内容读取" [3mattachment_id[0m[2m=[0m"att-4e0480d9e16e" [3msession_id[0m[2m=[0m"s-d9da65c9733d"
[backend] [2m2026-04-25T16:49:10.3272814+08:00[0m [32m INFO[0m ThreadId(05) [2mkoko::shell::媒体资产外壳[0m[2m:[0m 读取附件内容成功 [3musecase[0m[2m=[0m"读取附件内容" [3madapter[0m[2m=[0m"http" [3moutcome[0m[2m=[0m"succeeded" [3mrequest_kind[0m[2m=[0m"附件内容读取" [3mattachment_id[0m[2m=[0m"att-4e0480d9e16e" [3msession_id[0m[2m=[0m"s-d9da65c9733d"
[backend] [2m2026-04-25T16:49:10.3272814+08:00[0m [32m INFO[0m ThreadId(03) [2mkoko::shell::媒体资产外壳[0m[2m:[0m 读取附件内容成功 [3musecase[0m[2m=[0m"读取附件内容" [3madapter[0m[2m=[0m"http" [3moutcome[0m[2m=[0m"succeeded" [3mrequest_kind[0m[2m=[0m"附件内容读取" [3mattachment_id[0m[2m=[0m"att-4e0480d9e16e" [3msession_id[0m[2m=[0m"s-d9da65c9733d"
[backend] [2m2026-04-25T16:49:10.4577997+08:00[0m [32m INFO[0m ThreadId(02) [2mkoko::shell::媒体资产外壳[0m[2m:[0m HTTP 请求已受理 [3musecase[0m[2m=[0m"读取附件内容" [3madapter[0m[2m=[0m"http" [3moutcome[0m[2m=[0m"accepted" [3mrequest_kind[0m[2m=[0m"附件内容读取" [3mattachment_id[0m[2m=[0m"att-4e0480d9e16e" [3msession_id[0m[2m=[0m"s-d9da65c9733d"
[backend] [2m2026-04-25T16:49:10.459657+08:00[0m [32m INFO[0m ThreadId(02) [2mkoko::shell::媒体资产外壳[0m[2m:[0m HTTP 请求已受理 [3musecase[0m[2m=[0m"读取附件内容" [3madapter[0m[2m=[0m"http" [3moutcome[0m[2m=[0m"accepted" [3mrequest_kind[0m[2m=[0m"附件内容读取" [3mattachment_id[0m[2m=[0m"att-4e0480d9e16e" [3msession_id[0m[2m=[0m"s-d9da65c9733d"
[backend] [2m2026-04-25T16:49:10.466662+08:00[0m [32m INFO[0m ThreadId(05) [2mkoko::shell::媒体资产外壳[0m[2m:[0m HTTP 请求已受理 [3musecase[0m[2m=[0m"读取附件内容" [3madapter[0m[2m=[0m"http" [3moutcome[0m[2m=[0m"accepted" [3mrequest_kind[0m[2m=[0m"附件内容读取" [3mattachment_id[0m[2m=[0m"att-4e0480d9e16e" [3msession_id[0m[2m=[0m"s-d9da65c9733d"
[backend] [2m2026-04-25T16:49:10.4687447+08:00[0m [32m INFO[0m ThreadId(05) [2mkoko::shell::媒体资产外壳[0m[2m:[0m HTTP 请求已受理 [3musecase[0m[2m=[0m"读取附件内容" [3madapter[0m[2m=[0m"http" [3moutcome[0m[2m=[0m"accepted" [3mrequest_kind[0m[2m=[0m"附件内容读取" [3mattachment_id[0m[2m=[0m"att-4e0480d9e16e" [3msession_id[0m[2m=[0m"s-d9da65c9733d"
[backend] [2m2026-04-25T16:49:10.4725051+08:00[0m [32m INFO[0m ThreadId(02) [2mkoko::shell::媒体资产外壳[0m[2m:[0m 读取附件内容成功 [3musecase[0m[2m=[0m"读取附件内容" [3madapter[0m[2m=[0m"http" [3moutcome[0m[2m=[0m"succeeded" [3mrequest_kind[0m[2m=[0m"附件内容读取" [3mattachment_id[0m[2m=[0m"att-4e0480d9e16e" [3msession_id[0m[2m=[0m"s-d9da65c9733d"
[backend] [2m2026-04-25T16:49:10.4725388+08:00[0m [32m INFO[0m ThreadId(03) [2mkoko::shell::媒体资产外壳[0m[2m:[0m 读取附件内容成功 [3musecase[0m[2m=[0m"读取附件内容" [3madapter[0m[2m=[0m"http" [3moutcome[0m[2m=[0m"succeeded" [3mrequest_kind[0m[2m=[0m"附件内容读取" [3mattachment_id[0m[2m=[0m"att-4e0480d9e16e" [3msession_id[0m[2m=[0m"s-d9da65c9733d"
[backend] [2m2026-04-25T16:49:10.4795272+08:00[0m [32m INFO[0m ThreadId(02) [2mkoko::shell::媒体资产外壳[0m[2m:[0m 读取附件内容成功 [3musecase[0m[2m=[0m"读取附件内容" [3madapter[0m[2m=[0m"http" [3moutcome[0m[2m=[0m"succeeded" [3mrequest_kind[0m[2m=[0m"附件内容读取" [3mattachment_id[0m[2m=[0m"att-4e0480d9e16e" [3msession_id[0m[2m=[0m"s-d9da65c9733d"
[backend] [2m2026-04-25T16:49:10.4795273+08:00[0m [32m INFO[0m ThreadId(03) [2mkoko::shell::媒体资产外壳[0m[2m:[0m 读取附件内容成功 [3musecase[0m[2m=[0m"读取附件内容" [3madapter[0m[2m=[0m"http" [3moutcome[0m[2m=[0m"succeeded" [3mrequest_kind[0m[2m=[0m"附件内容读取" [3mattachment_id[0m[2m=[0m"att-4e0480d9e16e" [3msession_id[0m[2m=[0m"s-d9da65c9733d"
[backend] [2m2026-04-25T16:49:10.8183256+08:00[0m [32m INFO[0m ThreadId(05) [2mkoko::shell::媒体资产外壳[0m[2m:[0m HTTP 请求已受理 [3musecase[0m[2m=[0m"读取附件内容" [3madapter[0m[2m=[0m"http" [3moutcome[0m[2m=[0m"accepted" [3mrequest_kind[0m[2m=[0m"附件内容读取" [3mattachment_id[0m[2m=[0m"att-4e0480d9e16e" [3msession_id[0m[2m=[0m"s-d9da65c9733d"
[backend] [2m2026-04-25T16:49:10.8199701+08:00[0m [32m INFO[0m ThreadId(05) [2mkoko::shell::媒体资产外壳[0m[2m:[0m HTTP 请求已受理 [3musecase[0m[2m=[0m"读取附件内容" [3madapter[0m[2m=[0m"http" [3moutcome[0m[2m=[0m"accepted" [3mrequest_kind[0m[2m=[0m"附件内容读取" [3mattachment_id[0m[2m=[0m"att-4e0480d9e16e" [3msession_id[0m[2m=[0m"s-d9da65c9733d"
[backend] [2m2026-04-25T16:49:10.8213523+08:00[0m [32m INFO[0m ThreadId(05) [2mkoko::shell::媒体资产外壳[0m[2m:[0m HTTP 请求已受理 [3musecase[0m[2m=[0m"读取附件内容" [3madapter[0m[2m=[0m"http" [3moutcome[0m[2m=[0m"accepted" [3mrequest_kind[0m[2m=[0m"附件内容读取" [3mattachment_id[0m[2m=[0m"att-4e0480d9e16e" [3msession_id[0m[2m=[0m"s-d9da65c9733d"
[backend] [2m2026-04-25T16:49:10.8231291+08:00[0m [32m INFO[0m ThreadId(02) [2mkoko::shell::媒体资产外壳[0m[2m:[0m HTTP 请求已受理 [3musecase[0m[2m=[0m"读取附件内容" [3madapter[0m[2m=[0m"http" [3moutcome[0m[2m=[0m"accepted" [3mrequest_kind[0m[2m=[0m"附件内容读取" [3mattachment_id[0m[2m=[0m"att-4e0480d9e16e" [3msession_id[0m[2m=[0m"s-d9da65c9733d"
[backend] [2m2026-04-25T16:49:10.8335064+08:00[0m [32m INFO[0m ThreadId(12) [2mkoko::shell::媒体资产外壳[0m[2m:[0m 读取附件内容成功 [3musecase[0m[2m=[0m"读取附件内容" [3madapter[0m[2m=[0m"http" [3moutcome[0m[2m=[0m"succeeded" [3mrequest_kind[0m[2m=[0m"附件内容读取" [3mattachment_id[0m[2m=[0m"att-4e0480d9e16e" [3msession_id[0m[2m=[0m"s-d9da65c9733d"
[backend] [2m2026-04-25T16:49:10.83978+08:00[0m [32m INFO[0m ThreadId(06) [2mkoko::shell::媒体资产外壳[0m[2m:[0m 读取附件内容成功 [3musecase[0m[2m=[0m"读取附件内容" [3madapter[0m[2m=[0m"http" [3moutcome[0m[2m=[0m"succeeded" [3mrequest_kind[0m[2m=[0m"附件内容读取" [3mattachment_id[0m[2m=[0m"att-4e0480d9e16e" [3msession_id[0m[2m=[0m"s-d9da65c9733d"
[backend] [2m2026-04-25T16:49:10.8397799+08:00[0m [32m INFO[0m ThreadId(12) [2mkoko::shell::媒体资产外壳[0m[2m:[0m 读取附件内容成功 [3musecase[0m[2m=[0m"读取附件内容" [3madapter[0m[2m=[0m"http" [3moutcome[0m[2m=[0m"succeeded" [3mrequest_kind[0m[2m=[0m"附件内容读取" [3mattachment_id[0m[2m=[0m"att-4e0480d9e16e" [3msession_id[0m[2m=[0m"s-d9da65c9733d"
[backend] [2m2026-04-25T16:49:10.8397798+08:00[0m [32m INFO[0m ThreadId(11) [2mkoko::shell::媒体资产外壳[0m[2m:[0m 读取附件内容成功 [3musecase[0m[2m=[0m"读取附件内容" [3madapter[0m[2m=[0m"http" [3moutcome[0m[2m=[0m"succeeded" [3mrequest_kind[0m[2m=[0m"附件内容读取" [3mattachment_id[0m[2m=[0m"att-4e0480d9e16e" [3msession_id[0m[2m=[0m"s-d9da65c9733d"
[tracker] 2026-04-25T08:49:10.826Z complete: 2d5757303230382d6d773678644b6b52416c3559
[backend] [2m2026-04-25T16:49:11.0742531+08:00[0m [32m INFO[0m ThreadId(03) [2mkoko::shell::媒体资产外壳[0m[2m:[0m HTTP 请求已受理 [3musecase[0m[2m=[0m"读取附件内容" [3madapter[0m[2m=[0m"http" [3moutcome[0m[2m=[0m"accepted" [3mrequest_kind[0m[2m=[0m"附件内容读取" [3mattachment_id[0m[2m=[0m"att-4e0480d9e16e" [3msession_id[0m[2m=[0m"s-d9da65c9733d"
[backend] [2m2026-04-25T16:49:11.0768662+08:00[0m [32m INFO[0m ThreadId(03) [2mkoko::shell::媒体资产外壳[0m[2m:[0m HTTP 请求已受理 [3musecase[0m[2m=[0m"读取附件内容" [3madapter[0m[2m=[0m"http" [3moutcome[0m[2m=[0m"accepted" [3mrequest_kind[0m[2m=[0m"附件内容读取" [3mattachment_id[0m[2m=[0m"att-4e0480d9e16e" [3msession_id[0m[2m=[0m"s-d9da65c9733d"
[backend] [2m2026-04-25T16:49:11.0906245+08:00[0m [32m INFO[0m ThreadId(06) [2mkoko::shell::媒体资产外壳[0m[2m:[0m HTTP 请求已受理 [3musecase[0m[2m=[0m"读取附件内容" [3madapter[0m[2m=[0m"http" [3moutcome[0m[2m=[0m"accepted" [3mrequest_kind[0m[2m=[0m"附件内容读取" [3mattachment_id[0m[2m=[0m"att-4e0480d9e16e" [3msession_id[0m[2m=[0m"s-d9da65c9733d"
[backend] [2m2026-04-25T16:49:11.0906568+08:00[0m [32m INFO[0m ThreadId(03) [2mkoko::shell::媒体资产外壳[0m[2m:[0m 读取附件内容成功 [3musecase[0m[2m=[0m"读取附件内容" [3madapter[0m[2m=[0m"http" [3moutcome[0m[2m=[0m"succeeded" [3mrequest_kind[0m[2m=[0m"附件内容读取" [3mattachment_id[0m[2m=[0m"att-4e0480d9e16e" [3msession_id[0m[2m=[0m"s-d9da65c9733d"
[backend] [2m2026-04-25T16:49:11.09282+08:00[0m [32m INFO[0m ThreadId(12) [2mkoko::shell::媒体资产外壳[0m[2m:[0m HTTP 请求已受理 [3musecase[0m[2m=[0m"读取附件内容" [3madapter[0m[2m=[0m"http" [3moutcome[0m[2m=[0m"accepted" [3mrequest_kind[0m[2m=[0m"附件内容读取" [3mattachment_id[0m[2m=[0m"att-4e0480d9e16e" [3msession_id[0m[2m=[0m"s-d9da65c9733d"
[backend] [2m2026-04-25T16:49:11.093882+08:00[0m [32m INFO[0m ThreadId(03) [2mkoko::shell::媒体资产外壳[0m[2m:[0m 读取附件内容成功 [3musecase[0m[2m=[0m"读取附件内容" [3madapter[0m[2m=[0m"http" [3moutcome[0m[2m=[0m"succeeded" [3mrequest_kind[0m[2m=[0m"附件内容读取" [3mattachment_id[0m[2m=[0m"att-4e0480d9e16e" [3msession_id[0m[2m=[0m"s-d9da65c9733d"
[backend] [2m2026-04-25T16:49:11.1069193+08:00[0m [32m INFO[0m ThreadId(12) [2mkoko::shell::媒体资产外壳[0m[2m:[0m 读取附件内容成功 [3musecase[0m[2m=[0m"读取附件内容" [3madapter[0m[2m=[0m"http" [3moutcome[0m[2m=[0m"succeeded" [3mrequest_kind[0m[2m=[0m"附件内容读取" [3mattachment_id[0m[2m=[0m"att-4e0480d9e16e" [3msession_id[0m[2m=[0m"s-d9da65c9733d"
[backend] [2m2026-04-25T16:49:11.1069195+08:00[0m [32m INFO[0m ThreadId(03) [2mkoko::shell::媒体资产外壳[0m[2m:[0m 读取附件内容成功 [3musecase[0m[2m=[0m"读取附件内容" [3madapter[0m[2m=[0m"http" [3moutcome[0m[2m=[0m"succeeded" [3mrequest_kind[0m[2m=[0m"附件内容读取" [3mattachment_id[0m[2m=[0m"att-4e0480d9e16e" [3msession_id[0m[2m=[0m"s-d9da65c9733d"
[backend] [2m2026-04-25T16:49:11.2930918+08:00[0m [32m INFO[0m ThreadId(06) [2mkoko::shell::媒体资产外壳[0m[2m:[0m HTTP 请求已受理 [3musecase[0m[2m=[0m"读取附件内容" [3madapter[0m[2m=[0m"http" [3moutcome[0m[2m=[0m"accepted" [3mrequest_kind[0m[2m=[0m"附件内容读取" [3mattachment_id[0m[2m=[0m"att-4e0480d9e16e" [3msession_id[0m[2m=[0m"s-d9da65c9733d"
[backend] [2m2026-04-25T16:49:11.2943457+08:00[0m [32m INFO[0m ThreadId(06) [2mkoko::shell::媒体资产外壳[0m[2m:[0m HTTP 请求已受理 [3musecase[0m[2m=[0m"读取附件内容" [3madapter[0m[2m=[0m"http" [3moutcome[0m[2m=[0m"accepted" [3mrequest_kind[0m[2m=[0m"附件内容读取" [3mattachment_id[0m[2m=[0m"att-4e0480d9e16e" [3msession_id[0m[2m=[0m"s-d9da65c9733d"
[backend] [2m2026-04-25T16:49:11.2963589+08:00[0m [32m INFO[0m ThreadId(06) [2mkoko::shell::媒体资产外壳[0m[2m:[0m HTTP 请求已受理 [3musecase[0m[2m=[0m"读取附件内容" [3madapter[0m[2m=[0m"http" [3moutcome[0m[2m=[0m"accepted" [3mrequest_kind[0m[2m=[0m"附件内容读取" [3mattachment_id[0m[2m=[0m"att-4e0480d9e16e" [3msession_id[0m[2m=[0m"s-d9da65c9733d"
[backend] [2m2026-04-25T16:49:11.2976798+08:00[0m [32m INFO[0m ThreadId(06) [2mkoko::shell::媒体资产外壳[0m[2m:[0m HTTP 请求已受理 [3musecase[0m[2m=[0m"读取附件内容" [3madapter[0m[2m=[0m"http" [3moutcome[0m[2m=[0m"accepted" [3mrequest_kind[0m[2m=[0m"附件内容读取" [3mattachment_id[0m[2m=[0m"att-4e0480d9e16e" [3msession_id[0m[2m=[0m"s-d9da65c9733d"
[backend] [2m2026-04-25T16:49:11.3052019+08:00[0m [32m INFO[0m ThreadId(11) [2mkoko::shell::媒体资产外壳[0m[2m:[0m 读取附件内容成功 [3musecase[0m[2m=[0m"读取附件内容" [3madapter[0m[2m=[0m"http" [3moutcome[0m[2m=[0m"succeeded" [3mrequest_kind[0m[2m=[0m"附件内容读取" [3mattachment_id[0m[2m=[0m"att-4e0480d9e16e" [3msession_id[0m[2m=[0m"s-d9da65c9733d"
[backend] [2m2026-04-25T16:49:11.3108928+08:00[0m [32m INFO[0m ThreadId(03) [2mkoko::shell::媒体资产外壳[0m[2m:[0m 读取附件内容成功 [3musecase[0m[2m=[0m"读取附件内容" [3madapter[0m[2m=[0m"http" [3moutcome[0m[2m=[0m"succeeded" [3mrequest_kind[0m[2m=[0m"附件内容读取" [3mattachment_id[0m[2m=[0m"att-4e0480d9e16e" [3msession_id[0m[2m=[0m"s-d9da65c9733d"
[backend] [2m2026-04-25T16:49:11.310893+08:00[0m [32m INFO[0m ThreadId(11) [2mkoko::shell::媒体资产外壳[0m[2m:[0m 读取附件内容成功 [3musecase[0m[2m=[0m"读取附件内容" [3madapter[0m[2m=[0m"http" [3moutcome[0m[2m=[0m"succeeded" [3mrequest_kind[0m[2m=[0m"附件内容读取" [3mattachment_id[0m[2m=[0m"att-4e0480d9e16e" [3msession_id[0m[2m=[0m"s-d9da65c9733d"
[backend] [2m2026-04-25T16:49:11.3109121+08:00[0m [32m INFO[0m ThreadId(02) [2mkoko::shell::媒体资产外壳[0m[2m:[0m 读取附件内容成功 [3musecase[0m[2m=[0m"读取附件内容" [3madapter[0m[2m=[0m"http" [3moutcome[0m[2m=[0m"succeeded" [3mrequest_kind[0m[2m=[0m"附件内容读取" [3mattachment_id[0m[2m=[0m"att-4e0480d9e16e" [3msession_id[0m[2m=[0m"s-d9da65c9733d"
[backend] [2m2026-04-25T16:49:11.454926+08:00[0m [32m INFO[0m ThreadId(11) [2mkoko::shell::媒体资产外壳[0m[2m:[0m HTTP 请求已受理 [3musecase[0m[2m=[0m"读取附件内容" [3madapter[0m[2m=[0m"http" [3moutcome[0m[2m=[0m"accepted" [3mrequest_kind[0m[2m=[0m"附件内容读取" [3mattachment_id[0m[2m=[0m"att-4e0480d9e16e" [3msession_id[0m[2m=[0m"s-d9da65c9733d"
[backend] [2m2026-04-25T16:49:11.4600293+08:00[0m [32m INFO[0m ThreadId(11) [2mkoko::shell::媒体资产外壳[0m[2m:[0m HTTP 请求已受理 [3musecase[0m[2m=[0m"读取附件内容" [3madapter[0m[2m=[0m"http" [3moutcome[0m[2m=[0m"accepted" [3mrequest_kind[0m[2m=[0m"附件内容读取" [3mattachment_id[0m[2m=[0m"att-4e0480d9e16e" [3msession_id[0m[2m=[0m"s-d9da65c9733d"
[backend] [2m2026-04-25T16:49:11.4600293+08:00[0m [32m INFO[0m ThreadId(03) [2mkoko::shell::媒体资产外壳[0m[2m:[0m HTTP 请求已受理 [3musecase[0m[2m=[0m"读取附件内容" [3madapter[0m[2m=[0m"http" [3moutcome[0m[2m=[0m"accepted" [3mrequest_kind[0m[2m=[0m"附件内容读取" [3mattachment_id[0m[2m=[0m"att-4e0480d9e16e" [3msession_id[0m[2m=[0m"s-d9da65c9733d"
[backend] [2m2026-04-25T16:49:11.4609857+08:00[0m [32m INFO[0m ThreadId(02) [2mkoko::shell::媒体资产外壳[0m[2m:[0m HTTP 请求已受理 [3musecase[0m[2m=[0m"读取附件内容" [3madapter[0m[2m=[0m"http" [3moutcome[0m[2m=[0m"accepted" [3mrequest_kind[0m[2m=[0m"附件内容读取" [3mattachment_id[0m[2m=[0m"att-4e0480d9e16e" [3msession_id[0m[2m=[0m"s-d9da65c9733d"
[backend] [2m2026-04-25T16:49:11.4689569+08:00[0m [32m INFO[0m ThreadId(05) [2mkoko::shell::媒体资产外壳[0m[2m:[0m 读取附件内容成功 [3musecase[0m[2m=[0m"读取附件内容" [3madapter[0m[2m=[0m"http" [3moutcome[0m[2m=[0m"succeeded" [3mrequest_kind[0m[2m=[0m"附件内容读取" [3mattachment_id[0m[2m=[0m"att-4e0480d9e16e" [3msession_id[0m[2m=[0m"s-d9da65c9733d"
[backend] [2m2026-04-25T16:49:11.4772999+08:00[0m [32m INFO[0m ThreadId(05) [2mkoko::shell::媒体资产外壳[0m[2m:[0m 读取附件内容成功 [3musecase[0m[2m=[0m"读取附件内容" [3madapter[0m[2m=[0m"http" [3moutcome[0m[2m=[0m"succeeded" [3mrequest_kind[0m[2m=[0m"附件内容读取" [3mattachment_id[0m[2m=[0m"att-4e0480d9e16e" [3msession_id[0m[2m=[0m"s-d9da65c9733d"
[backend] [2m2026-04-25T16:49:11.4772999+08:00[0m [32m INFO[0m ThreadId(11) [2mkoko::shell::媒体资产外壳[0m[2m:[0m 读取附件内容成功 [3musecase[0m[2m=[0m"读取附件内容" [3madapter[0m[2m=[0m"http" [3moutcome[0m[2m=[0m"succeeded" [3mrequest_kind[0m[2m=[0m"附件内容读取" [3mattachment_id[0m[2m=[0m"att-4e0480d9e16e" [3msession_id[0m[2m=[0m"s-d9da65c9733d"
[backend] [2m2026-04-25T16:49:11.4772999+08:00[0m [32m INFO[0m ThreadId(03) [2mkoko::shell::媒体资产外壳[0m[2m:[0m 读取附件内容成功 [3musecase[0m[2m=[0m"读取附件内容" [3madapter[0m[2m=[0m"http" [3moutcome[0m[2m=[0m"succeeded" [3mrequest_kind[0m[2m=[0m"附件内容读取" [3mattachment_id[0m[2m=[0m"att-4e0480d9e16e" [3msession_id[0m[2m=[0m"s-d9da65c9733d"
[tracker] 2026-04-25T08:49:11.365Z update: 2d5757303230382d564f594651326c6753477054
[backend] [2m2026-04-25T16:49:11.5610003+08:00[0m [32m INFO[0m ThreadId(12) [2mkoko::shell::媒体资产外壳[0m[2m:[0m HTTP 请求已受理 [3musecase[0m[2m=[0m"读取附件内容" [3madapter[0m[2m=[0m"http" [3moutcome[0m[2m=[0m"accepted" [3mrequest_kind[0m[2m=[0m"附件内容读取" [3mattachment_id[0m[2m=[0m"att-4e0480d9e16e" [3msession_id[0m[2m=[0m"s-d9da65c9733d"
[backend] [2m2026-04-25T16:49:11.5629255+08:00[0m [32m INFO[0m ThreadId(12) [2mkoko::shell::媒体资产外壳[0m[2m:[0m HTTP 请求已受理 [3musecase[0m[2m=[0m"读取附件内容" [3madapter[0m[2m=[0m"http" [3moutcome[0m[2m=[0m"accepted" [3mrequest_kind[0m[2m=[0m"附件内容读取" [3mattachment_id[0m[2m=[0m"att-4e0480d9e16e" [3msession_id[0m[2m=[0m"s-d9da65c9733d"
[backend] [2m2026-04-25T16:49:11.5642526+08:00[0m [32m INFO[0m ThreadId(12) [2mkoko::shell::媒体资产外壳[0m[2m:[0m HTTP 请求已受理 [3musecase[0m[2m=[0m"读取附件内容" [3madapter[0m[2m=[0m"http" [3moutcome[0m[2m=[0m"accepted" [3mrequest_kind[0m[2m=[0m"附件内容读取" [3mattachment_id[0m[2m=[0m"att-4e0480d9e16e" [3msession_id[0m[2m=[0m"s-d9da65c9733d"
[backend] [2m2026-04-25T16:49:11.5656309+08:00[0m [32m INFO[0m ThreadId(12) [2mkoko::shell::媒体资产外壳[0m[2m:[0m HTTP 请求已受理 [3musecase[0m[2m=[0m"读取附件内容" [3madapter[0m[2m=[0m"http" [3moutcome[0m[2m=[0m"accepted" [3mrequest_kind[0m[2m=[0m"附件内容读取" [3mattachment_id[0m[2m=[0m"att-4e0480d9e16e" [3msession_id[0m[2m=[0m"s-d9da65c9733d"
[backend] [2m2026-04-25T16:49:11.5795621+08:00[0m [32m INFO[0m ThreadId(05) [2mkoko::shell::媒体资产外壳[0m[2m:[0m 读取附件内容成功 [3musecase[0m[2m=[0m"读取附件内容" [3madapter[0m[2m=[0m"http" [3moutcome[0m[2m=[0m"succeeded" [3mrequest_kind[0m[2m=[0m"附件内容读取" [3mattachment_id[0m[2m=[0m"att-4e0480d9e16e" [3msession_id[0m[2m=[0m"s-d9da65c9733d"
[backend] [2m2026-04-25T16:49:11.5795206+08:00[0m [32m INFO[0m ThreadId(02) [2mkoko::shell::媒体资产外壳[0m[2m:[0m 读取附件内容成功 [3musecase[0m[2m=[0m"读取附件内容" [3madapter[0m[2m=[0m"http" [3moutcome[0m[2m=[0m"succeeded" [3mrequest_kind[0m[2m=[0m"附件内容读取" [3mattachment_id[0m[2m=[0m"att-4e0480d9e16e" [3msession_id[0m[2m=[0m"s-d9da65c9733d"
[backend] [2m2026-04-25T16:49:11.5795581+08:00[0m [32m INFO[0m ThreadId(03) [2mkoko::shell::媒体资产外壳[0m[2m:[0m 读取附件内容成功 [3musecase[0m[2m=[0m"读取附件内容" [3madapter[0m[2m=[0m"http" [3moutcome[0m[2m=[0m"succeeded" [3mrequest_kind[0m[2m=[0m"附件内容读取" [3mattachment_id[0m[2m=[0m"att-4e0480d9e16e" [3msession_id[0m[2m=[0m"s-d9da65c9733d"
[backend] [2m2026-04-25T16:49:11.5795679+08:00[0m [32m INFO[0m ThreadId(11) [2mkoko::shell::媒体资产外壳[0m[2m:[0m 读取附件内容成功 [3musecase[0m[2m=[0m"读取附件内容" [3madapter[0m[2m=[0m"http" [3moutcome[0m[2m=[0m"succeeded" [3mrequest_kind[0m[2m=[0m"附件内容读取" [3mattachment_id[0m[2m=[0m"att-4e0480d9e16e" [3msession_id[0m[2m=[0m"s-d9da65c9733d"
[tracker] 2026-04-25T08:49:13.410Z complete: 2d5757303230382d6d773678644b6b52416c3559
[tracker] 2026-04-25T08:49:13.668Z update: 2d5757303230382d5777657347504e6f4c4f4459
[tracker] 2026-04-25T08:49:16.372Z update: 2d5757303230382d5777657347504e6f4c4f4459
[tracker] 2026-04-25T08:49:19.481Z update: 2d5757303230382d564f594651326c6753477054
[tracker] 2026-04-25T08:49:19.909Z update: 2d5757303230382d5777657347504e6f4c4f4459
[tracker] 2026-04-25T08:49:19.918Z update: 2d5757303230382d4a70656647787650454d4673
[tracker] 2026-04-25T08:49:22.600Z update: 2d5757303230382d564f594651326c6753477054
[tracker] 2026-04-25T08:49:24.497Z update: 2d5757303230382d5777657347504e6f4c4f4459
[tracker] 2026-04-25T08:49:27.552Z update: 2d5757303230382d5777657347504e6f4c4f4459
[tracker] 2026-04-25T08:49:27.564Z update: 2d5757303230382d4a70656647787650454d4673
[tracker] 2026-04-25T08:49:27.565Z update: 2d5757303230382d6d773678644b6b52416c3559
[tracker] 2026-04-25T08:49:27.613Z update: 2d5757303230382d5777657347504e6f4c4f4459
[tracker] 2026-04-25T08:49:28.819Z update: 2d5757303230382d5777657347504e6f4c4f4459
[tracker] 2026-04-25T08:49:28.838Z update: 2d5757303230382d4a70656647787650454d4673
[tracker] 2026-04-25T08:49:28.845Z update: 2d5757303230382d5777657347504e6f4c4f4459
[tracker] 2026-04-25T08:49:28.846Z update: 2d5757303230382d5777657347504e6f4c4f4459
[tracker] 2026-04-25T08:49:28.847Z update: 2d5757303230382d6d773678644b6b52416c3559
[tracker] 2026-04-25T08:49:28.865Z update: 2d5757303230382d4a70656647787650454d4673
[tracker] 2026-04-25T08:49:28.866Z update: 2d5757303230382d4a70656647787650454d4673
[tracker] 2026-04-25T08:49:28.868Z update: 2d5757303230382d6d773678644b6b52416c3559
[tracker] 2026-04-25T08:49:28.871Z update: 2d5757303230382d6d773678644b6b52416c3559
